timestamp,oxygen_saturation_by_minute
2022-06-04 01:02:30+02:00,50.0
2022-06-04 01:03:30+02:00,84.2
2022-06-04 01:04:30+02:00,87.3
2022-06-04 01:05:30+02:00,90.2
2022-06-04 01:06:30+02:00,90.6
2022-06-04 01:07:30+02:00,90.5
2022-06-04 01:08:30+02:00,93.0
2022-06-04 01:09:30+02:00,92.2
2022-06-04 01:10:30+02:00,92.4
2022-06-04 01:11:30+02:00,92.9
2022-06-04 01:12:30+02:00,93.2
2022-06-04 01:13:31+02:00,93.3
2022-06-04 01:14:31+02:00,92.1
2022-06-04 01:15:31+02:00,90.9
2022-06-04 01:16:31+02:00,90.0
2022-06-04 01:17:31+02:00,89.4
2022-06-04 01:18:31+02:00,88.2
2022-06-04 01:19:31+02:00,87.8
2022-06-04 01:20:32+02:00,88.1
2022-06-04 01:21:32+02:00,87.6
2022-06-04 01:22:32+02:00,86.8
2022-06-04 01:23:32+02:00,86.2
2022-06-04 01:24:32+02:00,85.8
2022-06-04 01:25:32+02:00,86.0
2022-06-04 01:26:33+02:00,85.8
2022-06-04 01:27:33+02:00,86.2
2022-06-04 01:28:33+02:00,86.1
2022-06-04 01:29:33+02:00,85.4
2022-06-04 01:30:33+02:00,84.3
2022-06-04 01:31:33+02:00,85.3
2022-06-04 01:32:33+02:00,85.0
2022-06-04 01:33:34+02:00,85.3
2022-06-04 01:34:34+02:00,85.1
2022-06-04 01:35:34+02:00,85.9
2022-06-04 01:36:34+02:00,86.3
2022-06-04 01:37:34+02:00,85.6
2022-06-04 01:38:34+02:00,84.9
2022-06-04 01:39:34+02:00,85.0
2022-06-04 01:40:35+02:00,84.6
2022-06-04 01:41:35+02:00,84.8
2022-06-04 01:42:35+02:00,85.1
2022-06-04 01:43:35+02:00,84.9
2022-06-04 01:44:35+02:00,85.1
2022-06-04 01:45:35+02:00,85.3
2022-06-04 01:46:36+02:00,85.9
2022-06-04 01:47:36+02:00,86.2
2022-06-04 01:48:36+02:00,86.6
2022-06-04 01:49:36+02:00,86.6
2022-06-04 01:50:36+02:00,86.7
2022-06-04 01:51:36+02:00,86.1
2022-06-04 01:52:37+02:00,86.1
2022-06-04 01:53:37+02:00,86.3
2022-06-04 01:54:37+02:00,87.0
2022-06-04 01:55:37+02:00,50.0
2022-06-04 01:56:37+02:00,87.7
2022-06-04 01:57:37+02:00,88.9
2022-06-04 01:58:37+02:00,89.6
2022-06-04 01:59:38+02:00,89.8
2022-06-04 02:00:38+02:00,89.8
2022-06-04 02:00:38+02:00,89.8
2022-06-04 02:01:38+02:00,89.9
2022-06-04 02:02:38+02:00,89.3
2022-06-04 02:03:38+02:00,90.1
2022-06-04 02:04:38+02:00,50.0
2022-06-04 02:05:38+02:00,90.3
2022-06-04 02:06:39+02:00,90.4
2022-06-04 02:07:39+02:00,90.7
2022-06-04 02:08:39+02:00,90.7
2022-06-04 02:09:39+02:00,90.2
2022-06-04 02:10:39+02:00,90.1
2022-06-04 02:11:39+02:00,89.7
2022-06-04 02:12:39+02:00,90.5
2022-06-04 02:13:40+02:00,90.9
2022-06-04 02:14:40+02:00,90.3
2022-06-04 02:15:40+02:00,91.1
2022-06-04 02:16:40+02:00,91.9
2022-06-04 02:17:40+02:00,91.3
2022-06-04 02:18:40+02:00,91.1
2022-06-04 02:19:41+02:00,92.1
2022-06-04 02:20:41+02:00,91.9
2022-06-04 02:21:41+02:00,92.6
2022-06-04 02:22:41+02:00,92.4
2022-06-04 02:23:41+02:00,92.9
2022-06-04 02:24:41+02:00,93.2
2022-06-04 02:25:41+02:00,93.7
2022-06-04 02:26:42+02:00,92.8
2022-06-04 02:27:42+02:00,93.3
2022-06-04 02:28:42+02:00,93.0
2022-06-04 02:29:42+02:00,93.4
2022-06-04 02:30:42+02:00,93.6
2022-06-04 02:31:42+02:00,94.1
2022-06-04 02:32:43+02:00,94.2
2022-06-04 02:33:43+02:00,94.1
2022-06-04 02:34:43+02:00,93.6
2022-06-04 02:35:43+02:00,93.8
2022-06-04 02:36:43+02:00,94.0
2022-06-04 02:37:43+02:00,94.2
2022-06-04 02:38:43+02:00,93.9
2022-06-04 02:39:44+02:00,94.0
2022-06-04 02:40:44+02:00,93.7
2022-06-04 02:41:44+02:00,93.7
2022-06-04 02:42:44+02:00,93.8
2022-06-04 02:43:44+02:00,50.0
2022-06-04 02:44:44+02:00,92.0
2022-06-04 02:45:44+02:00,90.9
2022-06-04 02:46:45+02:00,89.3
2022-06-04 02:47:45+02:00,88.3
2022-06-04 02:48:45+02:00,87.5
2022-06-04 02:49:45+02:00,86.7
2022-06-04 02:50:45+02:00,86.1
2022-06-04 02:51:45+02:00,85.5
2022-06-04 02:52:46+02:00,85.6
2022-06-04 02:53:46+02:00,85.0
2022-06-04 02:54:46+02:00,84.8
2022-06-04 02:55:46+02:00,84.8
2022-06-04 02:56:46+02:00,84.6
2022-06-04 02:57:46+02:00,85.1
2022-06-04 02:58:46+02:00,84.8
2022-06-04 02:59:47+02:00,84.7
2022-06-04 03:00:47+02:00,84.2
2022-06-04 03:01:47+02:00,84.0
2022-06-04 03:02:47+02:00,84.0
2022-06-04 03:03:47+02:00,84.0
2022-06-04 03:04:47+02:00,83.9
2022-06-04 03:05:48+02:00,50.0
2022-06-04 03:06:48+02:00,81.5
2022-06-04 03:07:48+02:00,75.0
2022-06-04 03:08:48+02:00,75.1
2022-06-04 03:09:48+02:00,76.8
2022-06-04 03:10:48+02:00,79.8
2022-06-04 03:11:48+02:00,76.8
2022-06-04 03:12:49+02:00,77.3
2022-06-04 03:13:49+02:00,78.3
2022-06-04 03:14:49+02:00,81.8
2022-06-04 03:15:49+02:00,85.2
2022-06-04 03:16:49+02:00,87.7
2022-06-04 03:17:49+02:00,89.3
2022-06-04 03:18:49+02:00,91.0
2022-06-04 03:19:50+02:00,90.8
2022-06-04 03:20:50+02:00,91.7
2022-06-04 03:21:50+02:00,92.3
2022-06-04 03:22:50+02:00,92.4
2022-06-04 03:23:50+02:00,50.0
2022-06-04 03:24:50+02:00,93.2
2022-06-04 03:25:50+02:00,93.2
2022-06-04 03:26:51+02:00,92.7
2022-06-04 03:27:51+02:00,91.4
2022-06-04 03:28:51+02:00,90.9
2022-06-04 03:29:51+02:00,90.5
2022-06-04 03:30:51+02:00,90.1
2022-06-04 03:31:51+02:00,91.0
2022-06-04 03:32:52+02:00,91.4
2022-06-04 03:33:52+02:00,92.2
2022-06-04 03:34:52+02:00,91.2
2022-06-04 03:35:52+02:00,91.0
2022-06-04 03:36:52+02:00,92.0
2022-06-04 03:37:52+02:00,92.4
2022-06-04 03:38:52+02:00,93.2
2022-06-04 03:39:53+02:00,94.1
2022-06-04 03:40:53+02:00,94.2
2022-06-04 03:41:53+02:00,94.7
2022-06-04 03:42:53+02:00,94.1
2022-06-04 03:43:53+02:00,92.9
2022-06-04 03:44:53+02:00,91.4
2022-06-04 03:45:54+02:00,50.0
2022-06-04 03:46:54+02:00,91.0
2022-06-04 03:47:54+02:00,91.6
2022-06-04 03:48:54+02:00,91.4
2022-06-04 03:49:54+02:00,91.3
2022-06-04 03:50:54+02:00,91.3
2022-06-04 03:51:54+02:00,91.5
2022-06-04 03:52:55+02:00,91.7
2022-06-04 03:53:55+02:00,91.0
2022-06-04 03:54:55+02:00,89.6
2022-06-04 03:55:55+02:00,88.7
2022-06-04 03:56:55+02:00,87.3
2022-06-04 03:57:55+02:00,87.2
2022-06-04 03:58:55+02:00,84.6
2022-06-04 03:59:56+02:00,83.9
2022-06-04 04:00:56+02:00,84.1
2022-06-04 04:01:56+02:00,85.9
2022-06-04 04:02:56+02:00,87.2
2022-06-04 04:03:56+02:00,89.8
2022-06-04 04:04:56+02:00,91.0
2022-06-04 04:05:57+02:00,91.6
2022-06-04 04:06:57+02:00,90.9
2022-06-04 04:07:57+02:00,89.4
2022-06-04 04:08:57+02:00,89.4
2022-06-04 04:09:57+02:00,90.0
2022-06-04 04:10:57+02:00,90.3
2022-06-04 04:11:57+02:00,88.9
2022-06-04 04:12:58+02:00,88.3
2022-06-04 04:13:58+02:00,88.6
2022-06-04 04:14:58+02:00,88.6
2022-06-04 04:15:58+02:00,88.1
2022-06-04 04:16:58+02:00,87.4
2022-06-04 04:17:58+02:00,86.9
2022-06-04 04:18:59+02:00,86.5
2022-06-04 04:19:59+02:00,86.8
2022-06-04 04:20:59+02:00,86.8
2022-06-04 04:21:59+02:00,84.4
2022-06-04 04:22:59+02:00,84.5
2022-06-04 04:23:59+02:00,83.9
2022-06-04 04:24:59+02:00,82.5
2022-06-04 04:26:00+02:00,82.9
2022-06-04 04:27:00+02:00,82.7
2022-06-04 04:28:00+02:00,83.0
2022-06-04 04:29:00+02:00,82.4
2022-06-04 04:30:00+02:00,82.5
2022-06-04 04:31:00+02:00,82.1
2022-06-04 04:32:01+02:00,81.7
2022-06-04 04:33:01+02:00,81.6
2022-06-04 04:34:01+02:00,81.8
2022-06-04 04:35:01+02:00,82.1
2022-06-04 04:36:01+02:00,82.1
2022-06-04 04:37:01+02:00,81.9
2022-06-04 04:38:01+02:00,81.7
2022-06-04 04:39:02+02:00,81.6
2022-06-04 04:40:02+02:00,81.5
2022-06-04 04:41:02+02:00,82.4
2022-06-04 04:42:02+02:00,82.2
2022-06-04 04:43:02+02:00,82.7
2022-06-04 04:44:02+02:00,83.0
2022-06-04 04:45:02+02:00,83.5
2022-06-04 04:46:02+02:00,83.6
2022-06-04 04:47:02+02:00,83.7
2022-06-04 04:48:02+02:00,83.9
2022-06-04 04:49:03+02:00,84.5
2022-06-04 04:50:03+02:00,84.1
2022-06-04 04:51:03+02:00,83.8
2022-06-04 04:52:03+02:00,83.5
2022-06-04 04:53:03+02:00,83.8
2022-06-04 04:54:03+02:00,84.0
2022-06-04 04:55:03+02:00,84.1
2022-06-04 04:56:03+02:00,50.0
2022-06-04 04:57:03+02:00,85.1
2022-06-04 04:58:03+02:00,88.1
2022-06-04 04:59:04+02:00,89.8
2022-06-04 05:00:04+02:00,90.7
2022-06-04 05:01:04+02:00,91.4
2022-06-04 05:02:04+02:00,92.2
2022-06-04 05:03:04+02:00,92.9
2022-06-04 05:04:04+02:00,93.4
2022-06-04 05:05:04+02:00,93.8
2022-06-04 05:06:04+02:00,93.4
2022-06-04 05:07:04+02:00,50.0
2022-06-04 05:08:05+02:00,50.0
2022-06-04 05:09:05+02:00,92.1
2022-06-04 05:10:05+02:00,92.2
2022-06-04 05:11:05+02:00,92.3
2022-06-04 05:12:05+02:00,92.2
2022-06-04 05:13:05+02:00,50.0
2022-06-04 05:14:05+02:00,92.4
2022-06-04 05:15:05+02:00,92.7
2022-06-04 05:16:05+02:00,92.9
2022-06-04 05:17:05+02:00,93.0
2022-06-04 05:18:06+02:00,93.0
2022-06-04 05:19:06+02:00,93.1
2022-06-04 05:20:06+02:00,93.2
2022-06-04 05:21:06+02:00,93.3
2022-06-04 05:22:06+02:00,93.3
2022-06-04 05:23:06+02:00,93.4
2022-06-04 05:24:06+02:00,93.5
2022-06-04 05:25:06+02:00,93.6
2022-06-04 05:26:06+02:00,93.7
2022-06-04 05:27:07+02:00,93.7
2022-06-04 05:28:07+02:00,93.7
2022-06-04 05:29:07+02:00,93.7
2022-06-04 05:30:07+02:00,93.8
2022-06-04 05:31:07+02:00,93.9
2022-06-04 05:32:07+02:00,94.0
2022-06-04 05:33:07+02:00,93.9
2022-06-04 05:34:07+02:00,93.9
2022-06-04 05:35:07+02:00,93.9
2022-06-04 05:36:08+02:00,93.9
2022-06-04 05:37:08+02:00,94.0
2022-06-04 05:38:08+02:00,94.0
2022-06-04 05:39:08+02:00,94.0
2022-06-04 05:40:08+02:00,93.9
2022-06-04 05:41:08+02:00,94.1
2022-06-04 05:42:08+02:00,94.1
2022-06-04 05:43:09+02:00,94.0
2022-06-04 05:44:09+02:00,93.9
2022-06-04 05:45:09+02:00,93.9
2022-06-04 05:46:09+02:00,93.9
2022-06-04 05:47:09+02:00,93.8
2022-06-04 05:48:09+02:00,93.7
2022-06-04 05:49:10+02:00,93.7
2022-06-04 05:50:10+02:00,93.7
2022-06-04 05:51:10+02:00,93.7
2022-06-04 05:52:10+02:00,50.0
2022-06-04 05:53:10+02:00,50.0
2022-06-04 05:54:10+02:00,93.9
2022-06-04 05:55:10+02:00,50.0
2022-06-04 05:56:11+02:00,50.0
2022-06-04 05:57:11+02:00,94.4
2022-06-04 05:58:11+02:00,95.1
2022-06-04 05:59:11+02:00,95.1
2022-06-04 06:00:11+02:00,95.8
2022-06-04 06:01:11+02:00,95.8
2022-06-04 06:02:12+02:00,95.9
2022-06-04 06:03:12+02:00,95.5
2022-06-04 06:04:12+02:00,95.2
2022-06-04 06:05:12+02:00,95.4
2022-06-04 06:06:12+02:00,95.6
2022-06-04 06:07:12+02:00,95.6
2022-06-04 06:08:12+02:00,95.7
2022-06-04 06:09:13+02:00,96.0
2022-06-04 06:10:13+02:00,96.2
2022-06-04 06:11:13+02:00,95.9
2022-06-04 06:12:13+02:00,95.7
2022-06-04 06:13:13+02:00,96.1
2022-06-04 06:14:13+02:00,96.4
2022-06-04 06:15:13+02:00,96.5
2022-06-04 06:16:14+02:00,96.0
2022-06-04 06:17:14+02:00,96.2
2022-06-04 06:18:14+02:00,96.6
2022-06-04 06:19:14+02:00,95.5
2022-06-04 06:20:14+02:00,95.9
2022-06-04 06:21:14+02:00,96.0
2022-06-04 06:22:15+02:00,95.1
2022-06-04 06:23:15+02:00,50.0
2022-06-04 06:24:15+02:00,95.1
2022-06-04 06:25:15+02:00,94.2
2022-06-04 06:26:15+02:00,93.0
2022-06-04 06:27:15+02:00,94.0
2022-06-04 06:28:15+02:00,94.2
2022-06-04 06:29:16+02:00,94.7
2022-06-04 06:30:16+02:00,95.0
2022-06-04 06:31:16+02:00,95.2
2022-06-04 06:32:16+02:00,95.2
2022-06-04 06:33:16+02:00,95.4
2022-06-04 06:34:16+02:00,95.4
2022-06-04 06:35:17+02:00,95.3
2022-06-04 06:36:17+02:00,95.4
2022-06-04 06:37:17+02:00,95.4
2022-06-04 06:38:17+02:00,95.2
2022-06-04 06:39:17+02:00,95.1
2022-06-04 06:40:17+02:00,95.2
2022-06-04 06:41:18+02:00,95.1
2022-06-04 06:42:18+02:00,95.2
2022-06-04 06:43:18+02:00,94.9
2022-06-04 06:44:18+02:00,94.7
2022-06-04 06:45:18+02:00,95.0
2022-06-04 06:46:18+02:00,94.9
2022-06-04 06:47:19+02:00,94.7
2022-06-04 06:48:19+02:00,95.0
2022-06-04 06:49:19+02:00,95.0
2022-06-04 06:50:19+02:00,94.9
2022-06-04 06:51:19+02:00,95.0
2022-06-04 06:52:19+02:00,95.0
2022-06-04 06:53:19+02:00,94.8
2022-06-04 06:54:20+02:00,94.7
2022-06-04 06:55:20+02:00,94.7
2022-06-04 06:56:20+02:00,94.7
2022-06-04 06:57:20+02:00,94.8
2022-06-04 06:58:20+02:00,94.8
2022-06-04 06:59:20+02:00,94.5
2022-06-04 07:00:20+02:00,94.5
2022-06-04 07:01:21+02:00,94.6
2022-06-04 07:02:21+02:00,94.7
2022-06-04 07:03:21+02:00,94.5
2022-06-04 07:04:21+02:00,94.6
2022-06-04 07:05:21+02:00,94.3
2022-06-04 07:06:21+02:00,94.4
2022-06-04 07:07:22+02:00,94.5
2022-06-04 07:08:22+02:00,94.6
2022-06-04 07:09:22+02:00,94.4
2022-06-04 07:10:22+02:00,94.4
2022-06-04 07:11:22+02:00,94.0
2022-06-04 07:12:22+02:00,93.8
2022-06-04 07:13:22+02:00,93.7
2022-06-04 07:14:23+02:00,94.0
2022-06-04 07:15:23+02:00,94.0
2022-06-04 07:16:23+02:00,93.7
2022-06-04 07:17:23+02:00,94.0
2022-06-04 07:18:23+02:00,94.4
2022-06-04 07:19:23+02:00,94.6
2022-06-04 07:20:24+02:00,94.8
2022-06-04 07:21:24+02:00,94.6
2022-06-04 07:22:24+02:00,95.0
2022-06-04 07:23:24+02:00,94.7
2022-06-04 07:24:24+02:00,94.9
2022-06-04 07:25:24+02:00,94.9
2022-06-04 07:26:24+02:00,95.0
2022-06-04 07:27:25+02:00,94.9
2022-06-04 07:28:25+02:00,95.0
2022-06-04 07:29:25+02:00,95.3
2022-06-04 07:30:25+02:00,95.3
2022-06-04 07:31:25+02:00,94.5
2022-06-04 07:32:25+02:00,94.5
2022-06-04 07:33:26+02:00,94.9
2022-06-04 07:34:26+02:00,50.0
2022-06-04 07:35:26+02:00,94.8
2022-06-04 07:36:26+02:00,94.4
2022-06-04 07:37:26+02:00,92.7
2022-06-04 07:38:26+02:00,50.0
2022-06-04 07:39:26+02:00,50.0
2022-06-04 07:40:26+02:00,50.0
2022-06-04 07:41:27+02:00,92.7
2022-06-04 07:42:27+02:00,92.5
2022-06-04 07:43:27+02:00,92.1
2022-06-04 07:44:27+02:00,92.7
2022-06-04 07:45:27+02:00,92.7
2022-06-04 07:46:27+02:00,50.0
2022-06-04 07:47:28+02:00,92.6
2022-06-04 07:48:28+02:00,92.0
2022-06-04 07:49:28+02:00,91.8
2022-06-04 07:50:28+02:00,91.1
2022-06-04 07:51:28+02:00,90.6
2022-06-04 07:52:28+02:00,90.7
2022-06-04 07:53:28+02:00,90.4
2022-06-04 07:54:29+02:00,90.2
2022-06-04 07:55:29+02:00,90.5
2022-06-04 07:56:29+02:00,90.5
2022-06-04 07:57:29+02:00,90.1
2022-06-04 07:58:29+02:00,89.7
2022-06-04 07:59:29+02:00,90.1
2022-06-04 08:00:29+02:00,89.9
2022-06-04 08:01:30+02:00,89.7
2022-06-04 08:02:30+02:00,89.3
2022-06-04 08:03:30+02:00,89.5
2022-06-04 08:04:30+02:00,90.2
2022-06-04 08:05:30+02:00,90.4
2022-06-04 08:06:30+02:00,90.5
2022-06-04 08:07:31+02:00,89.9
2022-06-04 08:08:31+02:00,89.4
2022-06-04 08:09:31+02:00,89.6
2022-06-04 08:10:31+02:00,90.4
2022-06-04 08:11:31+02:00,90.5
2022-06-04 08:12:31+02:00,90.0
2022-06-04 08:13:31+02:00,90.0
2022-06-04 08:14:32+02:00,90.3
2022-06-04 08:15:32+02:00,90.5
2022-06-04 08:16:32+02:00,90.9
2022-06-04 08:17:32+02:00,50.0
2022-06-04 08:18:32+02:00,91.8
2022-06-04 08:19:32+02:00,91.3
2022-06-04 08:20:33+02:00,90.9
2022-06-04 08:21:33+02:00,90.1
2022-06-04 08:22:33+02:00,90.0
2022-06-04 08:23:33+02:00,89.6
2022-06-04 08:24:33+02:00,88.9
2022-06-04 08:25:33+02:00,88.8
2022-06-04 08:26:33+02:00,89.1
2022-06-04 08:27:34+02:00,88.8
2022-06-04 08:28:34+02:00,88.8
2022-06-04 08:29:34+02:00,89.1
2022-06-04 08:30:34+02:00,88.9
2022-06-04 08:31:34+02:00,88.2
2022-06-04 08:32:34+02:00,87.9
2022-06-04 08:33:34+02:00,50.0
2022-06-04 08:34:35+02:00,87.5
2022-06-04 08:35:35+02:00,89.9
2022-06-04 08:36:35+02:00,91.5
2022-06-04 08:37:35+02:00,92.2
2022-06-04 08:38:35+02:00,93.6
2022-06-04 08:39:35+02:00,94.0
2022-06-04 08:40:35+02:00,92.7
2022-06-04 08:41:36+02:00,90.8
2022-06-04 08:42:36+02:00,89.4
2022-06-04 08:43:36+02:00,90.5
2022-06-04 08:44:36+02:00,91.7
2022-06-04 08:45:36+02:00,92.8
2022-06-04 08:46:36+02:00,93.1
2022-06-04 08:47:36+02:00,92.3
2022-06-04 08:48:37+02:00,50.0
2022-06-04 08:49:37+02:00,50.0
2022-06-04 08:50:37+02:00,50.0
2022-06-04 08:51:37+02:00,50.0
2022-06-04 08:52:37+02:00,50.0
2022-06-04 08:53:37+02:00,50.0
2022-06-04 08:54:37+02:00,50.0
2022-06-04 08:55:38+02:00,50.0
2022-06-04 08:56:38+02:00,50.0
2022-06-04 08:57:38+02:00,50.0
2022-06-04 08:58:38+02:00,50.0
2022-06-04 08:59:38+02:00,50.0
2022-06-04 09:00:38+02:00,50.0
2022-06-04 09:01:39+02:00,50.0
2022-06-04 09:02:39+02:00,50.0
2022-06-04 09:03:39+02:00,50.0
2022-06-04 09:04:39+02:00,50.0
2022-06-04 09:05:39+02:00,50.0
2022-06-04 09:06:39+02:00,50.0
2022-06-04 09:07:39+02:00,50.0
2022-06-04 09:08:40+02:00,50.0
2022-06-04 09:09:40+02:00,50.0
2022-06-04 09:10:40+02:00,50.0
2022-06-04 09:11:40+02:00,50.0
2022-06-04 09:12:40+02:00,50.0
2022-06-04 09:13:40+02:00,50.0
2022-06-04 09:14:40+02:00,50.0
2022-06-04 09:15:41+02:00,50.0
2022-06-04 09:16:41+02:00,50.0
2022-06-04 09:17:41+02:00,50.0
2022-06-04 09:18:41+02:00,50.0
2022-06-04 09:19:41+02:00,50.0
2022-06-04 09:20:41+02:00,50.0
2022-06-04 09:21:42+02:00,50.0
2022-06-04 09:22:42+02:00,50.0
2022-06-04 09:23:42+02:00,50.0
2022-06-04 09:24:42+02:00,50.0
2022-06-05 01:38:00+02:00,50.0
2022-06-05 01:39:00+02:00,90.1
2022-06-05 01:40:00+02:00,89.7
2022-06-05 01:41:00+02:00,88.5
2022-06-05 01:42:00+02:00,87.8
2022-06-05 01:43:00+02:00,88.6
2022-06-05 01:44:00+02:00,50.0
2022-06-05 01:45:00+02:00,50.0
2022-06-05 01:46:00+02:00,88.7
2022-06-05 01:47:00+02:00,89.5
2022-06-05 01:48:00+02:00,91.0
2022-06-05 01:49:01+02:00,90.6
2022-06-05 01:50:01+02:00,90.7
2022-06-05 01:51:01+02:00,92.0
2022-06-05 01:52:01+02:00,91.9
2022-06-05 01:53:01+02:00,92.7
2022-06-05 01:54:01+02:00,92.7
2022-06-05 01:55:01+02:00,92.4
2022-06-05 01:56:01+02:00,92.5
2022-06-05 01:57:02+02:00,92.8
2022-06-05 01:58:02+02:00,93.1
2022-06-05 01:59:02+02:00,93.5
2022-06-05 02:00:02+02:00,93.4
2022-06-05 02:00:02+02:00,93.4
2022-06-05 02:01:02+02:00,93.6
2022-06-05 02:02:02+02:00,93.4
2022-06-05 02:03:02+02:00,92.7
2022-06-05 02:04:02+02:00,92.4
2022-06-05 02:05:02+02:00,91.7
2022-06-05 02:06:03+02:00,90.2
2022-06-05 02:07:03+02:00,90.1
2022-06-05 02:08:03+02:00,89.1
2022-06-05 02:09:03+02:00,88.7
2022-06-05 02:10:03+02:00,89.4
2022-06-05 02:11:03+02:00,50.0
2022-06-05 02:12:03+02:00,90.1
2022-06-05 02:13:03+02:00,90.7
2022-06-05 02:14:03+02:00,50.0
2022-06-05 02:15:04+02:00,91.7
2022-06-05 02:16:04+02:00,92.0
2022-06-05 02:17:04+02:00,92.2
2022-06-05 02:18:04+02:00,92.8
2022-06-05 02:19:04+02:00,92.8
2022-06-05 02:20:04+02:00,93.0
2022-06-05 02:21:04+02:00,92.9
2022-06-05 02:22:04+02:00,92.8
2022-06-05 02:23:05+02:00,92.8
2022-06-05 02:24:05+02:00,92.3
2022-06-05 02:25:05+02:00,92.5
2022-06-05 02:26:05+02:00,92.4
2022-06-05 02:27:05+02:00,92.5
2022-06-05 02:28:05+02:00,92.3
2022-06-05 02:29:05+02:00,91.9
2022-06-05 02:30:05+02:00,91.9
2022-06-05 02:31:05+02:00,91.7
2022-06-05 02:32:05+02:00,91.8
2022-06-05 02:33:06+02:00,91.9
2022-06-05 02:34:06+02:00,91.9
2022-06-05 02:35:06+02:00,91.7
2022-06-05 02:36:06+02:00,92.0
2022-06-05 02:37:06+02:00,92.7
2022-06-05 02:38:06+02:00,92.0
2022-06-05 02:39:06+02:00,92.2
2022-06-05 02:40:06+02:00,92.3
2022-06-05 02:41:06+02:00,91.8
2022-06-05 02:42:06+02:00,91.7
2022-06-05 02:43:06+02:00,91.6
2022-06-05 02:44:07+02:00,90.7
2022-06-05 02:45:07+02:00,91.7
2022-06-05 02:46:07+02:00,92.9
2022-06-05 02:47:07+02:00,92.4
2022-06-05 02:48:07+02:00,92.5
2022-06-05 02:49:07+02:00,92.9
2022-06-05 02:50:07+02:00,50.0
2022-06-05 02:51:07+02:00,93.4
2022-06-05 02:52:07+02:00,93.5
2022-06-05 02:53:08+02:00,93.3
2022-06-05 02:54:08+02:00,92.7
2022-06-05 02:55:08+02:00,92.4
2022-06-05 02:56:08+02:00,92.0
2022-06-05 02:57:08+02:00,91.7
2022-06-05 02:58:08+02:00,91.6
2022-06-05 02:59:08+02:00,50.0
2022-06-05 03:00:09+02:00,91.5
2022-06-05 03:01:09+02:00,93.8
2022-06-05 03:02:09+02:00,95.3
2022-06-05 03:03:09+02:00,95.9
2022-06-05 03:04:09+02:00,96.1
2022-06-05 03:05:09+02:00,96.0
2022-06-05 03:06:10+02:00,95.7
2022-06-05 03:07:10+02:00,95.5
2022-06-05 03:08:10+02:00,95.2
2022-06-05 03:09:10+02:00,95.1
2022-06-05 03:10:10+02:00,94.8
2022-06-05 03:11:10+02:00,94.5
2022-06-05 03:12:10+02:00,94.4
2022-06-05 03:13:10+02:00,94.5
2022-06-05 03:14:11+02:00,94.2
2022-06-05 03:15:11+02:00,94.0
2022-06-05 03:16:11+02:00,94.1
2022-06-05 03:17:11+02:00,94.1
2022-06-05 03:18:11+02:00,94.1
2022-06-05 03:19:11+02:00,94.4
2022-06-05 03:20:12+02:00,94.4
2022-06-05 03:21:12+02:00,94.3
2022-06-05 03:22:12+02:00,94.5
2022-06-05 03:23:12+02:00,94.3
2022-06-05 03:24:12+02:00,94.1
2022-06-05 03:25:12+02:00,93.9
2022-06-05 03:26:12+02:00,93.9
2022-06-05 03:27:13+02:00,93.9
2022-06-05 03:28:13+02:00,93.9
2022-06-05 03:29:13+02:00,94.0
2022-06-05 03:30:13+02:00,94.0
2022-06-05 03:31:13+02:00,93.9
2022-06-05 03:32:13+02:00,93.7
2022-06-05 03:33:13+02:00,94.0
2022-06-05 03:34:14+02:00,93.9
2022-06-05 03:35:14+02:00,93.9
2022-06-05 03:36:14+02:00,93.7
2022-06-05 03:37:14+02:00,93.8
2022-06-05 03:38:14+02:00,93.7
2022-06-05 03:39:14+02:00,93.5
2022-06-05 03:40:15+02:00,93.5
2022-06-05 03:41:15+02:00,93.4
2022-06-05 03:42:15+02:00,93.4
2022-06-05 03:43:15+02:00,94.0
2022-06-05 03:44:15+02:00,95.1
2022-06-05 03:45:15+02:00,95.3
2022-06-05 03:46:15+02:00,95.4
2022-06-05 03:47:16+02:00,95.4
2022-06-05 03:48:16+02:00,95.4
2022-06-05 03:49:16+02:00,95.9
2022-06-05 03:50:16+02:00,96.3
2022-06-05 03:51:16+02:00,96.5
2022-06-05 03:52:16+02:00,96.5
2022-06-05 03:53:17+02:00,96.5
2022-06-05 03:54:17+02:00,96.5
2022-06-05 03:55:17+02:00,96.6
2022-06-05 03:56:17+02:00,96.7
2022-06-05 03:57:17+02:00,96.7
2022-06-05 03:58:17+02:00,96.5
2022-06-05 03:59:17+02:00,96.8
2022-06-05 04:00:18+02:00,96.8
2022-06-05 04:01:18+02:00,96.8
2022-06-05 04:02:18+02:00,96.9
2022-06-05 04:03:18+02:00,97.3
2022-06-05 04:04:18+02:00,97.4
2022-06-05 04:05:18+02:00,97.4
2022-06-05 04:06:18+02:00,97.4
2022-06-05 04:07:19+02:00,97.3
2022-06-05 04:08:19+02:00,97.5
2022-06-05 04:09:19+02:00,97.4
2022-06-05 04:10:19+02:00,97.2
2022-06-05 04:11:19+02:00,97.1
2022-06-05 04:12:19+02:00,50.0
2022-06-05 04:13:19+02:00,97.0
2022-06-05 04:14:20+02:00,95.6
2022-06-05 04:15:20+02:00,94.9
2022-06-05 04:16:20+02:00,94.3
2022-06-05 04:17:20+02:00,93.4
2022-06-05 04:18:20+02:00,92.4
2022-06-05 04:19:20+02:00,92.3
2022-06-05 04:20:20+02:00,91.8
2022-06-05 04:21:21+02:00,91.6
2022-06-05 04:22:21+02:00,91.4
2022-06-05 04:23:21+02:00,91.8
2022-06-05 04:24:21+02:00,92.0
2022-06-05 04:25:21+02:00,91.8
2022-06-05 04:26:21+02:00,91.9
2022-06-05 04:27:22+02:00,91.6
2022-06-05 04:28:22+02:00,92.0
2022-06-05 04:29:22+02:00,92.6
2022-06-05 04:30:22+02:00,93.3
2022-06-05 04:31:22+02:00,93.3
2022-06-05 04:32:22+02:00,93.0
2022-06-05 04:33:22+02:00,92.6
2022-06-05 04:34:23+02:00,93.5
2022-06-05 04:35:23+02:00,94.1
2022-06-05 04:36:23+02:00,94.3
2022-06-05 04:37:23+02:00,94.3
2022-06-05 04:38:23+02:00,94.0
2022-06-05 04:39:23+02:00,93.9
2022-06-05 04:40:23+02:00,93.8
2022-06-05 04:41:24+02:00,93.6
2022-06-05 04:42:24+02:00,92.5
2022-06-05 04:43:24+02:00,92.5
2022-06-05 04:44:24+02:00,92.7
2022-06-05 04:45:24+02:00,93.0
2022-06-05 04:46:24+02:00,93.3
2022-06-05 04:47:25+02:00,93.2
2022-06-05 04:48:25+02:00,93.3
2022-06-05 04:49:25+02:00,93.6
2022-06-05 04:50:25+02:00,94.0
2022-06-05 04:51:25+02:00,93.7
2022-06-05 04:52:25+02:00,93.6
2022-06-05 04:53:25+02:00,93.9
2022-06-05 04:54:25+02:00,93.8
2022-06-05 04:55:26+02:00,93.2
2022-06-05 04:56:26+02:00,93.5
2022-06-05 04:57:26+02:00,93.3
2022-06-05 04:58:26+02:00,93.6
2022-06-05 04:59:26+02:00,92.5
2022-06-05 05:00:26+02:00,91.6
2022-06-05 05:01:27+02:00,91.7
2022-06-05 05:02:27+02:00,92.4
2022-06-05 05:03:27+02:00,92.1
2022-06-05 05:04:27+02:00,92.4
2022-06-05 05:05:27+02:00,91.5
2022-06-05 05:06:27+02:00,50.0
2022-06-05 05:07:27+02:00,50.0
2022-06-05 05:08:28+02:00,50.0
2022-06-05 05:09:28+02:00,50.0
2022-06-05 05:10:28+02:00,89.0
2022-06-05 05:11:28+02:00,89.1
2022-06-05 05:12:28+02:00,89.5
2022-06-05 05:13:28+02:00,89.3
2022-06-05 05:14:28+02:00,90.1
2022-06-05 05:15:29+02:00,90.0
2022-06-05 05:16:29+02:00,50.0
2022-06-05 05:17:29+02:00,91.5
2022-06-05 05:18:29+02:00,93.2
2022-06-05 05:19:29+02:00,93.2
2022-06-05 05:20:29+02:00,93.6
2022-06-05 05:21:29+02:00,94.0
2022-06-05 05:22:30+02:00,94.2
2022-06-05 05:23:30+02:00,94.7
2022-06-05 05:24:30+02:00,94.9
2022-06-05 05:25:30+02:00,94.8
2022-06-05 05:26:30+02:00,94.6
2022-06-05 05:27:30+02:00,94.5
2022-06-05 05:28:30+02:00,94.3
2022-06-05 05:29:31+02:00,94.4
2022-06-05 05:30:31+02:00,94.4
2022-06-05 05:31:31+02:00,94.2
2022-06-05 05:32:31+02:00,94.2
2022-06-05 05:33:31+02:00,94.1
2022-06-05 05:34:31+02:00,94.0
2022-06-05 05:35:32+02:00,93.9
2022-06-05 05:36:32+02:00,93.9
2022-06-05 05:37:32+02:00,94.1
2022-06-05 05:38:32+02:00,94.0
2022-06-05 05:39:32+02:00,94.0
2022-06-05 05:40:32+02:00,50.0
2022-06-05 05:41:32+02:00,93.8
2022-06-05 05:42:33+02:00,93.6
2022-06-05 05:43:33+02:00,93.6
2022-06-05 05:44:33+02:00,93.4
2022-06-05 05:45:33+02:00,93.2
2022-06-05 05:46:33+02:00,93.4
2022-06-05 05:47:33+02:00,93.5
2022-06-05 05:48:33+02:00,93.3
2022-06-05 05:49:34+02:00,93.2
2022-06-05 05:50:34+02:00,93.3
2022-06-05 05:51:34+02:00,93.0
2022-06-05 05:52:34+02:00,93.3
2022-06-05 05:53:34+02:00,93.3
2022-06-05 05:54:34+02:00,93.0
2022-06-05 05:55:34+02:00,93.0
2022-06-05 05:56:35+02:00,93.3
2022-06-05 05:57:35+02:00,92.9
2022-06-05 05:58:35+02:00,93.0
2022-06-05 05:59:35+02:00,93.0
2022-06-05 06:00:35+02:00,50.0
2022-06-05 06:01:35+02:00,93.4
2022-06-05 06:02:35+02:00,94.2
2022-06-05 06:03:36+02:00,94.7
2022-06-05 06:04:36+02:00,95.1
2022-06-05 06:05:36+02:00,95.1
2022-06-05 06:06:36+02:00,94.8
2022-06-05 06:07:36+02:00,94.2
2022-06-05 06:08:36+02:00,93.7
2022-06-05 06:09:37+02:00,94.0
2022-06-05 06:10:37+02:00,94.0
2022-06-05 06:11:37+02:00,94.4
2022-06-05 06:12:37+02:00,94.5
2022-06-05 06:13:37+02:00,50.0
2022-06-05 06:14:37+02:00,95.1
2022-06-05 06:15:37+02:00,95.1
2022-06-05 06:16:38+02:00,94.8
2022-06-05 06:17:38+02:00,95.2
2022-06-05 06:18:38+02:00,95.2
2022-06-05 06:19:38+02:00,95.0
2022-06-05 06:20:38+02:00,94.9
2022-06-05 06:21:38+02:00,94.7
2022-06-05 06:22:39+02:00,50.0
2022-06-05 06:23:39+02:00,94.8
2022-06-05 06:24:39+02:00,94.9
2022-06-05 06:25:39+02:00,94.9
2022-06-05 06:26:39+02:00,94.8
2022-06-05 06:27:39+02:00,94.7
2022-06-05 06:28:39+02:00,94.6
2022-06-05 06:29:39+02:00,94.5
2022-06-05 06:30:40+02:00,94.5
2022-06-05 06:31:40+02:00,94.2
2022-06-05 06:32:40+02:00,94.1
2022-06-05 06:33:40+02:00,94.0
2022-06-05 06:34:40+02:00,94.0
2022-06-05 06:35:40+02:00,50.0
2022-06-05 06:36:41+02:00,94.1
2022-06-05 06:37:41+02:00,94.1
2022-06-05 06:38:41+02:00,94.3
2022-06-05 06:39:41+02:00,94.4
2022-06-05 06:40:41+02:00,94.5
2022-06-05 06:41:41+02:00,94.9
2022-06-05 06:42:41+02:00,94.9
2022-06-05 06:43:42+02:00,95.0
2022-06-05 06:44:42+02:00,94.5
2022-06-05 06:45:42+02:00,94.6
2022-06-05 06:46:42+02:00,94.6
2022-06-05 06:47:42+02:00,94.6
2022-06-05 06:48:42+02:00,50.0
2022-06-05 06:49:42+02:00,50.0
2022-06-05 06:50:43+02:00,93.9
2022-06-05 06:51:43+02:00,93.5
2022-06-05 06:52:43+02:00,92.9
2022-06-05 06:53:43+02:00,92.3
2022-06-05 06:54:43+02:00,92.0
2022-06-05 06:55:43+02:00,92.2
2022-06-05 06:56:44+02:00,92.2
2022-06-05 06:57:44+02:00,50.0
2022-06-05 06:58:44+02:00,92.4
2022-06-05 06:59:44+02:00,92.2
2022-06-05 07:00:44+02:00,92.6
2022-06-05 07:01:44+02:00,92.9
2022-06-05 07:02:44+02:00,92.7
2022-06-05 07:03:45+02:00,92.9
2022-06-05 07:04:45+02:00,93.1
2022-06-05 07:05:45+02:00,93.4
2022-06-05 07:06:45+02:00,93.5
2022-06-05 07:07:45+02:00,93.4
2022-06-05 07:08:45+02:00,93.3
2022-06-05 07:09:45+02:00,93.5
2022-06-05 07:10:46+02:00,93.6
2022-06-05 07:11:46+02:00,93.3
2022-06-05 07:12:46+02:00,92.9
2022-06-05 07:13:46+02:00,92.7
2022-06-05 07:14:46+02:00,92.6
2022-06-05 07:15:46+02:00,92.2
2022-06-05 07:16:47+02:00,92.2
2022-06-05 07:17:47+02:00,92.1
2022-06-05 07:18:47+02:00,92.0
2022-06-05 07:19:47+02:00,91.6
2022-06-05 07:20:47+02:00,91.3
2022-06-05 07:21:47+02:00,91.4
2022-06-05 07:22:48+02:00,91.6
2022-06-05 07:23:48+02:00,91.8
2022-06-05 07:24:48+02:00,91.7
2022-06-05 07:25:48+02:00,91.6
2022-06-05 07:26:48+02:00,91.6
2022-06-05 07:27:48+02:00,91.6
2022-06-05 07:28:48+02:00,91.6
2022-06-05 07:29:49+02:00,91.8
2022-06-05 07:30:49+02:00,92.0
2022-06-05 07:31:49+02:00,92.1
2022-06-05 07:32:49+02:00,92.1
2022-06-05 07:33:49+02:00,92.2
2022-06-05 07:34:49+02:00,92.2
2022-06-05 07:35:49+02:00,91.8
2022-06-05 07:36:50+02:00,91.8
2022-06-05 07:37:50+02:00,92.0
2022-06-05 07:38:50+02:00,92.1
2022-06-05 07:39:50+02:00,92.0
2022-06-05 07:40:50+02:00,91.9
2022-06-05 07:41:50+02:00,91.8
2022-06-05 07:42:50+02:00,91.7
2022-06-05 07:43:51+02:00,91.7
2022-06-05 07:44:51+02:00,92.1
2022-06-05 07:45:51+02:00,50.0
2022-06-05 07:46:51+02:00,93.1
2022-06-05 07:47:51+02:00,94.2
2022-06-05 07:48:51+02:00,94.6
2022-06-05 07:49:52+02:00,94.9
2022-06-05 07:50:52+02:00,95.1
2022-06-05 07:51:52+02:00,95.5
2022-06-05 07:52:52+02:00,96.0
2022-06-05 07:53:52+02:00,95.8
2022-06-05 07:54:52+02:00,95.6
2022-06-05 07:55:52+02:00,95.3
2022-06-05 07:56:53+02:00,94.9
2022-06-05 07:57:53+02:00,94.8
2022-06-05 07:58:53+02:00,94.4
2022-06-05 07:59:53+02:00,94.0
2022-06-05 08:00:53+02:00,94.3
2022-06-05 08:01:53+02:00,94.2
2022-06-05 08:02:53+02:00,93.7
2022-06-05 08:03:54+02:00,94.5
2022-06-05 08:04:54+02:00,95.0
2022-06-05 08:05:54+02:00,95.4
2022-06-05 08:06:54+02:00,95.2
2022-06-05 08:07:54+02:00,94.5
2022-06-05 08:08:54+02:00,94.4
2022-06-05 08:09:54+02:00,94.7
2022-06-05 08:10:55+02:00,94.8
2022-06-05 08:11:55+02:00,94.3
2022-06-05 08:12:55+02:00,95.0
2022-06-05 08:13:55+02:00,94.4
2022-06-05 08:14:55+02:00,94.7
2022-06-05 08:15:55+02:00,94.4
2022-06-05 08:16:56+02:00,94.8
2022-06-05 08:17:56+02:00,94.5
2022-06-05 08:18:56+02:00,94.7
2022-06-05 08:19:56+02:00,94.5
2022-06-05 08:20:56+02:00,94.3
2022-06-05 08:21:56+02:00,94.1
2022-06-05 08:22:56+02:00,94.5
2022-06-05 08:23:57+02:00,94.2
2022-06-05 08:24:57+02:00,50.0
2022-06-05 08:25:57+02:00,50.0
2022-06-05 08:26:57+02:00,94.8
2022-06-05 08:27:57+02:00,94.5
2022-06-05 08:28:57+02:00,50.0
2022-06-05 08:29:57+02:00,50.0
2022-06-05 08:30:58+02:00,94.3
2022-06-05 08:31:58+02:00,93.5
2022-06-05 08:32:58+02:00,92.9
2022-06-05 08:33:58+02:00,92.9
2022-06-05 08:34:58+02:00,92.3
2022-06-05 08:35:58+02:00,92.2
2022-06-05 08:36:59+02:00,92.3
2022-06-05 08:37:59+02:00,91.9
2022-06-05 08:38:59+02:00,91.3
2022-06-05 08:39:59+02:00,91.3
2022-06-05 08:40:59+02:00,91.6
2022-06-05 08:41:59+02:00,91.1
2022-06-05 08:42:59+02:00,91.0
2022-06-05 08:44:00+02:00,91.0
2022-06-05 08:45:00+02:00,90.8
2022-06-05 08:46:00+02:00,90.8
2022-06-05 08:47:00+02:00,91.1
2022-06-05 08:48:00+02:00,91.2
2022-06-05 08:49:00+02:00,90.8
2022-06-05 08:50:01+02:00,91.2
2022-06-05 08:51:01+02:00,91.2
2022-06-05 08:52:01+02:00,91.3
2022-06-05 08:53:01+02:00,91.2
2022-06-05 08:54:01+02:00,90.6
2022-06-05 08:55:01+02:00,90.4
2022-06-05 08:56:01+02:00,90.4
2022-06-05 08:57:01+02:00,90.8
2022-06-05 08:58:02+02:00,90.1
2022-06-05 08:59:02+02:00,88.9
2022-06-05 09:00:02+02:00,87.8
2022-06-05 09:01:02+02:00,87.0
2022-06-05 09:02:02+02:00,50.0
2022-06-05 09:03:02+02:00,88.5
2022-06-05 09:04:02+02:00,89.4
2022-06-05 09:05:02+02:00,90.2
2022-06-05 09:06:02+02:00,90.4
2022-06-05 09:07:03+02:00,90.0
2022-06-05 09:08:03+02:00,89.9
2022-06-05 09:09:03+02:00,90.1
2022-06-05 09:10:03+02:00,90.7
2022-06-05 09:11:03+02:00,90.4
2022-06-05 09:12:03+02:00,90.0
2022-06-05 09:13:03+02:00,89.5
2022-06-05 09:14:03+02:00,89.3
2022-06-05 09:15:03+02:00,89.0
2022-06-05 09:16:04+02:00,50.0
2022-06-05 09:17:04+02:00,50.0
2022-06-05 09:18:04+02:00,50.0
2022-06-05 09:19:04+02:00,50.0
2022-06-05 09:20:04+02:00,50.0
2022-06-05 09:21:04+02:00,50.0
2022-06-05 09:22:04+02:00,50.0
2022-06-05 09:23:04+02:00,50.0
2022-06-05 09:24:04+02:00,50.0
2022-06-05 09:25:04+02:00,50.0
2022-06-05 09:26:04+02:00,50.0
2022-06-05 09:27:04+02:00,50.0
2022-06-05 09:28:04+02:00,50.0
2022-06-05 09:29:05+02:00,50.0
2022-06-05 09:30:05+02:00,50.0
2022-06-05 09:31:05+02:00,50.0
2022-06-05 09:32:05+02:00,50.0
2022-06-05 09:33:05+02:00,50.0
2022-06-05 09:34:05+02:00,50.0
2022-06-05 09:35:05+02:00,50.0
2022-06-05 09:36:05+02:00,50.0
2022-06-05 09:37:06+02:00,50.0
2022-06-05 09:38:06+02:00,50.0
2022-06-05 09:39:06+02:00,50.0
2022-06-05 09:40:06+02:00,50.0
2022-06-05 09:41:06+02:00,50.0
2022-06-05 09:42:06+02:00,50.0
2022-06-05 09:43:06+02:00,50.0
2022-06-05 09:44:06+02:00,50.0
2022-06-05 09:45:06+02:00,50.0
2022-06-05 09:46:06+02:00,50.0
2022-06-05 09:47:06+02:00,50.0
2022-06-05 09:48:06+02:00,50.0
2022-06-05 09:49:06+02:00,50.0
2022-06-05 09:50:07+02:00,50.0
2022-06-05 09:51:07+02:00,50.0
2022-06-05 09:52:07+02:00,50.0
2022-06-06 01:18:30+02:00,50.0
2022-06-06 01:19:30+02:00,92.7
2022-06-06 01:20:30+02:00,92.6
2022-06-06 01:21:30+02:00,92.5
2022-06-06 01:22:30+02:00,92.5
2022-06-06 01:23:30+02:00,92.4
2022-06-06 01:24:30+02:00,92.2
2022-06-06 01:25:30+02:00,91.9
2022-06-06 01:26:30+02:00,91.8
2022-06-06 01:27:30+02:00,91.9
2022-06-06 01:28:30+02:00,91.9
2022-06-06 01:29:31+02:00,92.3
2022-06-06 01:30:31+02:00,92.2
2022-06-06 01:31:31+02:00,92.0
2022-06-06 01:32:31+02:00,91.7
2022-06-06 01:33:31+02:00,91.5
2022-06-06 01:34:31+02:00,91.4
2022-06-06 01:35:31+02:00,91.3
2022-06-06 01:36:32+02:00,91.1
2022-06-06 01:37:32+02:00,91.1
2022-06-06 01:38:32+02:00,50.0
2022-06-06 01:39:32+02:00,92.0
2022-06-06 01:40:32+02:00,93.0
2022-06-06 01:41:32+02:00,93.4
2022-06-06 01:42:32+02:00,93.8
2022-06-06 01:43:33+02:00,94.2
2022-06-06 01:44:33+02:00,94.4
2022-06-06 01:45:33+02:00,94.3
2022-06-06 01:46:33+02:00,94.2
2022-06-06 01:47:33+02:00,94.2
2022-06-06 01:48:33+02:00,94.4
2022-06-06 01:49:34+02:00,94.3
2022-06-06 01:50:34+02:00,94.1
2022-06-06 01:51:34+02:00,93.9
2022-06-06 01:52:34+02:00,93.9
2022-06-06 01:53:34+02:00,93.8
2022-06-06 01:54:34+02:00,93.6
2022-06-06 01:55:34+02:00,93.7
2022-06-06 01:56:35+02:00,93.6
2022-06-06 01:57:35+02:00,93.8
2022-06-06 01:58:35+02:00,93.8
2022-06-06 01:59:35+02:00,93.8
2022-06-06 02:00:35+02:00,94.3
2022-06-06 02:00:35+02:00,94.3
2022-06-06 02:01:35+02:00,94.0
2022-06-06 02:02:36+02:00,94.0
2022-06-06 02:03:36+02:00,93.9
2022-06-06 02:04:36+02:00,93.5
2022-06-06 02:05:36+02:00,93.3
2022-06-06 02:06:36+02:00,93.2
2022-06-06 02:07:36+02:00,93.0
2022-06-06 02:08:36+02:00,92.9
2022-06-06 02:09:37+02:00,93.0
2022-06-06 02:10:37+02:00,93.3
2022-06-06 02:11:37+02:00,93.3
2022-06-06 02:12:37+02:00,93.2
2022-06-06 02:13:37+02:00,93.0
2022-06-06 02:14:37+02:00,92.9
2022-06-06 02:15:38+02:00,92.5
2022-06-06 02:16:38+02:00,92.3
2022-06-06 02:17:38+02:00,91.9
2022-06-06 02:18:38+02:00,91.9
2022-06-06 02:19:38+02:00,91.7
2022-06-06 02:20:38+02:00,91.5
2022-06-06 02:21:38+02:00,91.8
2022-06-06 02:22:39+02:00,92.0
2022-06-06 02:23:39+02:00,92.4
2022-06-06 02:24:39+02:00,92.4
2022-06-06 02:25:39+02:00,91.2
2022-06-06 02:26:39+02:00,90.8
2022-06-06 02:27:39+02:00,90.6
2022-06-06 02:28:39+02:00,89.2
2022-06-06 02:29:40+02:00,89.5
2022-06-06 02:30:40+02:00,90.1
2022-06-06 02:31:40+02:00,90.0
2022-06-06 02:32:40+02:00,90.8
2022-06-06 02:33:40+02:00,90.6
2022-06-06 02:34:40+02:00,91.5
2022-06-06 02:35:41+02:00,91.6
2022-06-06 02:36:41+02:00,92.1
2022-06-06 02:37:41+02:00,91.8
2022-06-06 02:38:41+02:00,92.6
2022-06-06 02:39:41+02:00,50.0
2022-06-06 02:40:41+02:00,91.9
2022-06-06 02:41:41+02:00,92.0
2022-06-06 02:42:42+02:00,92.0
2022-06-06 02:43:42+02:00,92.0
2022-06-06 02:44:42+02:00,92.1
2022-06-06 02:45:42+02:00,92.1
2022-06-06 02:46:42+02:00,91.8
2022-06-06 02:47:42+02:00,92.0
2022-06-06 02:48:43+02:00,92.3
2022-06-06 02:49:43+02:00,91.6
2022-06-06 02:50:43+02:00,91.9
2022-06-06 02:51:43+02:00,92.4
2022-06-06 02:52:43+02:00,92.5
2022-06-06 02:53:43+02:00,92.8
2022-06-06 02:54:43+02:00,93.0
2022-06-06 02:55:44+02:00,93.2
2022-06-06 02:56:44+02:00,93.2
2022-06-06 02:57:44+02:00,92.9
2022-06-06 02:58:44+02:00,92.6
2022-06-06 02:59:44+02:00,92.3
2022-06-06 03:00:44+02:00,92.3
2022-06-06 03:01:44+02:00,91.8
2022-06-06 03:02:45+02:00,91.7
2022-06-06 03:03:45+02:00,92.0
2022-06-06 03:04:45+02:00,91.6
2022-06-06 03:05:45+02:00,91.3
2022-06-06 03:06:45+02:00,91.4
2022-06-06 03:07:45+02:00,91.4
2022-06-06 03:08:46+02:00,91.2
2022-06-06 03:09:46+02:00,50.0
2022-06-06 03:10:46+02:00,50.0
2022-06-06 03:11:46+02:00,91.6
2022-06-06 03:12:46+02:00,93.2
2022-06-06 03:13:46+02:00,92.3
2022-06-06 03:14:46+02:00,91.2
2022-06-06 03:15:47+02:00,89.5
2022-06-06 03:16:47+02:00,89.1
2022-06-06 03:17:47+02:00,88.2
2022-06-06 03:18:47+02:00,87.9
2022-06-06 03:19:47+02:00,87.8
2022-06-06 03:20:47+02:00,87.8
2022-06-06 03:21:48+02:00,87.6
2022-06-06 03:22:48+02:00,88.3
2022-06-06 03:23:48+02:00,88.3
2022-06-06 03:24:48+02:00,88.5
2022-06-06 03:25:48+02:00,88.5
2022-06-06 03:26:48+02:00,88.5
2022-06-06 03:27:48+02:00,88.7
2022-06-06 03:28:49+02:00,90.2
2022-06-06 03:29:49+02:00,50.0
2022-06-06 03:30:49+02:00,91.0
2022-06-06 03:31:49+02:00,91.0
2022-06-06 03:32:49+02:00,91.1
2022-06-06 03:33:49+02:00,91.1
2022-06-06 03:34:49+02:00,50.0
2022-06-06 03:35:50+02:00,91.2
2022-06-06 03:36:50+02:00,91.1
2022-06-06 03:37:50+02:00,90.8
2022-06-06 03:38:50+02:00,90.8
2022-06-06 03:39:50+02:00,90.7
2022-06-06 03:40:50+02:00,90.7
2022-06-06 03:41:50+02:00,90.6
2022-06-06 03:42:51+02:00,90.5
2022-06-06 03:43:51+02:00,90.3
2022-06-06 03:44:51+02:00,90.9
2022-06-06 03:45:51+02:00,90.8
2022-06-06 03:46:51+02:00,90.5
2022-06-06 03:47:51+02:00,90.3
2022-06-06 03:48:52+02:00,90.5
2022-06-06 03:49:52+02:00,90.5
2022-06-06 03:50:52+02:00,90.5
2022-06-06 03:51:52+02:00,90.2
2022-06-06 03:52:52+02:00,90.2
2022-06-06 03:53:52+02:00,90.3
2022-06-06 03:54:52+02:00,90.7
2022-06-06 03:55:53+02:00,91.3
2022-06-06 03:56:53+02:00,91.3
2022-06-06 03:57:53+02:00,91.2
2022-06-06 03:58:53+02:00,91.0
2022-06-06 03:59:53+02:00,90.8
2022-06-06 04:00:53+02:00,90.6
2022-06-06 04:01:54+02:00,90.4
2022-06-06 04:02:54+02:00,90.2
2022-06-06 04:03:54+02:00,89.9
2022-06-06 04:04:54+02:00,90.3
2022-06-06 04:05:54+02:00,90.2
2022-06-06 04:06:54+02:00,90.0
2022-06-06 04:07:55+02:00,90.4
2022-06-06 04:08:55+02:00,90.6
2022-06-06 04:09:55+02:00,90.8
2022-06-06 04:10:55+02:00,90.7
2022-06-06 04:11:55+02:00,90.3
2022-06-06 04:12:55+02:00,91.1
2022-06-06 04:13:56+02:00,93.1
2022-06-06 04:14:56+02:00,93.8
2022-06-06 04:15:56+02:00,93.5
2022-06-06 04:16:56+02:00,93.0
2022-06-06 04:17:56+02:00,93.5
2022-06-06 04:18:56+02:00,94.0
2022-06-06 04:19:57+02:00,93.8
2022-06-06 04:20:57+02:00,94.0
2022-06-06 04:21:57+02:00,93.6
2022-06-06 04:22:57+02:00,93.1
2022-06-06 04:23:57+02:00,50.0
2022-06-06 04:24:57+02:00,94.1
2022-06-06 04:25:58+02:00,94.5
2022-06-06 04:26:58+02:00,94.6
2022-06-06 04:27:58+02:00,94.7
2022-06-06 04:28:58+02:00,94.7
2022-06-06 04:29:58+02:00,94.8
2022-06-06 04:30:58+02:00,95.1
2022-06-06 04:31:59+02:00,94.9
2022-06-06 04:32:59+02:00,94.9
2022-06-06 04:33:59+02:00,94.6
2022-06-06 04:34:59+02:00,94.7
2022-06-06 04:35:59+02:00,94.7
2022-06-06 04:36:59+02:00,94.8
2022-06-06 04:38:00+02:00,94.6
2022-06-06 04:39:00+02:00,94.6
2022-06-06 04:40:00+02:00,94.6
2022-06-06 04:41:00+02:00,94.2
2022-06-06 04:42:00+02:00,94.2
2022-06-06 04:43:00+02:00,94.4
2022-06-06 04:44:00+02:00,94.6
2022-06-06 04:45:00+02:00,94.6
2022-06-06 04:46:01+02:00,94.7
2022-06-06 04:47:01+02:00,94.6
2022-06-06 04:48:01+02:00,94.5
2022-06-06 04:49:01+02:00,94.4
2022-06-06 04:50:01+02:00,94.3
2022-06-06 04:51:02+02:00,94.2
2022-06-06 04:52:02+02:00,94.1
2022-06-06 04:53:02+02:00,93.9
2022-06-06 04:54:02+02:00,93.8
2022-06-06 04:55:02+02:00,94.3
2022-06-06 04:56:02+02:00,94.3
2022-06-06 04:57:02+02:00,94.1
2022-06-06 04:58:03+02:00,93.9
2022-06-06 04:59:03+02:00,93.8
2022-06-06 05:00:03+02:00,93.7
2022-06-06 05:01:03+02:00,93.5
2022-06-06 05:02:03+02:00,93.5
2022-06-06 05:03:03+02:00,93.4
2022-06-06 05:04:03+02:00,93.3
2022-06-06 05:05:03+02:00,93.2
2022-06-06 05:06:04+02:00,93.2
2022-06-06 05:07:04+02:00,93.3
2022-06-06 05:08:04+02:00,93.3
2022-06-06 05:09:04+02:00,93.3
2022-06-06 05:10:04+02:00,93.2
2022-06-06 05:11:04+02:00,93.2
2022-06-06 05:12:04+02:00,93.1
2022-06-06 05:13:04+02:00,93.1
2022-06-06 05:14:04+02:00,50.0
2022-06-06 05:15:05+02:00,93.8
2022-06-06 05:16:05+02:00,50.0
2022-06-06 05:17:05+02:00,94.0
2022-06-06 05:18:05+02:00,94.5
2022-06-06 05:19:05+02:00,94.1
2022-06-06 05:20:05+02:00,93.3
2022-06-06 05:21:05+02:00,92.9
2022-06-06 05:22:05+02:00,92.8
2022-06-06 05:23:05+02:00,92.6
2022-06-06 05:24:06+02:00,92.2
2022-06-06 05:25:06+02:00,92.6
2022-06-06 05:26:06+02:00,92.6
2022-06-06 05:27:06+02:00,92.8
2022-06-06 05:28:06+02:00,50.0
2022-06-06 05:29:06+02:00,93.1
2022-06-06 05:30:06+02:00,93.4
2022-06-06 05:31:06+02:00,93.6
2022-06-06 05:32:06+02:00,93.7
2022-06-06 05:33:07+02:00,93.9
2022-06-06 05:34:07+02:00,94.0
2022-06-06 05:35:07+02:00,94.1
2022-06-06 05:36:07+02:00,94.2
2022-06-06 05:37:07+02:00,94.3
2022-06-06 05:38:07+02:00,94.3
2022-06-06 05:39:07+02:00,94.3
2022-06-06 05:40:07+02:00,50.0
2022-06-06 05:41:07+02:00,93.4
2022-06-06 05:42:08+02:00,92.6
2022-06-06 05:43:08+02:00,91.9
2022-06-06 05:44:08+02:00,91.6
2022-06-06 05:45:08+02:00,91.8
2022-06-06 05:46:08+02:00,91.4
2022-06-06 05:47:08+02:00,91.5
2022-06-06 05:48:09+02:00,90.9
2022-06-06 05:49:09+02:00,91.0
2022-06-06 05:50:09+02:00,90.7
2022-06-06 05:51:09+02:00,90.1
2022-06-06 05:52:09+02:00,90.1
2022-06-06 05:53:09+02:00,89.9
2022-06-06 05:54:09+02:00,90.5
2022-06-06 05:55:10+02:00,90.3
2022-06-06 05:56:10+02:00,90.2
2022-06-06 05:57:10+02:00,90.0
2022-06-06 05:58:10+02:00,90.6
2022-06-06 05:59:10+02:00,90.4
2022-06-06 06:00:10+02:00,90.7
2022-06-06 06:01:10+02:00,91.7
2022-06-06 06:02:11+02:00,91.3
2022-06-06 06:03:11+02:00,90.8
2022-06-06 06:04:11+02:00,90.6
2022-06-06 06:05:11+02:00,89.0
2022-06-06 06:06:11+02:00,88.5
2022-06-06 06:07:11+02:00,88.2
2022-06-06 06:08:12+02:00,50.0
2022-06-06 06:09:12+02:00,89.7
2022-06-06 06:10:12+02:00,91.1
2022-06-06 06:11:12+02:00,91.9
2022-06-06 06:12:12+02:00,92.7
2022-06-06 06:13:12+02:00,91.8
2022-06-06 06:14:12+02:00,91.6
2022-06-06 06:15:13+02:00,91.1
2022-06-06 06:16:13+02:00,90.7
2022-06-06 06:17:13+02:00,91.2
2022-06-06 06:18:13+02:00,91.1
2022-06-06 06:19:13+02:00,90.8
2022-06-06 06:20:13+02:00,50.0
2022-06-06 06:21:13+02:00,91.1
2022-06-06 06:22:14+02:00,92.1
2022-06-06 06:23:14+02:00,92.6
2022-06-06 06:24:14+02:00,92.5
2022-06-06 06:25:14+02:00,91.6
2022-06-06 06:26:14+02:00,92.9
2022-06-06 06:27:14+02:00,91.8
2022-06-06 06:28:14+02:00,92.3
2022-06-06 06:29:14+02:00,92.9
2022-06-06 06:30:15+02:00,93.2
2022-06-06 06:31:15+02:00,93.8
2022-06-06 06:32:15+02:00,93.0
2022-06-06 06:33:15+02:00,93.3
2022-06-06 06:34:15+02:00,93.3
2022-06-06 06:35:15+02:00,92.4
2022-06-06 06:36:16+02:00,50.0
2022-06-06 06:37:16+02:00,92.7
2022-06-06 06:38:16+02:00,92.7
2022-06-06 06:39:16+02:00,93.0
2022-06-06 06:40:16+02:00,92.8
2022-06-06 06:41:16+02:00,92.8
2022-06-06 06:42:16+02:00,93.1
2022-06-06 06:43:16+02:00,92.5
2022-06-06 06:44:17+02:00,92.7
2022-06-06 06:45:17+02:00,92.0
2022-06-06 06:46:17+02:00,92.3
2022-06-06 06:47:17+02:00,92.5
2022-06-06 06:48:17+02:00,92.2
2022-06-06 06:49:17+02:00,91.6
2022-06-06 06:50:18+02:00,91.3
2022-06-06 06:51:18+02:00,90.7
2022-06-06 06:52:18+02:00,90.9
2022-06-06 06:53:18+02:00,90.5
2022-06-06 06:54:18+02:00,91.8
2022-06-06 06:55:18+02:00,92.3
2022-06-06 06:56:18+02:00,50.0
2022-06-06 06:57:18+02:00,92.4
2022-06-06 06:58:19+02:00,93.3
2022-06-06 06:59:19+02:00,93.9
2022-06-06 07:00:19+02:00,94.2
2022-06-06 07:01:19+02:00,94.1
2022-06-06 07:02:19+02:00,50.0
2022-06-06 07:03:19+02:00,50.0
2022-06-06 07:04:19+02:00,50.0
2022-06-06 07:05:20+02:00,50.0
2022-06-06 07:06:20+02:00,50.0
2022-06-06 07:07:20+02:00,93.8
2022-06-06 07:08:20+02:00,93.1
2022-06-06 07:09:20+02:00,92.9
2022-06-06 07:10:20+02:00,93.2
2022-06-06 07:11:20+02:00,93.0
2022-06-06 07:12:21+02:00,92.8
2022-06-06 07:13:21+02:00,92.7
2022-06-06 07:14:21+02:00,92.4
2022-06-06 07:15:21+02:00,92.8
2022-06-06 07:16:21+02:00,92.7
2022-06-06 07:17:21+02:00,92.7
2022-06-06 07:18:22+02:00,92.5
2022-06-06 07:19:22+02:00,92.4
2022-06-06 07:20:22+02:00,92.4
2022-06-06 07:21:22+02:00,92.6
2022-06-06 07:22:22+02:00,92.6
2022-06-06 07:23:22+02:00,92.8
2022-06-06 07:24:22+02:00,50.0
2022-06-06 07:25:23+02:00,93.1
2022-06-06 07:26:23+02:00,93.4
2022-06-06 07:27:23+02:00,93.7
2022-06-06 07:28:23+02:00,93.9
2022-06-06 07:29:23+02:00,94.0
2022-06-06 07:30:23+02:00,93.7
2022-06-06 07:31:24+02:00,93.7
2022-06-06 07:32:24+02:00,94.1
2022-06-06 07:33:24+02:00,92.8
2022-06-06 07:34:24+02:00,92.2
2022-06-06 07:35:24+02:00,50.0
2022-06-06 07:36:24+02:00,91.9
2022-06-06 07:37:24+02:00,92.6
2022-06-06 07:38:25+02:00,92.9
2022-06-06 07:39:25+02:00,93.5
2022-06-06 07:40:25+02:00,94.0
2022-06-06 07:41:25+02:00,94.4
2022-06-06 07:42:25+02:00,94.6
2022-06-06 07:43:25+02:00,50.0
2022-06-06 07:44:25+02:00,94.9
2022-06-06 07:45:25+02:00,95.2
2022-06-06 07:46:26+02:00,50.0
2022-06-06 07:47:26+02:00,95.1
2022-06-06 07:48:26+02:00,93.3
2022-06-06 07:49:26+02:00,92.2
2022-06-06 07:50:26+02:00,92.6
2022-06-06 07:51:26+02:00,92.7
2022-06-06 07:52:27+02:00,93.3
2022-06-06 07:53:27+02:00,93.7
2022-06-06 07:54:27+02:00,94.3
2022-06-06 07:55:27+02:00,94.0
2022-06-06 07:56:27+02:00,93.9
2022-06-06 07:57:27+02:00,93.9
2022-06-06 07:58:27+02:00,50.0
2022-06-06 07:59:27+02:00,93.9
2022-06-06 08:00:28+02:00,94.4
2022-06-06 08:01:28+02:00,94.6
2022-06-06 08:02:28+02:00,94.4
2022-06-06 08:03:28+02:00,94.2
2022-06-06 08:04:28+02:00,94.2
2022-06-06 08:05:28+02:00,94.1
2022-06-06 08:06:29+02:00,94.1
2022-06-06 08:07:29+02:00,94.2
2022-06-06 08:08:29+02:00,94.0
2022-06-06 08:09:29+02:00,94.0
2022-06-06 08:10:29+02:00,94.1
2022-06-06 08:11:29+02:00,93.3
2022-06-06 08:12:29+02:00,50.0
2022-06-06 08:13:30+02:00,50.0
2022-06-06 08:14:30+02:00,50.0
2022-06-06 08:15:30+02:00,93.5
2022-06-06 08:16:30+02:00,95.0
2022-06-06 08:17:30+02:00,95.6
2022-06-06 08:18:30+02:00,50.0
2022-06-06 08:19:30+02:00,50.0
2022-06-06 08:20:31+02:00,50.0
2022-06-06 08:21:31+02:00,50.0
2022-06-06 08:22:31+02:00,50.0
2022-06-06 08:23:31+02:00,50.0
2022-06-06 08:24:31+02:00,50.0
2022-06-06 08:25:31+02:00,50.0
2022-06-06 08:26:31+02:00,50.0
2022-06-06 08:27:31+02:00,50.0
2022-06-06 08:28:32+02:00,50.0
2022-06-06 08:29:32+02:00,50.0
2022-06-06 08:30:32+02:00,50.0
2022-06-06 08:31:32+02:00,50.0
2022-06-06 08:32:32+02:00,50.0
2022-06-06 08:33:32+02:00,50.0
2022-06-06 08:34:33+02:00,50.0
2022-06-06 08:35:33+02:00,50.0
2022-06-06 08:36:33+02:00,50.0
2022-06-06 08:37:33+02:00,50.0
2022-06-06 08:38:33+02:00,50.0
2022-06-06 08:39:33+02:00,50.0
2022-06-06 08:40:33+02:00,50.0
2022-06-06 08:41:33+02:00,50.0
2022-06-06 08:42:34+02:00,50.0
2022-06-06 08:43:34+02:00,50.0
2022-06-06 08:44:34+02:00,50.0
2022-06-06 08:45:34+02:00,50.0
2022-06-06 08:46:34+02:00,50.0
2022-06-06 08:47:34+02:00,50.0
2022-06-06 08:48:35+02:00,50.0
2022-06-06 08:49:35+02:00,50.0
2022-06-06 08:50:35+02:00,50.0
2022-06-07 00:43:30+02:00,85.0
2022-06-07 00:44:30+02:00,85.4
2022-06-07 00:45:30+02:00,85.9
2022-06-07 00:46:30+02:00,86.2
2022-06-07 00:47:30+02:00,86.7
2022-06-07 00:48:30+02:00,86.8
2022-06-07 00:49:30+02:00,86.8
2022-06-07 00:50:30+02:00,87.5
2022-06-07 00:51:30+02:00,87.9
2022-06-07 00:52:30+02:00,87.9
2022-06-07 00:53:30+02:00,87.8
2022-06-07 00:54:30+02:00,87.7
2022-06-07 00:55:31+02:00,87.9
2022-06-07 00:56:31+02:00,87.9
2022-06-07 00:57:31+02:00,88.0
2022-06-07 00:58:31+02:00,88.1
2022-06-07 00:59:31+02:00,88.4
2022-06-07 01:00:31+02:00,88.0
2022-06-07 01:01:31+02:00,88.2
2022-06-07 01:02:32+02:00,88.1
2022-06-07 01:03:32+02:00,88.0
2022-06-07 01:04:32+02:00,88.2
2022-06-07 01:05:32+02:00,88.1
2022-06-07 01:06:32+02:00,88.6
2022-06-07 01:07:32+02:00,88.4
2022-06-07 01:08:32+02:00,88.4
2022-06-07 01:09:32+02:00,88.4
2022-06-07 01:10:33+02:00,88.2
2022-06-07 01:11:33+02:00,88.3
2022-06-07 01:12:33+02:00,88.4
2022-06-07 01:13:33+02:00,88.8
2022-06-07 01:14:33+02:00,88.6
2022-06-07 01:15:33+02:00,88.6
2022-06-07 01:16:33+02:00,88.6
2022-06-07 01:17:34+02:00,88.9
2022-06-07 01:18:34+02:00,88.7
2022-06-07 01:19:34+02:00,88.5
2022-06-07 01:20:34+02:00,50.0
2022-06-07 01:21:34+02:00,89.4
2022-06-07 01:22:34+02:00,50.0
2022-06-07 01:23:34+02:00,89.5
2022-06-07 01:24:34+02:00,88.9
2022-06-07 01:25:35+02:00,88.4
2022-06-07 01:26:35+02:00,88.5
2022-06-07 01:27:35+02:00,88.1
2022-06-07 01:28:35+02:00,88.0
2022-06-07 01:29:35+02:00,88.4
2022-06-07 01:30:35+02:00,89.1
2022-06-07 01:31:35+02:00,89.8
2022-06-07 01:32:36+02:00,89.6
2022-06-07 01:33:36+02:00,88.9
2022-06-07 01:34:36+02:00,88.7
2022-06-07 01:35:36+02:00,88.2
2022-06-07 01:36:36+02:00,88.7
2022-06-07 01:37:36+02:00,87.9
2022-06-07 01:38:36+02:00,87.8
2022-06-07 01:39:37+02:00,88.2
2022-06-07 01:40:37+02:00,87.4
2022-06-07 01:41:37+02:00,88.4
2022-06-07 01:42:37+02:00,87.9
2022-06-07 01:43:37+02:00,88.4
2022-06-07 01:44:37+02:00,87.7
2022-06-07 01:45:37+02:00,87.8
2022-06-07 01:46:38+02:00,87.2
2022-06-07 01:47:38+02:00,89.2
2022-06-07 01:48:38+02:00,89.4
2022-06-07 01:49:38+02:00,89.5
2022-06-07 01:50:38+02:00,88.9
2022-06-07 01:51:38+02:00,89.4
2022-06-07 01:52:38+02:00,88.9
2022-06-07 01:53:39+02:00,89.0
2022-06-07 01:54:39+02:00,88.8
2022-06-07 01:55:39+02:00,88.5
2022-06-07 01:56:39+02:00,88.3
2022-06-07 01:57:39+02:00,88.3
2022-06-07 01:58:39+02:00,88.3
2022-06-07 01:59:39+02:00,89.0
2022-06-07 02:00:39+02:00,88.7
2022-06-07 02:00:39+02:00,88.7
2022-06-07 02:01:40+02:00,88.4
2022-06-07 02:02:40+02:00,88.3
2022-06-07 02:03:40+02:00,88.1
2022-06-07 02:04:40+02:00,87.9
2022-06-07 02:05:40+02:00,87.8
2022-06-07 02:06:40+02:00,87.5
2022-06-07 02:07:40+02:00,87.7
2022-06-07 02:08:41+02:00,87.5
2022-06-07 02:09:41+02:00,87.2
2022-06-07 02:10:41+02:00,87.0
2022-06-07 02:11:41+02:00,86.8
2022-06-07 02:12:41+02:00,86.8
2022-06-07 02:13:41+02:00,86.8
2022-06-07 02:14:41+02:00,88.0
2022-06-07 02:15:41+02:00,89.2
2022-06-07 02:16:42+02:00,89.5
2022-06-07 02:17:42+02:00,88.8
2022-06-07 02:18:42+02:00,88.6
2022-06-07 02:19:42+02:00,88.3
2022-06-07 02:20:42+02:00,88.8
2022-06-07 02:21:42+02:00,90.2
2022-06-07 02:22:42+02:00,90.5
2022-06-07 02:23:43+02:00,89.8
2022-06-07 02:24:43+02:00,89.3
2022-06-07 02:25:43+02:00,89.6
2022-06-07 02:26:43+02:00,89.5
2022-06-07 02:27:43+02:00,89.2
2022-06-07 02:28:43+02:00,89.3
2022-06-07 02:29:43+02:00,89.2
2022-06-07 02:30:44+02:00,89.2
2022-06-07 02:31:44+02:00,89.1
2022-06-07 02:32:44+02:00,89.1
2022-06-07 02:33:44+02:00,88.9
2022-06-07 02:34:44+02:00,88.8
2022-06-07 02:35:44+02:00,90.0
2022-06-07 02:36:44+02:00,89.5
2022-06-07 02:37:45+02:00,50.0
2022-06-07 02:38:45+02:00,50.0
2022-06-07 02:39:45+02:00,89.2
2022-06-07 02:40:45+02:00,88.6
2022-06-07 02:41:45+02:00,50.0
2022-06-07 02:42:45+02:00,88.8
2022-06-07 02:43:45+02:00,88.2
2022-06-07 02:44:45+02:00,87.2
2022-06-07 02:45:46+02:00,87.2
2022-06-07 02:46:46+02:00,88.1
2022-06-07 02:47:46+02:00,88.3
2022-06-07 02:48:46+02:00,88.6
2022-06-07 02:49:46+02:00,88.8
2022-06-07 02:50:46+02:00,88.9
2022-06-07 02:51:47+02:00,88.9
2022-06-07 02:52:47+02:00,89.0
2022-06-07 02:53:47+02:00,89.0
2022-06-07 02:54:47+02:00,88.9
2022-06-07 02:55:47+02:00,89.1
2022-06-07 02:56:47+02:00,89.0
2022-06-07 02:57:47+02:00,89.1
2022-06-07 02:58:47+02:00,89.2
2022-06-07 02:59:48+02:00,89.1
2022-06-07 03:00:48+02:00,88.7
2022-06-07 03:01:48+02:00,88.5
2022-06-07 03:02:48+02:00,88.5
2022-06-07 03:03:48+02:00,88.4
2022-06-07 03:04:48+02:00,88.2
2022-06-07 03:05:48+02:00,88.7
2022-06-07 03:06:49+02:00,88.7
2022-06-07 03:07:49+02:00,88.9
2022-06-07 03:08:49+02:00,88.8
2022-06-07 03:09:49+02:00,88.7
2022-06-07 03:10:49+02:00,88.8
2022-06-07 03:11:49+02:00,88.6
2022-06-07 03:12:49+02:00,88.6
2022-06-07 03:13:50+02:00,88.4
2022-06-07 03:14:50+02:00,88.7
2022-06-07 03:15:50+02:00,88.6
2022-06-07 03:16:50+02:00,88.9
2022-06-07 03:17:50+02:00,89.0
2022-06-07 03:18:50+02:00,50.0
2022-06-07 03:19:50+02:00,90.1
2022-06-07 03:20:51+02:00,92.0
2022-06-07 03:21:51+02:00,92.9
2022-06-07 03:22:51+02:00,92.9
2022-06-07 03:23:51+02:00,92.6
2022-06-07 03:24:51+02:00,91.8
2022-06-07 03:25:51+02:00,91.0
2022-06-07 03:26:51+02:00,91.3
2022-06-07 03:27:52+02:00,50.0
2022-06-07 03:28:52+02:00,91.0
2022-06-07 03:29:52+02:00,91.3
2022-06-07 03:30:52+02:00,91.1
2022-06-07 03:31:52+02:00,90.6
2022-06-07 03:32:52+02:00,91.7
2022-06-07 03:33:53+02:00,50.0
2022-06-07 03:34:53+02:00,91.3
2022-06-07 03:35:53+02:00,89.6
2022-06-07 03:36:53+02:00,90.5
2022-06-07 03:37:53+02:00,89.6
2022-06-07 03:38:53+02:00,89.2
2022-06-07 03:39:53+02:00,90.3
2022-06-07 03:40:54+02:00,89.9
2022-06-07 03:41:54+02:00,89.8
2022-06-07 03:42:54+02:00,89.5
2022-06-07 03:43:54+02:00,90.7
2022-06-07 03:44:54+02:00,91.0
2022-06-07 03:45:54+02:00,50.0
2022-06-07 03:46:55+02:00,90.7
2022-06-07 03:47:55+02:00,92.0
2022-06-07 03:48:55+02:00,93.3
2022-06-07 03:49:55+02:00,93.7
2022-06-07 03:50:55+02:00,94.3
2022-06-07 03:51:55+02:00,94.4
2022-06-07 03:52:55+02:00,94.4
2022-06-07 03:53:56+02:00,94.3
2022-06-07 03:54:56+02:00,93.8
2022-06-07 03:55:56+02:00,93.5
2022-06-07 03:56:56+02:00,93.1
2022-06-07 03:57:56+02:00,92.7
2022-06-07 03:58:56+02:00,92.8
2022-06-07 03:59:56+02:00,92.8
2022-06-07 04:00:57+02:00,92.8
2022-06-07 04:01:57+02:00,92.3
2022-06-07 04:02:57+02:00,92.7
2022-06-07 04:03:57+02:00,92.8
2022-06-07 04:04:57+02:00,92.2
2022-06-07 04:05:57+02:00,91.9
2022-06-07 04:06:57+02:00,91.9
2022-06-07 04:07:58+02:00,91.5
2022-06-07 04:08:58+02:00,91.5
2022-06-07 04:09:58+02:00,91.4
2022-06-07 04:10:58+02:00,91.2
2022-06-07 04:11:58+02:00,91.0
2022-06-07 04:12:58+02:00,91.0
2022-06-07 04:13:58+02:00,91.7
2022-06-07 04:14:59+02:00,91.3
2022-06-07 04:15:59+02:00,91.2
2022-06-07 04:16:59+02:00,91.2
2022-06-07 04:17:59+02:00,91.2
2022-06-07 04:18:59+02:00,91.3
2022-06-07 04:19:59+02:00,91.2
2022-06-07 04:21:00+02:00,91.0
2022-06-07 04:22:00+02:00,90.9
2022-06-07 04:23:00+02:00,90.5
2022-06-07 04:24:00+02:00,90.7
2022-06-07 04:25:00+02:00,90.7
2022-06-07 04:26:00+02:00,90.6
2022-06-07 04:27:00+02:00,90.5
2022-06-07 04:28:00+02:00,91.0
2022-06-07 04:29:00+02:00,91.2
2022-06-07 04:30:01+02:00,90.7
2022-06-07 04:31:01+02:00,90.5
2022-06-07 04:32:01+02:00,90.1
2022-06-07 04:33:01+02:00,90.1
2022-06-07 04:34:01+02:00,50.0
2022-06-07 04:35:01+02:00,89.1
2022-06-07 04:36:01+02:00,50.0
2022-06-07 04:37:02+02:00,87.0
2022-06-07 04:38:02+02:00,86.8
2022-06-07 04:39:02+02:00,86.2
2022-06-07 04:40:02+02:00,86.7
2022-06-07 04:41:02+02:00,87.0
2022-06-07 04:42:02+02:00,88.3
2022-06-07 04:43:02+02:00,89.3
2022-06-07 04:44:02+02:00,89.6
2022-06-07 04:45:02+02:00,90.2
2022-06-07 04:46:03+02:00,91.4
2022-06-07 04:47:03+02:00,92.2
2022-06-07 04:48:03+02:00,50.0
2022-06-07 04:49:03+02:00,92.8
2022-06-07 04:50:03+02:00,93.2
2022-06-07 04:51:03+02:00,93.2
2022-06-07 04:52:03+02:00,50.0
2022-06-07 04:53:03+02:00,94.0
2022-06-07 04:54:03+02:00,94.8
2022-06-07 04:55:03+02:00,94.8
2022-06-07 04:56:04+02:00,95.0
2022-06-07 04:57:04+02:00,94.5
2022-06-07 04:58:04+02:00,94.9
2022-06-07 04:59:04+02:00,95.3
2022-06-07 05:00:04+02:00,96.0
2022-06-07 05:01:04+02:00,95.8
2022-06-07 05:02:04+02:00,96.4
2022-06-07 05:03:04+02:00,96.5
2022-06-07 05:04:04+02:00,96.6
2022-06-07 05:05:04+02:00,96.4
2022-06-07 05:06:05+02:00,96.8
2022-06-07 05:07:05+02:00,96.6
2022-06-07 05:08:05+02:00,96.8
2022-06-07 05:09:05+02:00,96.7
2022-06-07 05:10:05+02:00,97.0
2022-06-07 05:11:05+02:00,96.8
2022-06-07 05:12:05+02:00,96.6
2022-06-07 05:13:05+02:00,96.5
2022-06-07 05:14:05+02:00,96.8
2022-06-07 05:15:05+02:00,96.9
2022-06-07 05:16:05+02:00,96.6
2022-06-07 05:17:06+02:00,97.2
2022-06-07 05:18:06+02:00,97.0
2022-06-07 05:19:06+02:00,96.5
2022-06-07 05:20:06+02:00,96.8
2022-06-07 05:21:06+02:00,97.1
2022-06-07 05:22:06+02:00,50.0
2022-06-07 05:23:06+02:00,95.3
2022-06-07 05:24:06+02:00,93.3
2022-06-07 05:25:06+02:00,92.3
2022-06-07 05:26:06+02:00,91.3
2022-06-07 05:27:07+02:00,90.7
2022-06-07 05:28:07+02:00,90.4
2022-06-07 05:29:07+02:00,90.0
2022-06-07 05:30:07+02:00,89.9
2022-06-07 05:31:07+02:00,89.9
2022-06-07 05:32:07+02:00,89.8
2022-06-07 05:33:07+02:00,89.7
2022-06-07 05:34:07+02:00,90.0
2022-06-07 05:35:08+02:00,90.7
2022-06-07 05:36:08+02:00,90.4
2022-06-07 05:37:08+02:00,90.3
2022-06-07 05:38:08+02:00,90.1
2022-06-07 05:39:08+02:00,90.0
2022-06-07 05:40:08+02:00,89.9
2022-06-07 05:41:08+02:00,90.0
2022-06-07 05:42:09+02:00,90.0
2022-06-07 05:43:09+02:00,90.0
2022-06-07 05:44:09+02:00,89.8
2022-06-07 05:45:09+02:00,89.8
2022-06-07 05:46:09+02:00,89.7
2022-06-07 05:47:09+02:00,90.2
2022-06-07 05:48:09+02:00,90.8
2022-06-07 05:49:10+02:00,90.7
2022-06-07 05:50:10+02:00,90.5
2022-06-07 05:51:10+02:00,90.3
2022-06-07 05:52:10+02:00,90.4
2022-06-07 05:53:10+02:00,90.4
2022-06-07 05:54:10+02:00,90.4
2022-06-07 05:55:10+02:00,90.3
2022-06-07 05:56:11+02:00,90.1
2022-06-07 05:57:11+02:00,90.2
2022-06-07 05:58:11+02:00,90.2
2022-06-07 05:59:11+02:00,90.3
2022-06-07 06:00:11+02:00,91.2
2022-06-07 06:01:11+02:00,91.5
2022-06-07 06:02:11+02:00,91.3
2022-06-07 06:03:12+02:00,91.2
2022-06-07 06:04:12+02:00,91.0
2022-06-07 06:05:12+02:00,91.0
2022-06-07 06:06:12+02:00,91.1
2022-06-07 06:07:12+02:00,91.0
2022-06-07 06:08:12+02:00,91.2
2022-06-07 06:09:13+02:00,50.0
2022-06-07 06:10:13+02:00,92.4
2022-06-07 06:11:13+02:00,91.5
2022-06-07 06:12:13+02:00,92.2
2022-06-07 06:13:13+02:00,92.6
2022-06-07 06:14:13+02:00,92.0
2022-06-07 06:15:13+02:00,90.9
2022-06-07 06:16:14+02:00,91.0
2022-06-07 06:17:14+02:00,92.0
2022-06-07 06:18:14+02:00,92.9
2022-06-07 06:19:14+02:00,93.4
2022-06-07 06:20:14+02:00,92.3
2022-06-07 06:21:14+02:00,93.2
2022-06-07 06:22:14+02:00,93.4
2022-06-07 06:23:15+02:00,50.0
2022-06-07 06:24:15+02:00,93.2
2022-06-07 06:25:15+02:00,50.0
2022-06-07 06:26:15+02:00,93.1
2022-06-07 06:27:15+02:00,92.5
2022-06-07 06:28:15+02:00,91.7
2022-06-07 06:29:15+02:00,91.2
2022-06-07 06:30:16+02:00,91.2
2022-06-07 06:31:16+02:00,91.0
2022-06-07 06:32:16+02:00,91.3
2022-06-07 06:33:16+02:00,90.6
2022-06-07 06:34:16+02:00,90.5
2022-06-07 06:35:16+02:00,50.0
2022-06-07 06:36:17+02:00,91.1
2022-06-07 06:37:17+02:00,91.3
2022-06-07 06:38:17+02:00,91.3
2022-06-07 06:39:17+02:00,91.3
2022-06-07 06:40:17+02:00,50.0
2022-06-07 06:41:17+02:00,91.3
2022-06-07 06:42:17+02:00,91.2
2022-06-07 06:43:18+02:00,91.0
2022-06-07 06:44:18+02:00,90.9
2022-06-07 06:45:18+02:00,50.0
2022-06-07 06:46:18+02:00,50.0
2022-06-07 06:47:18+02:00,90.8
2022-06-07 06:48:18+02:00,90.8
2022-06-07 06:49:19+02:00,90.6
2022-06-07 06:50:19+02:00,90.3
2022-06-07 06:51:19+02:00,90.3
2022-06-07 06:52:19+02:00,90.4
2022-06-07 06:53:19+02:00,90.2
2022-06-07 06:54:19+02:00,90.7
2022-06-07 06:55:19+02:00,91.1
2022-06-07 06:56:20+02:00,91.3
2022-06-07 06:57:20+02:00,91.0
2022-06-07 06:58:20+02:00,90.5
2022-06-07 06:59:20+02:00,90.4
2022-06-07 07:00:20+02:00,90.7
2022-06-07 07:01:20+02:00,90.6
2022-06-07 07:02:20+02:00,90.8
2022-06-07 07:03:21+02:00,90.5
2022-06-07 07:04:21+02:00,90.3
2022-06-07 07:05:21+02:00,90.9
2022-06-07 07:06:21+02:00,91.2
2022-06-07 07:07:21+02:00,91.0
2022-06-07 07:08:21+02:00,91.0
2022-06-07 07:09:22+02:00,91.3
2022-06-07 07:10:22+02:00,91.2
2022-06-07 07:11:22+02:00,90.8
2022-06-07 07:12:22+02:00,50.0
2022-06-07 07:13:22+02:00,88.2
2022-06-07 07:14:22+02:00,85.2
2022-06-07 07:15:22+02:00,82.8
2022-06-07 07:16:23+02:00,82.2
2022-06-07 07:17:23+02:00,81.7
2022-06-07 07:18:23+02:00,80.5
2022-06-07 07:19:23+02:00,80.5
2022-06-07 07:20:23+02:00,80.4
2022-06-07 07:21:23+02:00,80.6
2022-06-07 07:22:23+02:00,80.8
2022-06-07 07:23:24+02:00,80.7
2022-06-07 07:24:24+02:00,79.7
2022-06-07 07:25:24+02:00,80.1
2022-06-07 07:26:24+02:00,80.4
2022-06-07 07:27:24+02:00,80.7
2022-06-07 07:28:24+02:00,80.2
2022-06-07 07:29:24+02:00,80.3
2022-06-07 07:30:25+02:00,80.1
2022-06-07 07:31:25+02:00,79.9
2022-06-07 07:32:25+02:00,79.5
2022-06-07 07:33:25+02:00,79.9
2022-06-07 07:34:25+02:00,79.3
2022-06-07 07:35:25+02:00,79.6
2022-06-07 07:36:26+02:00,80.2
2022-06-07 07:37:26+02:00,50.0
2022-06-07 07:38:26+02:00,83.3
2022-06-07 07:39:26+02:00,87.0
2022-06-07 07:40:26+02:00,89.6
2022-06-07 07:41:26+02:00,50.0
2022-06-07 07:42:26+02:00,90.5
2022-06-07 07:43:27+02:00,89.4
2022-06-07 07:44:27+02:00,88.8
2022-06-07 07:45:27+02:00,88.5
2022-06-07 07:46:27+02:00,88.8
2022-06-07 07:47:27+02:00,88.7
2022-06-07 07:48:27+02:00,89.6
2022-06-07 07:49:27+02:00,50.0
2022-06-07 07:50:28+02:00,90.5
2022-06-07 07:51:28+02:00,91.6
2022-06-07 07:52:28+02:00,92.1
2022-06-07 07:53:28+02:00,92.6
2022-06-07 07:54:28+02:00,92.4
2022-06-07 07:55:28+02:00,92.4
2022-06-07 07:56:28+02:00,92.7
2022-06-07 07:57:29+02:00,92.7
2022-06-07 07:58:29+02:00,92.4
2022-06-07 07:59:29+02:00,92.1
2022-06-07 08:00:29+02:00,92.1
2022-06-07 08:01:29+02:00,92.1
2022-06-07 08:02:29+02:00,91.7
2022-06-07 08:03:30+02:00,50.0
2022-06-07 08:04:30+02:00,91.4
2022-06-07 08:05:30+02:00,91.2
2022-06-07 08:06:30+02:00,90.5
2022-06-07 08:07:30+02:00,90.2
2022-06-07 08:08:30+02:00,91.3
2022-06-07 08:09:30+02:00,91.7
2022-06-07 08:10:30+02:00,50.0
2022-06-07 08:11:31+02:00,91.7
2022-06-07 08:12:31+02:00,93.3
2022-06-07 08:13:31+02:00,94.1
2022-06-07 08:14:31+02:00,94.8
2022-06-07 08:15:31+02:00,91.8
2022-06-07 08:16:31+02:00,92.9
2022-06-07 08:17:31+02:00,93.3
2022-06-07 08:18:32+02:00,92.9
2022-06-07 08:19:32+02:00,93.1
2022-06-07 08:20:32+02:00,93.0
2022-06-07 08:21:32+02:00,94.2
2022-06-07 08:22:32+02:00,94.1
2022-06-07 08:23:32+02:00,94.2
2022-06-07 08:24:32+02:00,94.6
2022-06-07 08:25:33+02:00,91.0
2022-06-07 08:26:33+02:00,89.9
2022-06-07 08:27:33+02:00,88.8
2022-06-07 08:28:33+02:00,90.4
2022-06-07 08:29:33+02:00,91.2
2022-06-07 08:30:33+02:00,91.4
2022-06-07 08:31:34+02:00,92.4
2022-06-07 08:32:34+02:00,89.5
2022-06-07 08:33:34+02:00,90.0
2022-06-07 08:34:34+02:00,50.0
2022-06-07 08:35:34+02:00,89.4
2022-06-07 08:36:34+02:00,88.9
2022-06-07 08:37:35+02:00,90.2
2022-06-07 08:38:35+02:00,90.0
2022-06-07 08:39:35+02:00,88.2
2022-06-07 08:40:35+02:00,89.1
2022-06-07 08:41:35+02:00,50.0
2022-06-07 08:42:35+02:00,86.5
2022-06-07 08:43:35+02:00,89.0
2022-06-07 08:44:36+02:00,50.0
2022-06-07 08:45:36+02:00,91.7
2022-06-07 08:46:36+02:00,92.2
2022-06-07 08:47:36+02:00,93.7
2022-06-07 08:48:36+02:00,50.0
2022-06-07 08:49:36+02:00,50.0
2022-06-07 08:50:36+02:00,50.0
2022-06-07 08:51:37+02:00,50.0
2022-06-07 08:52:37+02:00,50.0
2022-06-07 08:53:37+02:00,50.0
2022-06-07 08:54:37+02:00,50.0
2022-06-07 08:55:37+02:00,50.0
2022-06-07 08:56:37+02:00,50.0
2022-06-07 08:57:37+02:00,93.2
2022-06-07 08:58:38+02:00,50.0
2022-06-07 08:59:38+02:00,50.0
2022-06-07 09:00:38+02:00,50.0
2022-06-07 09:01:38+02:00,50.0
2022-06-07 09:02:38+02:00,50.0
2022-06-07 09:03:38+02:00,50.0
2022-06-07 09:04:39+02:00,50.0
2022-06-07 09:05:39+02:00,50.0
2022-06-07 09:06:39+02:00,50.0
2022-06-07 09:07:39+02:00,50.0
2022-06-07 09:08:39+02:00,50.0
2022-06-07 09:09:39+02:00,50.0
2022-06-07 09:10:39+02:00,50.0
2022-06-07 09:11:39+02:00,50.0
2022-06-07 09:12:40+02:00,50.0
2022-06-07 09:13:40+02:00,50.0
2022-06-07 09:14:40+02:00,50.0
2022-06-07 09:15:40+02:00,50.0
2022-06-07 09:16:40+02:00,50.0
2022-06-07 09:17:40+02:00,50.0
2022-06-07 09:18:41+02:00,50.0
2022-06-07 09:19:41+02:00,50.0
2022-06-07 09:20:41+02:00,50.0
2022-06-07 09:21:41+02:00,50.0
2022-06-07 09:22:41+02:00,50.0
2022-06-07 09:23:41+02:00,50.0
2022-06-08 00:43:30+02:00,90.8
2022-06-08 00:44:30+02:00,91.0
2022-06-08 00:45:30+02:00,91.8
2022-06-08 00:46:30+02:00,91.9
2022-06-08 00:47:30+02:00,92.2
2022-06-08 00:48:30+02:00,92.3
2022-06-08 00:49:30+02:00,92.4
2022-06-08 00:50:30+02:00,92.6
2022-06-08 00:51:30+02:00,92.3
2022-06-08 00:52:30+02:00,92.3
2022-06-08 00:53:30+02:00,92.4
2022-06-08 00:54:31+02:00,92.4
2022-06-08 00:55:31+02:00,92.3
2022-06-08 00:56:31+02:00,92.2
2022-06-08 00:57:31+02:00,91.8
2022-06-08 00:58:31+02:00,93.5
2022-06-08 00:59:31+02:00,95.2
2022-06-08 01:00:31+02:00,95.9
2022-06-08 01:01:32+02:00,96.0
2022-06-08 01:02:32+02:00,96.1
2022-06-08 01:03:32+02:00,95.9
2022-06-08 01:04:32+02:00,95.4
2022-06-08 01:05:32+02:00,95.2
2022-06-08 01:06:32+02:00,50.0
2022-06-08 01:07:32+02:00,95.3
2022-06-08 01:08:33+02:00,94.6
2022-06-08 01:09:33+02:00,94.1
2022-06-08 01:10:33+02:00,93.6
2022-06-08 01:11:33+02:00,93.1
2022-06-08 01:12:33+02:00,93.1
2022-06-08 01:13:33+02:00,92.6
2022-06-08 01:14:33+02:00,92.6
2022-06-08 01:15:34+02:00,92.5
2022-06-08 01:16:34+02:00,92.3
2022-06-08 01:17:34+02:00,92.0
2022-06-08 01:18:34+02:00,92.1
2022-06-08 01:19:34+02:00,91.9
2022-06-08 01:20:34+02:00,91.8
2022-06-08 01:21:35+02:00,92.0
2022-06-08 01:22:35+02:00,92.0
2022-06-08 01:23:35+02:00,91.7
2022-06-08 01:24:35+02:00,91.9
2022-06-08 01:25:35+02:00,92.0
2022-06-08 01:26:35+02:00,91.8
2022-06-08 01:27:35+02:00,50.0
2022-06-08 01:28:35+02:00,50.0
2022-06-08 01:29:36+02:00,50.0
2022-06-08 01:30:36+02:00,92.9
2022-06-08 01:31:36+02:00,92.7
2022-06-08 01:32:36+02:00,91.3
2022-06-08 01:33:36+02:00,88.7
2022-06-08 01:34:36+02:00,86.8
2022-06-08 01:35:37+02:00,85.8
2022-06-08 01:36:37+02:00,85.6
2022-06-08 01:37:37+02:00,85.3
2022-06-08 01:38:37+02:00,85.3
2022-06-08 01:39:37+02:00,85.5
2022-06-08 01:40:37+02:00,85.7
2022-06-08 01:41:37+02:00,85.8
2022-06-08 01:42:38+02:00,86.4
2022-06-08 01:43:38+02:00,86.3
2022-06-08 01:44:38+02:00,86.3
2022-06-08 01:45:38+02:00,86.1
2022-06-08 01:46:38+02:00,85.8
2022-06-08 01:47:38+02:00,85.7
2022-06-08 01:48:38+02:00,85.5
2022-06-08 01:49:39+02:00,85.8
2022-06-08 01:50:39+02:00,85.7
2022-06-08 01:51:39+02:00,85.8
2022-06-08 01:52:39+02:00,85.9
2022-06-08 01:53:39+02:00,85.5
2022-06-08 01:54:39+02:00,85.3
2022-06-08 01:55:39+02:00,85.4
2022-06-08 01:56:40+02:00,85.4
2022-06-08 01:57:40+02:00,85.6
2022-06-08 01:58:40+02:00,85.9
2022-06-08 01:59:40+02:00,86.7
2022-06-08 02:00:40+02:00,86.7
2022-06-08 02:00:40+02:00,86.7
2022-06-08 02:01:40+02:00,85.9
2022-06-08 02:02:40+02:00,85.3
2022-06-08 02:03:41+02:00,84.9
2022-06-08 02:04:41+02:00,84.4
2022-06-08 02:05:41+02:00,84.0
2022-06-08 02:06:41+02:00,83.8
2022-06-08 02:07:41+02:00,83.8
2022-06-08 02:08:41+02:00,83.7
2022-06-08 02:09:41+02:00,83.2
2022-06-08 02:10:42+02:00,84.8
2022-06-08 02:11:42+02:00,85.3
2022-06-08 02:12:42+02:00,85.8
2022-06-08 02:13:42+02:00,86.1
2022-06-08 02:14:42+02:00,50.0
2022-06-08 02:15:42+02:00,86.6
2022-06-08 02:16:43+02:00,86.6
2022-06-08 02:17:43+02:00,86.8
2022-06-08 02:18:43+02:00,86.7
2022-06-08 02:19:43+02:00,50.0
2022-06-08 02:20:43+02:00,86.3
2022-06-08 02:21:43+02:00,86.1
2022-06-08 02:22:43+02:00,85.7
2022-06-08 02:23:44+02:00,85.4
2022-06-08 02:24:44+02:00,85.2
2022-06-08 02:25:44+02:00,84.9
2022-06-08 02:26:44+02:00,85.0
2022-06-08 02:27:44+02:00,84.6
2022-06-08 02:28:44+02:00,84.7
2022-06-08 02:29:45+02:00,84.4
2022-06-08 02:30:45+02:00,84.0
2022-06-08 02:31:45+02:00,84.0
2022-06-08 02:32:45+02:00,84.0
2022-06-08 02:33:45+02:00,83.7
2022-06-08 02:34:45+02:00,83.8
2022-06-08 02:35:45+02:00,84.5
2022-06-08 02:36:46+02:00,84.3
2022-06-08 02:37:46+02:00,84.1
2022-06-08 02:38:46+02:00,83.9
2022-06-08 02:39:46+02:00,83.9
2022-06-08 02:40:46+02:00,84.0
2022-06-08 02:41:46+02:00,84.0
2022-06-08 02:42:46+02:00,84.0
2022-06-08 02:43:47+02:00,84.2
2022-06-08 02:44:47+02:00,84.0
2022-06-08 02:45:47+02:00,83.9
2022-06-08 02:46:47+02:00,83.9
2022-06-08 02:47:47+02:00,83.8
2022-06-08 02:48:47+02:00,83.8
2022-06-08 02:49:47+02:00,84.4
2022-06-08 02:50:48+02:00,84.2
2022-06-08 02:51:48+02:00,84.0
2022-06-08 02:52:48+02:00,83.9
2022-06-08 02:53:48+02:00,84.0
2022-06-08 02:54:48+02:00,83.8
2022-06-08 02:55:48+02:00,83.9
2022-06-08 02:56:48+02:00,84.1
2022-06-08 02:57:49+02:00,84.0
2022-06-08 02:58:49+02:00,84.0
2022-06-08 02:59:49+02:00,83.9
2022-06-08 03:00:49+02:00,84.0
2022-06-08 03:01:49+02:00,84.0
2022-06-08 03:02:49+02:00,83.8
2022-06-08 03:03:50+02:00,83.8
2022-06-08 03:04:50+02:00,84.0
2022-06-08 03:05:50+02:00,83.8
2022-06-08 03:06:50+02:00,83.7
2022-06-08 03:07:50+02:00,83.6
2022-06-08 03:08:50+02:00,83.5
2022-06-08 03:09:50+02:00,50.0
2022-06-08 03:10:51+02:00,50.0
2022-06-08 03:11:51+02:00,82.3
2022-06-08 03:12:51+02:00,77.8
2022-06-08 03:13:51+02:00,76.6
2022-06-08 03:14:51+02:00,77.9
2022-06-08 03:15:51+02:00,82.6
2022-06-08 03:16:51+02:00,84.5
2022-06-08 03:17:52+02:00,86.3
2022-06-08 03:18:52+02:00,87.3
2022-06-08 03:19:52+02:00,87.7
2022-06-08 03:20:52+02:00,89.7
2022-06-08 03:21:52+02:00,90.7
2022-06-08 03:22:52+02:00,91.3
2022-06-08 03:23:53+02:00,92.3
2022-06-08 03:24:53+02:00,92.5
2022-06-08 03:25:53+02:00,92.0
2022-06-08 03:26:53+02:00,92.8
2022-06-08 03:27:53+02:00,93.6
2022-06-08 03:28:53+02:00,93.8
2022-06-08 03:29:53+02:00,94.0
2022-06-08 03:30:54+02:00,93.9
2022-06-08 03:31:54+02:00,94.2
2022-06-08 03:32:54+02:00,94.0
2022-06-08 03:33:54+02:00,94.6
2022-06-08 03:34:54+02:00,50.0
2022-06-08 03:35:54+02:00,93.0
2022-06-08 03:36:54+02:00,50.0
2022-06-08 03:37:55+02:00,92.2
2022-06-08 03:38:55+02:00,91.4
2022-06-08 03:39:55+02:00,91.0
2022-06-08 03:40:55+02:00,90.9
2022-06-08 03:41:55+02:00,90.6
2022-06-08 03:42:55+02:00,90.4
2022-06-08 03:43:55+02:00,90.5
2022-06-08 03:44:55+02:00,90.7
2022-06-08 03:45:55+02:00,91.0
2022-06-08 03:46:55+02:00,91.1
2022-06-08 03:47:55+02:00,91.3
2022-06-08 03:48:55+02:00,90.8
2022-06-08 03:49:55+02:00,90.4
2022-06-08 03:50:55+02:00,50.0
2022-06-08 03:51:55+02:00,90.5
2022-06-08 03:52:56+02:00,89.7
2022-06-08 03:53:56+02:00,89.3
2022-06-08 03:54:56+02:00,88.7
2022-06-08 03:55:56+02:00,87.4
2022-06-08 03:56:56+02:00,50.0
2022-06-08 03:57:56+02:00,87.1
2022-06-08 03:58:56+02:00,88.6
2022-06-08 03:59:57+02:00,90.5
2022-06-08 04:00:57+02:00,91.6
2022-06-08 04:01:57+02:00,91.8
2022-06-08 04:02:57+02:00,91.2
2022-06-08 04:03:57+02:00,91.1
2022-06-08 04:04:57+02:00,92.0
2022-06-08 04:05:57+02:00,92.0
2022-06-08 04:06:58+02:00,92.5
2022-06-08 04:07:58+02:00,91.8
2022-06-08 04:08:58+02:00,91.7
2022-06-08 04:09:58+02:00,91.9
2022-06-08 04:10:58+02:00,91.5
2022-06-08 04:11:58+02:00,90.7
2022-06-08 04:12:58+02:00,91.6
2022-06-08 04:13:59+02:00,50.0
2022-06-08 04:14:59+02:00,90.5
2022-06-08 04:15:59+02:00,91.3
2022-06-08 04:16:59+02:00,91.8
2022-06-08 04:17:59+02:00,92.0
2022-06-08 04:18:59+02:00,90.5
2022-06-08 04:20:00+02:00,50.0
2022-06-08 04:21:00+02:00,91.2
2022-06-08 04:22:00+02:00,91.2
2022-06-08 04:23:00+02:00,91.3
2022-06-08 04:24:00+02:00,91.8
2022-06-08 04:25:00+02:00,92.0
2022-06-08 04:26:00+02:00,92.0
2022-06-08 04:27:00+02:00,92.1
2022-06-08 04:28:01+02:00,92.1
2022-06-08 04:29:01+02:00,92.1
2022-06-08 04:30:01+02:00,92.0
2022-06-08 04:31:01+02:00,91.7
2022-06-08 04:32:01+02:00,91.5
2022-06-08 04:33:01+02:00,91.3
2022-06-08 04:34:01+02:00,91.4
2022-06-08 04:35:02+02:00,91.2
2022-06-08 04:36:02+02:00,91.2
2022-06-08 04:37:02+02:00,91.1
2022-06-08 04:38:02+02:00,90.7
2022-06-08 04:39:02+02:00,90.8
2022-06-08 04:40:02+02:00,90.6
2022-06-08 04:41:02+02:00,90.6
2022-06-08 04:42:02+02:00,90.8
2022-06-08 04:43:02+02:00,90.8
2022-06-08 04:44:03+02:00,90.6
2022-06-08 04:45:03+02:00,90.4
2022-06-08 04:46:03+02:00,90.3
2022-06-08 04:47:03+02:00,90.1
2022-06-08 04:48:03+02:00,90.2
2022-06-08 04:49:03+02:00,90.2
2022-06-08 04:50:03+02:00,90.1
2022-06-08 04:51:03+02:00,90.4
2022-06-08 04:52:04+02:00,90.3
2022-06-08 04:53:04+02:00,90.2
2022-06-08 04:54:04+02:00,90.1
2022-06-08 04:55:04+02:00,90.1
2022-06-08 04:56:04+02:00,90.3
2022-06-08 04:57:04+02:00,50.0
2022-06-08 04:58:04+02:00,91.3
2022-06-08 04:59:04+02:00,92.7
2022-06-08 05:00:04+02:00,93.5
2022-06-08 05:01:04+02:00,93.1
2022-06-08 05:02:04+02:00,91.0
2022-06-08 05:03:05+02:00,89.6
2022-06-08 05:04:05+02:00,89.3
2022-06-08 05:05:05+02:00,89.2
2022-06-08 05:06:05+02:00,88.7
2022-06-08 05:07:05+02:00,88.4
2022-06-08 05:08:05+02:00,88.7
2022-06-08 05:09:05+02:00,50.0
2022-06-08 05:10:05+02:00,89.1
2022-06-08 05:11:05+02:00,92.0
2022-06-08 05:12:05+02:00,93.8
2022-06-08 05:13:05+02:00,94.9
2022-06-08 05:14:06+02:00,95.8
2022-06-08 05:15:06+02:00,96.0
2022-06-08 05:16:06+02:00,96.5
2022-06-08 05:17:06+02:00,96.7
2022-06-08 05:18:06+02:00,97.1
2022-06-08 05:19:06+02:00,97.4
2022-06-08 05:20:06+02:00,97.4
2022-06-08 05:21:06+02:00,97.4
2022-06-08 05:22:06+02:00,97.6
2022-06-08 05:23:06+02:00,97.5
2022-06-08 05:24:07+02:00,97.4
2022-06-08 05:25:07+02:00,97.2
2022-06-08 05:26:07+02:00,96.8
2022-06-08 05:27:07+02:00,97.0
2022-06-08 05:28:07+02:00,96.7
2022-06-08 05:29:07+02:00,96.4
2022-06-08 05:30:07+02:00,96.3
2022-06-08 05:31:07+02:00,96.5
2022-06-08 05:32:07+02:00,96.5
2022-06-08 05:33:08+02:00,96.6
2022-06-08 05:34:08+02:00,96.6
2022-06-08 05:35:08+02:00,96.6
2022-06-08 05:36:08+02:00,96.0
2022-06-08 05:37:08+02:00,96.0
2022-06-08 05:38:08+02:00,96.2
2022-06-08 05:39:09+02:00,96.2
2022-06-08 05:40:09+02:00,96.5
2022-06-08 05:41:09+02:00,96.4
2022-06-08 05:42:09+02:00,50.0
2022-06-08 05:43:09+02:00,96.0
2022-06-08 05:44:09+02:00,93.0
2022-06-08 05:45:09+02:00,50.0
2022-06-08 05:46:09+02:00,91.7
2022-06-08 05:47:10+02:00,91.5
2022-06-08 05:48:10+02:00,50.0
2022-06-08 05:49:10+02:00,50.0
2022-06-08 05:50:10+02:00,90.5
2022-06-08 05:51:10+02:00,90.5
2022-06-08 05:52:10+02:00,89.7
2022-06-08 05:53:11+02:00,89.3
2022-06-08 05:54:11+02:00,88.3
2022-06-08 05:55:11+02:00,50.0
2022-06-08 05:56:11+02:00,89.5
2022-06-08 05:57:11+02:00,50.0
2022-06-08 05:58:11+02:00,90.1
2022-06-08 05:59:11+02:00,91.0
2022-06-08 06:00:12+02:00,90.4
2022-06-08 06:01:12+02:00,90.6
2022-06-08 06:02:12+02:00,91.0
2022-06-08 06:03:12+02:00,91.4
2022-06-08 06:04:12+02:00,92.1
2022-06-08 06:05:12+02:00,93.0
2022-06-08 06:06:13+02:00,92.3
2022-06-08 06:07:13+02:00,92.3
2022-06-08 06:08:13+02:00,92.7
2022-06-08 06:09:13+02:00,93.2
2022-06-08 06:10:13+02:00,93.6
2022-06-08 06:11:13+02:00,93.5
2022-06-08 06:12:13+02:00,92.2
2022-06-08 06:13:14+02:00,91.7
2022-06-08 06:14:14+02:00,91.7
2022-06-08 06:15:14+02:00,92.2
2022-06-08 06:16:14+02:00,92.6
2022-06-08 06:17:14+02:00,90.8
2022-06-08 06:18:14+02:00,91.5
2022-06-08 06:19:15+02:00,92.7
2022-06-08 06:20:15+02:00,92.1
2022-06-08 06:21:15+02:00,92.2
2022-06-08 06:22:15+02:00,91.9
2022-06-08 06:23:15+02:00,91.7
2022-06-08 06:24:15+02:00,92.2
2022-06-08 06:25:15+02:00,91.6
2022-06-08 06:26:16+02:00,93.0
2022-06-08 06:27:16+02:00,93.1
2022-06-08 06:28:16+02:00,93.1
2022-06-08 06:29:16+02:00,93.3
2022-06-08 06:30:16+02:00,92.7
2022-06-08 06:31:16+02:00,92.6
2022-06-08 06:32:17+02:00,92.4
2022-06-08 06:33:17+02:00,93.3
2022-06-08 06:34:17+02:00,92.8
2022-06-08 06:35:17+02:00,93.5
2022-06-08 06:36:17+02:00,93.2
2022-06-08 06:37:17+02:00,92.8
2022-06-08 06:38:18+02:00,91.7
2022-06-08 06:39:18+02:00,92.7
2022-06-08 06:40:18+02:00,92.4
2022-06-08 06:41:18+02:00,92.3
2022-06-08 06:42:18+02:00,91.8
2022-06-08 06:43:18+02:00,91.7
2022-06-08 06:44:18+02:00,92.1
2022-06-08 06:45:19+02:00,92.7
2022-06-08 06:46:19+02:00,50.0
2022-06-08 06:47:19+02:00,92.2
2022-06-08 06:48:19+02:00,50.0
2022-06-08 06:49:19+02:00,92.0
2022-06-08 06:50:19+02:00,92.0
2022-06-08 06:51:20+02:00,92.3
2022-06-08 06:52:20+02:00,92.5
2022-06-08 06:53:20+02:00,92.5
2022-06-08 06:54:20+02:00,92.3
2022-06-08 06:55:20+02:00,92.0
2022-06-08 06:56:20+02:00,91.9
2022-06-08 06:57:20+02:00,92.0
2022-06-08 06:58:21+02:00,92.1
2022-06-08 06:59:21+02:00,91.2
2022-06-08 07:00:21+02:00,90.1
2022-06-08 07:01:21+02:00,50.0
2022-06-08 07:02:21+02:00,86.9
2022-06-08 07:03:21+02:00,84.9
2022-06-08 07:04:22+02:00,85.2
2022-06-08 07:05:22+02:00,85.7
2022-06-08 07:06:22+02:00,85.5
2022-06-08 07:07:22+02:00,84.9
2022-06-08 07:08:22+02:00,85.2
2022-06-08 07:09:22+02:00,85.4
2022-06-08 07:10:22+02:00,84.1
2022-06-08 07:11:23+02:00,84.0
2022-06-08 07:12:23+02:00,84.1
2022-06-08 07:13:23+02:00,84.0
2022-06-08 07:14:23+02:00,83.3
2022-06-08 07:15:23+02:00,81.7
2022-06-08 07:16:23+02:00,81.8
2022-06-08 07:17:24+02:00,82.5
2022-06-08 07:18:24+02:00,82.1
2022-06-08 07:19:24+02:00,81.7
2022-06-08 07:20:24+02:00,81.9
2022-06-08 07:21:24+02:00,82.0
2022-06-08 07:22:24+02:00,50.0
2022-06-08 07:23:25+02:00,84.3
2022-06-08 07:24:25+02:00,50.0
2022-06-08 07:25:25+02:00,87.0
2022-06-08 07:26:25+02:00,86.7
2022-06-08 07:27:25+02:00,86.9
2022-06-08 07:28:25+02:00,86.4
2022-06-08 07:29:25+02:00,86.5
2022-06-08 07:30:26+02:00,86.3
2022-06-08 07:31:26+02:00,87.0
2022-06-08 07:32:26+02:00,86.6
2022-06-08 07:33:26+02:00,86.6
2022-06-08 07:34:26+02:00,86.6
2022-06-08 07:35:26+02:00,86.7
2022-06-08 07:36:27+02:00,87.1
2022-06-08 07:37:27+02:00,87.0
2022-06-08 07:38:27+02:00,87.1
2022-06-08 07:39:27+02:00,87.0
2022-06-08 07:40:27+02:00,87.5
2022-06-08 07:41:27+02:00,88.0
2022-06-08 07:42:28+02:00,88.1
2022-06-08 07:43:28+02:00,87.9
2022-06-08 07:44:28+02:00,88.6
2022-06-08 07:45:28+02:00,88.3
2022-06-08 07:46:28+02:00,88.0
2022-06-08 07:47:28+02:00,88.0
2022-06-08 07:48:28+02:00,88.0
2022-06-08 07:49:29+02:00,88.0
2022-06-08 07:50:29+02:00,88.3
2022-06-08 07:51:29+02:00,88.0
2022-06-08 07:52:29+02:00,50.0
2022-06-08 07:53:29+02:00,88.1
2022-06-08 07:54:29+02:00,88.0
2022-06-08 07:55:30+02:00,50.0
2022-06-08 07:56:30+02:00,92.0
2022-06-08 07:57:30+02:00,92.9
2022-06-08 07:58:30+02:00,93.2
2022-06-08 07:59:30+02:00,93.2
2022-06-08 08:00:30+02:00,93.3
2022-06-08 08:01:30+02:00,93.6
2022-06-08 08:02:31+02:00,93.8
2022-06-08 08:03:31+02:00,50.0
2022-06-08 08:04:31+02:00,93.9
2022-06-08 08:05:31+02:00,50.0
2022-06-08 08:06:31+02:00,93.7
2022-06-08 08:07:31+02:00,93.4
2022-06-08 08:08:32+02:00,93.4
2022-06-08 08:09:32+02:00,93.2
2022-06-08 08:10:32+02:00,92.9
2022-06-08 08:11:32+02:00,93.6
2022-06-08 08:12:32+02:00,94.0
2022-06-08 08:13:32+02:00,50.0
2022-06-08 08:14:33+02:00,93.8
2022-06-08 08:15:33+02:00,93.9
2022-06-08 08:16:33+02:00,50.0
2022-06-08 08:17:33+02:00,93.5
2022-06-08 08:18:33+02:00,93.4
2022-06-08 08:19:33+02:00,50.0
2022-06-08 08:20:34+02:00,93.0
2022-06-08 08:21:34+02:00,92.3
2022-06-08 08:22:34+02:00,92.3
2022-06-08 08:23:34+02:00,92.5
2022-06-08 08:24:34+02:00,50.0
2022-06-08 08:25:34+02:00,50.0
2022-06-08 08:26:34+02:00,50.0
2022-06-08 08:27:35+02:00,50.0
2022-06-08 08:28:35+02:00,50.0
2022-06-08 08:29:35+02:00,50.0
2022-06-08 08:30:35+02:00,50.0
2022-06-08 08:31:35+02:00,50.0
2022-06-08 08:32:35+02:00,50.0
2022-06-08 08:33:35+02:00,50.0
2022-06-08 08:34:36+02:00,50.0
2022-06-08 08:35:36+02:00,50.0
2022-06-08 08:36:36+02:00,50.0
2022-06-08 08:37:36+02:00,50.0
2022-06-08 08:38:36+02:00,50.0
2022-06-08 08:39:36+02:00,50.0
2022-06-08 08:40:36+02:00,50.0
2022-06-08 08:41:36+02:00,50.0
2022-06-08 08:42:37+02:00,50.0
2022-06-08 08:43:37+02:00,50.0
2022-06-08 08:44:37+02:00,50.0
2022-06-08 08:45:37+02:00,50.0
2022-06-08 08:46:37+02:00,50.0
2022-06-08 08:47:37+02:00,50.0
2022-06-08 08:48:38+02:00,50.0
2022-06-08 08:49:38+02:00,50.0
2022-06-08 08:50:38+02:00,50.0
2022-06-08 08:51:38+02:00,50.0
2022-06-08 08:52:38+02:00,50.0
2022-06-08 08:53:38+02:00,50.0
2022-06-08 08:54:38+02:00,50.0
2022-06-08 08:55:38+02:00,50.0
2022-06-08 08:56:39+02:00,50.0
2022-06-08 08:57:39+02:00,50.0
2022-06-08 08:58:39+02:00,50.0
2022-06-08 08:59:39+02:00,50.0
2022-06-09 00:27:00+02:00,50.0
2022-06-09 00:28:00+02:00,89.0
2022-06-09 00:29:00+02:00,89.0
2022-06-09 00:30:00+02:00,89.4
2022-06-09 00:31:00+02:00,88.7
2022-06-09 00:32:00+02:00,88.1
2022-06-09 00:33:00+02:00,50.0
2022-06-09 00:34:00+02:00,89.5
2022-06-09 00:35:00+02:00,91.2
2022-06-09 00:36:00+02:00,92.4
2022-06-09 00:37:00+02:00,93.0
2022-06-09 00:38:00+02:00,93.3
2022-06-09 00:39:00+02:00,93.6
2022-06-09 00:40:00+02:00,93.7
2022-06-09 00:41:01+02:00,93.9
2022-06-09 00:42:01+02:00,94.0
2022-06-09 00:43:01+02:00,50.0
2022-06-09 00:44:01+02:00,94.2
2022-06-09 00:45:01+02:00,50.0
2022-06-09 00:46:01+02:00,50.0
2022-06-09 00:47:01+02:00,93.4
2022-06-09 00:48:02+02:00,93.4
2022-06-09 00:49:02+02:00,93.4
2022-06-09 00:50:02+02:00,50.0
2022-06-09 00:51:02+02:00,93.5
2022-06-09 00:52:02+02:00,93.2
2022-06-09 00:53:02+02:00,50.0
2022-06-09 00:54:02+02:00,50.0
2022-06-09 00:55:02+02:00,92.2
2022-06-09 00:56:03+02:00,50.0
2022-06-09 00:57:03+02:00,90.6
2022-06-09 00:58:03+02:00,89.0
2022-06-09 00:59:03+02:00,88.0
2022-06-09 01:00:03+02:00,50.0
2022-06-09 01:01:03+02:00,89.1
2022-06-09 01:02:03+02:00,90.2
2022-06-09 01:03:03+02:00,50.0
2022-06-09 01:04:03+02:00,50.0
2022-06-09 01:05:03+02:00,90.6
2022-06-09 01:06:03+02:00,50.0
2022-06-09 01:07:03+02:00,90.6
2022-06-09 01:08:04+02:00,50.0
2022-06-09 01:09:04+02:00,91.9
2022-06-09 01:10:04+02:00,50.0
2022-06-09 01:11:04+02:00,50.0
2022-06-09 01:12:04+02:00,93.0
2022-06-09 01:13:04+02:00,92.4
2022-06-09 01:14:04+02:00,88.2
2022-06-09 01:15:04+02:00,83.8
2022-06-09 01:16:04+02:00,81.2
2022-06-09 01:17:04+02:00,80.9
2022-06-09 01:18:05+02:00,50.0
2022-06-09 01:19:05+02:00,50.0
2022-06-09 01:20:05+02:00,50.0
2022-06-09 01:21:05+02:00,83.5
2022-06-09 01:22:05+02:00,86.1
2022-06-09 01:23:05+02:00,50.0
2022-06-09 01:24:05+02:00,87.5
2022-06-09 01:25:05+02:00,84.4
2022-06-09 01:26:05+02:00,84.9
2022-06-09 01:27:05+02:00,50.0
2022-06-09 01:28:05+02:00,86.9
2022-06-09 01:29:05+02:00,90.1
2022-06-09 01:30:06+02:00,92.2
2022-06-09 01:31:06+02:00,93.3
2022-06-09 01:32:06+02:00,93.7
2022-06-09 01:33:06+02:00,94.0
2022-06-09 01:34:06+02:00,50.0
2022-06-09 01:35:06+02:00,94.5
2022-06-09 01:36:06+02:00,94.0
2022-06-09 01:37:06+02:00,50.0
2022-06-09 01:38:07+02:00,50.0
2022-06-09 01:39:07+02:00,92.4
2022-06-09 01:40:07+02:00,93.0
2022-06-09 01:41:07+02:00,92.3
2022-06-09 01:42:07+02:00,93.0
2022-06-09 01:43:07+02:00,93.4
2022-06-09 01:44:07+02:00,50.0
2022-06-09 01:45:07+02:00,50.0
2022-06-09 01:46:08+02:00,93.1
2022-06-09 01:47:08+02:00,93.2
2022-06-09 01:48:08+02:00,91.6
2022-06-09 01:49:08+02:00,89.9
2022-06-09 01:50:08+02:00,90.4
2022-06-09 01:51:08+02:00,91.9
2022-06-09 01:52:08+02:00,92.8
2022-06-09 01:53:09+02:00,93.5
2022-06-09 01:54:09+02:00,50.0
2022-06-09 01:55:09+02:00,50.0
2022-06-09 01:56:09+02:00,50.0
2022-06-09 01:57:09+02:00,50.0
2022-06-09 01:58:09+02:00,50.0
2022-06-09 01:59:10+02:00,50.0
2022-06-09 02:00:10+02:00,50.0
2022-06-09 02:00:10+02:00,50.0
2022-06-09 02:01:10+02:00,93.8
2022-06-09 02:02:10+02:00,50.0
2022-06-09 02:03:10+02:00,50.0
2022-06-09 02:04:10+02:00,50.0
2022-06-09 02:05:10+02:00,91.9
2022-06-09 02:06:11+02:00,90.9
2022-06-09 02:07:11+02:00,90.0
2022-06-09 02:08:11+02:00,89.1
2022-06-09 02:09:11+02:00,50.0
2022-06-09 02:10:11+02:00,89.3
2022-06-09 02:11:11+02:00,90.9
2022-06-09 02:12:12+02:00,92.1
2022-06-09 02:13:12+02:00,92.9
2022-06-09 02:14:12+02:00,93.4
2022-06-09 02:15:12+02:00,93.9
2022-06-09 02:16:12+02:00,50.0
2022-06-09 02:17:12+02:00,94.2
2022-06-09 02:18:13+02:00,94.4
2022-06-09 02:19:13+02:00,94.5
2022-06-09 02:20:13+02:00,94.7
2022-06-09 02:21:13+02:00,95.0
2022-06-09 02:22:13+02:00,50.0
2022-06-09 02:23:13+02:00,95.6
2022-06-09 02:24:13+02:00,96.8
2022-06-09 02:25:14+02:00,97.9
2022-06-09 02:26:14+02:00,98.6
2022-06-09 02:27:14+02:00,99.0
2022-06-09 02:28:14+02:00,99.3
2022-06-09 02:29:14+02:00,50.0
2022-06-09 02:30:14+02:00,98.8
2022-06-09 02:31:15+02:00,98.1
2022-06-09 02:32:15+02:00,97.1
2022-06-09 02:33:15+02:00,96.5
2022-06-09 02:34:15+02:00,95.7
2022-06-09 02:35:15+02:00,95.3
2022-06-09 02:36:15+02:00,94.9
2022-06-09 02:37:15+02:00,95.3
2022-06-09 02:38:16+02:00,95.1
2022-06-09 02:39:16+02:00,95.4
2022-06-09 02:40:16+02:00,95.5
2022-06-09 02:41:16+02:00,95.1
2022-06-09 02:42:16+02:00,95.0
2022-06-09 02:43:16+02:00,94.9
2022-06-09 02:44:16+02:00,94.9
2022-06-09 02:45:17+02:00,94.9
2022-06-09 02:46:17+02:00,94.9
2022-06-09 02:47:17+02:00,94.6
2022-06-09 02:48:17+02:00,94.5
2022-06-09 02:49:17+02:00,94.2
2022-06-09 02:50:17+02:00,94.0
2022-06-09 02:51:18+02:00,94.3
2022-06-09 02:52:18+02:00,94.7
2022-06-09 02:53:18+02:00,50.0
2022-06-09 02:54:18+02:00,94.6
2022-06-09 02:55:18+02:00,94.3
2022-06-09 02:56:18+02:00,93.8
2022-06-09 02:57:18+02:00,93.5
2022-06-09 02:58:19+02:00,93.0
2022-06-09 02:59:19+02:00,92.5
2022-06-09 03:00:19+02:00,92.3
2022-06-09 03:01:19+02:00,92.1
2022-06-09 03:02:19+02:00,91.8
2022-06-09 03:03:19+02:00,91.7
2022-06-09 03:04:20+02:00,91.8
2022-06-09 03:05:20+02:00,91.9
2022-06-09 03:06:20+02:00,91.9
2022-06-09 03:07:20+02:00,92.2
2022-06-09 03:08:20+02:00,92.0
2022-06-09 03:09:20+02:00,92.2
2022-06-09 03:10:20+02:00,92.2
2022-06-09 03:11:21+02:00,92.5
2022-06-09 03:12:21+02:00,92.5
2022-06-09 03:13:21+02:00,92.6
2022-06-09 03:14:21+02:00,92.7
2022-06-09 03:15:21+02:00,92.6
2022-06-09 03:16:21+02:00,92.3
2022-06-09 03:17:22+02:00,92.1
2022-06-09 03:18:22+02:00,91.8
2022-06-09 03:19:22+02:00,92.2
2022-06-09 03:20:22+02:00,91.8
2022-06-09 03:21:22+02:00,92.1
2022-06-09 03:22:22+02:00,92.3
2022-06-09 03:23:23+02:00,92.1
2022-06-09 03:24:23+02:00,92.3
2022-06-09 03:25:23+02:00,91.4
2022-06-09 03:26:23+02:00,91.8
2022-06-09 03:27:23+02:00,92.2
2022-06-09 03:28:23+02:00,92.5
2022-06-09 03:29:23+02:00,93.1
2022-06-09 03:30:24+02:00,93.7
2022-06-09 03:31:24+02:00,93.5
2022-06-09 03:32:24+02:00,93.6
2022-06-09 03:33:24+02:00,94.0
2022-06-09 03:34:24+02:00,94.7
2022-06-09 03:35:24+02:00,94.5
2022-06-09 03:36:24+02:00,94.1
2022-06-09 03:37:25+02:00,94.2
2022-06-09 03:38:25+02:00,94.5
2022-06-09 03:39:25+02:00,94.9
2022-06-09 03:40:25+02:00,94.9
2022-06-09 03:41:25+02:00,95.0
2022-06-09 03:42:25+02:00,94.9
2022-06-09 03:43:25+02:00,50.0
2022-06-09 03:44:26+02:00,94.4
2022-06-09 03:45:26+02:00,94.3
2022-06-09 03:46:26+02:00,93.9
2022-06-09 03:47:26+02:00,94.2
2022-06-09 03:48:26+02:00,94.1
2022-06-09 03:49:27+02:00,94.0
2022-06-09 03:50:27+02:00,94.0
2022-06-09 03:51:27+02:00,93.2
2022-06-09 03:52:27+02:00,93.5
2022-06-09 03:53:27+02:00,93.4
2022-06-09 03:54:27+02:00,93.3
2022-06-09 03:55:27+02:00,92.7
2022-06-09 03:56:28+02:00,92.1
2022-06-09 03:57:28+02:00,91.2
2022-06-09 03:58:28+02:00,91.2
2022-06-09 03:59:28+02:00,90.8
2022-06-09 04:00:28+02:00,90.9
2022-06-09 04:01:28+02:00,50.0
2022-06-09 04:02:28+02:00,91.1
2022-06-09 04:03:29+02:00,91.1
2022-06-09 04:04:29+02:00,90.8
2022-06-09 04:05:29+02:00,90.2
2022-06-09 04:06:29+02:00,90.1
2022-06-09 04:07:29+02:00,90.0
2022-06-09 04:08:29+02:00,90.1
2022-06-09 04:09:30+02:00,90.2
2022-06-09 04:10:30+02:00,90.3
2022-06-09 04:11:30+02:00,90.8
2022-06-09 04:12:30+02:00,90.9
2022-06-09 04:13:30+02:00,91.3
2022-06-09 04:14:30+02:00,91.4
2022-06-09 04:15:30+02:00,91.5
2022-06-09 04:16:31+02:00,91.5
2022-06-09 04:17:31+02:00,91.5
2022-06-09 04:18:31+02:00,91.4
2022-06-09 04:19:31+02:00,91.5
2022-06-09 04:20:31+02:00,91.6
2022-06-09 04:21:31+02:00,91.5
2022-06-09 04:22:32+02:00,91.5
2022-06-09 04:23:32+02:00,91.5
2022-06-09 04:24:32+02:00,91.5
2022-06-09 04:25:32+02:00,50.0
2022-06-09 04:26:32+02:00,92.0
2022-06-09 04:27:32+02:00,93.1
2022-06-09 04:28:33+02:00,93.5
2022-06-09 04:29:33+02:00,93.6
2022-06-09 04:30:33+02:00,93.6
2022-06-09 04:31:33+02:00,93.3
2022-06-09 04:32:33+02:00,93.2
2022-06-09 04:33:33+02:00,93.2
2022-06-09 04:34:33+02:00,93.1
2022-06-09 04:35:34+02:00,92.9
2022-06-09 04:36:34+02:00,93.1
2022-06-09 04:37:34+02:00,92.9
2022-06-09 04:38:34+02:00,93.0
2022-06-09 04:39:34+02:00,93.0
2022-06-09 04:40:34+02:00,92.9
2022-06-09 04:41:35+02:00,92.8
2022-06-09 04:42:35+02:00,92.4
2022-06-09 04:43:35+02:00,92.6
2022-06-09 04:44:35+02:00,92.5
2022-06-09 04:45:35+02:00,92.6
2022-06-09 04:46:35+02:00,92.8
2022-06-09 04:47:35+02:00,92.8
2022-06-09 04:48:36+02:00,92.7
2022-06-09 04:49:36+02:00,92.5
2022-06-09 04:50:36+02:00,92.2
2022-06-09 04:51:36+02:00,91.9
2022-06-09 04:52:36+02:00,92.1
2022-06-09 04:53:36+02:00,92.9
2022-06-09 04:54:37+02:00,92.7
2022-06-09 04:55:37+02:00,92.7
2022-06-09 04:56:37+02:00,92.7
2022-06-09 04:57:37+02:00,92.4
2022-06-09 04:58:37+02:00,92.1
2022-06-09 04:59:37+02:00,92.0
2022-06-09 05:00:37+02:00,92.2
2022-06-09 05:01:38+02:00,92.2
2022-06-09 05:02:38+02:00,92.2
2022-06-09 05:03:38+02:00,92.2
2022-06-09 05:04:38+02:00,92.2
2022-06-09 05:05:38+02:00,92.5
2022-06-09 05:06:38+02:00,92.6
2022-06-09 05:07:39+02:00,92.1
2022-06-09 05:08:39+02:00,92.2
2022-06-09 05:09:39+02:00,92.4
2022-06-09 05:10:39+02:00,92.3
2022-06-09 05:11:39+02:00,92.3
2022-06-09 05:12:39+02:00,92.4
2022-06-09 05:13:39+02:00,92.2
2022-06-09 05:14:40+02:00,91.9
2022-06-09 05:15:40+02:00,92.2
2022-06-09 05:16:40+02:00,92.2
2022-06-09 05:17:40+02:00,50.0
2022-06-09 05:18:40+02:00,92.4
2022-06-09 05:19:40+02:00,92.3
2022-06-09 05:20:41+02:00,92.2
2022-06-09 05:21:41+02:00,91.2
2022-06-09 05:22:41+02:00,90.1
2022-06-09 05:23:41+02:00,90.1
2022-06-09 05:24:41+02:00,88.9
2022-06-09 05:25:41+02:00,88.4
2022-06-09 05:26:42+02:00,87.9
2022-06-09 05:27:42+02:00,88.4
2022-06-09 05:28:42+02:00,88.4
2022-06-09 05:29:42+02:00,88.9
2022-06-09 05:30:42+02:00,89.1
2022-06-09 05:31:42+02:00,89.8
2022-06-09 05:32:42+02:00,90.5
2022-06-09 05:33:43+02:00,91.0
2022-06-09 05:34:43+02:00,91.2
2022-06-09 05:35:43+02:00,91.0
2022-06-09 05:36:43+02:00,90.7
2022-06-09 05:37:43+02:00,90.1
2022-06-09 05:38:43+02:00,90.3
2022-06-09 05:39:43+02:00,90.4
2022-06-09 05:40:44+02:00,90.2
2022-06-09 05:41:44+02:00,90.4
2022-06-09 05:42:44+02:00,90.6
2022-06-09 05:43:44+02:00,91.1
2022-06-09 05:44:44+02:00,91.0
2022-06-09 05:45:44+02:00,89.3
2022-06-09 05:46:45+02:00,89.6
2022-06-09 05:47:45+02:00,89.3
2022-06-09 05:48:45+02:00,89.9
2022-06-09 05:49:45+02:00,90.3
2022-06-09 05:50:45+02:00,89.9
2022-06-09 05:51:45+02:00,89.8
2022-06-09 05:52:45+02:00,90.5
2022-06-09 05:53:46+02:00,90.7
2022-06-09 05:54:46+02:00,90.5
2022-06-09 05:55:46+02:00,90.0
2022-06-09 05:56:46+02:00,89.4
2022-06-09 05:57:46+02:00,89.2
2022-06-09 05:58:46+02:00,89.5
2022-06-09 05:59:47+02:00,88.9
2022-06-09 06:00:47+02:00,88.3
2022-06-09 06:01:47+02:00,88.3
2022-06-09 06:02:47+02:00,88.3
2022-06-09 06:03:47+02:00,88.5
2022-06-09 06:04:47+02:00,88.1
2022-06-09 06:05:47+02:00,87.9
2022-06-09 06:06:47+02:00,87.9
2022-06-09 06:07:48+02:00,87.4
2022-06-09 06:08:48+02:00,87.5
2022-06-09 06:09:48+02:00,88.3
2022-06-09 06:10:48+02:00,88.7
2022-06-09 06:11:48+02:00,89.5
2022-06-09 06:12:48+02:00,88.9
2022-06-09 06:13:48+02:00,88.7
2022-06-09 06:14:49+02:00,50.0
2022-06-09 06:15:49+02:00,50.0
2022-06-09 06:16:49+02:00,88.1
2022-06-09 06:17:49+02:00,87.9
2022-06-09 06:18:49+02:00,87.9
2022-06-09 06:19:49+02:00,87.2
2022-06-09 06:20:49+02:00,86.2
2022-06-09 06:21:49+02:00,85.4
2022-06-09 06:22:50+02:00,85.2
2022-06-09 06:23:50+02:00,85.4
2022-06-09 06:24:50+02:00,85.8
2022-06-09 06:25:50+02:00,86.0
2022-06-09 06:26:50+02:00,87.6
2022-06-09 06:27:50+02:00,88.3
2022-06-09 06:28:50+02:00,88.6
2022-06-09 06:29:51+02:00,88.5
2022-06-09 06:30:51+02:00,88.7
2022-06-09 06:31:51+02:00,89.3
2022-06-09 06:32:51+02:00,89.7
2022-06-09 06:33:51+02:00,89.7
2022-06-09 06:34:51+02:00,90.2
2022-06-09 06:35:51+02:00,90.6
2022-06-09 06:36:51+02:00,90.3
2022-06-09 06:37:52+02:00,89.7
2022-06-09 06:38:52+02:00,89.7
2022-06-09 06:39:52+02:00,89.6
2022-06-09 06:40:52+02:00,90.0
2022-06-09 06:41:52+02:00,89.8
2022-06-09 06:42:52+02:00,90.0
2022-06-09 06:43:52+02:00,50.0
2022-06-09 06:44:52+02:00,90.4
2022-06-09 06:45:53+02:00,90.8
2022-06-09 06:46:53+02:00,92.3
2022-06-09 06:47:53+02:00,93.4
2022-06-09 06:48:53+02:00,93.4
2022-06-09 06:49:53+02:00,94.2
2022-06-09 06:50:53+02:00,93.0
2022-06-09 06:51:53+02:00,93.7
2022-06-09 06:52:54+02:00,93.6
2022-06-09 06:53:54+02:00,93.7
2022-06-09 06:54:54+02:00,93.9
2022-06-09 06:55:54+02:00,94.4
2022-06-09 06:56:54+02:00,94.1
2022-06-09 06:57:54+02:00,93.9
2022-06-09 06:58:54+02:00,94.0
2022-06-09 06:59:55+02:00,94.1
2022-06-09 07:00:55+02:00,94.0
2022-06-09 07:01:55+02:00,94.0
2022-06-09 07:02:55+02:00,94.7
2022-06-09 07:03:55+02:00,94.6
2022-06-09 07:04:55+02:00,95.0
2022-06-09 07:05:55+02:00,95.4
2022-06-09 07:06:55+02:00,95.1
2022-06-09 07:07:56+02:00,94.1
2022-06-09 07:08:56+02:00,94.0
2022-06-09 07:09:56+02:00,94.3
2022-06-09 07:10:56+02:00,93.8
2022-06-09 07:11:56+02:00,93.6
2022-06-09 07:12:56+02:00,93.5
2022-06-09 07:13:56+02:00,93.9
2022-06-09 07:14:57+02:00,94.4
2022-06-09 07:15:57+02:00,94.5
2022-06-09 07:16:57+02:00,93.9
2022-06-09 07:17:57+02:00,94.3
2022-06-09 07:18:57+02:00,94.2
2022-06-09 07:19:57+02:00,94.4
2022-06-09 07:20:57+02:00,94.6
2022-06-09 07:21:58+02:00,94.7
2022-06-09 07:22:58+02:00,94.2
2022-06-09 07:23:58+02:00,94.8
2022-06-09 07:24:58+02:00,94.9
2022-06-09 07:25:58+02:00,95.3
2022-06-09 07:26:58+02:00,95.8
2022-06-09 07:27:58+02:00,95.0
2022-06-09 07:28:58+02:00,50.0
2022-06-09 07:29:59+02:00,94.9
2022-06-09 07:30:59+02:00,95.7
2022-06-09 07:31:59+02:00,96.1
2022-06-09 07:32:59+02:00,96.4
2022-06-09 07:33:59+02:00,96.7
2022-06-09 07:34:59+02:00,96.6
2022-06-09 07:36:00+02:00,96.5
2022-06-09 07:37:00+02:00,96.2
2022-06-09 07:38:00+02:00,95.6
2022-06-09 07:39:00+02:00,95.7
2022-06-09 07:40:00+02:00,95.9
2022-06-09 07:41:00+02:00,95.1
2022-06-09 07:42:00+02:00,95.2
2022-06-09 07:43:00+02:00,95.7
2022-06-09 07:44:00+02:00,95.6
2022-06-09 07:45:01+02:00,95.8
2022-06-09 07:46:01+02:00,95.7
2022-06-09 07:47:01+02:00,95.9
2022-06-09 07:48:01+02:00,96.0
2022-06-09 07:49:01+02:00,95.7
2022-06-09 07:50:01+02:00,95.3
2022-06-09 07:51:01+02:00,95.1
2022-06-09 07:52:01+02:00,94.5
2022-06-09 07:53:02+02:00,93.8
2022-06-09 07:54:02+02:00,92.8
2022-06-09 07:55:02+02:00,92.2
2022-06-09 07:56:02+02:00,91.9
2022-06-09 07:57:02+02:00,91.4
2022-06-09 07:58:02+02:00,91.7
2022-06-09 07:59:02+02:00,50.0
2022-06-09 08:00:02+02:00,50.0
2022-06-09 08:01:02+02:00,50.0
2022-06-09 08:02:02+02:00,50.0
2022-06-09 08:03:02+02:00,91.8
2022-06-09 08:04:02+02:00,93.8
2022-06-09 08:05:02+02:00,94.8
2022-06-09 08:06:02+02:00,95.2
2022-06-09 08:07:02+02:00,95.8
2022-06-09 08:08:03+02:00,94.1
2022-06-09 08:09:03+02:00,93.4
2022-06-09 08:10:03+02:00,94.6
2022-06-09 08:11:03+02:00,95.2
2022-06-09 08:12:03+02:00,95.3
2022-06-09 08:13:03+02:00,94.5
2022-06-09 08:14:03+02:00,95.0
2022-06-09 08:15:03+02:00,94.9
2022-06-09 08:16:03+02:00,94.9
2022-06-09 08:17:03+02:00,94.9
2022-06-09 08:18:03+02:00,95.4
2022-06-09 08:19:03+02:00,95.4
2022-06-09 08:20:03+02:00,95.5
2022-06-09 08:21:03+02:00,95.6
2022-06-09 08:22:04+02:00,95.6
2022-06-09 08:23:04+02:00,95.7
2022-06-09 08:24:04+02:00,95.7
2022-06-09 08:25:04+02:00,95.6
2022-06-09 08:26:04+02:00,95.3
2022-06-09 08:27:04+02:00,95.2
2022-06-09 08:28:04+02:00,95.0
2022-06-09 08:29:04+02:00,94.8
2022-06-09 08:30:04+02:00,94.6
2022-06-09 08:31:04+02:00,94.5
2022-06-09 08:32:04+02:00,94.4
2022-06-09 08:33:04+02:00,94.7
2022-06-09 08:34:04+02:00,94.7
2022-06-09 08:35:05+02:00,94.8
2022-06-09 08:36:05+02:00,94.8
2022-06-09 08:37:05+02:00,94.7
2022-06-09 08:38:05+02:00,94.8
2022-06-09 08:39:05+02:00,94.7
2022-06-09 08:40:05+02:00,94.6
2022-06-09 08:41:05+02:00,94.6
2022-06-09 08:42:05+02:00,94.5
2022-06-09 08:43:05+02:00,94.5
2022-06-09 08:44:05+02:00,94.4
2022-06-09 08:45:06+02:00,94.3
2022-06-09 08:46:06+02:00,50.0
2022-06-09 08:47:06+02:00,94.4
2022-06-09 08:48:06+02:00,94.2
2022-06-09 08:49:06+02:00,93.6
2022-06-09 08:50:06+02:00,94.4
2022-06-09 08:51:06+02:00,94.2
2022-06-09 08:52:06+02:00,50.0
2022-06-09 08:53:06+02:00,93.9
2022-06-09 08:54:06+02:00,94.0
2022-06-09 08:55:06+02:00,93.4
2022-06-09 08:56:06+02:00,50.0
2022-06-09 08:57:07+02:00,93.6
2022-06-09 08:58:07+02:00,93.9
2022-06-09 08:59:07+02:00,93.8
2022-06-09 09:00:07+02:00,50.0
2022-06-09 09:01:07+02:00,92.6
2022-06-09 09:02:07+02:00,90.0
2022-06-09 09:03:07+02:00,87.8
2022-06-09 09:04:07+02:00,50.0
2022-06-09 09:05:07+02:00,50.0
2022-06-09 09:06:07+02:00,50.0
2022-06-09 09:07:07+02:00,50.0
2022-06-09 09:08:08+02:00,50.0
2022-06-09 09:09:08+02:00,50.0
2022-06-09 09:10:08+02:00,50.0
2022-06-09 09:11:08+02:00,50.0
2022-06-09 09:12:08+02:00,50.0
2022-06-09 09:13:08+02:00,50.0
2022-06-09 09:14:08+02:00,50.0
2022-06-09 09:15:09+02:00,50.0
2022-06-09 09:16:09+02:00,50.0
2022-06-09 09:17:09+02:00,50.0
2022-06-09 09:18:09+02:00,50.0
2022-06-09 09:19:09+02:00,50.0
2022-06-09 09:20:09+02:00,50.0
2022-06-09 09:21:09+02:00,50.0
2022-06-09 09:22:10+02:00,50.0
2022-06-09 09:23:10+02:00,50.0
2022-06-09 09:24:10+02:00,50.0
2022-06-09 09:25:10+02:00,50.0
2022-06-09 09:26:10+02:00,50.0
2022-06-09 09:27:10+02:00,87.3
2022-06-09 09:28:10+02:00,50.0
2022-06-09 09:29:10+02:00,50.0
2022-06-09 09:30:11+02:00,50.0
2022-06-09 09:31:11+02:00,50.0
2022-06-09 09:32:11+02:00,50.0
2022-06-09 09:33:11+02:00,50.0
2022-06-09 09:34:11+02:00,50.0
2022-06-09 09:35:11+02:00,50.0
2022-06-10 00:55:30+02:00,91.9
2022-06-10 00:56:30+02:00,91.9
2022-06-10 00:57:30+02:00,92.4
2022-06-10 00:58:30+02:00,50.0
2022-06-10 00:59:30+02:00,92.8
2022-06-10 01:00:30+02:00,50.0
2022-06-10 01:01:30+02:00,93.2
2022-06-10 01:02:30+02:00,93.5
2022-06-10 01:03:30+02:00,93.5
2022-06-10 01:04:30+02:00,93.2
2022-06-10 01:05:30+02:00,92.9
2022-06-10 01:06:31+02:00,92.9
2022-06-10 01:07:31+02:00,92.9
2022-06-10 01:08:31+02:00,92.9
2022-06-10 01:09:31+02:00,93.1
2022-06-10 01:10:31+02:00,93.1
2022-06-10 01:11:31+02:00,93.0
2022-06-10 01:12:31+02:00,92.8
2022-06-10 01:13:32+02:00,92.9
2022-06-10 01:14:32+02:00,92.9
2022-06-10 01:15:32+02:00,92.9
2022-06-10 01:16:32+02:00,92.7
2022-06-10 01:17:32+02:00,92.7
2022-06-10 01:18:32+02:00,92.7
2022-06-10 01:19:33+02:00,92.8
2022-06-10 01:20:33+02:00,92.9
2022-06-10 01:21:33+02:00,92.7
2022-06-10 01:22:33+02:00,92.7
2022-06-10 01:23:33+02:00,92.5
2022-06-10 01:24:33+02:00,92.6
2022-06-10 01:25:33+02:00,92.5
2022-06-10 01:26:34+02:00,92.4
2022-06-10 01:27:34+02:00,92.3
2022-06-10 01:28:34+02:00,92.5
2022-06-10 01:29:34+02:00,92.4
2022-06-10 01:30:34+02:00,92.8
2022-06-10 01:31:34+02:00,92.5
2022-06-10 01:32:35+02:00,92.5
2022-06-10 01:33:35+02:00,92.3
2022-06-10 01:34:35+02:00,92.3
2022-06-10 01:35:35+02:00,92.5
2022-06-10 01:36:35+02:00,92.1
2022-06-10 01:37:35+02:00,92.1
2022-06-10 01:38:35+02:00,92.2
2022-06-10 01:39:36+02:00,92.3
2022-06-10 01:40:36+02:00,92.2
2022-06-10 01:41:36+02:00,92.2
2022-06-10 01:42:36+02:00,92.5
2022-06-10 01:43:36+02:00,92.6
2022-06-10 01:44:36+02:00,92.7
2022-06-10 01:45:37+02:00,93.0
2022-06-10 01:46:37+02:00,93.1
2022-06-10 01:47:37+02:00,92.8
2022-06-10 01:48:37+02:00,92.6
2022-06-10 01:49:37+02:00,92.3
2022-06-10 01:50:37+02:00,92.4
2022-06-10 01:51:37+02:00,92.2
2022-06-10 01:52:38+02:00,92.3
2022-06-10 01:53:38+02:00,92.3
2022-06-10 01:54:38+02:00,92.1
2022-06-10 01:55:38+02:00,92.0
2022-06-10 01:56:38+02:00,92.0
2022-06-10 01:57:38+02:00,92.1
2022-06-10 01:58:39+02:00,92.5
2022-06-10 01:59:39+02:00,50.0
2022-06-10 02:00:39+02:00,92.9
2022-06-10 02:00:39+02:00,92.9
2022-06-10 02:01:39+02:00,93.6
2022-06-10 02:02:39+02:00,50.0
2022-06-10 02:03:39+02:00,92.6
2022-06-10 02:04:40+02:00,92.1
2022-06-10 02:05:40+02:00,91.5
2022-06-10 02:06:40+02:00,91.4
2022-06-10 02:07:40+02:00,91.3
2022-06-10 02:08:40+02:00,91.3
2022-06-10 02:09:40+02:00,91.3
2022-06-10 02:10:41+02:00,91.3
2022-06-10 02:11:41+02:00,91.2
2022-06-10 02:12:41+02:00,91.1
2022-06-10 02:13:41+02:00,91.1
2022-06-10 02:14:41+02:00,91.3
2022-06-10 02:15:41+02:00,91.2
2022-06-10 02:16:41+02:00,91.2
2022-06-10 02:17:42+02:00,90.9
2022-06-10 02:18:42+02:00,91.3
2022-06-10 02:19:42+02:00,91.3
2022-06-10 02:20:42+02:00,91.1
2022-06-10 02:21:42+02:00,90.1
2022-06-10 02:22:42+02:00,90.6
2022-06-10 02:23:43+02:00,91.1
2022-06-10 02:24:43+02:00,91.5
2022-06-10 02:25:43+02:00,90.4
2022-06-10 02:26:43+02:00,90.5
2022-06-10 02:27:43+02:00,91.0
2022-06-10 02:28:43+02:00,89.4
2022-06-10 02:29:43+02:00,90.3
2022-06-10 02:30:44+02:00,91.2
2022-06-10 02:31:44+02:00,50.0
2022-06-10 02:32:44+02:00,91.5
2022-06-10 02:33:44+02:00,50.0
2022-06-10 02:34:44+02:00,92.0
2022-06-10 02:35:44+02:00,92.4
2022-06-10 02:36:45+02:00,92.9
2022-06-10 02:37:45+02:00,92.9
2022-06-10 02:38:45+02:00,93.4
2022-06-10 02:39:45+02:00,93.8
2022-06-10 02:40:45+02:00,93.2
2022-06-10 02:41:45+02:00,93.0
2022-06-10 02:42:46+02:00,93.4
2022-06-10 02:43:46+02:00,93.0
2022-06-10 02:44:46+02:00,93.6
2022-06-10 02:45:46+02:00,93.6
2022-06-10 02:46:46+02:00,93.6
2022-06-10 02:47:46+02:00,93.9
2022-06-10 02:48:46+02:00,93.8
2022-06-10 02:49:47+02:00,94.2
2022-06-10 02:50:47+02:00,94.4
2022-06-10 02:51:47+02:00,94.5
2022-06-10 02:52:47+02:00,94.4
2022-06-10 02:53:47+02:00,94.3
2022-06-10 02:54:47+02:00,94.2
2022-06-10 02:55:47+02:00,94.1
2022-06-10 02:56:48+02:00,94.1
2022-06-10 02:57:48+02:00,94.0
2022-06-10 02:58:48+02:00,94.0
2022-06-10 02:59:48+02:00,93.9
2022-06-10 03:00:48+02:00,93.9
2022-06-10 03:01:48+02:00,93.8
2022-06-10 03:02:49+02:00,93.6
2022-06-10 03:03:49+02:00,93.4
2022-06-10 03:04:49+02:00,93.3
2022-06-10 03:05:49+02:00,93.3
2022-06-10 03:06:49+02:00,93.3
2022-06-10 03:07:49+02:00,93.3
2022-06-10 03:08:50+02:00,93.3
2022-06-10 03:09:50+02:00,93.3
2022-06-10 03:10:50+02:00,93.2
2022-06-10 03:11:50+02:00,50.0
2022-06-10 03:12:50+02:00,92.7
2022-06-10 03:13:50+02:00,91.3
2022-06-10 03:14:50+02:00,91.6
2022-06-10 03:15:51+02:00,91.4
2022-06-10 03:16:51+02:00,90.9
2022-06-10 03:17:51+02:00,90.5
2022-06-10 03:18:51+02:00,90.3
2022-06-10 03:19:51+02:00,90.1
2022-06-10 03:20:51+02:00,90.0
2022-06-10 03:21:52+02:00,89.9
2022-06-10 03:22:52+02:00,50.0
2022-06-10 03:23:52+02:00,90.6
2022-06-10 03:24:52+02:00,90.8
2022-06-10 03:25:52+02:00,90.5
2022-06-10 03:26:52+02:00,90.6
2022-06-10 03:27:52+02:00,90.7
2022-06-10 03:28:53+02:00,90.7
2022-06-10 03:29:53+02:00,90.9
2022-06-10 03:30:53+02:00,91.2
2022-06-10 03:31:53+02:00,91.0
2022-06-10 03:32:53+02:00,90.9
2022-06-10 03:33:53+02:00,90.9
2022-06-10 03:34:54+02:00,90.7
2022-06-10 03:35:54+02:00,90.7
2022-06-10 03:36:54+02:00,90.4
2022-06-10 03:37:54+02:00,90.6
2022-06-10 03:38:54+02:00,90.7
2022-06-10 03:39:54+02:00,91.1
2022-06-10 03:40:54+02:00,91.0
2022-06-10 03:41:55+02:00,90.9
2022-06-10 03:42:55+02:00,91.0
2022-06-10 03:43:55+02:00,90.7
2022-06-10 03:44:55+02:00,90.5
2022-06-10 03:45:55+02:00,90.3
2022-06-10 03:46:55+02:00,90.4
2022-06-10 03:47:55+02:00,90.7
2022-06-10 03:48:55+02:00,90.8
2022-06-10 03:49:56+02:00,90.9
2022-06-10 03:50:56+02:00,90.8
2022-06-10 03:51:56+02:00,90.8
2022-06-10 03:52:56+02:00,91.0
2022-06-10 03:53:56+02:00,91.2
2022-06-10 03:54:56+02:00,91.2
2022-06-10 03:55:56+02:00,90.9
2022-06-10 03:56:57+02:00,90.6
2022-06-10 03:57:57+02:00,90.9
2022-06-10 03:58:57+02:00,90.3
2022-06-10 03:59:57+02:00,90.5
2022-06-10 04:00:57+02:00,90.6
2022-06-10 04:01:57+02:00,90.1
2022-06-10 04:02:57+02:00,90.3
2022-06-10 04:03:57+02:00,90.5
2022-06-10 04:04:58+02:00,90.3
2022-06-10 04:05:58+02:00,90.3
2022-06-10 04:06:58+02:00,90.6
2022-06-10 04:07:58+02:00,90.4
2022-06-10 04:08:58+02:00,90.4
2022-06-10 04:09:58+02:00,90.5
2022-06-10 04:10:58+02:00,90.3
2022-06-10 04:11:58+02:00,90.4
2022-06-10 04:12:59+02:00,90.5
2022-06-10 04:13:59+02:00,90.7
2022-06-10 04:14:59+02:00,90.6
2022-06-10 04:15:59+02:00,90.5
2022-06-10 04:16:59+02:00,90.4
2022-06-10 04:17:59+02:00,90.8
2022-06-10 04:18:59+02:00,50.0
2022-06-10 04:19:59+02:00,90.3
2022-06-10 04:21:00+02:00,89.9
2022-06-10 04:22:00+02:00,89.6
2022-06-10 04:23:00+02:00,90.3
2022-06-10 04:24:00+02:00,90.0
2022-06-10 04:25:00+02:00,89.4
2022-06-10 04:26:00+02:00,90.1
2022-06-10 04:27:00+02:00,89.5
2022-06-10 04:28:00+02:00,89.1
2022-06-10 04:29:00+02:00,88.4
2022-06-10 04:30:00+02:00,88.6
2022-06-10 04:31:01+02:00,87.8
2022-06-10 04:32:01+02:00,87.2
2022-06-10 04:33:01+02:00,87.3
2022-06-10 04:34:01+02:00,85.9
2022-06-10 04:35:01+02:00,85.9
2022-06-10 04:36:01+02:00,86.5
2022-06-10 04:37:01+02:00,87.2
2022-06-10 04:38:01+02:00,87.2
2022-06-10 04:39:02+02:00,86.9
2022-06-10 04:40:02+02:00,86.9
2022-06-10 04:41:02+02:00,87.1
2022-06-10 04:42:02+02:00,87.4
2022-06-10 04:43:02+02:00,87.7
2022-06-10 04:44:02+02:00,87.3
2022-06-10 04:45:02+02:00,87.8
2022-06-10 04:46:02+02:00,88.0
2022-06-10 04:47:02+02:00,86.6
2022-06-10 04:48:03+02:00,86.9
2022-06-10 04:49:03+02:00,87.8
2022-06-10 04:50:03+02:00,87.2
2022-06-10 04:51:03+02:00,88.0
2022-06-10 04:52:03+02:00,87.6
2022-06-10 04:53:03+02:00,87.9
2022-06-10 04:54:03+02:00,87.6
2022-06-10 04:55:03+02:00,87.3
2022-06-10 04:56:03+02:00,88.0
2022-06-10 04:57:03+02:00,87.7
2022-06-10 04:58:04+02:00,87.6
2022-06-10 04:59:04+02:00,87.9
2022-06-10 05:00:04+02:00,87.9
2022-06-10 05:01:04+02:00,88.0
2022-06-10 05:02:04+02:00,88.0
2022-06-10 05:03:04+02:00,88.3
2022-06-10 05:04:04+02:00,88.2
2022-06-10 05:05:04+02:00,50.0
2022-06-10 05:06:04+02:00,90.0
2022-06-10 05:07:05+02:00,92.7
2022-06-10 05:08:05+02:00,93.2
2022-06-10 05:09:05+02:00,93.4
2022-06-10 05:10:05+02:00,92.8
2022-06-10 05:11:05+02:00,92.3
2022-06-10 05:12:05+02:00,91.9
2022-06-10 05:13:05+02:00,92.0
2022-06-10 05:14:05+02:00,92.5
2022-06-10 05:15:05+02:00,93.3
2022-06-10 05:16:06+02:00,93.8
2022-06-10 05:17:06+02:00,93.2
2022-06-10 05:18:06+02:00,92.8
2022-06-10 05:19:06+02:00,92.5
2022-06-10 05:20:06+02:00,92.8
2022-06-10 05:21:06+02:00,92.5
2022-06-10 05:22:06+02:00,92.5
2022-06-10 05:23:07+02:00,92.5
2022-06-10 05:24:07+02:00,92.9
2022-06-10 05:25:07+02:00,92.7
2022-06-10 05:26:07+02:00,92.8
2022-06-10 05:27:07+02:00,92.7
2022-06-10 05:28:07+02:00,92.5
2022-06-10 05:29:07+02:00,92.7
2022-06-10 05:30:07+02:00,93.1
2022-06-10 05:31:08+02:00,93.5
2022-06-10 05:32:08+02:00,94.2
2022-06-10 05:33:08+02:00,93.9
2022-06-10 05:34:08+02:00,93.5
2022-06-10 05:35:08+02:00,93.2
2022-06-10 05:36:08+02:00,93.6
2022-06-10 05:37:08+02:00,93.4
2022-06-10 05:38:09+02:00,93.7
2022-06-10 05:39:09+02:00,50.0
2022-06-10 05:40:09+02:00,50.0
2022-06-10 05:41:09+02:00,50.0
2022-06-10 05:42:09+02:00,93.4
2022-06-10 05:43:09+02:00,91.2
2022-06-10 05:44:09+02:00,90.5
2022-06-10 05:45:09+02:00,90.7
2022-06-10 05:46:09+02:00,89.2
2022-06-10 05:47:10+02:00,90.2
2022-06-10 05:48:10+02:00,90.8
2022-06-10 05:49:10+02:00,91.2
2022-06-10 05:50:10+02:00,91.6
2022-06-10 05:51:10+02:00,92.3
2022-06-10 05:52:10+02:00,92.6
2022-06-10 05:53:10+02:00,93.6
2022-06-10 05:54:10+02:00,94.2
2022-06-10 05:55:10+02:00,94.6
2022-06-10 05:56:11+02:00,93.7
2022-06-10 05:57:11+02:00,50.0
2022-06-10 05:58:11+02:00,94.9
2022-06-10 05:59:11+02:00,95.1
2022-06-10 06:00:11+02:00,95.4
2022-06-10 06:01:11+02:00,95.2
2022-06-10 06:02:11+02:00,50.0
2022-06-10 06:03:11+02:00,95.2
2022-06-10 06:04:11+02:00,95.5
2022-06-10 06:05:12+02:00,95.1
2022-06-10 06:06:12+02:00,95.0
2022-06-10 06:07:12+02:00,94.9
2022-06-10 06:08:12+02:00,95.2
2022-06-10 06:09:12+02:00,94.8
2022-06-10 06:10:12+02:00,94.9
2022-06-10 06:11:12+02:00,95.4
2022-06-10 06:12:12+02:00,94.9
2022-06-10 06:13:12+02:00,95.4
2022-06-10 06:14:13+02:00,95.3
2022-06-10 06:15:13+02:00,95.3
2022-06-10 06:16:13+02:00,95.2
2022-06-10 06:17:13+02:00,94.7
2022-06-10 06:18:13+02:00,94.9
2022-06-10 06:19:13+02:00,95.0
2022-06-10 06:20:13+02:00,95.0
2022-06-10 06:21:13+02:00,95.1
2022-06-10 06:22:13+02:00,95.3
2022-06-10 06:23:13+02:00,95.5
2022-06-10 06:24:14+02:00,95.6
2022-06-10 06:25:14+02:00,95.7
2022-06-10 06:26:14+02:00,95.6
2022-06-10 06:27:14+02:00,95.7
2022-06-10 06:28:14+02:00,95.7
2022-06-10 06:29:14+02:00,95.8
2022-06-10 06:30:14+02:00,95.8
2022-06-10 06:31:14+02:00,95.7
2022-06-10 06:32:15+02:00,95.8
2022-06-10 06:33:15+02:00,95.8
2022-06-10 06:34:15+02:00,95.9
2022-06-10 06:35:15+02:00,96.0
2022-06-10 06:36:15+02:00,95.9
2022-06-10 06:37:15+02:00,96.0
2022-06-10 06:38:15+02:00,96.2
2022-06-10 06:39:16+02:00,96.0
2022-06-10 06:40:16+02:00,95.6
2022-06-10 06:41:16+02:00,95.5
2022-06-10 06:42:16+02:00,95.3
2022-06-10 06:43:16+02:00,95.1
2022-06-10 06:44:16+02:00,95.0
2022-06-10 06:45:16+02:00,94.9
2022-06-10 06:46:17+02:00,94.6
2022-06-10 06:47:17+02:00,94.9
2022-06-10 06:48:17+02:00,94.7
2022-06-10 06:49:17+02:00,94.8
2022-06-10 06:50:17+02:00,94.7
2022-06-10 06:51:17+02:00,94.7
2022-06-10 06:52:17+02:00,94.8
2022-06-10 06:53:18+02:00,94.5
2022-06-10 06:54:18+02:00,94.4
2022-06-10 06:55:18+02:00,94.5
2022-06-10 06:56:18+02:00,94.5
2022-06-10 06:57:18+02:00,94.5
2022-06-10 06:58:18+02:00,94.5
2022-06-10 06:59:18+02:00,94.4
2022-06-10 07:00:19+02:00,94.3
2022-06-10 07:01:19+02:00,94.4
2022-06-10 07:02:19+02:00,94.3
2022-06-10 07:03:19+02:00,94.5
2022-06-10 07:04:19+02:00,94.4
2022-06-10 07:05:19+02:00,94.4
2022-06-10 07:06:20+02:00,94.2
2022-06-10 07:07:20+02:00,93.9
2022-06-10 07:08:20+02:00,93.9
2022-06-10 07:09:20+02:00,94.1
2022-06-10 07:10:20+02:00,94.1
2022-06-10 07:11:20+02:00,94.2
2022-06-10 07:12:20+02:00,94.5
2022-06-10 07:13:21+02:00,94.1
2022-06-10 07:14:21+02:00,94.3
2022-06-10 07:15:21+02:00,94.2
2022-06-10 07:16:21+02:00,94.2
2022-06-10 07:17:21+02:00,94.1
2022-06-10 07:18:21+02:00,94.2
2022-06-10 07:19:21+02:00,94.4
2022-06-10 07:20:22+02:00,94.5
2022-06-10 07:21:22+02:00,94.3
2022-06-10 07:22:22+02:00,94.0
2022-06-10 07:23:22+02:00,94.4
2022-06-10 07:24:22+02:00,94.1
2022-06-10 07:25:22+02:00,94.1
2022-06-10 07:26:22+02:00,94.7
2022-06-10 07:27:23+02:00,95.2
2022-06-10 07:28:23+02:00,95.2
2022-06-10 07:29:23+02:00,94.8
2022-06-10 07:30:23+02:00,94.4
2022-06-10 07:31:23+02:00,94.2
2022-06-10 07:32:23+02:00,94.3
2022-06-10 07:33:23+02:00,94.2
2022-06-10 07:34:24+02:00,94.3
2022-06-10 07:35:24+02:00,50.0
2022-06-10 07:36:24+02:00,50.0
2022-06-10 07:37:24+02:00,94.7
2022-06-10 07:38:24+02:00,95.3
2022-06-10 07:39:24+02:00,95.6
2022-06-10 07:40:24+02:00,95.2
2022-06-10 07:41:25+02:00,95.2
2022-06-10 07:42:25+02:00,95.5
2022-06-10 07:43:25+02:00,95.5
2022-06-10 07:44:25+02:00,95.6
2022-06-10 07:45:25+02:00,95.8
2022-06-10 07:46:25+02:00,95.9
2022-06-10 07:47:26+02:00,95.8
2022-06-10 07:48:26+02:00,50.0
2022-06-10 07:49:26+02:00,95.5
2022-06-10 07:50:26+02:00,95.6
2022-06-10 07:51:26+02:00,95.9
2022-06-10 07:52:26+02:00,96.0
2022-06-10 07:53:26+02:00,96.2
2022-06-10 07:54:27+02:00,96.2
2022-06-10 07:55:27+02:00,96.2
2022-06-10 07:56:27+02:00,96.0
2022-06-10 07:57:27+02:00,96.5
2022-06-10 07:58:27+02:00,96.1
2022-06-10 07:59:27+02:00,95.6
2022-06-10 08:00:27+02:00,94.8
2022-06-10 08:01:28+02:00,94.2
2022-06-10 08:02:28+02:00,93.8
2022-06-10 08:03:28+02:00,93.3
2022-06-10 08:04:28+02:00,92.7
2022-06-10 08:05:28+02:00,93.0
2022-06-10 08:06:28+02:00,93.1
2022-06-10 08:07:29+02:00,50.0
2022-06-10 08:08:29+02:00,50.0
2022-06-10 08:09:29+02:00,50.0
2022-06-10 08:10:29+02:00,93.4
2022-06-10 08:11:29+02:00,94.1
2022-06-10 08:12:29+02:00,94.5
2022-06-10 08:13:29+02:00,93.9
2022-06-10 08:14:30+02:00,94.2
2022-06-10 08:15:30+02:00,94.4
2022-06-10 08:16:30+02:00,50.0
2022-06-10 08:17:30+02:00,50.0
2022-06-10 08:18:30+02:00,94.5
2022-06-10 08:19:30+02:00,93.9
2022-06-10 08:20:30+02:00,93.5
2022-06-10 08:21:31+02:00,93.0
2022-06-10 08:22:31+02:00,92.8
2022-06-10 08:23:31+02:00,93.2
2022-06-10 08:24:31+02:00,50.0
2022-06-10 08:25:31+02:00,93.0
2022-06-10 08:26:31+02:00,92.9
2022-06-10 08:27:31+02:00,92.7
2022-06-10 08:28:32+02:00,92.4
2022-06-10 08:29:32+02:00,91.8
2022-06-10 08:30:32+02:00,50.0
2022-06-10 08:31:32+02:00,90.9
2022-06-10 08:32:32+02:00,91.3
2022-06-10 08:33:32+02:00,91.0
2022-06-10 08:34:32+02:00,90.6
2022-06-10 08:35:33+02:00,90.7
2022-06-10 08:36:33+02:00,91.4
2022-06-10 08:37:33+02:00,91.5
2022-06-10 08:38:33+02:00,91.4
2022-06-10 08:39:33+02:00,91.1
2022-06-10 08:40:33+02:00,89.0
2022-06-10 08:41:33+02:00,89.2
2022-06-10 08:42:34+02:00,88.1
2022-06-10 08:43:34+02:00,89.8
2022-06-10 08:44:34+02:00,91.3
2022-06-10 08:45:34+02:00,90.9
2022-06-10 08:46:34+02:00,91.5
2022-06-10 08:47:34+02:00,50.0
2022-06-10 08:48:34+02:00,50.0
2022-06-10 08:49:34+02:00,50.0
2022-06-10 08:50:35+02:00,50.0
2022-06-10 08:51:35+02:00,50.0
2022-06-10 08:52:35+02:00,50.0
2022-06-10 08:53:35+02:00,50.0
2022-06-10 08:54:35+02:00,50.0
2022-06-10 08:55:35+02:00,50.0
2022-06-10 08:56:35+02:00,50.0
2022-06-10 08:57:36+02:00,50.0
2022-06-10 08:58:36+02:00,50.0
2022-06-10 08:59:36+02:00,50.0
2022-06-10 09:00:36+02:00,50.0
2022-06-10 09:01:36+02:00,50.0
2022-06-10 09:02:36+02:00,50.0
2022-06-10 09:03:36+02:00,50.0
2022-06-10 09:04:37+02:00,50.0
2022-06-10 09:05:37+02:00,50.0
2022-06-10 09:06:37+02:00,50.0
2022-06-10 09:07:37+02:00,50.0
2022-06-10 09:08:37+02:00,50.0
2022-06-10 09:09:37+02:00,50.0
2022-06-10 09:10:37+02:00,50.0
2022-06-10 09:11:38+02:00,50.0
2022-06-10 09:12:38+02:00,50.0
2022-06-10 09:13:38+02:00,50.0
2022-06-10 09:14:38+02:00,50.0
2022-06-10 09:15:38+02:00,50.0
2022-06-10 09:16:38+02:00,50.0
2022-06-12 02:04:30+02:00,89.4
2022-06-12 02:05:30+02:00,50.0
2022-06-12 02:06:30+02:00,90.4
2022-06-12 02:07:30+02:00,89.7
2022-06-12 02:08:30+02:00,89.1
2022-06-12 02:09:30+02:00,50.0
2022-06-12 02:10:30+02:00,50.0
2022-06-12 02:11:30+02:00,50.0
2022-06-12 02:12:30+02:00,50.0
2022-06-12 02:13:30+02:00,50.0
2022-06-12 02:14:30+02:00,50.0
2022-06-12 02:15:30+02:00,50.0
2022-06-12 02:16:31+02:00,50.0
2022-06-12 02:17:31+02:00,50.0
2022-06-12 02:18:31+02:00,90.8
2022-06-12 02:19:31+02:00,92.3
2022-06-12 02:20:31+02:00,93.4
2022-06-12 02:21:31+02:00,94.0
2022-06-12 02:22:31+02:00,94.0
2022-06-12 02:23:32+02:00,94.2
2022-06-12 02:24:32+02:00,94.4
2022-06-12 02:25:32+02:00,94.4
2022-06-12 02:26:32+02:00,94.5
2022-06-12 02:27:32+02:00,94.0
2022-06-12 02:28:32+02:00,94.6
2022-06-12 02:29:33+02:00,94.5
2022-06-12 02:30:33+02:00,94.6
2022-06-12 02:31:33+02:00,94.7
2022-06-12 02:32:33+02:00,94.6
2022-06-12 02:33:33+02:00,94.7
2022-06-12 02:34:33+02:00,94.8
2022-06-12 02:35:33+02:00,94.6
2022-06-12 02:36:34+02:00,94.8
2022-06-12 02:37:34+02:00,50.0
2022-06-12 02:38:34+02:00,93.5
2022-06-12 02:39:34+02:00,90.9
2022-06-12 02:40:34+02:00,89.0
2022-06-12 02:41:34+02:00,87.5
2022-06-12 02:42:35+02:00,86.3
2022-06-12 02:43:35+02:00,85.6
2022-06-12 02:44:35+02:00,85.1
2022-06-12 02:45:35+02:00,85.6
2022-06-12 02:46:35+02:00,50.0
2022-06-12 02:47:35+02:00,88.1
2022-06-12 02:48:36+02:00,50.0
2022-06-12 02:49:36+02:00,50.0
2022-06-12 02:50:36+02:00,50.0
2022-06-12 02:51:36+02:00,89.5
2022-06-12 02:52:36+02:00,89.8
2022-06-12 02:53:36+02:00,90.1
2022-06-12 02:54:37+02:00,90.3
2022-06-12 02:55:37+02:00,90.4
2022-06-12 02:56:37+02:00,50.0
2022-06-12 02:57:37+02:00,50.0
2022-06-12 02:58:37+02:00,50.0
2022-06-12 02:59:37+02:00,90.3
2022-06-12 03:00:37+02:00,90.4
2022-06-12 03:01:38+02:00,89.1
2022-06-12 03:02:38+02:00,86.8
2022-06-12 03:03:38+02:00,84.4
2022-06-12 03:04:38+02:00,85.2
2022-06-12 03:05:38+02:00,85.6
2022-06-12 03:06:38+02:00,85.7
2022-06-12 03:07:39+02:00,85.8
2022-06-12 03:08:39+02:00,86.1
2022-06-12 03:09:39+02:00,85.7
2022-06-12 03:10:39+02:00,86.7
2022-06-12 03:11:39+02:00,87.6
2022-06-12 03:12:39+02:00,50.0
2022-06-12 03:13:39+02:00,50.0
2022-06-12 03:14:40+02:00,88.8
2022-06-12 03:15:40+02:00,50.0
2022-06-12 03:16:40+02:00,88.3
2022-06-12 03:17:40+02:00,88.7
2022-06-12 03:18:40+02:00,50.0
2022-06-12 03:19:41+02:00,88.9
2022-06-12 03:20:41+02:00,50.0
2022-06-12 03:21:41+02:00,90.7
2022-06-12 03:22:41+02:00,92.7
2022-06-12 03:23:41+02:00,93.0
2022-06-12 03:24:41+02:00,50.0
2022-06-12 03:25:41+02:00,91.5
2022-06-12 03:26:41+02:00,50.0
2022-06-12 03:27:42+02:00,90.2
2022-06-12 03:28:42+02:00,89.3
2022-06-12 03:29:42+02:00,50.0
2022-06-12 03:30:42+02:00,88.5
2022-06-12 03:31:42+02:00,50.0
2022-06-12 03:32:42+02:00,87.3
2022-06-12 03:33:43+02:00,50.0
2022-06-12 03:34:43+02:00,86.4
2022-06-12 03:35:43+02:00,87.6
2022-06-12 03:36:43+02:00,87.8
2022-06-12 03:37:43+02:00,88.9
2022-06-12 03:38:43+02:00,88.8
2022-06-12 03:39:44+02:00,88.9
2022-06-12 03:40:44+02:00,89.2
2022-06-12 03:41:44+02:00,89.5
2022-06-12 03:42:44+02:00,89.4
2022-06-12 03:43:44+02:00,89.5
2022-06-12 03:44:44+02:00,89.2
2022-06-12 03:45:45+02:00,89.3
2022-06-12 03:46:45+02:00,89.5
2022-06-12 03:47:45+02:00,91.0
2022-06-12 03:48:45+02:00,91.2
2022-06-12 03:49:45+02:00,90.7
2022-06-12 03:50:45+02:00,91.1
2022-06-12 03:51:45+02:00,91.6
2022-06-12 03:52:46+02:00,91.3
2022-06-12 03:53:46+02:00,91.7
2022-06-12 03:54:46+02:00,92.5
2022-06-12 03:55:46+02:00,92.5
2022-06-12 03:56:46+02:00,93.0
2022-06-12 03:57:46+02:00,93.6
2022-06-12 03:58:47+02:00,94.0
2022-06-12 03:59:47+02:00,93.5
2022-06-12 04:00:47+02:00,93.0
2022-06-12 04:01:47+02:00,92.0
2022-06-12 04:02:47+02:00,90.8
2022-06-12 04:03:47+02:00,90.2
2022-06-12 04:04:47+02:00,90.5
2022-06-12 04:05:48+02:00,91.3
2022-06-12 04:06:48+02:00,91.9
2022-06-12 04:07:48+02:00,91.5
2022-06-12 04:08:48+02:00,91.2
2022-06-12 04:09:48+02:00,91.9
2022-06-12 04:10:48+02:00,91.8
2022-06-12 04:11:49+02:00,91.9
2022-06-12 04:12:49+02:00,91.7
2022-06-12 04:13:49+02:00,50.0
2022-06-12 04:14:49+02:00,93.0
2022-06-12 04:15:49+02:00,94.4
2022-06-12 04:16:49+02:00,94.9
2022-06-12 04:17:50+02:00,95.0
2022-06-12 04:18:50+02:00,95.0
2022-06-12 04:19:50+02:00,95.2
2022-06-12 04:20:50+02:00,94.8
2022-06-12 04:21:50+02:00,94.8
2022-06-12 04:22:50+02:00,94.7
2022-06-12 04:23:51+02:00,50.0
2022-06-12 04:24:51+02:00,50.0
2022-06-12 04:25:51+02:00,94.8
2022-06-12 04:26:51+02:00,94.0
2022-06-12 04:27:51+02:00,93.0
2022-06-12 04:28:51+02:00,92.0
2022-06-12 04:29:51+02:00,91.8
2022-06-12 04:30:52+02:00,91.5
2022-06-12 04:31:52+02:00,90.6
2022-06-12 04:32:52+02:00,89.6
2022-06-12 04:33:52+02:00,88.0
2022-06-12 04:34:52+02:00,87.3
2022-06-12 04:35:52+02:00,87.6
2022-06-12 04:36:52+02:00,87.1
2022-06-12 04:37:53+02:00,88.4
2022-06-12 04:38:53+02:00,88.8
2022-06-12 04:39:53+02:00,88.5
2022-06-12 04:40:53+02:00,88.3
2022-06-12 04:41:53+02:00,88.3
2022-06-12 04:42:53+02:00,87.8
2022-06-12 04:43:53+02:00,88.0
2022-06-12 04:44:53+02:00,88.6
2022-06-12 04:45:54+02:00,88.9
2022-06-12 04:46:54+02:00,89.6
2022-06-12 04:47:54+02:00,89.4
2022-06-12 04:48:54+02:00,89.3
2022-06-12 04:49:54+02:00,89.7
2022-06-12 04:50:54+02:00,89.2
2022-06-12 04:51:54+02:00,89.0
2022-06-12 04:52:55+02:00,88.8
2022-06-12 04:53:55+02:00,89.0
2022-06-12 04:54:55+02:00,88.7
2022-06-12 04:55:55+02:00,88.5
2022-06-12 04:56:55+02:00,88.4
2022-06-12 04:57:55+02:00,88.5
2022-06-12 04:58:55+02:00,88.5
2022-06-12 04:59:55+02:00,89.0
2022-06-12 05:00:56+02:00,89.1
2022-06-12 05:01:56+02:00,89.0
2022-06-12 05:02:56+02:00,89.2
2022-06-12 05:03:56+02:00,88.7
2022-06-12 05:04:56+02:00,89.1
2022-06-12 05:05:56+02:00,89.1
2022-06-12 05:06:56+02:00,89.2
2022-06-12 05:07:57+02:00,88.9
2022-06-12 05:08:57+02:00,89.3
2022-06-12 05:09:57+02:00,89.3
2022-06-12 05:10:57+02:00,88.9
2022-06-12 05:11:57+02:00,88.7
2022-06-12 05:12:57+02:00,88.3
2022-06-12 05:13:57+02:00,88.0
2022-06-12 05:14:58+02:00,88.0
2022-06-12 05:15:58+02:00,88.0
2022-06-12 05:16:58+02:00,88.2
2022-06-12 05:17:58+02:00,88.3
2022-06-12 05:18:58+02:00,88.1
2022-06-12 05:19:58+02:00,88.1
2022-06-12 05:20:58+02:00,88.7
2022-06-12 05:21:59+02:00,50.0
2022-06-12 05:22:59+02:00,90.0
2022-06-12 05:23:59+02:00,91.7
2022-06-12 05:24:59+02:00,92.7
2022-06-12 05:25:59+02:00,92.6
2022-06-12 05:26:59+02:00,93.5
2022-06-12 05:27:59+02:00,93.6
2022-06-12 05:29:00+02:00,93.3
2022-06-12 05:30:00+02:00,94.5
2022-06-12 05:31:00+02:00,93.8
2022-06-12 05:32:00+02:00,92.9
2022-06-12 05:33:00+02:00,92.0
2022-06-12 05:34:00+02:00,92.9
2022-06-12 05:35:00+02:00,94.5
2022-06-12 05:36:00+02:00,94.4
2022-06-12 05:37:01+02:00,94.4
2022-06-12 05:38:01+02:00,95.1
2022-06-12 05:39:01+02:00,95.8
2022-06-12 05:40:01+02:00,96.1
2022-06-12 05:41:01+02:00,96.8
2022-06-12 05:42:01+02:00,96.1
2022-06-12 05:43:01+02:00,97.0
2022-06-12 05:44:01+02:00,97.5
2022-06-12 05:45:01+02:00,97.6
2022-06-12 05:46:01+02:00,96.7
2022-06-12 05:47:02+02:00,97.5
2022-06-12 05:48:02+02:00,97.2
2022-06-12 05:49:02+02:00,97.5
2022-06-12 05:50:02+02:00,97.8
2022-06-12 05:51:02+02:00,97.9
2022-06-12 05:52:02+02:00,97.7
2022-06-12 05:53:02+02:00,97.7
2022-06-12 05:54:02+02:00,98.1
2022-06-12 05:55:02+02:00,98.3
2022-06-12 05:56:02+02:00,98.2
2022-06-12 05:57:03+02:00,97.6
2022-06-12 05:58:03+02:00,97.4
2022-06-12 05:59:03+02:00,96.8
2022-06-12 06:00:03+02:00,96.5
2022-06-12 06:01:03+02:00,96.9
2022-06-12 06:02:03+02:00,97.0
2022-06-12 06:03:03+02:00,97.3
2022-06-12 06:04:03+02:00,97.4
2022-06-12 06:05:04+02:00,97.4
2022-06-12 06:06:04+02:00,97.8
2022-06-12 06:07:04+02:00,97.5
2022-06-12 06:08:04+02:00,97.3
2022-06-12 06:09:04+02:00,97.2
2022-06-12 06:10:04+02:00,97.2
2022-06-12 06:11:04+02:00,97.3
2022-06-12 06:12:04+02:00,96.7
2022-06-12 06:13:04+02:00,96.7
2022-06-12 06:14:05+02:00,96.7
2022-06-12 06:15:05+02:00,96.7
2022-06-12 06:16:05+02:00,95.8
2022-06-12 06:17:05+02:00,96.1
2022-06-12 06:18:05+02:00,96.7
2022-06-12 06:19:05+02:00,50.0
2022-06-12 06:20:05+02:00,95.6
2022-06-12 06:21:06+02:00,94.5
2022-06-12 06:22:06+02:00,93.6
2022-06-12 06:23:06+02:00,92.3
2022-06-12 06:24:06+02:00,92.0
2022-06-12 06:25:06+02:00,91.6
2022-06-12 06:26:06+02:00,50.0
2022-06-12 06:27:06+02:00,90.6
2022-06-12 06:28:07+02:00,86.8
2022-06-12 06:29:07+02:00,50.0
2022-06-12 06:30:07+02:00,82.9
2022-06-12 06:31:07+02:00,83.0
2022-06-12 06:32:07+02:00,84.0
2022-06-12 06:33:07+02:00,84.7
2022-06-12 06:34:08+02:00,85.3
2022-06-12 06:35:08+02:00,86.1
2022-06-12 06:36:08+02:00,87.0
2022-06-12 06:37:08+02:00,86.9
2022-06-12 06:38:08+02:00,86.8
2022-06-12 06:39:08+02:00,87.6
2022-06-12 06:40:08+02:00,88.4
2022-06-12 06:41:09+02:00,87.4
2022-06-12 06:42:09+02:00,88.2
2022-06-12 06:43:09+02:00,88.5
2022-06-12 06:44:09+02:00,88.1
2022-06-12 06:45:09+02:00,88.2
2022-06-12 06:46:09+02:00,87.4
2022-06-12 06:47:09+02:00,88.1
2022-06-12 06:48:09+02:00,87.9
2022-06-12 06:49:09+02:00,50.0
2022-06-12 06:50:10+02:00,87.4
2022-06-12 06:51:10+02:00,88.7
2022-06-12 06:52:10+02:00,88.6
2022-06-12 06:53:10+02:00,88.0
2022-06-12 06:54:10+02:00,87.6
2022-06-12 06:55:10+02:00,87.8
2022-06-12 06:56:10+02:00,88.2
2022-06-12 06:57:10+02:00,88.3
2022-06-12 06:58:10+02:00,88.2
2022-06-12 06:59:11+02:00,88.3
2022-06-12 07:00:11+02:00,88.6
2022-06-12 07:01:11+02:00,88.1
2022-06-12 07:02:11+02:00,88.5
2022-06-12 07:03:11+02:00,88.5
2022-06-12 07:04:11+02:00,88.8
2022-06-12 07:05:11+02:00,88.6
2022-06-12 07:06:11+02:00,89.0
2022-06-12 07:07:11+02:00,89.5
2022-06-12 07:08:11+02:00,89.5
2022-06-12 07:09:12+02:00,88.7
2022-06-12 07:10:12+02:00,88.7
2022-06-12 07:11:12+02:00,89.2
2022-06-12 07:12:12+02:00,89.3
2022-06-12 07:13:12+02:00,89.5
2022-06-12 07:14:12+02:00,90.0
2022-06-12 07:15:12+02:00,89.3
2022-06-12 07:16:12+02:00,89.4
2022-06-12 07:17:12+02:00,50.0
2022-06-12 07:18:12+02:00,89.7
2022-06-12 07:19:12+02:00,91.2
2022-06-12 07:20:13+02:00,91.8
2022-06-12 07:21:13+02:00,92.8
2022-06-12 07:22:13+02:00,94.4
2022-06-12 07:23:13+02:00,95.1
2022-06-12 07:24:13+02:00,95.0
2022-06-12 07:25:13+02:00,95.0
2022-06-12 07:26:13+02:00,95.2
2022-06-12 07:27:13+02:00,94.8
2022-06-12 07:28:13+02:00,95.0
2022-06-12 07:29:13+02:00,95.1
2022-06-12 07:30:14+02:00,94.4
2022-06-12 07:31:14+02:00,94.0
2022-06-12 07:32:14+02:00,93.3
2022-06-12 07:33:14+02:00,93.5
2022-06-12 07:34:14+02:00,93.8
2022-06-12 07:35:14+02:00,93.9
2022-06-12 07:36:14+02:00,94.3
2022-06-12 07:37:14+02:00,94.0
2022-06-12 07:38:14+02:00,94.2
2022-06-12 07:39:14+02:00,93.3
2022-06-12 07:40:14+02:00,93.2
2022-06-12 07:41:14+02:00,93.8
2022-06-12 07:42:15+02:00,93.2
2022-06-12 07:43:15+02:00,94.4
2022-06-12 07:44:15+02:00,95.4
2022-06-12 07:45:15+02:00,94.9
2022-06-12 07:46:15+02:00,94.6
2022-06-12 07:47:15+02:00,94.5
2022-06-12 07:48:15+02:00,94.8
2022-06-12 07:49:16+02:00,95.0
2022-06-12 07:50:16+02:00,94.6
2022-06-12 07:51:16+02:00,94.0
2022-06-12 07:52:16+02:00,93.6
2022-06-12 07:53:16+02:00,93.4
2022-06-12 07:54:16+02:00,94.0
2022-06-12 07:55:16+02:00,93.4
2022-06-12 07:56:17+02:00,93.2
2022-06-12 07:57:17+02:00,93.6
2022-06-12 07:58:17+02:00,94.5
2022-06-12 07:59:17+02:00,95.1
2022-06-12 08:00:17+02:00,94.3
2022-06-12 08:01:17+02:00,94.6
2022-06-12 08:02:17+02:00,94.2
2022-06-12 08:03:18+02:00,92.9
2022-06-12 08:04:18+02:00,93.5
2022-06-12 08:05:18+02:00,92.6
2022-06-12 08:06:18+02:00,91.9
2022-06-12 08:07:18+02:00,92.2
2022-06-12 08:08:18+02:00,92.1
2022-06-12 08:09:19+02:00,92.2
2022-06-12 08:10:19+02:00,92.8
2022-06-12 08:11:19+02:00,91.6
2022-06-12 08:12:19+02:00,90.9
2022-06-12 08:13:19+02:00,91.8
2022-06-12 08:14:19+02:00,50.0
2022-06-12 08:15:19+02:00,91.3
2022-06-12 08:16:19+02:00,90.4
2022-06-12 08:17:20+02:00,91.1
2022-06-12 08:18:20+02:00,90.0
2022-06-12 08:19:20+02:00,90.0
2022-06-12 08:20:20+02:00,90.1
2022-06-12 08:21:20+02:00,90.3
2022-06-12 08:22:20+02:00,90.4
2022-06-12 08:23:21+02:00,89.6
2022-06-12 08:24:21+02:00,88.9
2022-06-12 08:25:21+02:00,89.1
2022-06-12 08:26:21+02:00,89.2
2022-06-12 08:27:21+02:00,90.3
2022-06-12 08:28:21+02:00,89.2
2022-06-12 08:29:21+02:00,89.2
2022-06-12 08:30:22+02:00,50.0
2022-06-12 08:31:22+02:00,91.5
2022-06-12 08:32:22+02:00,91.1
2022-06-12 08:33:22+02:00,91.1
2022-06-12 08:34:22+02:00,92.3
2022-06-12 08:35:22+02:00,93.4
2022-06-12 08:36:22+02:00,93.8
2022-06-12 08:37:23+02:00,93.7
2022-06-12 08:38:23+02:00,93.7
2022-06-12 08:39:23+02:00,94.1
2022-06-12 08:40:23+02:00,93.6
2022-06-12 08:41:23+02:00,92.7
2022-06-12 08:42:23+02:00,92.1
2022-06-12 08:43:23+02:00,92.2
2022-06-12 08:44:24+02:00,93.1
2022-06-12 08:45:24+02:00,50.0
2022-06-12 08:46:24+02:00,92.0
2022-06-12 08:47:24+02:00,94.3
2022-06-12 08:48:24+02:00,94.8
2022-06-12 08:49:24+02:00,93.3
2022-06-12 08:50:25+02:00,93.2
2022-06-12 08:51:25+02:00,93.5
2022-06-12 08:52:25+02:00,93.6
2022-06-12 08:53:25+02:00,93.7
2022-06-12 08:54:25+02:00,94.0
2022-06-12 08:55:25+02:00,94.2
2022-06-12 08:56:25+02:00,93.8
2022-06-12 08:57:26+02:00,93.8
2022-06-12 08:58:26+02:00,93.8
2022-06-12 08:59:26+02:00,94.1
2022-06-12 09:00:26+02:00,94.1
2022-06-12 09:01:26+02:00,92.4
2022-06-12 09:02:26+02:00,92.9
2022-06-12 09:03:26+02:00,92.7
2022-06-12 09:04:27+02:00,93.9
2022-06-12 09:05:27+02:00,94.6
2022-06-12 09:06:27+02:00,94.5
2022-06-12 09:07:27+02:00,93.7
2022-06-12 09:08:27+02:00,94.6
2022-06-12 09:09:27+02:00,94.0
2022-06-12 09:10:27+02:00,93.9
2022-06-12 09:11:28+02:00,94.1
2022-06-12 09:12:28+02:00,94.2
2022-06-12 09:13:28+02:00,95.3
2022-06-12 09:14:28+02:00,94.5
2022-06-12 09:15:28+02:00,93.8
2022-06-12 09:16:28+02:00,93.1
2022-06-12 09:17:28+02:00,50.0
2022-06-12 09:18:29+02:00,93.8
2022-06-12 09:19:29+02:00,94.7
2022-06-12 09:20:29+02:00,95.6
2022-06-12 09:21:29+02:00,95.8
2022-06-12 09:22:29+02:00,50.0
2022-06-12 09:23:29+02:00,95.5
2022-06-12 09:24:29+02:00,50.0
2022-06-12 09:25:30+02:00,50.0
2022-06-12 09:26:30+02:00,50.0
2022-06-12 09:27:30+02:00,50.0
2022-06-12 09:28:30+02:00,95.8
2022-06-12 09:29:30+02:00,94.6
2022-06-12 09:30:30+02:00,50.0
2022-06-12 09:31:30+02:00,94.3
2022-06-12 09:32:30+02:00,93.7
2022-06-12 09:33:30+02:00,94.1
2022-06-12 09:34:31+02:00,50.0
2022-06-12 09:35:31+02:00,50.0
2022-06-12 09:36:31+02:00,50.0
2022-06-12 09:37:31+02:00,50.0
2022-06-12 09:38:31+02:00,50.0
2022-06-12 09:39:31+02:00,50.0
2022-06-12 09:40:31+02:00,50.0
2022-06-12 09:41:32+02:00,50.0
2022-06-12 09:42:32+02:00,50.0
2022-06-12 09:43:32+02:00,50.0
2022-06-12 09:44:32+02:00,50.0
2022-06-12 09:45:32+02:00,50.0
2022-06-12 09:46:32+02:00,50.0
2022-06-12 09:47:33+02:00,50.0
2022-06-12 09:48:33+02:00,50.0
2022-06-12 09:49:33+02:00,50.0
2022-06-12 09:50:33+02:00,50.0
2022-06-12 09:51:33+02:00,50.0
2022-06-12 09:52:33+02:00,50.0
2022-06-12 09:53:33+02:00,93.7
2022-06-12 09:54:34+02:00,50.0
2022-06-12 09:55:34+02:00,50.0
2022-06-12 09:56:34+02:00,50.0
2022-06-12 09:57:34+02:00,50.0
2022-06-12 09:58:34+02:00,50.0
2022-06-12 09:59:34+02:00,50.0
2022-06-12 10:00:35+02:00,50.0
2022-06-12 10:01:35+02:00,50.0
2022-06-12 10:02:35+02:00,50.0
2022-06-12 10:03:35+02:00,50.0
2022-06-12 10:04:35+02:00,50.0
2022-06-12 10:05:35+02:00,50.0
2022-06-12 10:06:35+02:00,50.0
2022-06-12 10:07:36+02:00,50.0
2022-06-12 10:08:36+02:00,50.0
2022-06-12 10:09:36+02:00,50.0
2022-06-12 10:10:36+02:00,50.0
2022-06-14 00:17:00+02:00,50.0
2022-06-14 00:18:00+02:00,93.0
2022-06-14 00:19:00+02:00,93.1
2022-06-14 00:20:00+02:00,93.2
2022-06-14 00:21:00+02:00,93.1
2022-06-14 00:22:00+02:00,93.6
2022-06-14 00:23:00+02:00,93.7
2022-06-14 00:24:00+02:00,50.0
2022-06-14 00:25:00+02:00,94.3
2022-06-14 00:26:00+02:00,94.6
2022-06-14 00:27:00+02:00,94.4
2022-06-14 00:28:00+02:00,94.1
2022-06-14 00:29:01+02:00,93.8
2022-06-14 00:30:01+02:00,93.5
2022-06-14 00:31:01+02:00,93.2
2022-06-14 00:32:01+02:00,93.1
2022-06-14 00:33:01+02:00,92.8
2022-06-14 00:34:01+02:00,92.6
2022-06-14 00:35:01+02:00,92.5
2022-06-14 00:36:01+02:00,92.3
2022-06-14 00:37:02+02:00,92.2
2022-06-14 00:38:02+02:00,92.1
2022-06-14 00:39:02+02:00,92.1
2022-06-14 00:40:02+02:00,92.0
2022-06-14 00:41:02+02:00,92.0
2022-06-14 00:42:02+02:00,92.0
2022-06-14 00:43:02+02:00,91.9
2022-06-14 00:44:02+02:00,91.7
2022-06-14 00:45:03+02:00,91.6
2022-06-14 00:46:03+02:00,91.4
2022-06-14 00:47:03+02:00,91.4
2022-06-14 00:48:03+02:00,91.5
2022-06-14 00:49:03+02:00,91.4
2022-06-14 00:50:03+02:00,91.5
2022-06-14 00:51:03+02:00,91.5
2022-06-14 00:52:04+02:00,91.4
2022-06-14 00:53:04+02:00,91.2
2022-06-14 00:54:04+02:00,91.3
2022-06-14 00:55:04+02:00,91.1
2022-06-14 00:56:04+02:00,91.1
2022-06-14 00:57:04+02:00,91.3
2022-06-14 00:58:04+02:00,50.0
2022-06-14 00:59:04+02:00,91.3
2022-06-14 01:00:04+02:00,50.0
2022-06-14 01:01:04+02:00,91.0
2022-06-14 01:02:04+02:00,90.1
2022-06-14 01:03:05+02:00,90.4
2022-06-14 01:04:05+02:00,89.9
2022-06-14 01:05:05+02:00,89.2
2022-06-14 01:06:05+02:00,88.5
2022-06-14 01:07:05+02:00,88.9
2022-06-14 01:08:05+02:00,88.9
2022-06-14 01:09:05+02:00,88.5
2022-06-14 01:10:05+02:00,89.2
2022-06-14 01:11:05+02:00,90.0
2022-06-14 01:12:06+02:00,50.0
2022-06-14 01:13:06+02:00,90.2
2022-06-14 01:14:06+02:00,91.4
2022-06-14 01:15:06+02:00,91.5
2022-06-14 01:16:06+02:00,91.4
2022-06-14 01:17:06+02:00,91.7
2022-06-14 01:18:06+02:00,91.4
2022-06-14 01:19:07+02:00,90.8
2022-06-14 01:20:07+02:00,90.5
2022-06-14 01:21:07+02:00,90.4
2022-06-14 01:22:07+02:00,90.0
2022-06-14 01:23:07+02:00,90.0
2022-06-14 01:24:07+02:00,89.9
2022-06-14 01:25:07+02:00,89.7
2022-06-14 01:26:08+02:00,89.3
2022-06-14 01:27:08+02:00,89.8
2022-06-14 01:28:08+02:00,91.0
2022-06-14 01:29:08+02:00,91.4
2022-06-14 01:30:08+02:00,91.0
2022-06-14 01:31:08+02:00,90.6
2022-06-14 01:32:08+02:00,90.6
2022-06-14 01:33:09+02:00,91.1
2022-06-14 01:34:09+02:00,91.1
2022-06-14 01:35:09+02:00,91.5
2022-06-14 01:36:09+02:00,91.9
2022-06-14 01:37:09+02:00,91.2
2022-06-14 01:38:09+02:00,91.2
2022-06-14 01:39:09+02:00,91.0
2022-06-14 01:40:09+02:00,90.7
2022-06-14 01:41:09+02:00,90.6
2022-06-14 01:42:09+02:00,90.2
2022-06-14 01:43:09+02:00,90.2
2022-06-14 01:44:10+02:00,90.0
2022-06-14 01:45:10+02:00,89.7
2022-06-14 01:46:10+02:00,89.7
2022-06-14 01:47:10+02:00,89.3
2022-06-14 01:48:10+02:00,89.0
2022-06-14 01:49:10+02:00,88.9
2022-06-14 01:50:10+02:00,88.8
2022-06-14 01:51:10+02:00,88.5
2022-06-14 01:52:10+02:00,88.7
2022-06-14 01:53:10+02:00,89.3
2022-06-14 01:54:11+02:00,88.9
2022-06-14 01:55:11+02:00,88.5
2022-06-14 01:56:11+02:00,88.4
2022-06-14 01:57:11+02:00,88.1
2022-06-14 01:58:11+02:00,88.3
2022-06-14 01:59:11+02:00,88.0
2022-06-14 02:00:11+02:00,88.5
2022-06-14 02:00:11+02:00,88.5
2022-06-14 02:01:11+02:00,88.7
2022-06-14 02:02:11+02:00,88.5
2022-06-14 02:03:12+02:00,88.6
2022-06-14 02:04:12+02:00,88.0
2022-06-14 02:05:12+02:00,87.7
2022-06-14 02:06:12+02:00,87.9
2022-06-14 02:07:12+02:00,87.2
2022-06-14 02:08:12+02:00,88.9
2022-06-14 02:09:12+02:00,90.7
2022-06-14 02:10:12+02:00,90.4
2022-06-14 02:11:12+02:00,89.5
2022-06-14 02:12:13+02:00,89.0
2022-06-14 02:13:13+02:00,88.8
2022-06-14 02:14:13+02:00,87.8
2022-06-14 02:15:13+02:00,89.5
2022-06-14 02:16:13+02:00,90.5
2022-06-14 02:17:13+02:00,90.0
2022-06-14 02:18:13+02:00,89.3
2022-06-14 02:19:13+02:00,88.6
2022-06-14 02:20:13+02:00,89.0
2022-06-14 02:21:14+02:00,89.8
2022-06-14 02:22:14+02:00,89.7
2022-06-14 02:23:14+02:00,89.6
2022-06-14 02:24:14+02:00,89.4
2022-06-14 02:25:14+02:00,89.5
2022-06-14 02:26:14+02:00,89.6
2022-06-14 02:27:14+02:00,90.8
2022-06-14 02:28:14+02:00,90.4
2022-06-14 02:29:14+02:00,89.7
2022-06-14 02:30:15+02:00,89.4
2022-06-14 02:31:15+02:00,89.1
2022-06-14 02:32:15+02:00,89.3
2022-06-14 02:33:15+02:00,89.5
2022-06-14 02:34:15+02:00,89.4
2022-06-14 02:35:15+02:00,88.8
2022-06-14 02:36:16+02:00,88.8
2022-06-14 02:37:16+02:00,88.9
2022-06-14 02:38:16+02:00,88.8
2022-06-14 02:39:16+02:00,89.0
2022-06-14 02:40:16+02:00,88.9
2022-06-14 02:41:16+02:00,89.0
2022-06-14 02:42:16+02:00,88.7
2022-06-14 02:43:17+02:00,88.7
2022-06-14 02:44:17+02:00,88.7
2022-06-14 02:45:17+02:00,88.3
2022-06-14 02:46:17+02:00,88.5
2022-06-14 02:47:17+02:00,88.2
2022-06-14 02:48:17+02:00,88.2
2022-06-14 02:49:17+02:00,89.0
2022-06-14 02:50:18+02:00,89.0
2022-06-14 02:51:18+02:00,88.9
2022-06-14 02:52:18+02:00,50.0
2022-06-14 02:53:18+02:00,89.6
2022-06-14 02:54:18+02:00,50.0
2022-06-14 02:55:18+02:00,50.0
2022-06-14 02:56:18+02:00,50.0
2022-06-14 02:57:19+02:00,50.0
2022-06-14 02:58:19+02:00,88.6
2022-06-14 02:59:19+02:00,89.8
2022-06-14 03:00:19+02:00,92.1
2022-06-14 03:01:19+02:00,50.0
2022-06-14 03:02:19+02:00,50.0
2022-06-14 03:03:19+02:00,50.0
2022-06-14 03:04:19+02:00,50.0
2022-06-14 03:05:20+02:00,50.0
2022-06-14 03:06:20+02:00,50.0
2022-06-14 03:07:20+02:00,50.0
2022-06-14 03:08:20+02:00,50.0
2022-06-14 03:09:20+02:00,94.3
2022-06-14 03:10:20+02:00,50.0
2022-06-14 03:11:20+02:00,50.0
2022-06-14 03:12:20+02:00,94.6
2022-06-14 03:13:20+02:00,50.0
2022-06-14 03:14:21+02:00,94.4
2022-06-14 03:15:21+02:00,50.0
2022-06-14 03:16:21+02:00,92.5
2022-06-14 03:17:21+02:00,92.6
2022-06-14 03:18:21+02:00,92.3
2022-06-14 03:19:21+02:00,50.0
2022-06-14 03:20:21+02:00,50.0
2022-06-14 03:21:22+02:00,92.1
2022-06-14 03:22:22+02:00,92.4
2022-06-14 03:23:22+02:00,90.1
2022-06-14 03:24:22+02:00,50.0
2022-06-14 03:25:22+02:00,88.2
2022-06-14 03:26:22+02:00,50.0
2022-06-14 03:27:22+02:00,89.7
2022-06-14 03:28:23+02:00,92.6
2022-06-14 03:29:23+02:00,93.8
2022-06-14 03:30:23+02:00,93.8
2022-06-14 03:31:23+02:00,93.3
2022-06-14 03:32:23+02:00,93.0
2022-06-14 03:33:23+02:00,92.3
2022-06-14 03:34:24+02:00,50.0
2022-06-14 03:35:24+02:00,92.3
2022-06-14 03:36:24+02:00,92.7
2022-06-14 03:37:24+02:00,92.0
2022-06-14 04:14:00+02:00,80.8
2022-06-14 04:15:00+02:00,80.9
2022-06-14 04:16:00+02:00,80.8
2022-06-14 04:17:00+02:00,80.8
2022-06-14 04:18:00+02:00,80.5
2022-06-14 04:19:00+02:00,76.7
2022-06-14 04:20:00+02:00,50.0
2022-06-14 04:21:00+02:00,78.0
2022-06-14 04:22:00+02:00,50.0
2022-06-14 04:23:00+02:00,78.0
2022-06-14 04:24:00+02:00,81.9
2022-06-14 04:25:00+02:00,85.9
2022-06-14 04:26:00+02:00,88.5
2022-06-14 04:27:01+02:00,90.1
2022-06-14 04:28:01+02:00,91.1
2022-06-14 04:29:01+02:00,92.0
2022-06-14 04:30:01+02:00,92.7
2022-06-14 04:31:01+02:00,93.2
2022-06-14 04:32:01+02:00,93.7
2022-06-14 04:33:01+02:00,93.7
2022-06-14 04:34:02+02:00,93.5
2022-06-14 04:35:02+02:00,93.3
2022-06-14 04:36:02+02:00,93.3
2022-06-14 04:37:02+02:00,93.5
2022-06-14 04:38:02+02:00,93.5
2022-06-14 04:39:02+02:00,93.3
2022-06-14 04:40:02+02:00,93.3
2022-06-14 04:41:02+02:00,93.2
2022-06-14 04:42:02+02:00,93.2
2022-06-14 04:43:02+02:00,93.4
2022-06-14 04:44:03+02:00,93.4
2022-06-14 04:45:03+02:00,93.2
2022-06-14 04:46:03+02:00,93.0
2022-06-14 04:47:03+02:00,93.3
2022-06-14 04:48:03+02:00,93.3
2022-06-14 04:49:03+02:00,93.1
2022-06-14 04:50:03+02:00,92.9
2022-06-14 04:51:03+02:00,92.6
2022-06-14 04:52:04+02:00,92.5
2022-06-14 04:53:04+02:00,92.8
2022-06-14 04:54:04+02:00,92.9
2022-06-14 04:55:04+02:00,92.7
2022-06-14 04:56:04+02:00,93.1
2022-06-14 04:57:04+02:00,93.5
2022-06-14 04:58:04+02:00,93.5
2022-06-14 04:59:04+02:00,94.0
2022-06-14 05:00:05+02:00,94.6
2022-06-14 05:01:05+02:00,92.7
2022-06-14 05:02:05+02:00,92.6
2022-06-14 05:03:05+02:00,92.9
2022-06-14 05:04:05+02:00,50.0
2022-06-14 05:05:05+02:00,93.0
2022-06-14 05:06:05+02:00,93.0
2022-06-14 05:07:05+02:00,92.4
2022-06-14 05:08:05+02:00,92.7
2022-06-14 05:09:06+02:00,91.4
2022-06-14 05:10:06+02:00,92.3
2022-06-14 05:11:06+02:00,93.0
2022-06-14 05:12:06+02:00,93.4
2022-06-14 05:13:06+02:00,93.2
2022-06-14 05:14:06+02:00,50.0
2022-06-14 05:15:06+02:00,89.1
2022-06-14 05:16:06+02:00,88.0
2022-06-14 05:17:07+02:00,87.8
2022-06-14 05:18:07+02:00,87.9
2022-06-14 05:19:07+02:00,50.0
2022-06-14 05:20:07+02:00,90.6
2022-06-14 05:21:07+02:00,92.4
2022-06-14 05:22:07+02:00,92.9
2022-06-14 05:23:07+02:00,94.0
2022-06-14 05:24:08+02:00,93.8
2022-06-14 05:25:08+02:00,91.9
2022-06-14 05:26:08+02:00,91.8
2022-06-14 05:27:08+02:00,91.6
2022-06-14 05:28:08+02:00,91.5
2022-06-14 05:29:08+02:00,91.8
2022-06-14 05:30:09+02:00,92.8
2022-06-14 05:31:09+02:00,92.8
2022-06-14 05:32:09+02:00,93.0
2022-06-14 05:33:09+02:00,92.9
2022-06-14 05:34:09+02:00,93.5
2022-06-14 05:35:09+02:00,92.5
2022-06-14 05:36:09+02:00,89.7
2022-06-14 05:37:09+02:00,87.0
2022-06-14 05:38:09+02:00,85.3
2022-06-14 05:39:10+02:00,83.8
2022-06-14 05:40:10+02:00,83.4
2022-06-14 05:41:10+02:00,81.9
2022-06-14 05:42:10+02:00,81.1
2022-06-14 05:43:10+02:00,81.0
2022-06-14 05:44:10+02:00,81.0
2022-06-14 05:45:10+02:00,81.0
2022-06-14 05:46:10+02:00,82.2
2022-06-14 05:47:10+02:00,84.4
2022-06-14 05:48:11+02:00,84.5
2022-06-14 05:49:11+02:00,84.3
2022-06-14 05:50:11+02:00,84.2
2022-06-14 05:51:11+02:00,83.9
2022-06-14 05:52:11+02:00,84.0
2022-06-14 05:53:11+02:00,84.1
2022-06-14 05:54:11+02:00,83.9
2022-06-14 05:55:11+02:00,84.0
2022-06-14 05:56:11+02:00,84.4
2022-06-14 05:57:11+02:00,84.5
2022-06-14 05:58:12+02:00,84.3
2022-06-14 05:59:12+02:00,84.2
2022-06-14 06:00:12+02:00,84.1
2022-06-14 06:01:12+02:00,84.0
2022-06-14 06:02:12+02:00,83.9
2022-06-14 06:03:12+02:00,83.8
2022-06-14 06:04:12+02:00,83.4
2022-06-14 06:05:12+02:00,83.4
2022-06-14 06:06:13+02:00,83.3
2022-06-14 06:07:13+02:00,83.4
2022-06-14 06:08:13+02:00,83.3
2022-06-14 06:09:13+02:00,83.1
2022-06-14 06:10:13+02:00,82.9
2022-06-14 06:11:13+02:00,83.7
2022-06-14 06:12:13+02:00,84.3
2022-06-14 06:13:13+02:00,83.9
2022-06-14 06:14:13+02:00,83.8
2022-06-14 06:15:14+02:00,83.6
2022-06-14 06:16:14+02:00,50.0
2022-06-14 06:17:14+02:00,84.6
2022-06-14 06:18:14+02:00,86.2
2022-06-14 06:19:14+02:00,87.0
2022-06-14 06:20:14+02:00,86.3
2022-06-14 06:21:14+02:00,86.4
2022-06-14 06:22:14+02:00,50.0
2022-06-14 06:23:14+02:00,86.3
2022-06-14 06:24:15+02:00,86.7
2022-06-14 06:25:15+02:00,86.5
2022-06-14 06:26:15+02:00,87.4
2022-06-14 06:27:15+02:00,87.6
2022-06-14 06:28:15+02:00,88.1
2022-06-14 06:29:15+02:00,87.5
2022-06-14 06:30:15+02:00,88.9
2022-06-14 06:31:15+02:00,87.9
2022-06-14 06:32:16+02:00,88.4
2022-06-14 06:33:16+02:00,89.0
2022-06-14 06:34:16+02:00,89.8
2022-06-14 06:35:16+02:00,89.5
2022-06-14 06:36:16+02:00,50.0
2022-06-14 06:37:16+02:00,87.9
2022-06-14 06:38:17+02:00,88.1
2022-06-14 06:39:17+02:00,88.8
2022-06-14 06:40:17+02:00,88.3
2022-06-14 06:41:17+02:00,89.2
2022-06-14 06:42:17+02:00,89.6
2022-06-14 06:43:17+02:00,89.8
2022-06-14 06:44:17+02:00,89.8
2022-06-14 06:45:18+02:00,89.2
2022-06-14 06:46:18+02:00,89.0
2022-06-14 06:47:18+02:00,89.7
2022-06-14 06:48:18+02:00,91.2
2022-06-14 06:49:18+02:00,91.6
2022-06-14 06:50:18+02:00,92.0
2022-06-14 06:51:19+02:00,92.1
2022-06-14 06:52:19+02:00,91.2
2022-06-14 06:53:19+02:00,90.9
2022-06-14 06:54:19+02:00,91.2
2022-06-14 06:55:19+02:00,89.6
2022-06-14 06:56:19+02:00,88.9
2022-06-14 06:57:19+02:00,90.0
2022-06-14 06:58:20+02:00,87.5
2022-06-14 06:59:20+02:00,85.5
2022-06-14 07:00:20+02:00,84.3
2022-06-14 07:01:20+02:00,83.5
2022-06-14 07:02:20+02:00,83.0
2022-06-14 07:03:20+02:00,84.5
2022-06-14 07:04:21+02:00,88.1
2022-06-14 07:05:21+02:00,91.2
2022-06-14 07:06:21+02:00,92.4
2022-06-14 07:07:21+02:00,93.0
2022-06-14 07:08:21+02:00,92.8
2022-06-14 07:09:21+02:00,93.5
2022-06-14 07:10:21+02:00,94.0
2022-06-14 07:11:21+02:00,94.8
2022-06-14 07:12:22+02:00,94.7
2022-06-14 07:13:22+02:00,94.5
2022-06-14 07:14:22+02:00,94.1
2022-06-14 07:15:22+02:00,93.6
2022-06-14 07:16:22+02:00,95.2
2022-06-14 07:17:22+02:00,94.8
2022-06-14 07:18:23+02:00,94.3
2022-06-14 07:19:23+02:00,94.1
2022-06-14 07:20:23+02:00,94.1
2022-06-14 07:21:23+02:00,94.1
2022-06-14 07:22:23+02:00,94.1
2022-06-14 07:23:23+02:00,94.3
2022-06-14 07:24:23+02:00,94.9
2022-06-14 07:25:24+02:00,95.2
2022-06-14 07:26:24+02:00,50.0
2022-06-14 07:27:24+02:00,95.3
2022-06-14 07:28:24+02:00,95.3
2022-06-14 07:29:24+02:00,95.0
2022-06-14 07:30:24+02:00,94.7
2022-06-14 07:31:24+02:00,94.6
2022-06-14 07:32:25+02:00,94.1
2022-06-14 07:33:25+02:00,94.7
2022-06-14 07:34:25+02:00,94.3
2022-06-14 07:35:25+02:00,94.6
2022-06-14 07:36:25+02:00,94.7
2022-06-14 07:37:25+02:00,50.0
2022-06-14 07:38:26+02:00,95.7
2022-06-14 07:39:26+02:00,95.5
2022-06-14 07:40:26+02:00,95.5
2022-06-14 07:41:26+02:00,95.5
2022-06-14 07:42:26+02:00,95.4
2022-06-14 07:43:26+02:00,95.2
2022-06-14 07:44:26+02:00,95.3
2022-06-14 07:45:27+02:00,95.0
2022-06-14 07:46:27+02:00,95.1
2022-06-14 07:47:27+02:00,94.6
2022-06-14 07:48:27+02:00,93.9
2022-06-14 07:49:27+02:00,94.2
2022-06-14 07:50:27+02:00,94.3
2022-06-14 07:51:28+02:00,94.2
2022-06-14 07:52:28+02:00,50.0
2022-06-14 07:53:28+02:00,94.6
2022-06-14 07:54:28+02:00,94.8
2022-06-14 07:55:28+02:00,95.6
2022-06-14 07:56:28+02:00,95.7
2022-06-14 07:57:29+02:00,96.0
2022-06-14 07:58:29+02:00,96.0
2022-06-14 07:59:29+02:00,96.3
2022-06-14 08:00:29+02:00,95.3
2022-06-14 08:01:29+02:00,94.2
2022-06-14 08:02:29+02:00,93.8
2022-06-14 08:03:29+02:00,93.6
2022-06-14 08:04:30+02:00,93.3
2022-06-14 08:05:30+02:00,94.5
2022-06-14 08:06:30+02:00,95.5
2022-06-14 08:07:30+02:00,96.0
2022-06-14 08:08:30+02:00,96.2
2022-06-14 08:09:30+02:00,96.2
2022-06-14 08:10:30+02:00,96.6
2022-06-14 08:11:31+02:00,96.6
2022-06-14 08:12:31+02:00,50.0
2022-06-14 08:13:31+02:00,95.6
2022-06-14 08:14:31+02:00,94.6
2022-06-14 08:15:31+02:00,93.6
2022-06-14 08:16:31+02:00,92.9
2022-06-14 08:17:32+02:00,92.9
2022-06-14 08:18:32+02:00,92.4
2022-06-14 08:19:32+02:00,92.1
2022-06-14 08:20:32+02:00,91.6
2022-06-14 08:21:32+02:00,90.1
2022-06-14 08:22:32+02:00,89.7
2022-06-14 08:23:32+02:00,89.7
2022-06-14 08:24:33+02:00,88.6
2022-06-14 08:25:33+02:00,50.0
2022-06-14 08:26:33+02:00,89.0
2022-06-14 08:27:33+02:00,89.0
2022-06-14 08:28:33+02:00,88.7
2022-06-14 08:29:33+02:00,88.5
2022-06-14 08:30:34+02:00,50.0
2022-06-14 08:31:34+02:00,88.7
2022-06-14 08:32:34+02:00,88.3
2022-06-14 08:33:34+02:00,50.0
2022-06-14 08:34:34+02:00,50.0
2022-06-14 08:35:34+02:00,50.0
2022-06-14 08:36:34+02:00,50.0
2022-06-14 08:37:34+02:00,50.0
2022-06-14 08:38:35+02:00,50.0
2022-06-14 08:39:35+02:00,50.0
2022-06-14 08:40:35+02:00,89.6
2022-06-14 08:41:35+02:00,50.0
2022-06-14 08:42:35+02:00,91.3
2022-06-14 08:43:35+02:00,50.0
2022-06-14 08:44:36+02:00,91.2
2022-06-14 08:45:36+02:00,91.4
2022-06-14 08:46:36+02:00,50.0
2022-06-14 08:47:36+02:00,92.5
2022-06-14 08:48:36+02:00,92.2
2022-06-14 08:49:36+02:00,50.0
2022-06-14 08:50:36+02:00,92.2
2022-06-14 08:51:37+02:00,92.4
2022-06-14 08:52:37+02:00,92.5
2022-06-14 08:53:37+02:00,92.9
2022-06-14 08:54:37+02:00,93.1
2022-06-14 08:55:37+02:00,93.5
2022-06-14 08:56:37+02:00,93.6
2022-06-14 08:57:37+02:00,50.0
2022-06-14 08:58:38+02:00,50.0
2022-06-14 08:59:38+02:00,93.2
2022-06-14 09:00:38+02:00,50.0
2022-06-14 09:01:38+02:00,50.0
2022-06-14 09:02:38+02:00,50.0
2022-06-14 09:03:38+02:00,50.0
2022-06-14 09:04:39+02:00,50.0
2022-06-14 09:05:39+02:00,50.0
2022-06-14 09:06:39+02:00,50.0
2022-06-14 09:07:39+02:00,50.0
2022-06-14 09:08:39+02:00,50.0
2022-06-14 09:09:39+02:00,50.0
2022-06-14 09:10:39+02:00,50.0
2022-06-14 09:11:40+02:00,50.0
2022-06-14 09:12:40+02:00,50.0
2022-06-14 09:13:40+02:00,50.0
2022-06-14 09:14:40+02:00,50.0
2022-06-14 09:15:40+02:00,50.0
2022-06-14 09:16:40+02:00,50.0
2022-06-14 09:17:40+02:00,50.0
2022-06-14 09:18:41+02:00,50.0
2022-06-14 09:19:41+02:00,50.0
2022-06-14 09:20:41+02:00,50.0
2022-06-14 09:21:41+02:00,50.0
2022-06-14 09:22:41+02:00,50.0
2022-06-14 09:23:41+02:00,50.0
2022-06-14 09:24:42+02:00,50.0
2022-06-14 09:25:42+02:00,50.0
2022-06-15 00:20:00+02:00,85.7
2022-06-15 00:21:00+02:00,86.2
2022-06-15 00:22:00+02:00,87.0
2022-06-15 00:23:00+02:00,87.4
2022-06-15 00:24:00+02:00,87.1
2022-06-15 00:25:00+02:00,87.0
2022-06-15 00:26:00+02:00,87.0
2022-06-15 00:27:00+02:00,88.9
2022-06-15 00:28:00+02:00,89.3
2022-06-15 00:29:00+02:00,90.0
2022-06-15 00:30:00+02:00,90.0
2022-06-15 00:31:00+02:00,90.1
2022-06-15 00:32:01+02:00,89.8
2022-06-15 00:33:01+02:00,90.4
2022-06-15 00:34:01+02:00,90.0
2022-06-15 00:35:01+02:00,89.6
2022-06-15 00:36:01+02:00,89.3
2022-06-15 00:37:01+02:00,89.4
2022-06-15 00:38:01+02:00,88.9
2022-06-15 00:39:01+02:00,88.2
2022-06-15 00:40:01+02:00,87.8
2022-06-15 00:41:01+02:00,87.5
2022-06-15 00:42:02+02:00,87.0
2022-06-15 00:43:02+02:00,86.7
2022-06-15 00:44:02+02:00,86.9
2022-06-15 00:45:02+02:00,88.6
2022-06-15 00:46:02+02:00,89.2
2022-06-15 00:47:02+02:00,89.0
2022-06-15 00:48:02+02:00,88.5
2022-06-15 00:49:02+02:00,88.1
2022-06-15 00:50:03+02:00,87.3
2022-06-15 00:51:03+02:00,86.7
2022-06-15 00:52:03+02:00,86.5
2022-06-15 00:53:03+02:00,87.0
2022-06-15 00:54:03+02:00,87.0
2022-06-15 00:55:03+02:00,87.1
2022-06-15 00:56:03+02:00,86.9
2022-06-15 00:57:03+02:00,87.2
2022-06-15 00:58:04+02:00,86.5
2022-06-15 00:59:04+02:00,86.0
2022-06-15 01:00:04+02:00,86.9
2022-06-15 01:01:04+02:00,85.1
2022-06-15 01:02:04+02:00,84.8
2022-06-15 01:03:04+02:00,84.4
2022-06-15 01:04:04+02:00,85.8
2022-06-15 01:05:04+02:00,89.5
2022-06-15 01:06:05+02:00,91.0
2022-06-15 01:07:05+02:00,93.0
2022-06-15 01:08:05+02:00,93.1
2022-06-15 01:09:05+02:00,92.8
2022-06-15 01:10:05+02:00,92.0
2022-06-15 01:11:05+02:00,90.3
2022-06-15 01:12:05+02:00,87.8
2022-06-15 01:13:05+02:00,86.2
2022-06-15 01:14:05+02:00,84.2
2022-06-15 01:15:06+02:00,83.3
2022-06-15 01:16:06+02:00,83.4
2022-06-15 01:17:06+02:00,84.1
2022-06-15 01:18:06+02:00,83.3
2022-06-15 01:19:06+02:00,82.8
2022-06-15 01:20:06+02:00,82.0
2022-06-15 01:21:06+02:00,83.6
2022-06-15 01:22:07+02:00,84.2
2022-06-15 01:23:07+02:00,83.7
2022-06-15 01:24:07+02:00,83.9
2022-06-15 01:25:07+02:00,83.6
2022-06-15 01:26:07+02:00,83.4
2022-06-15 01:27:07+02:00,84.2
2022-06-15 01:28:08+02:00,84.7
2022-06-15 01:29:08+02:00,84.7
2022-06-15 01:30:08+02:00,85.4
2022-06-15 01:31:08+02:00,85.0
2022-06-15 01:32:08+02:00,86.2
2022-06-15 01:33:08+02:00,84.9
2022-06-15 01:34:08+02:00,84.5
2022-06-15 01:35:09+02:00,84.6
2022-06-15 01:36:09+02:00,50.0
2022-06-15 01:37:09+02:00,85.5
2022-06-15 01:38:09+02:00,87.1
2022-06-15 01:39:09+02:00,87.8
2022-06-15 01:40:09+02:00,88.3
2022-06-15 01:41:09+02:00,88.5
2022-06-15 01:42:09+02:00,88.9
2022-06-15 01:43:09+02:00,88.6
2022-06-15 01:44:09+02:00,88.1
2022-06-15 01:45:09+02:00,50.0
2022-06-15 01:46:09+02:00,88.1
2022-06-15 01:47:09+02:00,50.0
2022-06-15 01:48:10+02:00,50.0
2022-06-15 01:49:10+02:00,50.0
2022-06-15 01:50:10+02:00,86.7
2022-06-15 01:51:10+02:00,50.0
2022-06-15 01:52:10+02:00,50.0
2022-06-15 01:53:10+02:00,50.0
2022-06-15 01:54:10+02:00,50.0
2022-06-15 01:55:10+02:00,50.0
2022-06-15 01:56:10+02:00,87.4
2022-06-15 01:57:10+02:00,89.6
2022-06-15 01:58:10+02:00,89.9
2022-06-15 01:59:10+02:00,90.1
2022-06-15 02:00:11+02:00,50.0
2022-06-15 02:00:11+02:00,50.0
2022-06-15 02:01:11+02:00,90.8
2022-06-15 02:02:11+02:00,91.7
2022-06-15 02:03:11+02:00,91.8
2022-06-15 02:04:11+02:00,92.0
2022-06-15 02:05:11+02:00,92.4
2022-06-15 02:06:11+02:00,92.2
2022-06-15 02:07:11+02:00,92.2
2022-06-15 02:08:11+02:00,91.3
2022-06-15 02:09:12+02:00,91.3
2022-06-15 02:10:12+02:00,89.7
2022-06-15 02:11:12+02:00,90.0
2022-06-15 02:12:12+02:00,90.6
2022-06-15 02:13:12+02:00,90.9
2022-06-15 02:14:12+02:00,90.9
2022-06-15 02:15:12+02:00,90.8
2022-06-15 02:16:12+02:00,50.0
2022-06-15 02:17:12+02:00,50.0
2022-06-15 02:18:13+02:00,50.0
2022-06-15 02:19:13+02:00,50.0
2022-06-15 02:20:13+02:00,91.3
2022-06-15 02:21:13+02:00,50.0
2022-06-15 02:22:13+02:00,50.0
2022-06-15 02:23:13+02:00,92.7
2022-06-15 02:24:13+02:00,92.9
2022-06-15 02:25:13+02:00,50.0
2022-06-15 02:26:13+02:00,93.0
2022-06-15 02:27:14+02:00,92.6
2022-06-15 02:28:14+02:00,92.4
2022-06-15 02:29:14+02:00,92.5
2022-06-15 02:30:14+02:00,50.0
2022-06-15 02:31:14+02:00,91.7
2022-06-15 02:32:14+02:00,89.7
2022-06-15 02:33:14+02:00,50.0
2022-06-15 02:34:14+02:00,50.0
2022-06-15 02:35:14+02:00,90.1
2022-06-15 02:36:14+02:00,91.2
2022-06-15 02:37:14+02:00,92.6
2022-06-15 02:38:14+02:00,92.9
2022-06-15 02:39:15+02:00,94.1
2022-06-15 02:40:15+02:00,94.9
2022-06-15 02:41:15+02:00,95.1
2022-06-15 02:42:15+02:00,50.0
2022-06-15 02:43:15+02:00,94.4
2022-06-15 02:44:15+02:00,93.0
2022-06-15 02:45:15+02:00,93.0
2022-06-15 02:46:16+02:00,93.2
2022-06-15 02:47:16+02:00,93.4
2022-06-15 02:48:16+02:00,93.5
2022-06-15 02:49:16+02:00,93.5
2022-06-15 02:50:16+02:00,93.6
2022-06-15 02:51:16+02:00,50.0
2022-06-15 02:52:16+02:00,92.6
2022-06-15 02:53:17+02:00,91.1
2022-06-15 02:54:17+02:00,50.0
2022-06-15 02:55:17+02:00,50.0
2022-06-15 02:56:17+02:00,90.8
2022-06-15 02:57:17+02:00,90.7
2022-06-15 02:58:17+02:00,90.8
2022-06-15 02:59:17+02:00,91.0
2022-06-15 03:00:18+02:00,50.0
2022-06-15 03:01:18+02:00,91.6
2022-06-15 03:02:18+02:00,92.2
2022-06-15 03:03:18+02:00,92.0
2022-06-15 03:04:18+02:00,91.7
2022-06-15 03:05:18+02:00,90.3
2022-06-15 03:06:18+02:00,88.9
2022-06-15 03:07:19+02:00,88.3
2022-06-15 03:08:19+02:00,89.5
2022-06-15 03:09:19+02:00,88.8
2022-06-15 03:10:19+02:00,89.3
2022-06-15 03:11:19+02:00,90.1
2022-06-15 03:12:19+02:00,90.9
2022-06-15 03:13:19+02:00,91.6
2022-06-15 03:14:20+02:00,91.7
2022-06-15 03:15:20+02:00,91.5
2022-06-15 03:16:20+02:00,91.0
2022-06-15 03:17:20+02:00,90.6
2022-06-15 03:18:20+02:00,90.3
2022-06-15 03:19:20+02:00,90.1
2022-06-15 03:20:21+02:00,90.2
2022-06-15 03:21:21+02:00,90.3
2022-06-15 03:22:21+02:00,89.5
2022-06-15 03:23:21+02:00,89.6
2022-06-15 03:24:21+02:00,89.8
2022-06-15 03:25:21+02:00,90.0
2022-06-15 03:26:21+02:00,89.7
2022-06-15 03:27:22+02:00,50.0
2022-06-15 03:28:22+02:00,89.1
2022-06-15 03:29:22+02:00,87.6
2022-06-15 03:30:22+02:00,86.7
2022-06-15 03:31:22+02:00,85.9
2022-06-15 03:32:22+02:00,85.2
2022-06-15 03:33:22+02:00,84.7
2022-06-15 03:34:23+02:00,50.0
2022-06-15 03:35:23+02:00,86.6
2022-06-15 03:36:23+02:00,89.3
2022-06-15 03:37:23+02:00,88.7
2022-06-15 03:38:23+02:00,88.2
2022-06-15 03:39:23+02:00,87.9
2022-06-15 03:40:23+02:00,87.8
2022-06-15 03:41:24+02:00,86.4
2022-06-15 03:42:24+02:00,86.6
2022-06-15 03:43:24+02:00,86.0
2022-06-15 03:44:24+02:00,85.5
2022-06-15 03:45:24+02:00,85.5
2022-06-15 03:46:24+02:00,85.1
2022-06-15 03:47:24+02:00,85.3
2022-06-15 03:48:25+02:00,86.0
2022-06-15 03:49:25+02:00,86.3
2022-06-15 03:50:25+02:00,86.8
2022-06-15 03:51:25+02:00,87.1
2022-06-15 03:52:25+02:00,50.0
2022-06-15 03:53:25+02:00,86.6
2022-06-15 03:54:26+02:00,88.5
2022-06-15 03:55:26+02:00,90.5
2022-06-15 03:56:26+02:00,91.7
2022-06-15 03:57:26+02:00,92.5
2022-06-15 03:58:26+02:00,92.8
2022-06-15 03:59:26+02:00,93.2
2022-06-15 04:00:26+02:00,93.8
2022-06-15 04:01:27+02:00,93.9
2022-06-15 04:02:27+02:00,94.0
2022-06-15 04:03:27+02:00,50.0
2022-06-15 04:04:27+02:00,93.3
2022-06-15 04:05:27+02:00,92.7
2022-06-15 04:06:27+02:00,50.0
2022-06-15 04:07:27+02:00,50.0
2022-06-15 04:08:28+02:00,93.3
2022-06-15 04:09:28+02:00,50.0
2022-06-15 04:10:28+02:00,92.0
2022-06-15 04:11:28+02:00,90.7
2022-06-15 04:12:28+02:00,89.6
2022-06-15 04:13:28+02:00,88.3
2022-06-15 04:14:29+02:00,87.3
2022-06-15 04:15:29+02:00,86.9
2022-06-15 04:16:29+02:00,87.2
2022-06-15 04:17:29+02:00,87.3
2022-06-15 04:18:29+02:00,87.8
2022-06-15 04:19:29+02:00,87.8
2022-06-15 04:20:29+02:00,87.3
2022-06-15 04:21:30+02:00,50.0
2022-06-15 04:22:30+02:00,88.4
2022-06-15 04:23:30+02:00,92.2
2022-06-15 04:24:30+02:00,94.3
2022-06-15 04:25:30+02:00,94.7
2022-06-15 04:26:30+02:00,50.0
2022-06-15 04:27:30+02:00,94.1
2022-06-15 04:28:31+02:00,93.3
2022-06-15 04:29:31+02:00,92.9
2022-06-15 04:30:31+02:00,92.9
2022-06-15 04:31:31+02:00,93.0
2022-06-15 04:32:31+02:00,50.0
2022-06-15 04:33:31+02:00,92.8
2022-06-15 04:34:32+02:00,92.3
2022-06-15 04:35:32+02:00,91.6
2022-06-15 04:36:32+02:00,91.5
2022-06-15 04:37:32+02:00,91.0
2022-06-15 04:38:32+02:00,50.0
2022-06-15 04:39:32+02:00,91.1
2022-06-15 04:40:32+02:00,92.9
2022-06-15 04:41:33+02:00,50.0
2022-06-15 04:42:33+02:00,93.3
2022-06-15 04:43:33+02:00,93.9
2022-06-15 04:44:33+02:00,94.2
2022-06-15 04:45:33+02:00,94.2
2022-06-15 04:46:33+02:00,94.1
2022-06-15 04:47:33+02:00,94.3
2022-06-15 04:48:34+02:00,94.7
2022-06-15 04:49:34+02:00,94.8
2022-06-15 04:50:34+02:00,94.9
2022-06-15 04:51:34+02:00,50.0
2022-06-15 04:52:34+02:00,95.3
2022-06-15 04:53:34+02:00,50.0
2022-06-15 04:54:35+02:00,95.1
2022-06-15 04:55:35+02:00,96.2
2022-06-15 04:56:35+02:00,95.1
2022-06-15 04:57:35+02:00,94.9
2022-06-15 04:58:35+02:00,94.9
2022-06-15 04:59:35+02:00,93.9
2022-06-15 05:00:35+02:00,94.0
2022-06-15 05:01:36+02:00,94.6
2022-06-15 05:02:36+02:00,94.5
2022-06-15 05:03:36+02:00,94.2
2022-06-15 05:04:36+02:00,93.4
2022-06-15 05:05:36+02:00,93.8
2022-06-15 05:06:36+02:00,94.1
2022-06-15 05:07:36+02:00,94.2
2022-06-15 05:08:37+02:00,94.7
2022-06-15 05:09:37+02:00,50.0
2022-06-15 05:10:37+02:00,50.0
2022-06-15 05:11:37+02:00,93.9
2022-06-15 05:12:37+02:00,93.8
2022-06-15 05:13:37+02:00,92.4
2022-06-15 05:14:37+02:00,50.0
2022-06-15 05:15:38+02:00,89.0
2022-06-15 05:16:38+02:00,89.4
2022-06-15 05:17:38+02:00,89.5
2022-06-15 05:18:38+02:00,88.1
2022-06-15 05:19:38+02:00,85.2
2022-06-15 05:20:38+02:00,83.3
2022-06-15 05:21:39+02:00,82.7
2022-06-15 05:22:39+02:00,82.8
2022-06-15 05:23:39+02:00,82.5
2022-06-15 05:24:39+02:00,82.4
2022-06-15 05:25:39+02:00,50.0
2022-06-15 05:26:39+02:00,50.0
2022-06-15 05:27:39+02:00,81.3
2022-06-15 05:28:40+02:00,81.3
2022-06-15 05:29:40+02:00,81.5
2022-06-15 05:30:40+02:00,81.8
2022-06-15 05:31:40+02:00,83.4
2022-06-15 05:32:40+02:00,84.3
2022-06-15 05:33:40+02:00,50.0
2022-06-15 05:34:40+02:00,86.9
2022-06-15 05:35:41+02:00,89.9
2022-06-15 05:36:41+02:00,91.9
2022-06-15 05:37:41+02:00,92.9
2022-06-15 05:38:41+02:00,50.0
2022-06-15 05:39:41+02:00,50.0
2022-06-15 05:40:41+02:00,50.0
2022-06-15 05:41:42+02:00,91.3
2022-06-15 05:42:42+02:00,88.6
2022-06-15 05:43:42+02:00,86.7
2022-06-15 05:44:42+02:00,50.0
2022-06-15 05:45:42+02:00,87.3
2022-06-15 05:46:42+02:00,50.0
2022-06-15 05:47:42+02:00,88.0
2022-06-15 05:48:43+02:00,88.2
2022-06-15 05:49:43+02:00,90.0
2022-06-15 05:50:43+02:00,90.4
2022-06-15 05:51:43+02:00,91.0
2022-06-15 05:52:43+02:00,91.9
2022-06-15 05:53:43+02:00,92.4
2022-06-15 05:54:43+02:00,92.9
2022-06-15 05:55:44+02:00,50.0
2022-06-15 05:56:44+02:00,91.9
2022-06-15 05:57:44+02:00,90.6
2022-06-15 05:58:44+02:00,90.9
2022-06-15 05:59:44+02:00,90.1
2022-06-15 06:00:44+02:00,90.0
2022-06-15 06:01:45+02:00,90.5
2022-06-15 06:02:45+02:00,90.3
2022-06-15 06:03:45+02:00,90.7
2022-06-15 06:04:45+02:00,90.4
2022-06-15 06:05:45+02:00,90.2
2022-06-15 06:06:45+02:00,89.8
2022-06-15 06:07:45+02:00,90.0
2022-06-15 06:08:46+02:00,89.6
2022-06-15 06:09:46+02:00,89.9
2022-06-15 06:10:46+02:00,89.6
2022-06-15 06:11:46+02:00,90.7
2022-06-15 06:12:46+02:00,90.7
2022-06-15 06:13:46+02:00,90.1
2022-06-15 06:14:46+02:00,90.0
2022-06-15 06:15:47+02:00,90.2
2022-06-15 06:16:47+02:00,89.5
2022-06-15 06:17:47+02:00,89.4
2022-06-15 06:18:47+02:00,50.0
2022-06-15 06:19:47+02:00,89.4
2022-06-15 06:20:47+02:00,50.0
2022-06-15 06:21:48+02:00,89.7
2022-06-15 06:22:48+02:00,50.0
2022-06-15 06:23:48+02:00,91.1
2022-06-15 06:24:48+02:00,91.7
2022-06-15 06:25:48+02:00,50.0
2022-06-15 06:26:48+02:00,92.8
2022-06-15 06:27:49+02:00,94.1
2022-06-15 06:28:49+02:00,95.0
2022-06-15 06:29:49+02:00,94.8
2022-06-15 06:30:49+02:00,94.9
2022-06-15 06:31:49+02:00,50.0
2022-06-15 06:32:49+02:00,93.6
2022-06-15 06:33:49+02:00,93.8
2022-06-15 06:34:50+02:00,95.5
2022-06-15 06:35:50+02:00,95.2
2022-06-15 06:36:50+02:00,95.0
2022-06-15 06:37:50+02:00,50.0
2022-06-15 06:38:50+02:00,50.0
2022-06-15 06:39:50+02:00,93.8
2022-06-15 06:40:50+02:00,91.8
2022-06-15 06:41:51+02:00,90.3
2022-06-15 06:42:51+02:00,89.4
2022-06-15 06:43:51+02:00,89.2
2022-06-15 06:44:51+02:00,88.8
2022-06-15 06:45:51+02:00,88.8
2022-06-15 06:46:51+02:00,88.7
2022-06-15 06:47:52+02:00,88.3
2022-06-15 06:48:52+02:00,87.9
2022-06-15 06:49:52+02:00,87.3
2022-06-15 06:50:52+02:00,84.3
2022-06-15 06:51:52+02:00,82.5
2022-06-15 06:52:52+02:00,80.9
2022-06-15 06:53:52+02:00,81.0
2022-06-15 06:54:53+02:00,81.7
2022-06-15 06:55:53+02:00,84.7
2022-06-15 06:56:53+02:00,86.8
2022-06-15 06:57:53+02:00,87.3
2022-06-15 06:58:53+02:00,88.4
2022-06-15 06:59:53+02:00,88.0
2022-06-15 07:00:53+02:00,87.7
2022-06-15 07:01:54+02:00,50.0
2022-06-15 07:02:54+02:00,86.9
2022-06-15 07:03:54+02:00,88.5
2022-06-15 07:04:54+02:00,88.9
2022-06-15 07:05:54+02:00,87.5
2022-06-15 07:06:54+02:00,87.6
2022-06-15 07:07:55+02:00,88.0
2022-06-15 07:08:55+02:00,91.7
2022-06-15 07:09:55+02:00,93.7
2022-06-15 07:10:55+02:00,50.0
2022-06-15 07:11:55+02:00,95.7
2022-06-15 07:12:55+02:00,96.4
2022-06-15 07:13:55+02:00,96.8
2022-06-15 07:14:56+02:00,96.4
2022-06-15 07:15:56+02:00,96.0
2022-06-15 07:16:56+02:00,96.4
2022-06-15 07:17:56+02:00,50.0
2022-06-15 07:18:56+02:00,93.8
2022-06-15 07:19:56+02:00,91.0
2022-06-15 07:20:56+02:00,89.0
2022-06-15 07:21:57+02:00,88.6
2022-06-15 07:22:57+02:00,87.4
2022-06-15 07:23:57+02:00,87.8
2022-06-15 07:24:57+02:00,87.2
2022-06-15 07:25:57+02:00,86.7
2022-06-15 07:26:57+02:00,86.3
2022-06-15 07:27:57+02:00,85.6
2022-06-15 07:28:58+02:00,50.0
2022-06-15 07:29:58+02:00,85.0
2022-06-15 07:30:58+02:00,86.8
2022-06-15 07:31:58+02:00,91.2
2022-06-15 07:32:58+02:00,50.0
2022-06-15 07:33:58+02:00,50.0
2022-06-15 07:34:58+02:00,84.9
2022-06-15 07:35:59+02:00,85.2
2022-06-15 07:36:59+02:00,85.7
2022-06-15 07:37:59+02:00,50.0
2022-06-15 07:38:59+02:00,50.0
2022-06-15 07:39:59+02:00,89.5
2022-06-15 07:40:59+02:00,90.9
2022-06-15 07:42:00+02:00,50.0
2022-06-15 07:43:00+02:00,50.0
2022-06-15 07:44:00+02:00,50.0
2022-06-15 07:45:00+02:00,50.0
2022-06-15 07:46:00+02:00,90.5
2022-06-15 07:47:00+02:00,50.0
2022-06-15 07:48:00+02:00,50.0
2022-06-15 07:49:00+02:00,50.0
2022-06-15 07:50:00+02:00,50.0
2022-06-15 07:51:01+02:00,50.0
2022-06-15 07:52:01+02:00,50.0
2022-06-15 07:53:01+02:00,50.0
2022-06-15 07:54:01+02:00,50.0
2022-06-15 07:55:01+02:00,50.0
2022-06-15 07:56:01+02:00,50.0
2022-06-15 07:57:01+02:00,50.0
2022-06-15 07:58:01+02:00,50.0
2022-06-15 07:59:01+02:00,50.0
2022-06-15 08:00:02+02:00,50.0
2022-06-15 08:01:02+02:00,50.0
2022-06-15 08:02:02+02:00,50.0
2022-06-15 08:03:02+02:00,50.0
2022-06-15 08:04:02+02:00,50.0
2022-06-15 08:05:02+02:00,50.0
2022-06-15 08:06:02+02:00,50.0
2022-06-15 08:07:02+02:00,50.0
2022-06-15 08:08:02+02:00,50.0
2022-06-15 08:09:03+02:00,50.0
2022-06-15 08:10:03+02:00,50.0
2022-06-15 08:11:03+02:00,50.0
2022-06-15 08:12:03+02:00,50.0
2022-06-15 08:13:03+02:00,50.0
2022-06-15 08:14:03+02:00,50.0
2022-06-15 08:15:03+02:00,50.0
2022-06-15 08:16:03+02:00,50.0
2022-06-15 23:20:30+02:00,50.0
2022-06-15 23:21:30+02:00,95.0
2022-06-15 23:22:30+02:00,95.4
2022-06-15 23:23:30+02:00,95.9
2022-06-15 23:24:30+02:00,95.9
2022-06-15 23:25:30+02:00,95.0
2022-06-15 23:26:30+02:00,94.9
2022-06-15 23:27:30+02:00,95.2
2022-06-15 23:28:30+02:00,95.1
2022-06-15 23:29:30+02:00,95.1
2022-06-15 23:30:30+02:00,95.1
2022-06-15 23:31:31+02:00,50.0
2022-06-15 23:32:31+02:00,94.8
2022-06-15 23:33:31+02:00,50.0
2022-06-15 23:34:31+02:00,91.7
2022-06-15 23:35:31+02:00,89.6
2022-06-15 23:36:31+02:00,87.8
2022-06-15 23:37:32+02:00,87.3
2022-06-15 23:38:32+02:00,87.3
2022-06-15 23:39:32+02:00,85.9
2022-06-15 23:40:32+02:00,85.6
2022-06-15 23:41:32+02:00,85.1
2022-06-15 23:42:32+02:00,85.0
2022-06-15 23:43:33+02:00,84.9
2022-06-15 23:44:33+02:00,84.8
2022-06-15 23:45:33+02:00,84.9
2022-06-15 23:46:33+02:00,84.4
2022-06-15 23:47:33+02:00,84.2
2022-06-15 23:48:33+02:00,83.9
2022-06-15 23:49:33+02:00,84.1
2022-06-15 23:50:34+02:00,83.9
2022-06-15 23:51:34+02:00,83.8
2022-06-15 23:52:34+02:00,83.6
2022-06-15 23:53:34+02:00,50.0
2022-06-15 23:54:34+02:00,79.4
2022-06-15 23:55:34+02:00,76.0
2022-06-15 23:56:35+02:00,79.6
2022-06-15 23:57:35+02:00,82.5
2022-06-15 23:58:35+02:00,85.2
2022-06-15 23:59:35+02:00,86.8
2022-06-16 00:00:35+02:00,88.1
2022-06-16 00:01:35+02:00,89.9
2022-06-16 00:02:36+02:00,90.7
2022-06-16 00:03:36+02:00,91.7
2022-06-16 00:04:36+02:00,92.1
2022-06-16 00:05:36+02:00,92.0
2022-06-16 00:06:36+02:00,92.5
2022-06-16 00:07:36+02:00,92.4
2022-06-16 00:08:36+02:00,92.3
2022-06-16 00:09:37+02:00,92.4
2022-06-16 00:10:37+02:00,92.5
2022-06-16 00:11:37+02:00,92.5
2022-06-16 00:12:37+02:00,92.7
2022-06-16 00:13:37+02:00,93.2
2022-06-16 00:14:37+02:00,50.0
2022-06-16 00:15:38+02:00,92.0
2022-06-16 00:16:38+02:00,89.1
2022-06-16 00:17:38+02:00,87.3
2022-06-16 00:18:38+02:00,85.1
2022-06-16 00:19:38+02:00,84.1
2022-06-16 00:20:38+02:00,83.3
2022-06-16 00:21:39+02:00,83.0
2022-06-16 00:22:39+02:00,84.4
2022-06-16 00:23:39+02:00,84.5
2022-06-16 00:24:39+02:00,84.7
2022-06-16 00:25:39+02:00,85.4
2022-06-16 00:26:39+02:00,85.3
2022-06-16 00:27:39+02:00,84.8
2022-06-16 00:28:40+02:00,85.4
2022-06-16 00:29:40+02:00,85.6
2022-06-16 00:30:40+02:00,85.5
2022-06-16 00:31:40+02:00,85.1
2022-06-16 00:32:40+02:00,85.2
2022-06-16 00:33:40+02:00,50.0
2022-06-16 00:34:40+02:00,88.1
2022-06-16 00:35:41+02:00,89.9
2022-06-16 00:36:41+02:00,91.4
2022-06-16 00:37:41+02:00,50.0
2022-06-16 00:38:41+02:00,91.5
2022-06-16 00:39:41+02:00,91.8
2022-06-16 00:40:41+02:00,91.5
2022-06-16 00:41:41+02:00,91.2
2022-06-16 00:42:42+02:00,90.9
2022-06-16 00:43:42+02:00,90.7
2022-06-16 00:44:42+02:00,90.6
2022-06-16 00:45:42+02:00,90.5
2022-06-16 00:46:42+02:00,90.3
2022-06-16 00:47:42+02:00,90.2
2022-06-16 00:48:43+02:00,90.5
2022-06-16 00:49:43+02:00,90.8
2022-06-16 00:50:43+02:00,91.0
2022-06-16 00:51:43+02:00,90.8
2022-06-16 00:52:43+02:00,90.4
2022-06-16 00:53:43+02:00,90.5
2022-06-16 00:54:44+02:00,90.6
2022-06-16 00:55:44+02:00,90.6
2022-06-16 00:56:44+02:00,90.7
2022-06-16 00:57:44+02:00,90.9
2022-06-16 00:58:44+02:00,90.1
2022-06-16 00:59:44+02:00,90.4
2022-06-16 01:00:44+02:00,90.6
2022-06-16 01:01:45+02:00,91.1
2022-06-16 01:02:45+02:00,91.5
2022-06-16 01:03:45+02:00,92.1
2022-06-16 01:04:45+02:00,91.7
2022-06-16 01:05:45+02:00,92.1
2022-06-16 01:06:45+02:00,91.4
2022-06-16 01:07:46+02:00,88.9
2022-06-16 01:08:46+02:00,87.0
2022-06-16 01:09:46+02:00,86.6
2022-06-16 01:10:46+02:00,87.2
2022-06-16 01:11:46+02:00,87.1
2022-06-16 01:12:46+02:00,86.8
2022-06-16 01:13:46+02:00,87.0
2022-06-16 01:14:47+02:00,87.0
2022-06-16 01:15:47+02:00,86.8
2022-06-16 01:16:47+02:00,86.4
2022-06-16 01:17:47+02:00,86.1
2022-06-16 01:18:47+02:00,85.9
2022-06-16 01:19:47+02:00,85.7
2022-06-16 01:20:48+02:00,85.2
2022-06-16 01:21:48+02:00,85.3
2022-06-16 01:22:48+02:00,85.3
2022-06-16 01:23:48+02:00,85.9
2022-06-16 01:24:48+02:00,85.5
2022-06-16 01:25:48+02:00,87.5
2022-06-16 01:26:48+02:00,89.3
2022-06-16 01:27:49+02:00,90.7
2022-06-16 01:28:49+02:00,92.0
2022-06-16 01:29:49+02:00,50.0
2022-06-16 01:30:49+02:00,50.0
2022-06-16 01:31:49+02:00,91.7
2022-06-16 01:32:49+02:00,50.0
2022-06-16 01:33:50+02:00,50.0
2022-06-16 01:34:50+02:00,50.0
2022-06-16 01:35:50+02:00,50.0
2022-06-16 01:36:50+02:00,89.9
2022-06-16 01:37:50+02:00,90.0
2022-06-16 01:38:50+02:00,90.1
2022-06-16 01:39:51+02:00,89.1
2022-06-16 01:40:51+02:00,88.5
2022-06-16 01:41:51+02:00,50.0
2022-06-16 01:42:51+02:00,50.0
2022-06-16 01:43:51+02:00,50.0
2022-06-16 01:44:51+02:00,50.0
2022-06-16 01:45:51+02:00,50.0
2022-06-16 01:46:52+02:00,50.0
2022-06-16 01:47:52+02:00,89.8
2022-06-16 01:48:52+02:00,90.1
2022-06-16 01:49:52+02:00,90.8
2022-06-16 01:50:52+02:00,92.3
2022-06-16 01:51:52+02:00,92.1
2022-06-16 01:52:53+02:00,92.5
2022-06-16 01:53:53+02:00,92.6
2022-06-16 01:54:53+02:00,92.3
2022-06-16 01:55:53+02:00,92.8
2022-06-16 01:56:53+02:00,93.0
2022-06-16 01:57:53+02:00,50.0
2022-06-16 01:58:53+02:00,50.0
2022-06-16 01:59:54+02:00,87.1
2022-06-16 02:00:54+02:00,50.0
2022-06-16 02:00:54+02:00,50.0
2022-06-16 02:01:54+02:00,90.0
2022-06-16 02:02:54+02:00,90.2
2022-06-16 02:03:54+02:00,50.0
2022-06-16 02:04:54+02:00,50.0
2022-06-16 02:05:55+02:00,50.0
2022-06-16 02:06:55+02:00,89.2
2022-06-16 02:07:55+02:00,89.3
2022-06-16 02:08:55+02:00,89.7
2022-06-16 02:09:55+02:00,50.0
2022-06-16 02:10:55+02:00,89.4
2022-06-16 02:11:56+02:00,89.4
2022-06-16 02:12:56+02:00,89.7
2022-06-16 02:13:56+02:00,89.7
2022-06-16 02:14:56+02:00,90.0
2022-06-16 02:15:56+02:00,50.0
2022-06-16 02:16:56+02:00,50.0
2022-06-16 02:17:56+02:00,90.9
2022-06-16 02:18:57+02:00,92.3
2022-06-16 02:19:57+02:00,92.9
2022-06-16 02:20:57+02:00,93.2
2022-06-16 02:21:57+02:00,93.1
2022-06-16 02:22:57+02:00,93.4
2022-06-16 02:23:58+02:00,93.5
2022-06-16 02:24:58+02:00,93.7
2022-06-16 02:25:58+02:00,93.7
2022-06-16 02:26:58+02:00,93.7
2022-06-16 02:27:58+02:00,93.6
2022-06-16 02:28:58+02:00,50.0
2022-06-16 02:29:58+02:00,92.2
2022-06-16 02:30:59+02:00,92.6
2022-06-16 02:31:59+02:00,92.4
2022-06-16 02:32:59+02:00,92.5
2022-06-16 02:33:59+02:00,94.4
2022-06-16 02:34:59+02:00,95.5
2022-06-16 02:35:59+02:00,95.7
2022-06-16 02:37:00+02:00,96.2
2022-06-16 02:38:00+02:00,95.5
2022-06-16 02:39:00+02:00,94.8
2022-06-16 02:40:00+02:00,94.4
2022-06-16 02:41:00+02:00,94.4
2022-06-16 02:42:00+02:00,94.8
2022-06-16 02:43:00+02:00,50.0
2022-06-16 02:44:00+02:00,50.0
2022-06-16 02:45:01+02:00,50.0
2022-06-16 02:46:01+02:00,94.4
2022-06-16 02:47:01+02:00,50.0
2022-06-16 02:48:01+02:00,50.0
2022-06-16 02:49:01+02:00,92.4
2022-06-16 02:50:01+02:00,89.4
2022-06-16 02:51:02+02:00,50.0
2022-06-16 02:52:02+02:00,85.6
2022-06-16 02:53:02+02:00,86.6
2022-06-16 02:54:02+02:00,87.2
2022-06-16 02:55:02+02:00,88.2
2022-06-16 02:56:02+02:00,85.9
2022-06-16 02:57:02+02:00,80.3
2022-06-16 02:58:02+02:00,81.7
2022-06-16 02:59:03+02:00,84.0
2022-06-16 03:00:03+02:00,50.0
2022-06-16 03:01:03+02:00,50.0
2022-06-16 03:02:03+02:00,87.0
2022-06-16 03:03:03+02:00,90.4
2022-06-16 03:04:03+02:00,92.8
2022-06-16 03:05:03+02:00,93.8
2022-06-16 03:06:03+02:00,50.0
2022-06-16 03:07:04+02:00,50.0
2022-06-16 03:08:04+02:00,92.2
2022-06-16 03:09:04+02:00,92.3
2022-06-16 03:10:04+02:00,93.2
2022-06-16 03:11:04+02:00,93.6
2022-06-16 03:12:04+02:00,93.5
2022-06-16 03:13:04+02:00,94.4
2022-06-16 03:14:04+02:00,50.0
2022-06-16 03:15:04+02:00,93.0
2022-06-16 03:16:05+02:00,91.6
2022-06-16 03:17:05+02:00,91.1
2022-06-16 03:18:05+02:00,89.2
2022-06-16 03:19:05+02:00,88.2
2022-06-16 03:20:05+02:00,50.0
2022-06-16 03:21:05+02:00,50.0
2022-06-16 03:22:05+02:00,89.1
2022-06-16 03:23:05+02:00,90.7
2022-06-16 03:24:05+02:00,91.7
2022-06-16 03:25:06+02:00,92.1
2022-06-16 03:26:06+02:00,92.5
2022-06-16 03:27:06+02:00,92.8
2022-06-16 03:28:06+02:00,92.9
2022-06-16 03:29:06+02:00,92.9
2022-06-16 03:30:06+02:00,93.2
2022-06-16 03:31:06+02:00,93.2
2022-06-16 03:32:06+02:00,93.3
2022-06-16 03:33:07+02:00,93.4
2022-06-16 03:34:07+02:00,93.6
2022-06-16 03:35:07+02:00,94.1
2022-06-16 03:36:07+02:00,94.2
2022-06-16 03:37:07+02:00,94.5
2022-06-16 03:38:07+02:00,94.6
2022-06-16 03:39:07+02:00,94.6
2022-06-16 03:40:08+02:00,94.6
2022-06-16 03:41:08+02:00,94.4
2022-06-16 03:42:08+02:00,94.5
2022-06-16 03:43:08+02:00,94.6
2022-06-16 03:44:08+02:00,94.8
2022-06-16 03:45:08+02:00,93.9
2022-06-16 03:46:08+02:00,95.0
2022-06-16 03:47:09+02:00,95.5
2022-06-16 03:48:09+02:00,96.2
2022-06-16 03:49:09+02:00,50.0
2022-06-16 03:50:09+02:00,96.2
2022-06-16 03:51:09+02:00,96.1
2022-06-16 03:52:09+02:00,95.7
2022-06-16 03:53:09+02:00,96.3
2022-06-16 03:54:09+02:00,96.2
2022-06-16 03:55:09+02:00,95.4
2022-06-16 03:56:10+02:00,50.0
2022-06-16 03:57:10+02:00,50.0
2022-06-16 03:58:10+02:00,50.0
2022-06-16 03:59:10+02:00,50.0
2022-06-16 04:00:10+02:00,94.0
2022-06-16 04:01:10+02:00,50.0
2022-06-16 04:02:10+02:00,50.0
2022-06-16 04:03:10+02:00,50.0
2022-06-16 04:04:10+02:00,91.9
2022-06-16 04:05:10+02:00,91.3
2022-06-16 04:06:11+02:00,50.0
2022-06-16 04:07:11+02:00,90.7
2022-06-16 04:08:11+02:00,90.9
2022-06-16 04:09:11+02:00,89.7
2022-06-16 04:10:11+02:00,89.7
2022-06-16 04:11:11+02:00,90.0
2022-06-16 04:12:11+02:00,89.5
2022-06-16 04:13:11+02:00,50.0
2022-06-16 04:14:11+02:00,88.3
2022-06-16 04:15:11+02:00,88.1
2022-06-16 04:16:11+02:00,87.6
2022-06-16 04:17:12+02:00,86.7
2022-06-16 04:18:12+02:00,85.9
2022-06-16 04:19:12+02:00,85.4
2022-06-16 04:20:12+02:00,85.2
2022-06-16 04:21:12+02:00,85.2
2022-06-16 04:22:12+02:00,85.2
2022-06-16 04:23:12+02:00,89.3
2022-06-16 04:24:12+02:00,91.3
2022-06-16 04:25:12+02:00,92.7
2022-06-16 04:26:12+02:00,93.5
2022-06-16 04:27:13+02:00,93.9
2022-06-16 04:28:13+02:00,94.1
2022-06-16 04:29:13+02:00,94.4
2022-06-16 04:30:13+02:00,94.8
2022-06-16 04:31:13+02:00,95.0
2022-06-16 04:32:13+02:00,95.3
2022-06-16 04:33:13+02:00,95.2
2022-06-16 04:34:13+02:00,50.0
2022-06-16 04:35:13+02:00,50.0
2022-06-16 04:36:13+02:00,50.0
2022-06-16 04:37:13+02:00,50.0
2022-06-16 04:38:14+02:00,92.3
2022-06-16 04:39:14+02:00,50.0
2022-06-16 04:40:14+02:00,93.2
2022-06-16 04:41:14+02:00,93.7
2022-06-16 04:42:14+02:00,93.9
2022-06-16 04:43:14+02:00,94.1
2022-06-16 04:44:14+02:00,94.0
2022-06-16 04:45:14+02:00,93.9
2022-06-16 04:46:14+02:00,93.9
2022-06-16 04:47:14+02:00,93.9
2022-06-16 04:48:14+02:00,94.3
2022-06-16 04:49:15+02:00,94.1
2022-06-16 04:50:15+02:00,94.4
2022-06-16 04:51:15+02:00,94.2
2022-06-16 04:52:15+02:00,94.3
2022-06-16 04:53:15+02:00,94.4
2022-06-16 04:54:15+02:00,94.2
2022-06-16 04:55:15+02:00,94.2
2022-06-16 04:56:15+02:00,93.8
2022-06-16 04:57:16+02:00,94.1
2022-06-16 04:58:16+02:00,94.7
2022-06-16 04:59:16+02:00,94.9
2022-06-16 05:00:16+02:00,95.3
2022-06-16 05:01:16+02:00,95.2
2022-06-16 05:02:16+02:00,50.0
2022-06-16 05:03:16+02:00,95.6
2022-06-16 05:04:17+02:00,93.5
2022-06-16 05:05:17+02:00,50.0
2022-06-16 05:06:17+02:00,89.7
2022-06-16 05:07:17+02:00,50.0
2022-06-16 05:08:17+02:00,91.1
2022-06-16 05:09:17+02:00,50.0
2022-06-16 05:10:17+02:00,90.9
2022-06-16 05:11:18+02:00,90.2
2022-06-16 05:12:18+02:00,50.0
2022-06-16 05:13:18+02:00,50.0
2022-06-16 05:14:18+02:00,50.0
2022-06-16 05:15:18+02:00,50.0
2022-06-16 05:16:18+02:00,86.2
2022-06-16 05:17:18+02:00,85.1
2022-06-16 05:18:18+02:00,83.9
2022-06-16 05:19:19+02:00,83.0
2022-06-16 05:20:19+02:00,82.5
2022-06-16 05:21:19+02:00,50.0
2022-06-16 05:22:19+02:00,83.3
2022-06-16 05:23:19+02:00,88.0
2022-06-16 05:24:19+02:00,91.6
2022-06-16 05:25:19+02:00,93.9
2022-06-16 05:26:20+02:00,95.3
2022-06-16 05:27:20+02:00,95.3
2022-06-16 05:28:20+02:00,96.1
2022-06-16 05:29:20+02:00,96.5
2022-06-16 05:30:20+02:00,50.0
2022-06-16 05:31:20+02:00,96.4
2022-06-16 05:32:21+02:00,93.6
2022-06-16 05:33:21+02:00,92.4
2022-06-16 05:34:21+02:00,90.7
2022-06-16 05:35:21+02:00,90.6
2022-06-16 05:36:21+02:00,91.0
2022-06-16 05:37:21+02:00,91.4
2022-06-16 05:38:21+02:00,50.0
2022-06-16 05:39:22+02:00,50.0
2022-06-16 05:40:22+02:00,91.4
2022-06-16 05:41:22+02:00,90.9
2022-06-16 05:42:22+02:00,50.0
2022-06-16 05:43:22+02:00,50.0
2022-06-16 05:44:22+02:00,50.0
2022-06-16 05:45:22+02:00,50.0
2022-06-16 05:46:23+02:00,50.0
2022-06-16 05:47:23+02:00,50.0
2022-06-16 05:48:23+02:00,50.0
2022-06-16 05:49:23+02:00,50.0
2022-06-16 05:50:23+02:00,91.1
2022-06-16 05:51:23+02:00,90.1
2022-06-16 05:52:23+02:00,89.3
2022-06-16 05:53:24+02:00,88.9
2022-06-16 05:54:24+02:00,88.1
2022-06-16 05:55:24+02:00,87.3
2022-06-16 05:56:24+02:00,86.6
2022-06-16 05:57:24+02:00,86.5
2022-06-16 05:58:24+02:00,87.0
2022-06-16 05:59:24+02:00,87.7
2022-06-16 06:00:25+02:00,88.2
2022-06-16 06:01:25+02:00,88.6
2022-06-16 06:02:25+02:00,88.9
2022-06-16 06:03:25+02:00,89.4
2022-06-16 06:04:25+02:00,89.9
2022-06-16 06:05:25+02:00,90.3
2022-06-16 06:06:26+02:00,90.4
2022-06-16 06:07:26+02:00,90.5
2022-06-16 06:08:26+02:00,91.4
2022-06-16 06:09:26+02:00,92.3
2022-06-16 06:10:26+02:00,93.2
2022-06-16 06:11:26+02:00,94.0
2022-06-16 06:12:26+02:00,93.4
2022-06-16 06:13:26+02:00,93.7
2022-06-16 06:14:27+02:00,93.4
2022-06-16 06:15:27+02:00,93.8
2022-06-16 06:16:27+02:00,50.0
2022-06-16 06:17:27+02:00,93.7
2022-06-16 06:18:27+02:00,90.7
2022-06-16 06:19:27+02:00,88.5
2022-06-16 06:20:28+02:00,87.1
2022-06-16 06:21:28+02:00,87.4
2022-06-16 06:22:28+02:00,87.9
2022-06-16 06:23:28+02:00,87.9
2022-06-16 06:24:28+02:00,87.2
2022-06-16 06:25:28+02:00,87.1
2022-06-16 06:26:28+02:00,87.0
2022-06-16 06:27:29+02:00,86.3
2022-06-16 06:28:29+02:00,85.1
2022-06-16 06:29:29+02:00,84.4
2022-06-16 06:30:29+02:00,84.0
2022-06-16 06:31:29+02:00,83.4
2022-06-16 06:32:29+02:00,83.2
2022-06-16 06:33:29+02:00,83.3
2022-06-16 06:34:30+02:00,83.3
2022-06-16 06:35:30+02:00,83.8
2022-06-16 06:36:30+02:00,83.8
2022-06-16 06:37:30+02:00,83.8
2022-06-16 06:38:30+02:00,84.1
2022-06-16 06:39:30+02:00,84.9
2022-06-16 06:40:30+02:00,85.0
2022-06-16 06:41:31+02:00,85.0
2022-06-16 06:42:31+02:00,84.6
2022-06-16 06:43:31+02:00,85.4
2022-06-16 06:44:31+02:00,50.0
2022-06-16 06:45:31+02:00,87.5
2022-06-16 06:46:31+02:00,90.0
2022-06-16 06:47:31+02:00,91.1
2022-06-16 06:48:32+02:00,92.2
2022-06-16 06:49:32+02:00,93.1
2022-06-16 06:50:32+02:00,93.7
2022-06-16 06:51:32+02:00,94.1
2022-06-16 06:52:32+02:00,93.8
2022-06-16 06:53:32+02:00,93.1
2022-06-16 06:54:32+02:00,91.3
2022-06-16 06:55:33+02:00,91.1
2022-06-16 06:56:33+02:00,92.1
2022-06-16 06:57:33+02:00,92.6
2022-06-16 06:58:33+02:00,92.1
2022-06-16 06:59:33+02:00,91.7
2022-06-16 07:00:33+02:00,92.9
2022-06-16 07:01:33+02:00,93.7
2022-06-16 07:02:34+02:00,93.9
2022-06-16 07:03:34+02:00,93.5
2022-06-16 07:04:34+02:00,93.7
2022-06-16 07:05:34+02:00,93.9
2022-06-16 07:06:34+02:00,93.9
2022-06-16 07:07:34+02:00,93.3
2022-06-16 07:08:35+02:00,94.2
2022-06-16 07:09:35+02:00,93.7
2022-06-16 07:10:35+02:00,94.0
2022-06-16 07:11:35+02:00,94.1
2022-06-16 07:12:35+02:00,93.8
2022-06-16 07:13:35+02:00,92.5
2022-06-16 07:14:35+02:00,93.2
2022-06-16 07:15:36+02:00,93.1
2022-06-16 07:16:36+02:00,94.0
2022-06-16 07:17:36+02:00,93.7
2022-06-16 07:18:36+02:00,94.2
2022-06-16 07:19:36+02:00,94.5
2022-06-16 07:20:36+02:00,94.6
2022-06-16 07:21:36+02:00,94.2
2022-06-16 07:22:37+02:00,93.6
2022-06-16 07:23:37+02:00,94.9
2022-06-16 07:24:37+02:00,94.9
2022-06-16 07:25:37+02:00,94.8
2022-06-16 07:26:37+02:00,95.3
2022-06-16 07:27:37+02:00,95.2
2022-06-16 07:28:37+02:00,94.8
2022-06-16 07:29:38+02:00,93.7
2022-06-16 07:30:38+02:00,93.9
2022-06-16 07:31:38+02:00,92.0
2022-06-16 07:32:38+02:00,92.9
2022-06-16 07:33:38+02:00,93.7
2022-06-16 07:34:38+02:00,94.0
2022-06-16 07:35:39+02:00,94.3
2022-06-16 07:36:39+02:00,94.3
2022-06-16 07:37:39+02:00,94.9
2022-06-16 07:38:39+02:00,95.1
2022-06-16 07:39:39+02:00,94.3
2022-06-16 07:40:39+02:00,93.8
2022-06-16 07:41:39+02:00,94.2
2022-06-16 07:42:40+02:00,94.4
2022-06-16 07:43:40+02:00,94.7
2022-06-16 07:44:40+02:00,50.0
2022-06-16 07:45:40+02:00,93.1
2022-06-16 07:46:40+02:00,94.0
2022-06-16 07:47:40+02:00,94.4
2022-06-16 07:48:40+02:00,94.8
2022-06-16 07:49:41+02:00,94.9
2022-06-16 07:50:41+02:00,95.3
2022-06-16 07:51:41+02:00,95.3
2022-06-16 07:52:41+02:00,95.5
2022-06-16 07:53:41+02:00,95.6
2022-06-16 07:54:41+02:00,95.5
2022-06-16 07:55:41+02:00,95.3
2022-06-16 07:56:42+02:00,94.9
2022-06-16 07:57:42+02:00,95.1
2022-06-16 07:58:42+02:00,94.8
2022-06-16 07:59:42+02:00,93.7
2022-06-16 08:00:42+02:00,94.0
2022-06-16 08:01:42+02:00,94.1
2022-06-16 08:02:43+02:00,94.5
2022-06-16 08:03:43+02:00,94.7
2022-06-16 08:04:43+02:00,94.9
2022-06-16 08:05:43+02:00,94.9
2022-06-16 08:06:43+02:00,94.8
2022-06-16 08:07:43+02:00,94.8
2022-06-16 08:08:43+02:00,50.0
2022-06-16 08:09:44+02:00,94.1
2022-06-16 08:10:44+02:00,92.2
2022-06-16 08:11:44+02:00,92.0
2022-06-16 08:12:44+02:00,90.5
2022-06-16 08:13:44+02:00,89.7
2022-06-16 08:14:44+02:00,88.7
2022-06-16 08:15:44+02:00,87.9
2022-06-16 08:16:45+02:00,87.6
2022-06-16 08:17:45+02:00,87.1
2022-06-16 08:18:45+02:00,90.3
2022-06-16 08:19:45+02:00,91.4
2022-06-16 08:20:45+02:00,92.3
2022-06-16 08:21:45+02:00,93.6
2022-06-16 08:22:46+02:00,94.5
2022-06-16 08:23:46+02:00,94.4
2022-06-16 08:24:46+02:00,94.0
2022-06-16 08:25:46+02:00,94.8
2022-06-16 08:26:46+02:00,50.0
2022-06-16 08:27:46+02:00,50.0
2022-06-16 08:28:46+02:00,50.0
2022-06-16 08:29:46+02:00,92.2
2022-06-16 08:30:47+02:00,50.0
2022-06-16 08:31:47+02:00,91.8
2022-06-16 08:32:47+02:00,92.2
2022-06-16 08:33:47+02:00,92.6
2022-06-16 08:34:47+02:00,92.8
2022-06-16 08:35:47+02:00,92.6
2022-06-16 08:36:48+02:00,93.6
2022-06-16 08:37:48+02:00,94.1
2022-06-16 08:38:48+02:00,50.0
2022-06-16 08:39:48+02:00,50.0
2022-06-16 08:40:48+02:00,50.0
2022-06-16 08:41:48+02:00,50.0
2022-06-16 08:42:48+02:00,50.0
2022-06-16 08:43:49+02:00,50.0
2022-06-16 08:44:49+02:00,50.0
2022-06-16 08:45:49+02:00,50.0
2022-06-16 08:46:49+02:00,50.0
2022-06-16 08:47:49+02:00,93.3
2022-06-16 08:48:49+02:00,50.0
2022-06-16 08:49:49+02:00,50.0
2022-06-16 08:50:50+02:00,86.6
2022-06-16 08:51:50+02:00,85.6
2022-06-16 08:52:50+02:00,86.5
2022-06-16 08:53:50+02:00,50.0
2022-06-16 08:54:50+02:00,50.0
2022-06-16 08:55:50+02:00,50.0
2022-06-16 08:56:50+02:00,50.0
2022-06-16 08:57:50+02:00,50.0
2022-06-16 08:58:50+02:00,50.0
2022-06-16 08:59:51+02:00,50.0
2022-06-16 09:00:51+02:00,50.0
2022-06-16 09:01:51+02:00,50.0
2022-06-16 09:02:51+02:00,88.4
2022-06-16 09:03:51+02:00,88.8
2022-06-16 09:04:51+02:00,89.3
2022-06-16 09:05:51+02:00,88.9
2022-06-16 09:06:51+02:00,50.0
2022-06-16 09:07:52+02:00,50.0
2022-06-16 09:08:52+02:00,87.0
2022-06-16 09:09:52+02:00,50.0
2022-06-16 09:10:52+02:00,86.4
2022-06-16 09:11:52+02:00,85.7
2022-06-16 09:12:52+02:00,50.0
2022-06-16 09:13:52+02:00,50.0
2022-06-16 09:14:53+02:00,50.0
