timestamp,oxygen_saturation_by_minute
2022-06-07 03:26:30+02:00,50.0
2022-06-07 03:27:30+02:00,93.5
2022-06-07 03:28:30+02:00,93.3
2022-06-07 03:29:30+02:00,93.1
2022-06-07 03:30:30+02:00,93.2
2022-06-07 03:31:30+02:00,93.0
2022-06-07 03:32:30+02:00,93.0
2022-06-07 03:33:30+02:00,92.8
2022-06-07 03:34:30+02:00,92.9
2022-06-07 03:35:30+02:00,92.8
2022-06-07 03:36:30+02:00,92.8
2022-06-07 03:37:30+02:00,92.9
2022-06-07 03:38:30+02:00,50.0
2022-06-07 03:39:30+02:00,50.0
2022-06-07 03:40:31+02:00,50.0
2022-06-07 03:41:31+02:00,93.1
2022-06-07 03:42:31+02:00,50.0
2022-06-07 03:43:31+02:00,50.0
2022-06-07 03:44:31+02:00,90.9
2022-06-07 03:45:31+02:00,90.2
2022-06-07 03:46:31+02:00,89.7
2022-06-07 03:47:31+02:00,89.0
2022-06-07 03:48:31+02:00,88.9
2022-06-07 03:49:31+02:00,88.5
2022-06-07 03:50:32+02:00,89.0
2022-06-07 03:51:32+02:00,88.7
2022-06-07 03:52:32+02:00,88.6
2022-06-07 03:53:32+02:00,88.4
2022-06-07 03:54:32+02:00,88.3
2022-06-07 03:55:32+02:00,88.2
2022-06-07 03:56:32+02:00,87.9
2022-06-07 03:57:32+02:00,88.3
2022-06-07 03:58:32+02:00,88.6
2022-06-07 03:59:32+02:00,88.4
2022-06-07 04:00:32+02:00,88.6
2022-06-07 04:01:33+02:00,88.7
2022-06-07 04:02:33+02:00,89.9
2022-06-07 04:03:33+02:00,90.8
2022-06-07 04:04:33+02:00,91.1
2022-06-07 04:05:33+02:00,50.0
2022-06-07 04:06:33+02:00,91.9
2022-06-07 04:07:33+02:00,91.9
2022-06-07 04:08:33+02:00,91.6
2022-06-07 04:09:33+02:00,91.6
2022-06-07 04:10:33+02:00,91.8
2022-06-07 04:11:33+02:00,91.7
2022-06-07 04:12:34+02:00,91.9
2022-06-07 04:13:34+02:00,91.9
2022-06-07 04:14:34+02:00,50.0
2022-06-07 04:15:34+02:00,91.6
2022-06-07 04:16:34+02:00,50.0
2022-06-07 04:17:34+02:00,92.0
2022-06-07 04:18:34+02:00,92.4
2022-06-07 04:19:34+02:00,92.5
2022-06-07 04:20:34+02:00,92.7
2022-06-07 04:21:34+02:00,93.8
2022-06-07 04:22:35+02:00,94.2
2022-06-07 04:23:35+02:00,93.5
2022-06-07 04:24:35+02:00,93.4
2022-06-07 04:25:35+02:00,93.2
2022-06-07 04:26:35+02:00,93.0
2022-06-07 04:27:35+02:00,92.9
2022-06-07 04:28:35+02:00,92.7
2022-06-07 04:29:35+02:00,92.7
2022-06-07 04:30:35+02:00,50.0
2022-06-07 04:31:35+02:00,93.0
2022-06-07 04:32:35+02:00,93.2
2022-06-07 04:33:36+02:00,92.5
2022-06-07 04:34:36+02:00,92.1
2022-06-07 04:35:36+02:00,91.7
2022-06-07 04:36:36+02:00,91.6
2022-06-07 04:37:36+02:00,91.7
2022-06-07 04:38:36+02:00,91.3
2022-06-07 04:39:36+02:00,91.3
2022-06-07 04:40:37+02:00,91.3
2022-06-07 04:41:37+02:00,91.8
2022-06-07 04:42:37+02:00,91.4
2022-06-07 04:43:37+02:00,91.6
2022-06-07 04:44:37+02:00,91.6
2022-06-07 04:45:37+02:00,92.0
2022-06-07 04:46:37+02:00,91.9
2022-06-07 04:47:38+02:00,92.4
2022-06-07 04:48:38+02:00,92.6
2022-06-07 04:49:38+02:00,92.6
2022-06-07 04:50:38+02:00,92.4
2022-06-07 04:51:38+02:00,92.5
2022-06-07 04:52:38+02:00,92.3
2022-06-07 04:53:39+02:00,50.0
2022-06-07 04:54:39+02:00,92.6
2022-06-07 04:55:39+02:00,91.9
2022-06-07 04:56:39+02:00,92.2
2022-06-07 04:57:39+02:00,92.5
2022-06-07 04:58:39+02:00,92.5
2022-06-07 04:59:39+02:00,92.6
2022-06-07 05:00:40+02:00,93.6
2022-06-07 05:01:40+02:00,94.0
2022-06-07 05:02:40+02:00,94.2
2022-06-07 05:03:40+02:00,94.4
2022-06-07 05:04:40+02:00,94.3
2022-06-07 05:05:40+02:00,94.2
2022-06-07 05:06:40+02:00,94.3
2022-06-07 05:07:41+02:00,94.9
2022-06-07 05:08:41+02:00,94.8
2022-06-07 05:09:41+02:00,94.9
2022-06-07 05:10:41+02:00,94.5
2022-06-07 05:11:41+02:00,94.8
2022-06-07 05:12:41+02:00,95.0
2022-06-07 05:13:42+02:00,94.8
2022-06-07 05:14:42+02:00,95.3
2022-06-07 05:15:42+02:00,95.5
2022-06-07 05:16:42+02:00,95.2
2022-06-07 05:17:42+02:00,95.1
2022-06-07 05:18:42+02:00,95.4
2022-06-07 05:19:42+02:00,95.7
2022-06-07 05:20:43+02:00,95.4
2022-06-07 05:21:43+02:00,95.6
2022-06-07 05:22:43+02:00,95.6
2022-06-07 05:23:43+02:00,96.0
2022-06-07 05:24:43+02:00,50.0
2022-06-07 05:25:43+02:00,50.0
2022-06-07 05:26:43+02:00,96.3
2022-06-07 05:27:44+02:00,94.6
2022-06-07 05:28:44+02:00,93.6
2022-06-07 05:29:44+02:00,93.0
2022-06-07 05:30:44+02:00,92.5
2022-06-07 05:31:44+02:00,92.1
2022-06-07 05:32:44+02:00,92.0
2022-06-07 05:33:45+02:00,91.8
2022-06-07 05:34:45+02:00,91.7
2022-06-07 05:35:45+02:00,91.7
2022-06-07 05:36:45+02:00,91.5
2022-06-07 05:37:45+02:00,91.5
2022-06-07 05:38:45+02:00,91.4
2022-06-07 05:39:45+02:00,91.6
2022-06-07 05:40:45+02:00,91.2
2022-06-07 05:41:46+02:00,91.2
2022-06-07 05:42:46+02:00,91.2
2022-06-07 05:43:46+02:00,91.4
2022-06-07 05:44:46+02:00,91.6
2022-06-07 05:45:46+02:00,91.6
2022-06-07 05:46:46+02:00,91.9
2022-06-07 05:47:47+02:00,91.9
2022-06-07 05:48:47+02:00,92.0
2022-06-07 05:49:47+02:00,50.0
2022-06-07 05:50:47+02:00,50.0
2022-06-07 05:51:47+02:00,50.0
2022-06-07 05:52:47+02:00,91.3
2022-06-07 05:53:47+02:00,91.0
2022-06-07 05:54:48+02:00,90.8
2022-06-07 05:55:48+02:00,90.5
2022-06-07 05:56:48+02:00,90.3
2022-06-07 05:57:48+02:00,90.3
2022-06-07 05:58:48+02:00,90.4
2022-06-07 05:59:48+02:00,90.7
2022-06-07 06:00:48+02:00,90.8
2022-06-07 06:01:49+02:00,90.8
2022-06-07 06:02:49+02:00,90.8
2022-06-07 06:03:49+02:00,91.2
2022-06-07 06:04:49+02:00,91.1
2022-06-07 06:05:49+02:00,91.4
2022-06-07 06:06:49+02:00,90.8
2022-06-07 06:07:50+02:00,90.7
2022-06-07 06:08:50+02:00,90.5
2022-06-07 06:09:50+02:00,90.6
2022-06-07 06:10:50+02:00,90.3
2022-06-07 06:11:50+02:00,90.4
2022-06-07 06:12:50+02:00,90.4
2022-06-07 06:13:50+02:00,90.4
2022-06-07 06:14:51+02:00,90.3
2022-06-07 06:15:51+02:00,90.3
2022-06-07 06:16:51+02:00,90.6
2022-06-07 06:17:51+02:00,90.6
2022-06-07 06:18:51+02:00,90.6
2022-06-07 06:19:51+02:00,90.5
2022-06-07 06:20:51+02:00,90.5
2022-06-07 06:21:52+02:00,90.6
2022-06-07 06:22:52+02:00,90.6
2022-06-07 06:23:52+02:00,90.5
2022-06-07 06:24:52+02:00,90.7
2022-06-07 06:25:52+02:00,90.7
2022-06-07 06:26:52+02:00,90.8
2022-06-07 06:27:53+02:00,90.9
2022-06-07 06:28:53+02:00,90.9
2022-06-07 06:29:53+02:00,91.0
2022-06-07 06:30:53+02:00,90.9
2022-06-07 06:31:53+02:00,91.0
2022-06-07 06:32:53+02:00,91.2
2022-06-07 06:33:53+02:00,50.0
2022-06-07 06:34:54+02:00,91.2
2022-06-07 06:35:54+02:00,87.9
2022-06-07 06:36:54+02:00,87.4
2022-06-07 06:37:54+02:00,87.0
2022-06-07 06:38:54+02:00,86.0
2022-06-07 06:39:54+02:00,50.0
2022-06-07 06:40:54+02:00,86.4
2022-06-07 06:41:55+02:00,89.7
2022-06-07 06:42:55+02:00,91.7
2022-06-07 06:43:55+02:00,93.7
2022-06-07 06:44:55+02:00,94.7
2022-06-07 06:45:55+02:00,96.2
2022-06-07 06:46:55+02:00,96.3
2022-06-07 06:47:56+02:00,96.1
2022-06-07 06:48:56+02:00,95.8
2022-06-07 06:49:56+02:00,95.6
2022-06-07 06:50:56+02:00,95.4
2022-06-07 06:51:56+02:00,95.4
2022-06-07 06:52:56+02:00,95.6
2022-06-07 06:53:57+02:00,96.0
2022-06-07 06:54:57+02:00,50.0
2022-06-07 06:55:57+02:00,95.3
2022-06-07 06:56:57+02:00,94.7
2022-06-07 06:57:57+02:00,50.0
2022-06-07 06:58:57+02:00,94.4
2022-06-07 06:59:57+02:00,94.0
2022-06-07 07:00:58+02:00,93.7
2022-06-07 07:01:58+02:00,93.3
2022-06-07 07:02:58+02:00,93.0
2022-06-07 07:03:58+02:00,92.8
2022-06-07 07:04:58+02:00,93.1
2022-06-07 07:05:59+02:00,93.5
2022-06-07 07:06:59+02:00,93.6
2022-06-07 07:07:59+02:00,93.4
2022-06-07 07:08:59+02:00,93.0
2022-06-07 07:09:59+02:00,92.6
2022-06-07 07:10:59+02:00,92.9
2022-06-07 07:11:59+02:00,93.0
2022-06-07 07:13:00+02:00,93.2
2022-06-07 07:14:00+02:00,93.2
2022-06-07 07:15:00+02:00,93.1
2022-06-07 07:16:00+02:00,93.1
2022-06-07 07:17:00+02:00,93.3
2022-06-07 07:18:00+02:00,93.4
2022-06-07 07:19:00+02:00,93.4
2022-06-07 07:20:01+02:00,93.2
2022-06-07 07:21:01+02:00,93.3
2022-06-07 07:22:01+02:00,50.0
2022-06-07 07:23:01+02:00,50.0
2022-06-07 07:24:01+02:00,92.9
2022-06-07 07:25:01+02:00,92.6
2022-06-07 07:26:02+02:00,92.5
2022-06-07 07:27:02+02:00,92.5
2022-06-07 07:28:02+02:00,92.3
2022-06-07 07:29:02+02:00,92.0
2022-06-07 07:30:02+02:00,92.0
2022-06-07 07:31:02+02:00,92.1
2022-06-07 07:32:02+02:00,92.0
2022-06-07 07:33:03+02:00,92.1
2022-06-07 07:34:03+02:00,92.1
2022-06-07 07:35:03+02:00,92.1
2022-06-07 07:36:03+02:00,92.0
2022-06-07 07:37:03+02:00,91.9
2022-06-07 07:38:03+02:00,92.1
2022-06-07 07:39:04+02:00,92.0
2022-06-07 07:40:04+02:00,92.0
2022-06-07 07:41:04+02:00,92.0
2022-06-07 07:42:04+02:00,92.1
2022-06-07 07:43:04+02:00,92.2
2022-06-07 07:44:04+02:00,92.2
2022-06-07 07:45:04+02:00,92.6
2022-06-07 07:46:04+02:00,92.7
2022-06-07 07:47:05+02:00,92.6
2022-06-07 07:48:05+02:00,92.5
2022-06-07 07:49:05+02:00,92.5
2022-06-07 07:50:05+02:00,92.6
2022-06-07 07:51:05+02:00,92.7
2022-06-07 07:52:05+02:00,92.6
2022-06-07 07:53:05+02:00,92.6
2022-06-07 07:54:06+02:00,92.6
2022-06-07 07:55:06+02:00,92.7
2022-06-07 07:56:06+02:00,50.0
2022-06-07 07:57:06+02:00,93.1
2022-06-07 07:58:06+02:00,93.0
2022-06-07 07:59:06+02:00,93.1
2022-06-07 08:00:07+02:00,93.1
2022-06-07 08:01:07+02:00,93.0
2022-06-07 08:02:07+02:00,93.1
2022-06-07 08:03:07+02:00,93.1
2022-06-07 08:04:07+02:00,93.2
2022-06-07 08:05:07+02:00,93.1
2022-06-07 08:06:07+02:00,93.1
2022-06-07 08:07:08+02:00,93.2
2022-06-07 08:08:08+02:00,50.0
2022-06-07 08:09:08+02:00,93.3
2022-06-07 08:10:08+02:00,92.8
2022-06-07 08:11:08+02:00,92.5
2022-06-07 08:12:08+02:00,92.2
2022-06-07 08:13:08+02:00,92.0
2022-06-07 08:14:09+02:00,91.7
2022-06-07 08:15:09+02:00,90.4
2022-06-07 08:16:09+02:00,88.9
2022-06-07 08:17:09+02:00,87.5
2022-06-07 08:18:09+02:00,86.9
2022-06-07 08:19:09+02:00,87.3
2022-06-07 08:20:10+02:00,87.1
2022-06-07 08:21:10+02:00,86.3
2022-06-07 08:22:10+02:00,87.0
2022-06-07 08:23:10+02:00,88.1
2022-06-07 08:24:10+02:00,87.9
2022-06-07 08:25:10+02:00,87.5
2022-06-07 08:26:10+02:00,87.1
2022-06-07 08:27:11+02:00,87.1
2022-06-07 08:28:11+02:00,87.7
2022-06-07 08:29:11+02:00,88.1
2022-06-07 08:30:11+02:00,88.8
2022-06-07 08:31:11+02:00,88.4
2022-06-07 08:32:11+02:00,87.8
2022-06-07 08:33:11+02:00,87.1
2022-06-07 08:34:12+02:00,86.6
2022-06-07 08:35:12+02:00,88.2
2022-06-07 08:36:12+02:00,88.6
2022-06-07 08:37:12+02:00,90.1
2022-06-07 08:38:12+02:00,89.9
2022-06-07 08:39:12+02:00,89.3
2022-06-07 08:40:13+02:00,50.0
2022-06-07 08:41:13+02:00,88.2
2022-06-07 08:42:13+02:00,88.6
2022-06-07 08:43:13+02:00,89.1
2022-06-07 08:44:13+02:00,50.0
2022-06-07 08:45:13+02:00,50.0
2022-06-07 08:46:13+02:00,50.0
2022-06-07 08:47:13+02:00,89.7
2022-06-07 08:48:14+02:00,90.7
2022-06-07 08:49:14+02:00,50.0
2022-06-07 08:50:14+02:00,91.3
2022-06-07 08:51:14+02:00,50.0
2022-06-07 08:52:14+02:00,91.4
2022-06-07 08:53:15+02:00,91.3
2022-06-07 08:54:15+02:00,91.2
2022-06-07 08:55:15+02:00,91.3
2022-06-07 08:56:15+02:00,91.2
2022-06-07 08:57:15+02:00,91.1
2022-06-07 08:58:15+02:00,50.0
2022-06-07 08:59:15+02:00,92.0
2022-06-07 09:00:16+02:00,93.5
2022-06-07 09:01:16+02:00,94.9
2022-06-07 09:02:16+02:00,95.7
2022-06-07 09:03:16+02:00,96.4
2022-06-07 09:04:16+02:00,96.7
2022-06-07 09:05:16+02:00,96.6
2022-06-07 09:06:17+02:00,96.8
2022-06-07 09:07:17+02:00,50.0
2022-06-07 09:08:17+02:00,95.6
2022-06-07 09:09:17+02:00,50.0
2022-06-07 09:10:17+02:00,50.0
2022-06-07 09:11:17+02:00,94.5
2022-06-07 09:12:17+02:00,50.0
2022-06-07 09:13:17+02:00,50.0
2022-06-07 09:14:18+02:00,50.0
2022-06-07 09:15:18+02:00,50.0
2022-06-07 09:16:18+02:00,50.0
2022-06-07 09:17:18+02:00,50.0
2022-06-07 09:18:18+02:00,50.0
2022-06-07 09:19:18+02:00,50.0
2022-06-07 09:20:18+02:00,50.0
2022-06-07 09:21:19+02:00,50.0
2022-06-07 09:22:19+02:00,50.0
2022-06-07 09:23:19+02:00,50.0
2022-06-07 09:24:19+02:00,50.0
2022-06-07 09:25:19+02:00,50.0
2022-06-07 09:26:19+02:00,50.0
2022-06-07 09:27:20+02:00,50.0
2022-06-07 09:28:20+02:00,50.0
2022-06-07 09:29:20+02:00,50.0
2022-06-07 09:30:20+02:00,50.0
2022-06-07 09:31:20+02:00,50.0
2022-06-07 09:32:20+02:00,50.0
2022-06-07 09:33:20+02:00,50.0
2022-06-07 09:34:21+02:00,50.0
2022-06-07 09:35:21+02:00,50.0
2022-06-07 09:36:21+02:00,50.0
2022-06-07 09:37:21+02:00,50.0
2022-06-07 09:38:21+02:00,91.4
2022-06-07 09:39:21+02:00,88.5
2022-06-07 09:40:21+02:00,87.4
2022-06-07 09:41:22+02:00,87.0
2022-06-07 09:42:22+02:00,86.5
2022-06-07 09:43:22+02:00,86.4
2022-06-07 09:44:22+02:00,86.3
2022-06-07 09:45:22+02:00,86.2
2022-06-07 09:46:22+02:00,86.1
2022-06-07 09:47:23+02:00,86.4
2022-06-07 09:48:23+02:00,86.1
2022-06-07 09:49:23+02:00,86.8
2022-06-07 09:50:23+02:00,87.4
2022-06-07 09:51:23+02:00,87.7
2022-06-07 09:52:23+02:00,50.0
2022-06-07 09:53:23+02:00,50.0
2022-06-07 09:54:24+02:00,50.0
2022-06-07 09:55:24+02:00,50.0
2022-06-07 09:56:24+02:00,50.0
2022-06-07 09:57:24+02:00,50.0
2022-06-07 09:58:24+02:00,50.0
2022-06-07 09:59:24+02:00,50.0
2022-06-07 10:00:24+02:00,50.0
2022-06-07 10:01:25+02:00,50.0
2022-06-07 10:02:25+02:00,50.0
2022-06-07 10:03:25+02:00,50.0
2022-06-07 10:04:25+02:00,50.0
2022-06-07 10:05:25+02:00,50.0
2022-06-07 10:06:25+02:00,50.0
2022-06-07 10:07:25+02:00,50.0
2022-06-07 10:08:26+02:00,50.0
2022-06-07 10:09:26+02:00,50.0
2022-06-07 10:10:26+02:00,50.0
2022-06-07 10:11:26+02:00,50.0
2022-06-07 10:12:26+02:00,50.0
2022-06-07 10:13:26+02:00,50.0
2022-06-07 10:14:26+02:00,50.0
2022-06-07 10:15:27+02:00,50.0
2022-06-07 10:16:27+02:00,50.0
2022-06-07 10:17:27+02:00,50.0
2022-06-07 10:18:27+02:00,50.0
2022-06-07 10:19:27+02:00,50.0
2022-06-07 10:20:27+02:00,50.0
2022-06-07 10:21:27+02:00,50.0
2022-06-08 02:53:00+02:00,91.6
2022-06-08 02:54:00+02:00,91.7
2022-06-08 02:55:00+02:00,91.8
2022-06-08 02:56:00+02:00,91.8
2022-06-08 02:57:00+02:00,91.9
2022-06-08 02:58:00+02:00,50.0
2022-06-08 02:59:00+02:00,91.9
2022-06-08 03:00:00+02:00,50.0
2022-06-08 03:01:00+02:00,50.0
2022-06-08 03:02:00+02:00,50.0
2022-06-08 03:03:00+02:00,92.0
2022-06-08 03:04:00+02:00,50.0
2022-06-08 03:05:01+02:00,50.0
2022-06-08 03:06:01+02:00,90.1
2022-06-08 03:07:01+02:00,88.7
2022-06-08 03:08:01+02:00,87.9
2022-06-08 03:09:01+02:00,87.3
2022-06-08 03:10:01+02:00,87.0
2022-06-08 03:11:01+02:00,50.0
2022-06-08 03:12:01+02:00,50.0
2022-06-08 03:13:02+02:00,84.5
2022-06-08 03:14:02+02:00,50.0
2022-06-08 03:15:02+02:00,50.0
2022-06-08 03:16:02+02:00,90.0
2022-06-08 03:17:02+02:00,89.8
2022-06-08 03:18:02+02:00,90.5
2022-06-08 03:19:02+02:00,90.4
2022-06-08 03:20:03+02:00,90.6
2022-06-08 03:21:03+02:00,91.9
2022-06-08 03:22:03+02:00,92.9
2022-06-08 03:23:03+02:00,93.4
2022-06-08 03:24:03+02:00,94.1
2022-06-08 03:25:03+02:00,93.9
2022-06-08 03:26:04+02:00,50.0
2022-06-08 03:27:04+02:00,93.5
2022-06-08 03:28:04+02:00,50.0
2022-06-08 03:29:04+02:00,92.8
2022-06-08 03:30:04+02:00,92.2
2022-06-08 03:31:04+02:00,92.2
2022-06-08 03:32:04+02:00,91.8
2022-06-08 03:33:05+02:00,91.3
2022-06-08 03:34:05+02:00,91.0
2022-06-08 03:35:05+02:00,90.8
2022-06-08 03:36:05+02:00,90.8
2022-06-08 03:37:05+02:00,90.6
2022-06-08 03:38:05+02:00,50.0
2022-06-08 03:39:06+02:00,50.0
2022-06-08 03:40:06+02:00,90.0
2022-06-08 03:41:06+02:00,50.0
2022-06-08 03:42:06+02:00,50.0
2022-06-08 03:43:06+02:00,50.0
2022-06-08 03:44:06+02:00,91.2
2022-06-08 03:45:06+02:00,92.0
2022-06-08 03:46:07+02:00,92.1
2022-06-08 03:47:07+02:00,91.9
2022-06-08 03:48:07+02:00,91.7
2022-06-08 03:49:07+02:00,91.4
2022-06-08 03:50:07+02:00,91.1
2022-06-08 03:51:07+02:00,90.8
2022-06-08 03:52:08+02:00,50.0
2022-06-08 03:53:08+02:00,90.6
2022-06-08 03:54:08+02:00,50.0
2022-06-08 03:55:08+02:00,50.0
2022-06-08 03:56:08+02:00,90.6
2022-06-08 03:57:08+02:00,90.4
2022-06-08 03:58:08+02:00,90.3
2022-06-08 03:59:09+02:00,50.0
2022-06-08 04:00:09+02:00,90.6
2022-06-08 04:01:09+02:00,91.2
2022-06-08 04:02:09+02:00,50.0
2022-06-08 04:03:09+02:00,92.3
2022-06-08 04:04:09+02:00,50.0
2022-06-08 04:05:10+02:00,92.0
2022-06-08 04:06:10+02:00,91.6
2022-06-08 04:07:10+02:00,91.2
2022-06-08 04:08:10+02:00,91.0
2022-06-08 04:09:10+02:00,90.6
2022-06-08 04:10:10+02:00,90.7
2022-06-08 04:11:10+02:00,50.0
2022-06-08 04:12:11+02:00,50.0
2022-06-08 04:13:11+02:00,50.0
2022-06-08 04:14:11+02:00,50.0
2022-06-08 04:15:11+02:00,50.0
2022-06-08 04:16:11+02:00,90.6
2022-06-08 04:17:11+02:00,50.0
2022-06-08 04:18:11+02:00,90.0
2022-06-08 04:19:12+02:00,89.9
2022-06-08 04:20:12+02:00,90.0
2022-06-08 04:21:12+02:00,90.0
2022-06-08 04:22:12+02:00,90.2
2022-06-08 04:23:12+02:00,90.3
2022-06-08 04:24:12+02:00,90.4
2022-06-08 04:25:12+02:00,90.5
2022-06-08 04:26:13+02:00,90.5
2022-06-08 04:27:13+02:00,90.6
2022-06-08 04:28:13+02:00,90.6
2022-06-08 04:29:13+02:00,50.0
2022-06-08 04:30:13+02:00,90.7
2022-06-08 04:31:13+02:00,90.9
2022-06-08 04:32:13+02:00,91.0
2022-06-08 04:33:14+02:00,90.9
2022-06-08 04:34:14+02:00,90.8
2022-06-08 04:35:14+02:00,90.8
2022-06-08 04:36:14+02:00,90.7
2022-06-08 04:37:14+02:00,90.8
2022-06-08 04:38:14+02:00,90.9
2022-06-08 04:39:14+02:00,91.0
2022-06-08 04:40:14+02:00,91.0
2022-06-08 04:41:15+02:00,50.0
2022-06-08 04:42:15+02:00,91.9
2022-06-08 04:43:15+02:00,92.5
2022-06-08 04:44:15+02:00,92.2
2022-06-08 04:45:15+02:00,91.6
2022-06-08 04:46:15+02:00,91.4
2022-06-08 04:47:15+02:00,91.2
2022-06-08 04:48:16+02:00,50.0
2022-06-08 04:49:16+02:00,93.2
2022-06-08 04:50:16+02:00,95.7
2022-06-08 04:51:16+02:00,97.1
2022-06-08 04:52:16+02:00,98.0
2022-06-08 04:53:16+02:00,98.4
2022-06-08 04:54:17+02:00,98.8
2022-06-08 04:55:17+02:00,99.0
2022-06-08 04:56:17+02:00,99.1
2022-06-08 04:57:17+02:00,98.7
2022-06-08 04:58:17+02:00,98.8
2022-06-08 04:59:17+02:00,98.5
2022-06-08 05:00:17+02:00,98.2
2022-06-08 05:01:18+02:00,98.1
2022-06-08 05:02:18+02:00,98.0
2022-06-08 05:03:18+02:00,50.0
2022-06-08 05:04:18+02:00,97.3
2022-06-08 05:05:18+02:00,95.7
2022-06-08 05:06:18+02:00,94.2
2022-06-08 05:07:18+02:00,93.4
2022-06-08 05:08:19+02:00,92.7
2022-06-08 05:09:19+02:00,92.2
2022-06-08 05:10:19+02:00,91.8
2022-06-08 05:11:19+02:00,91.6
2022-06-08 05:12:19+02:00,91.4
2022-06-08 05:13:19+02:00,50.0
2022-06-08 05:14:19+02:00,93.6
2022-06-08 05:15:20+02:00,94.9
2022-06-08 05:16:20+02:00,96.1
2022-06-08 05:17:20+02:00,97.0
2022-06-08 05:18:20+02:00,97.3
2022-06-08 05:19:20+02:00,97.5
2022-06-08 05:20:20+02:00,97.5
2022-06-08 05:21:20+02:00,97.4
2022-06-08 05:22:21+02:00,97.4
2022-06-08 05:23:21+02:00,97.9
2022-06-08 05:24:21+02:00,98.0
2022-06-08 05:25:21+02:00,97.9
2022-06-08 05:26:21+02:00,97.9
2022-06-08 05:27:21+02:00,97.4
2022-06-08 05:28:21+02:00,95.8
2022-06-08 05:29:22+02:00,94.7
2022-06-08 05:30:22+02:00,50.0
2022-06-08 05:31:22+02:00,93.9
2022-06-08 05:32:22+02:00,92.6
2022-06-08 05:33:22+02:00,91.6
2022-06-08 05:34:22+02:00,91.3
2022-06-08 05:35:22+02:00,91.2
2022-06-08 05:36:23+02:00,90.8
2022-06-08 05:37:23+02:00,90.8
2022-06-08 05:38:23+02:00,90.7
2022-06-08 05:39:23+02:00,91.2
2022-06-08 05:40:23+02:00,91.3
2022-06-08 05:41:23+02:00,91.2
2022-06-08 05:42:23+02:00,90.9
2022-06-08 05:43:24+02:00,91.1
2022-06-08 05:44:24+02:00,91.1
2022-06-08 05:45:24+02:00,91.0
2022-06-08 05:46:24+02:00,90.0
2022-06-08 05:47:24+02:00,89.2
2022-06-08 05:48:24+02:00,90.2
2022-06-08 05:49:24+02:00,90.7
2022-06-08 05:50:25+02:00,90.7
2022-06-08 05:51:25+02:00,50.0
2022-06-08 05:52:25+02:00,91.0
2022-06-08 05:53:25+02:00,90.9
2022-06-08 05:54:25+02:00,91.2
2022-06-08 05:55:25+02:00,91.4
2022-06-08 05:56:25+02:00,91.4
2022-06-08 05:57:26+02:00,91.6
2022-06-08 05:58:26+02:00,91.8
2022-06-08 05:59:26+02:00,91.9
2022-06-08 06:00:26+02:00,91.9
2022-06-08 06:01:26+02:00,92.2
2022-06-08 06:02:26+02:00,92.1
2022-06-08 06:03:27+02:00,92.0
2022-06-08 06:04:27+02:00,91.9
2022-06-08 06:05:27+02:00,91.8
2022-06-08 06:06:27+02:00,91.7
2022-06-08 06:07:27+02:00,91.7
2022-06-08 06:08:27+02:00,91.8
2022-06-08 06:09:27+02:00,91.9
2022-06-08 06:10:27+02:00,91.9
2022-06-08 06:11:28+02:00,91.5
2022-06-08 06:12:28+02:00,91.3
2022-06-08 06:13:28+02:00,91.5
2022-06-08 06:14:28+02:00,91.5
2022-06-08 06:15:28+02:00,91.7
2022-06-08 06:16:28+02:00,91.8
2022-06-08 06:17:29+02:00,91.5
2022-06-08 06:18:29+02:00,91.6
2022-06-08 06:19:29+02:00,91.6
2022-06-08 06:20:29+02:00,91.7
2022-06-08 06:21:29+02:00,91.2
2022-06-08 06:22:29+02:00,91.0
2022-06-08 06:23:29+02:00,50.0
2022-06-08 06:24:30+02:00,91.2
2022-06-08 06:25:30+02:00,91.3
2022-06-08 06:26:30+02:00,91.4
2022-06-08 06:27:30+02:00,91.2
2022-06-08 06:28:30+02:00,91.4
2022-06-08 06:29:30+02:00,91.6
2022-06-08 06:30:30+02:00,91.6
2022-06-08 06:31:30+02:00,91.5
2022-06-08 06:32:30+02:00,91.4
2022-06-08 06:33:30+02:00,91.4
2022-06-08 06:34:30+02:00,91.5
2022-06-08 06:35:31+02:00,91.5
2022-06-08 06:36:31+02:00,91.4
2022-06-08 06:37:31+02:00,91.5
2022-06-08 06:38:31+02:00,91.5
2022-06-08 06:39:31+02:00,91.6
2022-06-08 06:40:31+02:00,91.6
2022-06-08 06:41:31+02:00,91.7
2022-06-08 06:42:31+02:00,91.7
2022-06-08 06:43:31+02:00,91.7
2022-06-08 06:44:31+02:00,91.8
2022-06-08 06:45:32+02:00,91.8
2022-06-08 06:46:32+02:00,91.9
2022-06-08 06:47:32+02:00,91.9
2022-06-08 06:48:32+02:00,92.0
2022-06-08 06:49:32+02:00,92.0
2022-06-08 06:50:32+02:00,91.9
2022-06-08 06:51:32+02:00,91.9
2022-06-08 06:52:32+02:00,91.9
2022-06-08 06:53:32+02:00,91.8
2022-06-08 06:54:32+02:00,91.8
2022-06-08 06:55:32+02:00,91.7
2022-06-08 06:56:32+02:00,50.0
2022-06-08 06:57:33+02:00,91.6
2022-06-08 06:58:33+02:00,91.4
2022-06-08 06:59:33+02:00,90.7
2022-06-08 07:00:33+02:00,90.2
2022-06-08 07:01:33+02:00,89.9
2022-06-08 07:02:33+02:00,89.9
2022-06-08 07:03:33+02:00,89.9
2022-06-08 07:04:33+02:00,89.9
2022-06-08 07:05:33+02:00,89.9
2022-06-08 07:06:33+02:00,89.9
2022-06-08 07:07:33+02:00,89.8
2022-06-08 07:08:33+02:00,89.7
2022-06-08 07:09:34+02:00,50.0
2022-06-08 07:10:34+02:00,89.6
2022-06-08 07:11:34+02:00,89.3
2022-06-08 07:12:34+02:00,89.3
2022-06-08 07:13:34+02:00,89.5
2022-06-08 07:14:34+02:00,89.8
2022-06-08 07:15:34+02:00,90.0
2022-06-08 07:16:34+02:00,90.2
2022-06-08 07:17:34+02:00,90.4
2022-06-08 07:18:35+02:00,90.6
2022-06-08 07:19:35+02:00,90.7
2022-06-08 07:20:35+02:00,90.6
2022-06-08 07:21:35+02:00,90.7
2022-06-08 07:22:35+02:00,90.7
2022-06-08 07:23:35+02:00,90.7
2022-06-08 07:24:35+02:00,90.8
2022-06-08 07:25:35+02:00,90.7
2022-06-08 07:26:35+02:00,90.8
2022-06-08 07:27:35+02:00,90.9
2022-06-08 07:28:35+02:00,90.9
2022-06-08 07:29:35+02:00,90.8
2022-06-08 07:30:36+02:00,90.8
2022-06-08 07:31:36+02:00,90.7
2022-06-08 07:32:36+02:00,90.8
2022-06-08 07:33:36+02:00,90.9
2022-06-08 07:34:36+02:00,91.0
2022-06-08 07:35:36+02:00,91.1
2022-06-08 07:36:37+02:00,91.0
2022-06-08 07:37:37+02:00,91.0
2022-06-08 07:38:37+02:00,90.9
2022-06-08 07:39:37+02:00,90.9
2022-06-08 07:40:37+02:00,90.9
2022-06-08 07:41:37+02:00,90.9
2022-06-08 07:42:37+02:00,90.9
2022-06-08 07:43:38+02:00,91.0
2022-06-08 07:44:38+02:00,91.0
2022-06-08 07:45:38+02:00,91.1
2022-06-08 07:46:38+02:00,91.3
2022-06-08 07:47:38+02:00,91.8
2022-06-08 07:48:38+02:00,92.2
2022-06-08 07:49:38+02:00,92.3
2022-06-08 07:50:39+02:00,92.5
2022-06-08 07:51:39+02:00,92.8
2022-06-08 07:52:39+02:00,93.2
2022-06-08 07:53:39+02:00,93.4
2022-06-08 07:54:39+02:00,93.3
2022-06-08 07:55:39+02:00,93.0
2022-06-08 07:56:39+02:00,93.1
2022-06-08 07:57:40+02:00,50.0
2022-06-08 07:58:40+02:00,92.1
2022-06-08 07:59:40+02:00,91.3
2022-06-08 08:00:40+02:00,90.9
2022-06-08 08:01:40+02:00,90.6
2022-06-08 08:02:40+02:00,90.5
2022-06-08 08:03:41+02:00,90.4
2022-06-08 08:04:41+02:00,90.2
2022-06-08 08:05:41+02:00,90.1
2022-06-08 08:06:41+02:00,89.9
2022-06-08 08:07:41+02:00,89.9
2022-06-08 08:08:41+02:00,90.1
2022-06-08 08:09:41+02:00,90.1
2022-06-08 08:10:42+02:00,90.1
2022-06-08 08:11:42+02:00,90.1
2022-06-08 08:12:42+02:00,90.2
2022-06-08 08:13:42+02:00,90.4
2022-06-08 08:14:42+02:00,90.5
2022-06-08 08:15:42+02:00,90.5
2022-06-08 08:16:42+02:00,90.6
2022-06-08 08:17:43+02:00,90.6
2022-06-08 08:18:43+02:00,90.7
2022-06-08 08:19:43+02:00,90.6
2022-06-08 08:20:43+02:00,90.7
2022-06-08 08:21:43+02:00,90.8
2022-06-08 08:22:43+02:00,90.8
2022-06-08 08:23:43+02:00,90.9
2022-06-08 08:24:44+02:00,90.9
2022-06-08 08:25:44+02:00,91.1
2022-06-08 08:26:44+02:00,91.1
2022-06-08 08:27:44+02:00,50.0
2022-06-08 08:28:44+02:00,50.0
2022-06-08 08:29:44+02:00,91.8
2022-06-08 08:30:44+02:00,92.6
2022-06-08 08:31:45+02:00,50.0
2022-06-08 08:32:45+02:00,92.2
2022-06-08 08:33:45+02:00,50.0
2022-06-08 08:34:45+02:00,92.2
2022-06-08 08:35:45+02:00,91.5
2022-06-08 08:36:45+02:00,91.1
2022-06-08 08:37:45+02:00,90.9
2022-06-08 08:38:46+02:00,90.9
2022-06-08 08:39:46+02:00,91.1
2022-06-08 08:40:46+02:00,90.8
2022-06-08 08:41:46+02:00,91.0
2022-06-08 08:42:46+02:00,91.1
2022-06-08 08:43:46+02:00,90.9
2022-06-08 08:44:46+02:00,91.0
2022-06-08 08:45:47+02:00,91.0
2022-06-08 08:46:47+02:00,90.8
2022-06-08 08:47:47+02:00,90.8
2022-06-08 08:48:47+02:00,90.7
2022-06-08 08:49:47+02:00,50.0
2022-06-08 08:50:47+02:00,50.0
2022-06-08 08:51:47+02:00,50.0
2022-06-08 08:52:48+02:00,50.0
2022-06-08 08:53:48+02:00,91.1
2022-06-08 08:54:48+02:00,91.3
2022-06-08 08:55:48+02:00,50.0
2022-06-08 08:56:48+02:00,50.0
2022-06-08 08:57:48+02:00,91.6
2022-06-08 08:58:48+02:00,50.0
2022-06-08 08:59:49+02:00,91.5
2022-06-08 09:00:49+02:00,91.2
2022-06-08 09:01:49+02:00,91.0
2022-06-08 09:02:49+02:00,91.1
2022-06-08 09:03:49+02:00,91.2
2022-06-08 09:04:49+02:00,91.2
2022-06-08 09:05:49+02:00,91.3
2022-06-08 09:06:50+02:00,91.4
2022-06-08 09:07:50+02:00,91.4
2022-06-08 09:08:50+02:00,91.4
2022-06-08 09:09:50+02:00,91.4
2022-06-08 09:10:50+02:00,91.6
2022-06-08 09:11:50+02:00,91.6
2022-06-08 09:12:50+02:00,91.6
2022-06-08 09:13:51+02:00,91.7
2022-06-08 09:14:51+02:00,91.7
2022-06-08 09:15:51+02:00,91.7
2022-06-08 09:16:51+02:00,91.6
2022-06-08 09:17:51+02:00,91.6
2022-06-08 09:18:51+02:00,91.5
2022-06-08 09:19:52+02:00,91.5
2022-06-08 09:20:52+02:00,91.5
2022-06-08 09:21:52+02:00,91.5
2022-06-08 09:22:52+02:00,91.6
2022-06-08 09:23:52+02:00,91.5
2022-06-08 09:24:52+02:00,91.6
2022-06-08 09:25:52+02:00,91.5
2022-06-08 09:26:53+02:00,91.4
2022-06-08 09:27:53+02:00,91.4
2022-06-08 09:28:53+02:00,91.3
2022-06-08 09:29:53+02:00,91.2
2022-06-08 09:30:53+02:00,91.2
2022-06-08 09:31:53+02:00,91.2
2022-06-08 09:32:53+02:00,91.2
2022-06-08 09:33:54+02:00,91.1
2022-06-08 09:34:54+02:00,91.0
2022-06-08 09:35:54+02:00,91.1
2022-06-08 09:36:54+02:00,91.3
2022-06-08 09:37:54+02:00,50.0
2022-06-08 09:38:54+02:00,50.0
2022-06-08 09:39:54+02:00,91.7
2022-06-08 09:40:55+02:00,50.0
2022-06-08 09:41:55+02:00,50.0
2022-06-08 09:42:55+02:00,50.0
2022-06-08 09:43:55+02:00,50.0
2022-06-08 09:44:55+02:00,50.0
2022-06-08 09:45:55+02:00,50.0
2022-06-08 09:46:55+02:00,50.0
2022-06-08 09:47:56+02:00,50.0
2022-06-08 09:48:56+02:00,50.0
2022-06-08 09:49:56+02:00,50.0
2022-06-08 09:50:56+02:00,50.0
2022-06-08 09:51:56+02:00,50.0
2022-06-08 09:52:56+02:00,50.0
2022-06-08 09:53:56+02:00,50.0
2022-06-08 09:54:56+02:00,50.0
2022-06-08 09:55:57+02:00,50.0
2022-06-08 09:56:57+02:00,50.0
2022-06-08 09:57:57+02:00,50.0
2022-06-08 09:58:57+02:00,50.0
2022-06-08 09:59:57+02:00,50.0
2022-06-08 10:00:57+02:00,50.0
2022-06-08 10:01:57+02:00,91.0
2022-06-08 10:02:58+02:00,50.0
2022-06-08 10:03:58+02:00,50.0
2022-06-08 10:04:58+02:00,50.0
2022-06-08 10:05:58+02:00,50.0
2022-06-08 10:06:58+02:00,50.0
2022-06-08 10:07:58+02:00,50.0
2022-06-08 10:08:58+02:00,50.0
2022-06-08 10:09:59+02:00,50.0
2022-06-08 10:10:59+02:00,89.4
2022-06-08 10:11:59+02:00,50.0
2022-06-08 10:12:59+02:00,50.0
2022-06-08 10:13:59+02:00,50.0
2022-06-09 02:55:30+02:00,91.2
2022-06-09 02:56:30+02:00,91.7
2022-06-09 02:57:30+02:00,92.1
2022-06-09 02:58:30+02:00,92.3
2022-06-09 02:59:30+02:00,92.4
2022-06-09 03:00:30+02:00,92.3
2022-06-09 03:01:30+02:00,92.2
2022-06-09 03:02:30+02:00,92.3
2022-06-09 03:03:30+02:00,92.3
2022-06-09 03:04:30+02:00,92.5
2022-06-09 03:05:30+02:00,50.0
2022-06-09 03:06:31+02:00,92.5
2022-06-09 03:07:31+02:00,91.6
2022-06-09 03:08:31+02:00,91.3
2022-06-09 03:09:31+02:00,91.3
2022-06-09 03:10:31+02:00,91.7
2022-06-09 03:11:31+02:00,91.7
2022-06-09 03:12:31+02:00,91.5
2022-06-09 03:13:31+02:00,91.6
2022-06-09 03:14:32+02:00,91.9
2022-06-09 03:15:32+02:00,92.5
2022-06-09 03:16:32+02:00,93.6
2022-06-09 03:17:32+02:00,94.0
2022-06-09 03:18:32+02:00,94.6
2022-06-09 03:19:32+02:00,95.6
2022-06-09 03:20:32+02:00,96.7
2022-06-09 03:21:32+02:00,96.6
2022-06-09 03:22:33+02:00,97.1
2022-06-09 03:23:33+02:00,50.0
2022-06-09 03:24:33+02:00,96.6
2022-06-09 03:25:33+02:00,96.3
2022-06-09 03:26:33+02:00,96.3
2022-06-09 03:27:33+02:00,96.4
2022-06-09 03:28:33+02:00,96.4
2022-06-09 03:29:33+02:00,50.0
2022-06-09 03:30:33+02:00,95.6
2022-06-09 03:31:34+02:00,94.9
2022-06-09 03:32:34+02:00,50.0
2022-06-09 03:33:34+02:00,93.9
2022-06-09 03:34:34+02:00,93.7
2022-06-09 03:35:34+02:00,93.8
2022-06-09 03:36:34+02:00,50.0
2022-06-09 03:37:34+02:00,50.0
2022-06-09 03:38:34+02:00,93.7
2022-06-09 03:39:34+02:00,92.7
2022-06-09 03:40:35+02:00,92.0
2022-06-09 03:41:35+02:00,92.1
2022-06-09 03:42:35+02:00,92.4
2022-06-09 03:43:35+02:00,92.4
2022-06-09 03:44:35+02:00,92.6
2022-06-09 03:45:35+02:00,92.6
2022-06-09 03:46:35+02:00,92.9
2022-06-09 03:47:35+02:00,92.8
2022-06-09 03:48:35+02:00,92.8
2022-06-09 03:49:35+02:00,92.7
2022-06-09 03:50:36+02:00,50.0
2022-06-09 03:51:36+02:00,50.0
2022-06-09 03:52:36+02:00,50.0
2022-06-09 03:53:36+02:00,91.3
2022-06-09 03:54:36+02:00,90.3
2022-06-09 03:55:36+02:00,89.8
2022-06-09 03:56:36+02:00,50.0
2022-06-09 03:57:37+02:00,89.4
2022-06-09 03:58:37+02:00,89.2
2022-06-09 03:59:37+02:00,50.0
2022-06-09 04:00:37+02:00,88.9
2022-06-09 04:01:37+02:00,88.2
2022-06-09 04:02:37+02:00,50.0
2022-06-09 04:03:37+02:00,87.8
2022-06-09 04:04:38+02:00,91.4
2022-06-09 04:05:38+02:00,92.6
2022-06-09 04:06:38+02:00,50.0
2022-06-09 04:07:38+02:00,94.6
2022-06-09 04:08:38+02:00,95.2
2022-06-09 04:09:38+02:00,50.0
2022-06-09 04:10:38+02:00,50.0
2022-06-09 04:11:39+02:00,92.9
2022-06-09 04:12:39+02:00,91.7
2022-06-09 04:13:39+02:00,91.0
2022-06-09 04:14:39+02:00,90.9
2022-06-09 04:15:39+02:00,90.6
2022-06-09 04:16:39+02:00,90.7
2022-06-09 04:17:40+02:00,90.7
2022-06-09 04:18:40+02:00,50.0
2022-06-09 04:19:40+02:00,91.9
2022-06-09 04:20:40+02:00,50.0
2022-06-09 04:21:40+02:00,92.1
2022-06-09 04:22:40+02:00,90.2
2022-06-09 04:23:40+02:00,90.0
2022-06-09 04:24:41+02:00,89.9
2022-06-09 04:25:41+02:00,50.0
2022-06-09 04:26:41+02:00,50.0
2022-06-09 04:27:41+02:00,90.0
2022-06-09 04:28:41+02:00,90.3
2022-06-09 04:29:41+02:00,90.4
2022-06-09 04:30:41+02:00,90.3
2022-06-09 04:31:42+02:00,90.1
2022-06-09 04:32:42+02:00,90.3
2022-06-09 04:33:42+02:00,90.3
2022-06-09 04:34:42+02:00,90.9
2022-06-09 04:35:42+02:00,91.3
2022-06-09 04:36:42+02:00,91.1
2022-06-09 04:37:43+02:00,91.5
2022-06-09 04:38:43+02:00,91.6
2022-06-09 04:39:43+02:00,91.8
2022-06-09 04:40:43+02:00,92.0
2022-06-09 04:41:43+02:00,92.4
2022-06-09 04:42:43+02:00,92.7
2022-06-09 04:43:43+02:00,92.8
2022-06-09 04:44:44+02:00,92.5
2022-06-09 04:45:44+02:00,92.3
2022-06-09 04:46:44+02:00,92.3
2022-06-09 04:47:44+02:00,91.9
2022-06-09 04:48:44+02:00,92.3
2022-06-09 04:49:44+02:00,92.4
2022-06-09 04:50:45+02:00,92.8
2022-06-09 04:51:45+02:00,93.1
2022-06-09 04:52:45+02:00,92.7
2022-06-09 04:53:45+02:00,92.7
2022-06-09 04:54:45+02:00,92.5
2022-06-09 04:55:45+02:00,92.5
2022-06-09 04:56:45+02:00,92.7
2022-06-09 04:57:46+02:00,93.0
2022-06-09 04:58:46+02:00,93.2
2022-06-09 04:59:46+02:00,93.3
2022-06-09 05:00:46+02:00,93.4
2022-06-09 05:01:46+02:00,93.1
2022-06-09 05:02:46+02:00,93.0
2022-06-09 05:03:46+02:00,50.0
2022-06-09 05:04:47+02:00,92.8
2022-06-09 05:05:47+02:00,92.6
2022-06-09 05:06:47+02:00,92.8
2022-06-09 05:07:47+02:00,92.9
2022-06-09 05:08:47+02:00,92.7
2022-06-09 05:09:47+02:00,92.4
2022-06-09 05:10:47+02:00,92.5
2022-06-09 05:11:48+02:00,92.3
2022-06-09 05:12:48+02:00,92.1
2022-06-09 05:13:48+02:00,92.0
2022-06-09 05:14:48+02:00,91.8
2022-06-09 05:15:48+02:00,91.5
2022-06-09 05:16:48+02:00,91.5
2022-06-09 05:17:49+02:00,50.0
2022-06-09 05:18:49+02:00,91.8
2022-06-09 05:19:49+02:00,91.7
2022-06-09 05:20:49+02:00,91.3
2022-06-09 05:21:49+02:00,91.0
2022-06-09 05:22:49+02:00,90.6
2022-06-09 05:23:49+02:00,90.4
2022-06-09 05:24:50+02:00,90.3
2022-06-09 05:25:50+02:00,90.2
2022-06-09 05:26:50+02:00,90.2
2022-06-09 05:27:50+02:00,90.0
2022-06-09 05:28:50+02:00,90.1
2022-06-09 05:29:50+02:00,90.3
2022-06-09 05:30:50+02:00,90.2
2022-06-09 05:31:51+02:00,90.2
2022-06-09 05:32:51+02:00,50.0
2022-06-09 05:33:51+02:00,50.0
2022-06-09 05:34:51+02:00,90.9
2022-06-09 05:35:51+02:00,91.5
2022-06-09 05:36:51+02:00,92.3
2022-06-09 05:37:52+02:00,92.7
2022-06-09 05:38:52+02:00,93.1
2022-06-09 05:39:52+02:00,93.4
2022-06-09 05:40:52+02:00,93.7
2022-06-09 05:41:52+02:00,93.8
2022-06-09 05:42:52+02:00,93.9
2022-06-09 05:43:52+02:00,94.0
2022-06-09 05:44:53+02:00,93.9
2022-06-09 05:45:53+02:00,93.9
2022-06-09 05:46:53+02:00,94.1
2022-06-09 05:47:53+02:00,94.0
2022-06-09 05:48:53+02:00,50.0
2022-06-09 05:49:53+02:00,50.0
2022-06-09 05:50:54+02:00,92.9
2022-06-09 05:51:54+02:00,92.3
2022-06-09 05:52:54+02:00,92.0
2022-06-09 05:53:54+02:00,91.7
2022-06-09 05:54:54+02:00,91.6
2022-06-09 05:55:54+02:00,91.5
2022-06-09 05:56:54+02:00,91.5
2022-06-09 05:57:55+02:00,91.6
2022-06-09 05:58:55+02:00,91.5
2022-06-09 05:59:55+02:00,91.5
2022-06-09 06:00:55+02:00,91.6
2022-06-09 06:01:55+02:00,91.5
2022-06-09 06:02:55+02:00,91.5
2022-06-09 06:03:55+02:00,91.5
2022-06-09 06:04:56+02:00,50.0
2022-06-09 06:05:56+02:00,91.3
2022-06-09 06:06:56+02:00,91.1
2022-06-09 06:07:56+02:00,50.0
2022-06-09 06:08:56+02:00,50.0
2022-06-09 06:09:56+02:00,90.9
2022-06-09 06:10:56+02:00,50.0
2022-06-09 06:11:57+02:00,90.8
2022-06-09 06:12:57+02:00,91.2
2022-06-09 06:13:57+02:00,91.4
2022-06-09 06:14:57+02:00,91.6
2022-06-09 06:15:57+02:00,91.6
2022-06-09 06:16:57+02:00,91.7
2022-06-09 06:17:58+02:00,91.7
2022-06-09 06:18:58+02:00,91.8
2022-06-09 06:19:58+02:00,91.8
2022-06-09 06:20:58+02:00,91.8
2022-06-09 06:21:58+02:00,91.8
2022-06-09 06:22:58+02:00,50.0
2022-06-09 06:23:58+02:00,91.8
2022-06-09 06:24:59+02:00,94.2
2022-06-09 06:25:59+02:00,95.7
2022-06-09 06:26:59+02:00,96.4
2022-06-09 06:27:59+02:00,97.1
2022-06-09 06:28:59+02:00,97.7
2022-06-09 06:29:59+02:00,98.1
2022-06-09 06:31:00+02:00,98.0
2022-06-09 06:32:00+02:00,98.2
2022-06-09 06:33:00+02:00,98.3
2022-06-09 06:34:00+02:00,98.4
2022-06-09 06:35:00+02:00,97.8
2022-06-09 06:36:00+02:00,97.7
2022-06-09 06:37:01+02:00,98.1
2022-06-09 06:38:01+02:00,98.6
2022-06-09 06:39:01+02:00,98.9
2022-06-09 06:40:01+02:00,98.1
2022-06-09 06:41:01+02:00,98.0
2022-06-09 06:42:01+02:00,97.5
2022-06-09 06:43:01+02:00,50.0
2022-06-09 06:44:01+02:00,97.1
2022-06-09 06:45:02+02:00,96.9
2022-06-09 06:46:02+02:00,96.5
2022-06-09 06:47:02+02:00,96.4
2022-06-09 06:48:02+02:00,96.2
2022-06-09 06:49:02+02:00,96.1
2022-06-09 06:50:02+02:00,95.9
2022-06-09 06:51:02+02:00,95.4
2022-06-09 06:52:03+02:00,95.6
2022-06-09 06:53:03+02:00,95.5
2022-06-09 06:54:03+02:00,95.4
2022-06-09 06:55:03+02:00,95.2
2022-06-09 06:56:03+02:00,95.1
2022-06-09 06:57:03+02:00,95.4
2022-06-09 06:58:03+02:00,95.4
2022-06-09 06:59:04+02:00,50.0
2022-06-09 07:00:04+02:00,50.0
2022-06-09 07:01:04+02:00,50.0
2022-06-09 07:02:04+02:00,50.0
2022-06-09 07:03:04+02:00,95.2
2022-06-09 07:04:04+02:00,95.0
2022-06-09 07:05:04+02:00,94.8
2022-06-09 07:06:05+02:00,95.5
2022-06-09 07:07:05+02:00,95.8
2022-06-09 07:08:05+02:00,96.6
2022-06-09 07:09:05+02:00,97.3
2022-06-09 07:10:05+02:00,50.0
2022-06-09 07:11:05+02:00,50.0
2022-06-09 07:12:05+02:00,50.0
2022-06-09 07:13:05+02:00,96.6
2022-06-09 07:14:06+02:00,50.0
2022-06-09 07:15:06+02:00,50.0
2022-06-09 07:16:06+02:00,50.0
2022-06-09 07:17:06+02:00,50.0
2022-06-09 07:18:06+02:00,50.0
2022-06-09 07:19:06+02:00,50.0
2022-06-09 07:20:06+02:00,50.0
2022-06-09 07:21:06+02:00,50.0
2022-06-09 07:22:07+02:00,50.0
2022-06-09 07:23:07+02:00,50.0
2022-06-09 07:24:07+02:00,50.0
2022-06-09 07:25:07+02:00,50.0
2022-06-09 07:26:07+02:00,50.0
2022-06-09 07:27:07+02:00,50.0
2022-06-09 07:28:07+02:00,50.0
2022-06-09 07:29:07+02:00,50.0
2022-06-09 07:30:08+02:00,50.0
2022-06-09 07:31:08+02:00,50.0
2022-06-09 07:32:08+02:00,50.0
2022-06-09 07:33:08+02:00,50.0
2022-06-09 07:34:08+02:00,50.0
2022-06-09 07:35:08+02:00,50.0
2022-06-09 07:36:08+02:00,50.0
2022-06-09 07:37:09+02:00,50.0
2022-06-09 07:38:09+02:00,50.0
2022-06-09 07:39:09+02:00,50.0
2022-06-09 07:40:09+02:00,95.5
2022-06-09 07:41:09+02:00,50.0
2022-06-09 07:42:09+02:00,50.0
2022-06-09 07:43:09+02:00,50.0
2022-06-09 07:44:09+02:00,50.0
2022-06-09 07:45:10+02:00,50.0
2022-06-09 07:46:10+02:00,50.0
2022-06-09 07:47:10+02:00,50.0
2022-06-09 07:48:10+02:00,50.0
2022-06-09 07:49:10+02:00,50.0
2022-06-10 01:41:00+02:00,50.0
2022-06-10 01:42:00+02:00,91.7
2022-06-10 01:43:00+02:00,92.0
2022-06-10 01:44:00+02:00,50.0
2022-06-10 01:45:00+02:00,93.5
2022-06-10 01:46:00+02:00,50.0
2022-06-10 01:47:00+02:00,93.0
2022-06-10 01:48:00+02:00,50.0
2022-06-10 01:49:00+02:00,92.0
2022-06-10 01:50:00+02:00,91.4
2022-06-10 01:51:00+02:00,91.1
2022-06-10 01:52:01+02:00,91.0
2022-06-10 01:53:01+02:00,90.8
2022-06-10 01:54:01+02:00,90.7
2022-06-10 01:55:01+02:00,90.6
2022-06-10 01:56:01+02:00,90.7
2022-06-10 01:57:01+02:00,90.8
2022-06-10 01:58:01+02:00,92.2
2022-06-10 01:59:02+02:00,92.7
2022-06-10 02:00:02+02:00,50.0
2022-06-10 02:00:02+02:00,50.0
2022-06-10 02:01:02+02:00,92.9
2022-06-10 02:02:02+02:00,93.5
2022-06-10 02:03:02+02:00,50.0
2022-06-10 02:04:02+02:00,50.0
2022-06-10 02:05:02+02:00,50.0
2022-06-10 02:06:02+02:00,50.0
2022-06-10 02:07:03+02:00,95.2
2022-06-10 02:08:03+02:00,94.3
2022-06-10 02:09:03+02:00,93.5
2022-06-10 02:10:03+02:00,50.0
2022-06-10 02:11:03+02:00,93.0
2022-06-10 02:12:03+02:00,92.5
2022-06-10 02:13:03+02:00,50.0
2022-06-10 02:14:03+02:00,92.6
2022-06-10 02:15:04+02:00,92.5
2022-06-10 02:16:04+02:00,92.7
2022-06-10 02:17:04+02:00,50.0
2022-06-10 02:18:04+02:00,92.3
2022-06-10 02:19:04+02:00,91.5
2022-06-10 02:20:04+02:00,90.6
2022-06-10 02:21:04+02:00,90.2
2022-06-10 02:22:05+02:00,90.0
2022-06-10 02:23:05+02:00,89.5
2022-06-10 02:24:05+02:00,89.5
2022-06-10 02:25:05+02:00,89.8
2022-06-10 02:26:05+02:00,89.9
2022-06-10 02:27:05+02:00,50.0
2022-06-10 02:28:05+02:00,89.7
2022-06-10 02:29:06+02:00,89.7
2022-06-10 02:30:06+02:00,89.4
2022-06-10 02:31:06+02:00,89.4
2022-06-10 02:32:06+02:00,90.2
2022-06-10 02:33:06+02:00,90.5
2022-06-10 02:34:06+02:00,90.2
2022-06-10 02:35:07+02:00,91.0
2022-06-10 02:36:07+02:00,91.2
2022-06-10 02:37:07+02:00,91.3
2022-06-10 02:38:07+02:00,91.5
2022-06-10 02:39:07+02:00,91.5
2022-06-10 02:40:07+02:00,91.6
2022-06-10 02:41:07+02:00,91.9
2022-06-10 02:42:08+02:00,92.2
2022-06-10 02:43:08+02:00,92.0
2022-06-10 02:44:08+02:00,92.6
2022-06-10 02:45:08+02:00,92.5
2022-06-10 02:46:08+02:00,93.0
2022-06-10 02:47:08+02:00,93.0
2022-06-10 02:48:09+02:00,93.0
2022-06-10 02:49:09+02:00,92.0
2022-06-10 02:50:09+02:00,92.4
2022-06-10 02:51:09+02:00,92.6
2022-06-10 02:52:09+02:00,92.8
2022-06-10 02:53:09+02:00,92.5
2022-06-10 02:54:09+02:00,92.7
2022-06-10 02:55:10+02:00,92.7
2022-06-10 02:56:10+02:00,92.9
2022-06-10 02:57:10+02:00,92.5
2022-06-10 02:58:10+02:00,92.6
2022-06-10 02:59:10+02:00,93.0
2022-06-10 03:00:10+02:00,92.8
2022-06-10 03:01:10+02:00,92.8
2022-06-10 03:02:11+02:00,92.5
2022-06-10 03:03:11+02:00,92.6
2022-06-10 03:04:11+02:00,92.6
2022-06-10 03:05:11+02:00,92.6
2022-06-10 03:06:11+02:00,92.6
2022-06-10 03:07:11+02:00,92.5
2022-06-10 03:08:12+02:00,92.4
2022-06-10 03:09:12+02:00,91.9
2022-06-10 03:10:12+02:00,91.7
2022-06-10 03:11:12+02:00,92.0
2022-06-10 03:12:12+02:00,91.5
2022-06-10 03:13:12+02:00,90.9
2022-06-10 03:14:12+02:00,90.5
2022-06-10 03:15:13+02:00,90.1
2022-06-10 03:16:13+02:00,89.5
2022-06-10 03:17:13+02:00,89.2
2022-06-10 03:18:13+02:00,89.1
2022-06-10 03:19:13+02:00,50.0
2022-06-10 03:20:13+02:00,90.1
2022-06-10 03:21:14+02:00,91.2
2022-06-10 03:22:14+02:00,91.8
2022-06-10 03:23:14+02:00,92.0
2022-06-10 03:24:14+02:00,92.3
2022-06-10 03:25:14+02:00,92.4
2022-06-10 03:26:14+02:00,92.5
2022-06-10 03:27:14+02:00,93.0
2022-06-10 03:28:15+02:00,93.2
2022-06-10 03:29:15+02:00,50.0
2022-06-10 03:30:15+02:00,50.0
2022-06-10 03:31:15+02:00,50.0
2022-06-10 03:32:15+02:00,94.1
2022-06-10 03:33:15+02:00,94.8
2022-06-10 03:34:15+02:00,95.6
2022-06-10 03:35:16+02:00,96.7
2022-06-10 03:36:16+02:00,97.3
2022-06-10 03:37:16+02:00,97.7
2022-06-10 03:38:16+02:00,98.0
2022-06-10 03:39:16+02:00,98.2
2022-06-10 03:40:16+02:00,98.3
2022-06-10 03:41:16+02:00,98.5
2022-06-10 03:42:17+02:00,98.4
2022-06-10 03:43:17+02:00,50.0
2022-06-10 03:44:17+02:00,96.9
2022-06-10 03:45:17+02:00,95.5
2022-06-10 03:46:17+02:00,94.3
2022-06-10 03:47:17+02:00,93.5
2022-06-10 03:48:18+02:00,93.0
2022-06-10 03:49:18+02:00,92.6
2022-06-10 03:50:18+02:00,92.4
2022-06-10 03:51:18+02:00,92.3
2022-06-10 03:52:18+02:00,92.3
2022-06-10 03:53:18+02:00,92.2
2022-06-10 03:54:18+02:00,50.0
2022-06-10 03:55:19+02:00,50.0
2022-06-10 03:56:19+02:00,50.0
2022-06-10 03:57:19+02:00,92.9
2022-06-10 03:58:19+02:00,50.0
2022-06-10 03:59:19+02:00,93.2
2022-06-10 04:00:19+02:00,93.4
2022-06-10 04:01:19+02:00,93.8
2022-06-10 04:02:20+02:00,94.2
2022-06-10 04:03:20+02:00,94.4
2022-06-10 04:04:20+02:00,94.6
2022-06-10 04:05:20+02:00,94.8
2022-06-10 04:06:20+02:00,95.0
2022-06-10 04:07:20+02:00,95.1
2022-06-10 04:08:21+02:00,95.8
2022-06-10 04:09:21+02:00,95.7
2022-06-10 04:10:21+02:00,50.0
2022-06-10 04:11:21+02:00,50.0
2022-06-10 04:12:21+02:00,93.6
2022-06-10 04:13:21+02:00,92.9
2022-06-10 04:14:21+02:00,50.0
2022-06-10 04:15:22+02:00,92.6
2022-06-10 04:16:22+02:00,92.6
2022-06-10 04:17:22+02:00,92.6
2022-06-10 04:18:22+02:00,92.7
2022-06-10 04:19:22+02:00,92.8
2022-06-10 04:20:22+02:00,92.9
2022-06-10 04:21:22+02:00,93.0
2022-06-10 04:22:23+02:00,50.0
2022-06-10 04:23:23+02:00,92.8
2022-06-10 04:24:23+02:00,92.7
2022-06-10 04:25:23+02:00,92.7
2022-06-10 04:26:23+02:00,92.6
2022-06-10 04:27:23+02:00,92.7
2022-06-10 04:28:23+02:00,92.7
2022-06-10 04:29:24+02:00,92.9
2022-06-10 04:30:24+02:00,92.9
2022-06-10 04:31:24+02:00,92.8
2022-06-10 04:32:24+02:00,92.9
2022-06-10 04:33:24+02:00,92.9
2022-06-10 04:34:24+02:00,92.9
2022-06-10 04:35:25+02:00,93.0
2022-06-10 04:36:25+02:00,93.1
2022-06-10 04:37:25+02:00,93.1
2022-06-10 04:38:25+02:00,93.2
2022-06-10 04:39:25+02:00,50.0
2022-06-10 04:40:25+02:00,93.0
2022-06-10 04:41:25+02:00,92.7
2022-06-10 04:42:26+02:00,92.7
2022-06-10 04:43:26+02:00,92.8
2022-06-10 04:44:26+02:00,92.9
2022-06-10 04:45:26+02:00,92.9
2022-06-10 04:46:26+02:00,93.1
2022-06-10 04:47:26+02:00,93.1
2022-06-10 04:48:27+02:00,93.1
2022-06-10 04:49:27+02:00,93.3
2022-06-10 04:50:27+02:00,50.0
2022-06-10 04:51:27+02:00,93.1
2022-06-10 04:52:27+02:00,92.6
2022-06-10 04:53:27+02:00,92.4
2022-06-10 04:54:28+02:00,92.3
2022-06-10 04:55:28+02:00,92.5
2022-06-10 04:56:28+02:00,92.7
2022-06-10 04:57:28+02:00,92.7
2022-06-10 04:58:28+02:00,92.6
2022-06-10 04:59:28+02:00,92.4
2022-06-10 05:00:28+02:00,92.2
2022-06-10 05:01:29+02:00,92.1
2022-06-10 05:02:29+02:00,92.0
2022-06-10 05:03:29+02:00,91.7
2022-06-10 05:04:29+02:00,91.8
2022-06-10 05:05:29+02:00,91.4
2022-06-10 05:06:29+02:00,91.6
2022-06-10 05:07:29+02:00,91.9
2022-06-10 05:08:30+02:00,92.2
2022-06-10 05:09:30+02:00,92.3
2022-06-10 05:10:30+02:00,92.2
2022-06-10 05:11:30+02:00,92.3
2022-06-10 05:12:30+02:00,92.3
2022-06-10 05:13:30+02:00,92.6
2022-06-10 05:14:30+02:00,92.7
2022-06-10 05:15:30+02:00,92.4
2022-06-10 05:16:30+02:00,92.5
2022-06-10 05:17:30+02:00,92.6
2022-06-10 05:18:31+02:00,92.8
2022-06-10 05:19:31+02:00,92.9
2022-06-10 05:20:31+02:00,92.8
2022-06-10 05:21:31+02:00,92.7
2022-06-10 05:22:31+02:00,92.8
2022-06-10 05:23:31+02:00,92.9
2022-06-10 05:24:31+02:00,50.0
2022-06-10 05:25:31+02:00,93.0
2022-06-10 05:26:32+02:00,92.6
2022-06-10 05:27:32+02:00,92.6
2022-06-10 05:28:32+02:00,92.6
2022-06-10 05:29:32+02:00,92.5
2022-06-10 05:30:32+02:00,93.3
2022-06-10 05:31:32+02:00,94.3
2022-06-10 05:32:32+02:00,94.9
2022-06-10 05:33:32+02:00,94.8
2022-06-10 05:34:32+02:00,95.4
2022-06-10 05:35:33+02:00,95.3
2022-06-10 05:36:33+02:00,95.5
2022-06-10 05:37:33+02:00,95.4
2022-06-10 05:38:33+02:00,94.9
2022-06-10 05:39:33+02:00,94.2
2022-06-10 05:40:33+02:00,94.0
2022-06-10 05:41:33+02:00,93.6
2022-06-10 05:42:33+02:00,93.6
2022-06-10 05:43:33+02:00,50.0
2022-06-10 05:44:33+02:00,94.7
2022-06-10 05:45:33+02:00,50.0
2022-06-10 05:46:33+02:00,95.1
2022-06-10 05:47:33+02:00,95.0
2022-06-10 05:48:34+02:00,95.0
2022-06-10 05:49:34+02:00,94.7
2022-06-10 05:50:34+02:00,95.0
2022-06-10 05:51:34+02:00,95.0
2022-06-10 05:52:34+02:00,94.8
2022-06-10 05:53:34+02:00,94.6
2022-06-10 05:54:34+02:00,94.7
2022-06-10 05:55:34+02:00,95.1
2022-06-10 05:56:34+02:00,95.3
2022-06-10 05:57:34+02:00,95.1
2022-06-10 05:58:35+02:00,95.1
2022-06-10 05:59:35+02:00,95.1
2022-06-10 06:00:35+02:00,95.2
2022-06-10 06:01:35+02:00,95.0
2022-06-10 06:02:35+02:00,95.1
2022-06-10 06:03:35+02:00,95.1
2022-06-10 06:04:35+02:00,95.1
2022-06-10 06:05:35+02:00,95.1
2022-06-10 06:06:35+02:00,95.1
2022-06-10 06:07:35+02:00,95.2
2022-06-10 06:08:35+02:00,95.1
2022-06-10 06:09:36+02:00,95.2
2022-06-10 06:10:36+02:00,95.0
2022-06-10 06:11:36+02:00,94.8
2022-06-10 06:12:36+02:00,94.7
2022-06-10 06:13:36+02:00,94.8
2022-06-10 06:14:36+02:00,95.0
2022-06-10 06:15:36+02:00,95.1
2022-06-10 06:16:37+02:00,95.2
2022-06-10 06:17:37+02:00,95.3
2022-06-10 06:18:37+02:00,50.0
2022-06-10 06:19:37+02:00,95.1
2022-06-10 06:20:37+02:00,94.7
2022-06-10 06:21:37+02:00,94.5
2022-06-10 06:22:38+02:00,94.3
2022-06-10 06:23:38+02:00,94.3
2022-06-10 06:24:38+02:00,94.4
2022-06-10 06:25:38+02:00,94.5
2022-06-10 06:26:38+02:00,94.5
2022-06-10 06:27:38+02:00,94.4
2022-06-10 06:28:38+02:00,94.3
2022-06-10 06:29:39+02:00,94.2
2022-06-10 06:30:39+02:00,50.0
2022-06-10 06:31:39+02:00,94.1
2022-06-10 06:32:39+02:00,94.0
2022-06-10 06:33:39+02:00,93.8
2022-06-10 06:34:39+02:00,93.7
2022-06-10 06:35:40+02:00,93.5
2022-06-10 06:36:40+02:00,93.5
2022-06-10 06:37:40+02:00,93.4
2022-06-10 06:38:40+02:00,93.4
2022-06-10 06:39:40+02:00,93.3
2022-06-10 06:40:40+02:00,93.4
2022-06-10 06:41:40+02:00,93.4
2022-06-10 06:42:41+02:00,93.3
2022-06-10 06:43:41+02:00,93.3
2022-06-10 06:44:41+02:00,93.3
2022-06-10 06:45:41+02:00,93.4
2022-06-10 06:46:41+02:00,93.5
2022-06-10 06:47:41+02:00,93.4
2022-06-10 06:48:41+02:00,93.3
2022-06-10 06:49:42+02:00,50.0
2022-06-10 06:50:42+02:00,93.5
2022-06-10 06:51:42+02:00,93.1
2022-06-10 06:52:42+02:00,92.9
2022-06-10 06:53:42+02:00,92.7
2022-06-10 06:54:42+02:00,92.6
2022-06-10 06:55:42+02:00,92.6
2022-06-10 06:56:43+02:00,92.4
2022-06-10 06:57:43+02:00,92.3
2022-06-10 06:58:43+02:00,92.2
2022-06-10 06:59:43+02:00,92.1
2022-06-10 07:00:43+02:00,92.1
2022-06-10 07:01:43+02:00,92.2
2022-06-10 07:02:44+02:00,92.3
2022-06-10 07:03:44+02:00,92.5
2022-06-10 07:04:44+02:00,92.5
2022-06-10 07:05:44+02:00,92.5
2022-06-10 07:06:44+02:00,92.5
2022-06-10 07:07:44+02:00,92.6
2022-06-10 07:08:44+02:00,92.6
2022-06-10 07:09:45+02:00,50.0
2022-06-10 07:10:45+02:00,50.0
2022-06-10 07:11:45+02:00,93.2
2022-06-10 07:12:45+02:00,93.7
2022-06-10 07:13:45+02:00,94.2
2022-06-10 07:14:45+02:00,94.5
2022-06-10 07:15:45+02:00,94.9
2022-06-10 07:16:46+02:00,50.0
2022-06-10 07:17:46+02:00,95.0
2022-06-10 07:18:46+02:00,94.9
2022-06-10 07:19:46+02:00,95.1
2022-06-10 07:20:46+02:00,95.4
2022-06-10 07:21:46+02:00,95.5
2022-06-10 07:22:47+02:00,95.6
2022-06-10 07:23:47+02:00,50.0
2022-06-10 07:24:47+02:00,50.0
2022-06-10 07:25:47+02:00,50.0
2022-06-10 07:26:47+02:00,50.0
2022-06-10 07:27:47+02:00,95.4
2022-06-10 07:28:47+02:00,95.0
2022-06-10 07:29:48+02:00,95.3
2022-06-10 07:30:48+02:00,95.6
2022-06-10 07:31:48+02:00,96.2
2022-06-10 07:32:48+02:00,96.4
2022-06-10 07:33:48+02:00,96.5
2022-06-10 07:34:48+02:00,96.7
2022-06-10 07:35:49+02:00,96.8
2022-06-10 07:36:49+02:00,96.7
2022-06-10 07:37:49+02:00,97.2
2022-06-10 07:38:49+02:00,97.1
2022-06-10 07:39:49+02:00,97.1
2022-06-10 07:40:49+02:00,97.1
2022-06-10 07:41:49+02:00,50.0
2022-06-10 07:42:50+02:00,96.9
2022-06-10 07:43:50+02:00,96.5
2022-06-10 07:44:50+02:00,96.4
2022-06-10 07:45:50+02:00,96.1
2022-06-10 07:46:50+02:00,96.0
2022-06-10 07:47:50+02:00,96.1
2022-06-10 07:48:51+02:00,96.0
2022-06-10 07:49:51+02:00,96.1
2022-06-10 07:50:51+02:00,96.2
2022-06-10 07:51:51+02:00,96.3
2022-06-10 07:52:51+02:00,96.4
2022-06-10 07:53:51+02:00,96.5
2022-06-10 07:54:51+02:00,96.6
2022-06-10 07:55:52+02:00,96.7
2022-06-10 07:56:52+02:00,96.8
2022-06-10 07:57:52+02:00,96.9
2022-06-10 07:58:52+02:00,96.8
2022-06-10 07:59:52+02:00,97.1
2022-06-10 08:00:52+02:00,97.2
2022-06-10 08:01:52+02:00,97.3
2022-06-10 08:02:53+02:00,97.5
2022-06-10 08:03:53+02:00,97.3
2022-06-10 08:04:53+02:00,97.3
2022-06-10 08:05:53+02:00,97.1
2022-06-10 08:06:53+02:00,97.0
2022-06-10 08:07:53+02:00,97.1
2022-06-10 08:08:54+02:00,97.0
2022-06-10 08:09:54+02:00,97.0
2022-06-10 08:10:54+02:00,97.0
2022-06-10 08:11:54+02:00,97.0
2022-06-10 08:12:54+02:00,96.9
2022-06-10 08:13:54+02:00,97.2
2022-06-10 08:14:54+02:00,97.4
2022-06-10 08:15:55+02:00,97.6
2022-06-10 08:16:55+02:00,98.0
2022-06-10 08:17:55+02:00,97.3
2022-06-10 08:18:55+02:00,97.1
2022-06-10 08:19:55+02:00,97.1
2022-06-10 08:20:55+02:00,97.3
2022-06-10 08:21:56+02:00,97.3
2022-06-10 08:22:56+02:00,97.7
2022-06-10 08:23:56+02:00,97.7
2022-06-10 08:24:56+02:00,97.7
2022-06-10 08:25:56+02:00,97.9
2022-06-10 08:26:56+02:00,98.0
2022-06-10 08:27:57+02:00,98.1
2022-06-10 08:28:57+02:00,97.5
2022-06-10 08:29:57+02:00,50.0
2022-06-10 08:30:57+02:00,97.2
2022-06-10 08:31:57+02:00,97.3
2022-06-10 08:32:57+02:00,97.5
2022-06-10 08:33:58+02:00,97.9
2022-06-10 08:34:58+02:00,98.3
2022-06-10 08:35:58+02:00,98.4
2022-06-10 08:36:58+02:00,98.6
2022-06-10 08:37:58+02:00,98.4
2022-06-10 08:38:58+02:00,98.4
2022-06-10 08:39:58+02:00,98.5
2022-06-10 08:40:59+02:00,98.2
2022-06-10 08:41:59+02:00,50.0
2022-06-10 08:42:59+02:00,97.2
2022-06-10 08:43:59+02:00,96.0
2022-06-10 08:44:59+02:00,95.0
2022-06-10 08:45:59+02:00,94.6
2022-06-10 08:47:00+02:00,94.6
2022-06-10 08:48:00+02:00,94.5
2022-06-10 08:49:00+02:00,50.0
2022-06-10 08:50:00+02:00,50.0
2022-06-10 08:51:00+02:00,95.2
2022-06-10 08:52:00+02:00,95.5
2022-06-10 08:53:00+02:00,95.2
2022-06-10 08:54:01+02:00,94.8
2022-06-10 08:55:01+02:00,94.6
2022-06-10 08:56:01+02:00,94.7
2022-06-10 08:57:01+02:00,94.8
2022-06-10 08:58:01+02:00,94.7
2022-06-10 08:59:01+02:00,94.8
2022-06-10 09:00:01+02:00,50.0
2022-06-10 09:01:01+02:00,50.0
2022-06-10 09:02:02+02:00,50.0
2022-06-10 09:03:02+02:00,50.0
2022-06-10 09:04:02+02:00,50.0
2022-06-10 09:05:02+02:00,50.0
2022-06-10 09:06:02+02:00,50.0
2022-06-10 09:07:02+02:00,50.0
2022-06-10 09:08:02+02:00,50.0
2022-06-10 09:09:03+02:00,50.0
2022-06-10 09:10:03+02:00,50.0
2022-06-10 09:11:03+02:00,50.0
2022-06-10 09:12:03+02:00,50.0
2022-06-10 09:13:03+02:00,50.0
2022-06-10 09:14:03+02:00,50.0
2022-06-10 09:15:03+02:00,50.0
2022-06-10 09:16:03+02:00,50.0
2022-06-10 09:17:03+02:00,50.0
2022-06-10 09:18:04+02:00,94.9
2022-06-10 09:19:04+02:00,50.0
2022-06-10 09:20:04+02:00,50.0
2022-06-10 09:21:04+02:00,50.0
2022-06-10 09:22:04+02:00,50.0
2022-06-10 09:23:04+02:00,50.0
2022-06-10 09:24:04+02:00,50.0
2022-06-10 09:25:04+02:00,50.0
2022-06-10 09:26:05+02:00,50.0
2022-06-10 09:27:05+02:00,50.0
2022-06-10 09:28:05+02:00,94.5
2022-06-10 09:29:05+02:00,50.0
2022-06-10 09:30:05+02:00,50.0
2022-06-10 09:31:05+02:00,50.0
2022-06-10 09:32:05+02:00,50.0
2022-06-10 09:33:06+02:00,93.9
2022-06-10 09:34:06+02:00,50.0
2022-06-10 09:35:06+02:00,50.0
2022-06-10 09:36:06+02:00,50.0
2022-06-11 03:36:00+02:00,50.0
2022-06-11 03:37:00+02:00,95.0
2022-06-11 03:38:00+02:00,94.7
2022-06-11 03:39:00+02:00,94.4
2022-06-11 03:40:00+02:00,94.3
2022-06-11 03:41:00+02:00,50.0
2022-06-11 03:42:00+02:00,94.2
2022-06-11 03:43:00+02:00,94.3
2022-06-11 03:44:00+02:00,94.3
2022-06-11 03:45:00+02:00,94.4
2022-06-11 03:46:00+02:00,94.3
2022-06-11 03:47:01+02:00,94.0
2022-06-11 03:48:01+02:00,93.9
2022-06-11 03:49:01+02:00,93.8
2022-06-11 03:50:01+02:00,50.0
2022-06-11 03:51:01+02:00,93.1
2022-06-11 03:52:01+02:00,50.0
2022-06-11 03:53:01+02:00,91.9
2022-06-11 03:54:01+02:00,91.1
2022-06-11 03:55:01+02:00,90.8
2022-06-11 03:56:02+02:00,90.7
2022-06-11 03:57:02+02:00,90.2
2022-06-11 03:58:02+02:00,90.0
2022-06-11 03:59:02+02:00,89.7
2022-06-11 04:00:02+02:00,89.4
2022-06-11 04:01:02+02:00,89.5
2022-06-11 04:02:02+02:00,89.6
2022-06-11 04:03:03+02:00,89.6
2022-06-11 04:04:03+02:00,89.8
2022-06-11 04:05:03+02:00,89.7
2022-06-11 04:06:03+02:00,89.8
2022-06-11 04:07:03+02:00,89.9
2022-06-11 04:08:03+02:00,89.7
2022-06-11 04:09:03+02:00,90.0
2022-06-11 04:10:03+02:00,50.0
2022-06-11 04:11:04+02:00,90.0
2022-06-11 04:12:04+02:00,89.8
2022-06-11 04:13:04+02:00,89.6
2022-06-11 04:14:04+02:00,50.0
2022-06-11 04:15:04+02:00,89.8
2022-06-11 04:16:04+02:00,90.0
2022-06-11 04:17:05+02:00,90.0
2022-06-11 04:18:05+02:00,90.0
2022-06-11 04:19:05+02:00,90.2
2022-06-11 04:20:05+02:00,90.7
2022-06-11 04:21:05+02:00,91.1
2022-06-11 04:22:05+02:00,91.1
2022-06-11 04:23:05+02:00,91.1
2022-06-11 04:24:05+02:00,91.1
2022-06-11 04:25:06+02:00,91.0
2022-06-11 04:26:06+02:00,50.0
2022-06-11 04:27:06+02:00,91.1
2022-06-11 04:28:06+02:00,90.4
2022-06-11 04:29:06+02:00,50.0
2022-06-11 04:30:06+02:00,90.1
2022-06-11 04:31:07+02:00,50.0
2022-06-11 04:32:07+02:00,89.8
2022-06-11 04:33:07+02:00,90.4
2022-06-11 04:34:07+02:00,90.8
2022-06-11 04:35:07+02:00,91.6
2022-06-11 04:36:07+02:00,92.1
2022-06-11 04:37:07+02:00,92.4
2022-06-11 04:38:08+02:00,50.0
2022-06-11 04:39:08+02:00,92.6
2022-06-11 04:40:08+02:00,91.9
2022-06-11 04:41:08+02:00,91.7
2022-06-11 04:42:08+02:00,91.5
2022-06-11 04:43:08+02:00,91.3
2022-06-11 04:44:08+02:00,91.1
2022-06-11 04:45:09+02:00,50.0
2022-06-11 04:46:09+02:00,90.9
2022-06-11 04:47:09+02:00,91.4
2022-06-11 04:48:09+02:00,91.7
2022-06-11 04:49:09+02:00,92.1
2022-06-11 04:50:09+02:00,92.3
2022-06-11 04:51:09+02:00,92.3
2022-06-11 04:52:09+02:00,92.1
2022-06-11 04:53:10+02:00,92.3
2022-06-11 04:54:10+02:00,91.9
2022-06-11 04:55:10+02:00,92.1
2022-06-11 04:56:10+02:00,91.7
2022-06-11 04:57:10+02:00,92.1
2022-06-11 04:58:10+02:00,92.2
2022-06-11 04:59:11+02:00,92.2
2022-06-11 05:00:11+02:00,92.5
2022-06-11 05:01:11+02:00,92.7
2022-06-11 05:02:11+02:00,92.5
2022-06-11 05:03:11+02:00,93.0
2022-06-11 05:04:11+02:00,93.1
2022-06-11 05:05:12+02:00,93.0
2022-06-11 05:06:12+02:00,93.1
2022-06-11 05:07:12+02:00,93.1
2022-06-11 05:08:12+02:00,93.1
2022-06-11 05:09:12+02:00,93.1
2022-06-11 05:10:12+02:00,92.7
2022-06-11 05:11:12+02:00,93.2
2022-06-11 05:12:13+02:00,93.3
2022-06-11 05:13:13+02:00,93.4
2022-06-11 05:14:13+02:00,92.8
2022-06-11 05:15:13+02:00,92.8
2022-06-11 05:16:13+02:00,92.9
2022-06-11 05:17:13+02:00,93.2
2022-06-11 05:18:13+02:00,93.3
2022-06-11 05:19:14+02:00,93.2
2022-06-11 05:20:14+02:00,92.8
2022-06-11 05:21:14+02:00,92.8
2022-06-11 05:22:14+02:00,93.0
2022-06-11 05:23:14+02:00,93.2
2022-06-11 05:24:14+02:00,93.3
2022-06-11 05:25:14+02:00,93.3
2022-06-11 05:26:15+02:00,93.4
2022-06-11 05:27:15+02:00,50.0
2022-06-11 05:28:15+02:00,50.0
2022-06-11 05:29:15+02:00,93.6
2022-06-11 05:30:15+02:00,93.5
2022-06-11 05:31:15+02:00,93.5
2022-06-11 05:32:16+02:00,93.3
2022-06-11 05:33:16+02:00,93.3
2022-06-11 05:34:16+02:00,93.3
2022-06-11 05:35:16+02:00,50.0
2022-06-11 05:36:16+02:00,50.0
2022-06-11 05:37:16+02:00,50.0
2022-06-11 05:38:16+02:00,93.4
2022-06-11 05:39:17+02:00,92.3
2022-06-11 05:40:17+02:00,91.9
2022-06-11 05:41:17+02:00,92.2
2022-06-11 05:42:17+02:00,92.2
2022-06-11 05:43:17+02:00,92.1
2022-06-11 05:44:17+02:00,92.0
2022-06-11 05:45:17+02:00,91.9
2022-06-11 05:46:18+02:00,91.8
2022-06-11 05:47:18+02:00,91.9
2022-06-11 05:48:18+02:00,92.0
2022-06-11 05:49:18+02:00,92.1
2022-06-11 05:50:18+02:00,92.5
2022-06-11 05:51:18+02:00,92.5
2022-06-11 05:52:18+02:00,92.4
2022-06-11 05:53:19+02:00,92.4
2022-06-11 05:54:19+02:00,92.3
2022-06-11 05:55:19+02:00,92.3
2022-06-11 05:56:19+02:00,92.3
2022-06-11 05:57:19+02:00,92.5
2022-06-11 05:58:19+02:00,92.5
2022-06-11 05:59:19+02:00,92.8
2022-06-11 06:00:20+02:00,92.5
2022-06-11 06:01:20+02:00,92.4
2022-06-11 06:02:20+02:00,92.3
2022-06-11 06:03:20+02:00,91.9
2022-06-11 06:04:20+02:00,91.8
2022-06-11 06:05:20+02:00,50.0
2022-06-11 06:06:20+02:00,50.0
2022-06-11 06:07:21+02:00,91.9
2022-06-11 06:08:21+02:00,91.4
2022-06-11 06:09:21+02:00,90.6
2022-06-11 06:10:21+02:00,50.0
2022-06-11 06:11:21+02:00,90.3
2022-06-11 06:12:21+02:00,90.5
2022-06-11 06:13:22+02:00,90.7
2022-06-11 06:14:22+02:00,90.7
2022-06-11 06:15:22+02:00,90.8
2022-06-11 06:16:22+02:00,90.7
2022-06-11 06:17:22+02:00,90.5
2022-06-11 06:18:22+02:00,50.0
2022-06-11 06:19:22+02:00,90.3
2022-06-11 06:20:23+02:00,90.1
2022-06-11 06:21:23+02:00,90.1
2022-06-11 06:22:23+02:00,90.6
2022-06-11 06:23:23+02:00,90.8
2022-06-11 06:24:23+02:00,90.9
2022-06-11 06:25:23+02:00,90.9
2022-06-11 06:26:23+02:00,90.9
2022-06-11 06:27:24+02:00,90.9
2022-06-11 06:28:24+02:00,91.0
2022-06-11 06:29:24+02:00,90.8
2022-06-11 06:30:24+02:00,90.8
2022-06-11 06:31:24+02:00,90.8
2022-06-11 06:32:24+02:00,50.0
2022-06-11 06:33:25+02:00,93.9
2022-06-11 06:34:25+02:00,95.8
2022-06-11 06:35:25+02:00,96.4
2022-06-11 06:36:25+02:00,97.6
2022-06-11 06:37:25+02:00,97.6
2022-06-11 06:38:25+02:00,95.8
2022-06-11 06:39:25+02:00,93.4
2022-06-11 06:40:26+02:00,91.7
2022-06-11 06:41:26+02:00,90.5
2022-06-11 06:42:26+02:00,90.0
2022-06-11 06:43:26+02:00,89.6
2022-06-11 06:44:26+02:00,89.5
2022-06-11 06:45:26+02:00,89.8
2022-06-11 06:46:26+02:00,90.0
2022-06-11 06:47:27+02:00,89.8
2022-06-11 06:48:27+02:00,89.6
2022-06-11 06:49:27+02:00,89.2
2022-06-11 06:50:27+02:00,89.0
2022-06-11 06:51:27+02:00,89.3
2022-06-11 06:52:27+02:00,89.5
2022-06-11 06:53:27+02:00,90.0
2022-06-11 06:54:28+02:00,90.1
2022-06-11 06:55:28+02:00,90.5
2022-06-11 06:56:28+02:00,90.5
2022-06-11 06:57:28+02:00,91.1
2022-06-11 06:58:28+02:00,93.5
2022-06-11 06:59:28+02:00,95.6
2022-06-11 07:00:28+02:00,96.8
2022-06-11 07:01:29+02:00,97.3
2022-06-11 07:02:29+02:00,97.6
2022-06-11 07:03:29+02:00,97.6
2022-06-11 07:04:29+02:00,98.2
2022-06-11 07:05:29+02:00,98.4
2022-06-11 07:06:29+02:00,98.4
2022-06-11 07:07:29+02:00,98.6
2022-06-11 07:08:30+02:00,98.8
2022-06-11 07:09:30+02:00,98.8
2022-06-11 07:10:30+02:00,98.7
2022-06-11 07:11:30+02:00,98.6
2022-06-11 07:12:30+02:00,98.7
2022-06-11 07:13:30+02:00,98.8
2022-06-11 07:14:31+02:00,98.9
2022-06-11 07:15:31+02:00,98.8
2022-06-11 07:16:31+02:00,99.0
2022-06-11 07:17:31+02:00,99.1
2022-06-11 07:18:31+02:00,99.1
2022-06-11 07:19:31+02:00,99.1
2022-06-11 07:20:31+02:00,99.0
2022-06-11 07:21:32+02:00,99.0
2022-06-11 07:22:32+02:00,99.0
2022-06-11 07:23:32+02:00,99.0
2022-06-11 07:24:32+02:00,98.9
2022-06-11 07:25:32+02:00,98.9
2022-06-11 07:26:32+02:00,98.7
2022-06-11 07:27:32+02:00,98.6
2022-06-11 07:28:33+02:00,98.7
2022-06-11 07:29:33+02:00,98.3
2022-06-11 07:30:33+02:00,98.6
2022-06-11 07:31:33+02:00,98.5
2022-06-11 07:32:33+02:00,99.0
2022-06-11 07:33:33+02:00,98.8
2022-06-11 07:34:33+02:00,98.8
2022-06-11 07:35:34+02:00,50.0
2022-06-11 07:36:34+02:00,98.3
2022-06-11 07:37:34+02:00,96.8
2022-06-11 07:38:34+02:00,95.5
2022-06-11 07:39:34+02:00,94.6
2022-06-11 07:40:34+02:00,94.3
2022-06-11 07:41:35+02:00,93.8
2022-06-11 07:42:35+02:00,93.6
2022-06-11 07:43:35+02:00,93.2
2022-06-11 07:44:35+02:00,92.9
2022-06-11 07:45:35+02:00,92.7
2022-06-11 07:46:35+02:00,92.7
2022-06-11 07:47:35+02:00,92.6
2022-06-11 07:48:36+02:00,92.5
2022-06-11 07:49:36+02:00,92.7
2022-06-11 07:50:36+02:00,92.6
2022-06-11 07:51:36+02:00,92.5
2022-06-11 07:52:36+02:00,50.0
2022-06-11 07:53:36+02:00,92.7
2022-06-11 07:54:36+02:00,92.7
2022-06-11 07:55:37+02:00,92.8
2022-06-11 07:56:37+02:00,92.9
2022-06-11 07:57:37+02:00,93.1
2022-06-11 07:58:37+02:00,93.2
2022-06-11 07:59:37+02:00,50.0
2022-06-11 08:00:37+02:00,93.6
2022-06-11 08:01:38+02:00,50.0
2022-06-11 08:02:38+02:00,93.6
2022-06-11 08:03:38+02:00,93.5
2022-06-11 08:04:38+02:00,93.3
2022-06-11 08:05:38+02:00,93.1
2022-06-11 08:06:38+02:00,93.2
2022-06-11 08:07:38+02:00,93.0
2022-06-11 08:08:39+02:00,92.8
2022-06-11 08:09:39+02:00,92.7
2022-06-11 08:10:39+02:00,92.7
2022-06-11 08:11:39+02:00,92.6
2022-06-11 08:12:39+02:00,92.8
2022-06-11 08:13:39+02:00,92.7
2022-06-11 08:14:39+02:00,92.4
2022-06-11 08:15:40+02:00,92.2
2022-06-11 08:16:40+02:00,92.1
2022-06-11 08:17:40+02:00,50.0
2022-06-11 08:18:40+02:00,92.6
2022-06-11 08:19:40+02:00,92.4
2022-06-11 08:20:40+02:00,92.5
2022-06-11 08:21:41+02:00,50.0
2022-06-11 08:22:41+02:00,92.8
2022-06-11 08:23:41+02:00,92.6
2022-06-11 08:24:41+02:00,92.6
2022-06-11 08:25:41+02:00,92.5
2022-06-11 08:26:41+02:00,92.4
2022-06-11 08:27:41+02:00,92.1
2022-06-11 08:28:42+02:00,92.4
2022-06-11 08:29:42+02:00,50.0
2022-06-11 08:30:42+02:00,92.3
2022-06-11 08:31:42+02:00,92.2
2022-06-11 08:32:42+02:00,50.0
2022-06-11 08:33:42+02:00,50.0
2022-06-11 08:34:42+02:00,50.0
2022-06-11 08:35:43+02:00,92.7
2022-06-11 08:36:43+02:00,92.4
2022-06-11 08:37:43+02:00,92.4
2022-06-11 08:38:43+02:00,92.3
2022-06-11 08:39:43+02:00,92.4
2022-06-11 08:40:43+02:00,92.5
2022-06-11 08:41:43+02:00,92.6
2022-06-11 08:42:44+02:00,92.5
2022-06-11 08:43:44+02:00,92.5
2022-06-11 08:44:44+02:00,92.6
2022-06-11 08:45:44+02:00,92.5
2022-06-11 08:46:44+02:00,50.0
2022-06-11 08:47:44+02:00,50.0
2022-06-11 08:48:45+02:00,92.3
2022-06-11 08:49:45+02:00,91.9
2022-06-11 08:50:45+02:00,91.8
2022-06-11 08:51:45+02:00,91.7
2022-06-11 08:52:45+02:00,91.9
2022-06-11 08:53:45+02:00,92.1
2022-06-11 08:54:45+02:00,92.3
2022-06-11 08:55:46+02:00,92.4
2022-06-11 08:56:46+02:00,92.5
2022-06-11 08:57:46+02:00,92.6
2022-06-11 08:58:46+02:00,92.6
2022-06-11 08:59:46+02:00,92.6
2022-06-11 09:00:46+02:00,92.6
2022-06-11 09:01:46+02:00,92.6
2022-06-11 09:02:46+02:00,92.6
2022-06-11 09:03:46+02:00,92.5
2022-06-11 09:04:46+02:00,92.5
2022-06-11 09:05:47+02:00,92.5
2022-06-11 09:06:47+02:00,92.5
2022-06-11 09:07:47+02:00,92.7
2022-06-11 09:08:47+02:00,92.7
2022-06-11 09:09:47+02:00,92.7
2022-06-11 09:10:47+02:00,92.6
2022-06-11 09:11:47+02:00,92.7
2022-06-11 09:12:47+02:00,92.7
2022-06-11 09:13:47+02:00,92.7
2022-06-11 09:14:47+02:00,92.6
2022-06-11 09:15:47+02:00,92.7
2022-06-11 09:16:48+02:00,92.7
2022-06-11 09:17:48+02:00,92.8
2022-06-11 09:18:48+02:00,92.7
2022-06-11 09:19:48+02:00,92.7
2022-06-11 09:20:48+02:00,92.8
2022-06-11 09:21:48+02:00,92.8
2022-06-11 09:22:48+02:00,92.9
2022-06-11 09:23:49+02:00,93.0
2022-06-11 09:24:49+02:00,93.2
2022-06-11 09:25:49+02:00,93.5
2022-06-11 09:26:49+02:00,93.7
2022-06-11 09:27:49+02:00,93.7
2022-06-11 09:28:49+02:00,93.7
2022-06-11 09:29:49+02:00,93.7
2022-06-11 09:30:49+02:00,93.6
2022-06-11 09:31:49+02:00,93.7
2022-06-11 09:32:49+02:00,93.6
2022-06-11 09:33:49+02:00,93.6
2022-06-11 09:34:50+02:00,93.7
2022-06-11 09:35:50+02:00,93.9
2022-06-11 09:36:50+02:00,93.9
2022-06-11 09:37:50+02:00,94.0
2022-06-11 09:38:50+02:00,94.0
2022-06-11 09:39:50+02:00,93.9
2022-06-11 09:40:50+02:00,93.9
2022-06-11 09:41:50+02:00,93.8
2022-06-11 09:42:50+02:00,93.8
2022-06-11 09:43:50+02:00,93.7
2022-06-11 09:44:51+02:00,93.8
2022-06-11 09:45:51+02:00,94.0
2022-06-11 09:46:51+02:00,94.4
2022-06-11 09:47:51+02:00,94.6
2022-06-11 09:48:51+02:00,94.7
2022-06-11 09:49:51+02:00,94.6
2022-06-11 09:50:51+02:00,94.6
2022-06-11 09:51:51+02:00,94.2
2022-06-11 09:52:51+02:00,93.9
2022-06-11 09:53:52+02:00,94.1
2022-06-11 09:54:52+02:00,94.2
2022-06-11 09:55:52+02:00,94.5
2022-06-11 09:56:52+02:00,95.1
2022-06-11 09:57:52+02:00,95.3
2022-06-11 09:58:52+02:00,95.9
2022-06-11 09:59:52+02:00,96.5
2022-06-11 10:00:53+02:00,96.2
2022-06-11 10:01:53+02:00,95.8
2022-06-11 10:02:53+02:00,96.1
2022-06-11 10:03:53+02:00,96.6
2022-06-11 10:04:53+02:00,97.0
2022-06-11 10:05:53+02:00,97.3
2022-06-11 10:06:53+02:00,50.0
2022-06-11 10:07:54+02:00,97.3
2022-06-11 10:08:54+02:00,96.2
2022-06-11 10:09:54+02:00,95.2
2022-06-11 10:10:54+02:00,94.6
2022-06-11 10:11:54+02:00,94.1
2022-06-11 10:12:54+02:00,93.6
2022-06-11 10:13:55+02:00,93.1
2022-06-11 10:14:55+02:00,92.8
2022-06-11 10:15:55+02:00,92.4
2022-06-11 10:16:55+02:00,92.2
2022-06-11 10:17:55+02:00,92.2
2022-06-11 10:18:55+02:00,92.3
2022-06-11 10:19:55+02:00,92.3
2022-06-11 10:20:56+02:00,92.8
2022-06-11 10:21:56+02:00,93.3
2022-06-11 10:22:56+02:00,93.1
2022-06-11 10:23:56+02:00,92.7
2022-06-11 10:24:56+02:00,92.2
2022-06-11 10:25:56+02:00,50.0
2022-06-11 10:26:56+02:00,50.0
2022-06-11 10:27:57+02:00,92.5
2022-06-11 10:28:57+02:00,93.0
2022-06-11 10:29:57+02:00,93.3
2022-06-11 10:30:57+02:00,93.4
2022-06-11 10:31:57+02:00,50.0
2022-06-11 10:32:57+02:00,50.0
2022-06-11 10:33:58+02:00,50.0
2022-06-11 10:34:58+02:00,50.0
2022-06-11 10:35:58+02:00,50.0
2022-06-11 10:36:58+02:00,50.0
2022-06-11 10:37:58+02:00,50.0
2022-06-11 10:38:58+02:00,50.0
2022-06-11 10:39:58+02:00,50.0
2022-06-11 10:40:58+02:00,50.0
2022-06-11 10:41:59+02:00,50.0
2022-06-11 10:42:59+02:00,50.0
2022-06-11 10:43:59+02:00,50.0
2022-06-11 10:44:59+02:00,50.0
2022-06-11 10:45:59+02:00,50.0
2022-06-11 10:46:59+02:00,50.0
2022-06-11 10:48:00+02:00,50.0
2022-06-11 10:49:00+02:00,50.0
2022-06-11 10:50:00+02:00,50.0
2022-06-11 10:51:00+02:00,93.6
2022-06-11 10:52:00+02:00,50.0
2022-06-11 10:53:00+02:00,50.0
2022-06-11 10:54:00+02:00,50.0
2022-06-11 10:55:00+02:00,50.0
2022-06-11 10:56:00+02:00,50.0
2022-06-11 10:57:00+02:00,50.0
2022-06-11 10:58:01+02:00,50.0
2022-06-11 10:59:01+02:00,93.4
2022-06-11 11:00:01+02:00,50.0
2022-06-11 11:01:01+02:00,50.0
2022-06-11 11:02:01+02:00,50.0
2022-06-11 11:03:01+02:00,50.0
2022-06-11 11:04:01+02:00,50.0
2022-06-11 11:05:01+02:00,50.0
2022-06-11 11:06:01+02:00,50.0
2022-06-11 11:07:01+02:00,50.0
2022-06-11 11:08:01+02:00,50.0
2022-06-12 04:46:00+02:00,50.0
2022-06-12 04:47:00+02:00,90.3
2022-06-12 04:48:00+02:00,90.9
2022-06-12 04:49:00+02:00,92.1
2022-06-12 04:50:00+02:00,92.5
2022-06-12 04:51:00+02:00,93.3
2022-06-12 04:52:00+02:00,93.7
2022-06-12 04:53:00+02:00,93.8
2022-06-12 04:54:00+02:00,93.7
2022-06-12 04:55:00+02:00,93.7
2022-06-12 04:56:00+02:00,50.0
2022-06-12 04:57:00+02:00,50.0
2022-06-12 04:58:00+02:00,50.0
2022-06-12 04:59:01+02:00,92.8
2022-06-12 05:00:01+02:00,91.9
2022-06-12 05:01:01+02:00,91.5
2022-06-12 05:02:01+02:00,50.0
2022-06-12 05:03:01+02:00,50.0
2022-06-12 05:04:01+02:00,90.8
2022-06-12 05:05:01+02:00,90.6
2022-06-12 05:06:02+02:00,50.0
2022-06-12 05:07:02+02:00,91.0
2022-06-12 05:08:02+02:00,89.8
2022-06-12 05:09:02+02:00,89.1
2022-06-12 05:10:02+02:00,88.6
2022-06-12 05:11:02+02:00,89.7
2022-06-12 05:12:02+02:00,89.3
2022-06-12 05:13:03+02:00,88.3
2022-06-12 05:14:03+02:00,87.7
2022-06-12 05:15:03+02:00,87.7
2022-06-12 05:16:03+02:00,86.7
2022-06-12 05:17:03+02:00,50.0
2022-06-12 05:18:03+02:00,50.0
2022-06-12 05:19:03+02:00,88.2
2022-06-12 05:20:04+02:00,89.1
2022-06-12 05:21:04+02:00,50.0
2022-06-12 05:22:04+02:00,89.8
2022-06-12 05:23:04+02:00,90.4
2022-06-12 05:24:04+02:00,90.7
2022-06-12 05:25:04+02:00,91.0
2022-06-12 05:26:04+02:00,91.1
2022-06-12 05:27:04+02:00,91.3
2022-06-12 05:28:05+02:00,91.4
2022-06-12 05:29:05+02:00,91.3
2022-06-12 05:30:05+02:00,91.5
2022-06-12 05:31:05+02:00,91.5
2022-06-12 05:32:05+02:00,50.0
2022-06-12 05:33:05+02:00,92.3
2022-06-12 05:34:05+02:00,50.0
2022-06-12 05:35:06+02:00,50.0
2022-06-12 05:36:06+02:00,50.0
2022-06-12 05:37:06+02:00,91.6
2022-06-12 05:38:06+02:00,50.0
2022-06-12 05:39:06+02:00,90.6
2022-06-12 05:40:06+02:00,50.0
2022-06-12 05:41:06+02:00,90.7
2022-06-12 05:42:07+02:00,91.5
2022-06-12 05:43:07+02:00,92.5
2022-06-12 05:44:07+02:00,93.1
2022-06-12 05:45:07+02:00,93.5
2022-06-12 05:46:07+02:00,50.0
2022-06-12 05:47:07+02:00,93.9
2022-06-12 05:48:08+02:00,50.0
2022-06-12 05:49:08+02:00,93.5
2022-06-12 05:50:08+02:00,93.1
2022-06-12 05:51:08+02:00,92.9
2022-06-12 05:52:08+02:00,93.2
2022-06-12 05:53:08+02:00,50.0
2022-06-12 05:54:08+02:00,50.0
2022-06-12 05:55:09+02:00,92.8
2022-06-12 05:56:09+02:00,50.0
2022-06-12 05:57:09+02:00,50.0
2022-06-12 05:58:09+02:00,50.0
2022-06-12 05:59:09+02:00,93.4
2022-06-12 06:00:09+02:00,50.0
2022-06-12 06:01:09+02:00,94.9
2022-06-12 06:02:10+02:00,95.6
2022-06-12 06:03:10+02:00,96.2
2022-06-12 06:04:10+02:00,96.1
2022-06-12 06:05:10+02:00,93.8
2022-06-12 06:06:10+02:00,91.9
2022-06-12 06:07:10+02:00,90.6
2022-06-12 06:08:10+02:00,89.8
2022-06-12 06:09:11+02:00,89.3
2022-06-12 06:10:11+02:00,88.7
2022-06-12 06:11:11+02:00,88.4
2022-06-12 06:12:11+02:00,50.0
2022-06-12 06:13:11+02:00,50.0
2022-06-12 06:14:11+02:00,50.0
2022-06-12 06:15:12+02:00,50.0
2022-06-12 06:16:12+02:00,50.0
2022-06-12 06:17:12+02:00,88.6
2022-06-12 06:18:12+02:00,88.3
2022-06-12 06:19:12+02:00,88.4
2022-06-12 06:20:12+02:00,88.3
2022-06-12 06:21:12+02:00,88.3
2022-06-12 06:22:13+02:00,87.9
2022-06-12 06:23:13+02:00,87.7
2022-06-12 06:24:13+02:00,88.2
2022-06-12 06:25:13+02:00,88.4
2022-06-12 06:26:13+02:00,88.5
2022-06-12 06:27:13+02:00,88.4
2022-06-12 06:28:13+02:00,88.8
2022-06-12 06:29:14+02:00,88.7
2022-06-12 06:30:14+02:00,88.8
2022-06-12 06:31:14+02:00,88.2
2022-06-12 06:32:14+02:00,87.7
2022-06-12 06:33:14+02:00,87.5
2022-06-12 06:34:14+02:00,50.0
2022-06-12 06:35:15+02:00,87.1
2022-06-12 06:36:15+02:00,85.8
2022-06-12 06:37:15+02:00,84.9
2022-06-12 06:38:15+02:00,84.1
2022-06-12 06:39:15+02:00,83.4
2022-06-12 06:40:15+02:00,83.2
2022-06-12 06:41:15+02:00,83.1
2022-06-12 06:42:16+02:00,82.8
2022-06-12 06:43:16+02:00,82.9
2022-06-12 06:44:16+02:00,83.1
2022-06-12 06:45:16+02:00,83.4
2022-06-12 06:46:16+02:00,83.3
2022-06-12 06:47:16+02:00,83.9
2022-06-12 06:48:17+02:00,83.6
2022-06-12 06:49:17+02:00,83.6
2022-06-12 06:50:17+02:00,83.4
2022-06-12 06:51:17+02:00,83.3
2022-06-12 06:52:17+02:00,83.0
2022-06-12 06:53:17+02:00,82.7
2022-06-12 06:54:17+02:00,82.7
2022-06-12 06:55:18+02:00,82.4
2022-06-12 06:56:18+02:00,50.0
2022-06-12 06:57:18+02:00,84.1
2022-06-12 06:58:18+02:00,50.0
2022-06-12 06:59:18+02:00,84.9
2022-06-12 07:00:18+02:00,84.5
2022-06-12 07:01:18+02:00,85.1
2022-06-12 07:02:19+02:00,84.9
2022-06-12 07:03:19+02:00,50.0
2022-06-12 07:04:19+02:00,85.1
2022-06-12 07:05:19+02:00,50.0
2022-06-12 07:06:19+02:00,88.1
2022-06-12 07:07:19+02:00,90.3
2022-06-12 07:08:19+02:00,90.5
2022-06-12 07:09:20+02:00,90.4
2022-06-12 07:10:20+02:00,90.7
2022-06-12 07:11:20+02:00,91.2
2022-06-12 07:12:20+02:00,92.1
2022-06-12 07:13:20+02:00,92.2
2022-06-12 07:14:20+02:00,92.2
2022-06-12 07:15:21+02:00,90.3
2022-06-12 07:16:21+02:00,90.4
2022-06-12 07:17:21+02:00,91.6
2022-06-12 07:18:21+02:00,90.9
2022-06-12 07:19:21+02:00,91.3
2022-06-12 07:20:21+02:00,91.3
2022-06-12 07:21:21+02:00,90.7
2022-06-12 07:22:22+02:00,91.9
2022-06-12 07:23:22+02:00,93.1
2022-06-12 07:24:22+02:00,50.0
2022-06-12 07:25:22+02:00,93.7
2022-06-12 07:26:22+02:00,50.0
2022-06-12 07:27:22+02:00,50.0
2022-06-12 07:28:22+02:00,92.9
2022-06-12 07:29:23+02:00,92.1
2022-06-12 07:30:23+02:00,90.7
2022-06-12 07:31:23+02:00,90.1
2022-06-12 07:32:23+02:00,90.3
2022-06-12 07:33:23+02:00,90.0
2022-06-12 07:34:23+02:00,90.2
2022-06-12 07:35:24+02:00,90.3
2022-06-12 07:36:24+02:00,90.2
2022-06-12 07:37:24+02:00,90.3
2022-06-12 07:38:24+02:00,90.3
2022-06-12 07:39:24+02:00,89.6
2022-06-12 07:40:24+02:00,90.7
2022-06-12 07:41:24+02:00,90.6
2022-06-12 07:42:25+02:00,90.6
2022-06-12 07:43:25+02:00,90.1
2022-06-12 07:44:25+02:00,89.8
2022-06-12 07:45:25+02:00,90.2
2022-06-12 07:46:25+02:00,90.6
2022-06-12 07:47:25+02:00,90.8
2022-06-12 07:48:26+02:00,91.0
2022-06-12 07:49:26+02:00,91.4
2022-06-12 07:50:26+02:00,90.9
2022-06-12 07:51:26+02:00,91.6
2022-06-12 07:52:26+02:00,90.9
2022-06-12 07:53:26+02:00,90.3
2022-06-12 07:54:26+02:00,90.3
2022-06-12 07:55:26+02:00,90.2
2022-06-12 07:56:27+02:00,90.3
2022-06-12 07:57:27+02:00,91.2
2022-06-12 07:58:27+02:00,90.6
2022-06-12 07:59:27+02:00,91.0
2022-06-12 08:00:27+02:00,91.2
2022-06-12 08:01:27+02:00,91.4
2022-06-12 08:02:28+02:00,92.1
2022-06-12 08:03:28+02:00,92.7
2022-06-12 08:04:28+02:00,91.9
2022-06-12 08:05:28+02:00,91.7
2022-06-12 08:06:28+02:00,90.8
2022-06-12 08:07:28+02:00,91.3
2022-06-12 08:08:29+02:00,91.8
2022-06-12 08:09:29+02:00,92.0
2022-06-12 08:10:29+02:00,91.1
2022-06-12 08:11:29+02:00,91.5
2022-06-12 08:12:29+02:00,90.4
2022-06-12 08:13:29+02:00,90.6
2022-06-12 08:14:29+02:00,90.3
2022-06-12 08:15:30+02:00,89.9
2022-06-12 08:16:30+02:00,89.8
2022-06-12 08:17:30+02:00,89.7
2022-06-12 08:18:30+02:00,90.4
2022-06-12 08:19:30+02:00,90.6
2022-06-12 08:20:30+02:00,90.2
2022-06-12 08:21:30+02:00,90.1
2022-06-12 08:22:31+02:00,90.2
2022-06-12 08:23:31+02:00,89.7
2022-06-12 08:24:31+02:00,89.7
2022-06-12 08:25:31+02:00,90.6
2022-06-12 08:26:31+02:00,90.3
2022-06-12 08:27:31+02:00,90.0
2022-06-12 08:28:32+02:00,89.4
2022-06-12 08:29:32+02:00,89.3
2022-06-12 08:30:32+02:00,89.0
2022-06-12 08:31:32+02:00,89.5
2022-06-12 08:32:32+02:00,88.9
2022-06-12 08:33:32+02:00,89.2
2022-06-12 08:34:33+02:00,90.0
2022-06-12 08:35:33+02:00,90.4
2022-06-12 08:36:33+02:00,90.6
2022-06-12 08:37:33+02:00,90.6
2022-06-12 08:38:33+02:00,90.0
2022-06-12 08:39:33+02:00,89.5
2022-06-12 08:40:33+02:00,89.7
2022-06-12 08:41:34+02:00,89.5
2022-06-12 08:42:34+02:00,89.1
2022-06-12 08:43:34+02:00,89.4
2022-06-12 08:44:34+02:00,90.5
2022-06-12 08:45:34+02:00,91.0
2022-06-12 08:46:34+02:00,90.0
2022-06-12 08:47:34+02:00,89.7
2022-06-12 08:48:35+02:00,89.7
2022-06-12 08:49:35+02:00,90.8
2022-06-12 08:50:35+02:00,90.7
2022-06-12 08:51:35+02:00,90.0
2022-06-12 08:52:35+02:00,89.8
2022-06-12 08:53:35+02:00,89.7
2022-06-12 08:54:35+02:00,89.8
2022-06-12 08:55:36+02:00,89.6
2022-06-12 08:56:36+02:00,89.7
2022-06-12 08:57:36+02:00,50.0
2022-06-12 08:58:36+02:00,90.7
2022-06-12 08:59:36+02:00,90.7
2022-06-12 09:00:36+02:00,90.6
2022-06-12 09:01:36+02:00,90.4
2022-06-12 09:02:37+02:00,90.5
2022-06-12 09:03:37+02:00,90.8
2022-06-12 09:04:37+02:00,90.9
2022-06-12 09:05:37+02:00,91.1
2022-06-12 09:06:37+02:00,91.0
2022-06-12 09:07:37+02:00,91.2
2022-06-12 09:08:37+02:00,91.1
2022-06-12 09:09:38+02:00,91.5
2022-06-12 09:10:38+02:00,91.4
2022-06-12 09:11:38+02:00,91.4
2022-06-12 09:12:38+02:00,91.5
2022-06-12 09:13:38+02:00,91.2
2022-06-12 09:14:38+02:00,91.3
2022-06-12 09:15:39+02:00,91.3
2022-06-12 09:16:39+02:00,91.1
2022-06-12 09:17:39+02:00,91.3
2022-06-12 09:18:39+02:00,91.2
2022-06-12 09:19:39+02:00,91.3
2022-06-12 09:20:39+02:00,91.4
2022-06-12 09:21:39+02:00,91.4
2022-06-12 09:22:40+02:00,91.2
2022-06-12 09:23:40+02:00,91.1
2022-06-12 09:24:40+02:00,90.9
2022-06-12 09:25:40+02:00,90.8
2022-06-12 09:26:40+02:00,91.0
2022-06-12 09:27:40+02:00,50.0
2022-06-12 09:28:40+02:00,90.7
2022-06-12 09:29:41+02:00,89.8
2022-06-12 09:30:41+02:00,89.3
2022-06-12 09:31:41+02:00,88.7
2022-06-12 09:32:41+02:00,88.7
2022-06-12 09:33:41+02:00,89.3
2022-06-12 09:34:41+02:00,89.3
2022-06-12 09:35:41+02:00,88.9
2022-06-12 09:36:42+02:00,89.0
2022-06-12 09:37:42+02:00,89.1
2022-06-12 09:38:42+02:00,89.4
2022-06-12 09:39:42+02:00,90.1
2022-06-12 09:40:42+02:00,89.8
2022-06-12 09:41:42+02:00,89.3
2022-06-12 09:42:43+02:00,89.0
2022-06-12 09:43:43+02:00,88.8
2022-06-12 09:44:43+02:00,88.9
2022-06-12 09:45:43+02:00,88.9
2022-06-12 09:46:43+02:00,88.8
2022-06-12 09:47:43+02:00,88.6
2022-06-12 09:48:43+02:00,50.0
2022-06-12 09:49:44+02:00,87.7
2022-06-12 09:50:44+02:00,50.0
2022-06-12 09:51:44+02:00,50.0
2022-06-12 09:52:44+02:00,50.0
2022-06-12 09:53:44+02:00,50.0
2022-06-12 09:54:44+02:00,50.0
2022-06-12 09:55:44+02:00,50.0
2022-06-12 09:56:45+02:00,87.6
2022-06-12 09:57:45+02:00,50.0
2022-06-12 09:58:45+02:00,50.0
2022-06-12 09:59:45+02:00,50.0
2022-06-12 10:00:45+02:00,87.6
2022-06-12 10:01:45+02:00,50.0
2022-06-12 10:02:45+02:00,50.0
2022-06-12 10:03:46+02:00,50.0
2022-06-12 10:04:46+02:00,50.0
2022-06-12 10:05:46+02:00,88.3
2022-06-12 10:06:46+02:00,50.0
2022-06-12 10:07:46+02:00,50.0
2022-06-12 10:08:46+02:00,50.0
2022-06-12 10:09:46+02:00,50.0
2022-06-12 10:10:46+02:00,50.0
2022-06-12 10:11:47+02:00,50.0
2022-06-12 10:12:47+02:00,50.0
2022-06-12 10:13:47+02:00,50.0
2022-06-12 10:14:47+02:00,50.0
2022-06-12 10:15:47+02:00,50.0
2022-06-12 10:16:47+02:00,50.0
2022-06-12 10:17:47+02:00,50.0
2022-06-12 10:18:47+02:00,50.0
2022-06-12 10:19:47+02:00,50.0
2022-06-12 10:20:47+02:00,50.0
2022-06-12 10:21:47+02:00,50.0
2022-06-12 10:22:47+02:00,50.0
2022-06-12 10:23:48+02:00,50.0
2022-06-12 10:24:48+02:00,50.0
2022-06-12 10:25:48+02:00,50.0
2022-06-12 10:26:48+02:00,50.0
2022-06-12 10:27:48+02:00,50.0
2022-06-12 10:28:48+02:00,50.0
2022-06-12 10:29:48+02:00,50.0
2022-06-12 10:30:48+02:00,50.0
2022-06-13 03:57:30+02:00,91.3
2022-06-13 03:58:30+02:00,91.6
2022-06-13 03:59:30+02:00,50.0
2022-06-13 04:00:30+02:00,91.8
2022-06-13 04:01:30+02:00,50.0
2022-06-13 04:02:30+02:00,50.0
2022-06-13 04:03:30+02:00,91.0
2022-06-13 04:04:30+02:00,91.2
2022-06-13 04:05:30+02:00,91.5
2022-06-13 04:06:30+02:00,90.8
2022-06-13 04:07:30+02:00,89.6
2022-06-13 04:08:30+02:00,88.6
2022-06-13 04:09:31+02:00,87.7
2022-06-13 04:10:31+02:00,86.6
2022-06-13 04:11:31+02:00,86.3
2022-06-13 04:12:31+02:00,50.0
2022-06-13 04:13:31+02:00,87.9
2022-06-13 04:14:31+02:00,90.0
2022-06-13 04:15:32+02:00,91.1
2022-06-13 04:16:32+02:00,92.0
2022-06-13 04:17:32+02:00,92.5
2022-06-13 04:18:32+02:00,92.8
2022-06-13 04:19:32+02:00,93.0
2022-06-13 04:20:32+02:00,93.0
2022-06-13 04:21:32+02:00,50.0
2022-06-13 04:22:33+02:00,50.0
2022-06-13 04:23:33+02:00,93.1
2022-06-13 04:24:33+02:00,92.6
2022-06-13 04:25:33+02:00,92.3
2022-06-13 04:26:33+02:00,92.1
2022-06-13 04:27:33+02:00,92.0
2022-06-13 04:28:34+02:00,91.9
2022-06-13 04:29:34+02:00,91.7
2022-06-13 04:30:34+02:00,91.4
2022-06-13 04:31:34+02:00,91.3
2022-06-13 04:32:34+02:00,91.4
2022-06-13 04:33:34+02:00,91.3
2022-06-13 04:34:34+02:00,91.3
2022-06-13 04:35:35+02:00,91.2
2022-06-13 04:36:35+02:00,91.2
2022-06-13 04:37:35+02:00,91.3
2022-06-13 04:38:35+02:00,91.3
2022-06-13 04:39:35+02:00,91.1
2022-06-13 04:40:35+02:00,91.1
2022-06-13 04:41:35+02:00,50.0
2022-06-13 04:42:36+02:00,50.0
2022-06-13 04:43:36+02:00,50.0
2022-06-13 04:44:36+02:00,90.9
2022-06-13 04:45:36+02:00,90.9
2022-06-13 04:46:36+02:00,90.7
2022-06-13 04:47:36+02:00,90.9
2022-06-13 04:48:37+02:00,50.0
2022-06-13 04:49:37+02:00,90.4
2022-06-13 04:50:37+02:00,50.0
2022-06-13 04:51:37+02:00,90.8
2022-06-13 04:52:37+02:00,91.4
2022-06-13 04:53:37+02:00,91.5
2022-06-13 04:54:37+02:00,91.3
2022-06-13 04:55:38+02:00,90.4
2022-06-13 04:56:38+02:00,89.6
2022-06-13 04:57:38+02:00,50.0
2022-06-13 04:58:38+02:00,89.2
2022-06-13 04:59:38+02:00,89.0
2022-06-13 05:00:38+02:00,50.0
2022-06-13 05:01:38+02:00,50.0
2022-06-13 05:02:39+02:00,88.8
2022-06-13 05:03:39+02:00,88.3
2022-06-13 05:04:39+02:00,88.1
2022-06-13 05:05:39+02:00,87.5
2022-06-13 05:06:39+02:00,87.2
2022-06-13 05:07:39+02:00,86.9
2022-06-13 05:08:39+02:00,50.0
2022-06-13 05:09:40+02:00,50.0
2022-06-13 05:10:40+02:00,50.0
2022-06-13 05:11:40+02:00,87.8
2022-06-13 05:12:40+02:00,88.7
2022-06-13 05:13:40+02:00,89.3
2022-06-13 05:14:40+02:00,89.8
2022-06-13 05:15:41+02:00,90.1
2022-06-13 05:16:41+02:00,90.3
2022-06-13 05:17:41+02:00,90.4
2022-06-13 05:18:41+02:00,90.7
2022-06-13 05:19:41+02:00,90.7
2022-06-13 05:20:41+02:00,91.2
2022-06-13 05:21:41+02:00,91.0
2022-06-13 05:22:42+02:00,91.2
2022-06-13 05:23:42+02:00,91.4
2022-06-13 05:24:42+02:00,50.0
2022-06-13 05:25:42+02:00,90.6
2022-06-13 05:26:42+02:00,89.1
2022-06-13 05:27:42+02:00,87.5
2022-06-13 05:28:43+02:00,86.3
2022-06-13 05:29:43+02:00,85.6
2022-06-13 05:30:43+02:00,85.3
2022-06-13 05:31:43+02:00,85.3
2022-06-13 05:32:43+02:00,85.4
2022-06-13 05:33:43+02:00,85.6
2022-06-13 05:34:43+02:00,85.4
2022-06-13 05:35:44+02:00,85.8
2022-06-13 05:36:44+02:00,86.8
2022-06-13 05:37:44+02:00,86.5
2022-06-13 05:38:44+02:00,50.0
2022-06-13 05:39:44+02:00,87.6
2022-06-13 05:40:44+02:00,89.0
2022-06-13 05:41:45+02:00,89.8
2022-06-13 05:42:45+02:00,90.3
2022-06-13 05:43:45+02:00,90.7
2022-06-13 05:44:45+02:00,91.0
2022-06-13 05:45:45+02:00,91.2
2022-06-13 05:46:45+02:00,91.6
2022-06-13 05:47:45+02:00,91.6
2022-06-13 05:48:46+02:00,91.7
2022-06-13 05:49:46+02:00,91.8
2022-06-13 05:50:46+02:00,92.1
2022-06-13 05:51:46+02:00,91.9
2022-06-13 05:52:46+02:00,91.9
2022-06-13 05:53:46+02:00,91.9
2022-06-13 05:54:46+02:00,92.0
2022-06-13 05:55:47+02:00,91.2
2022-06-13 05:56:47+02:00,90.3
2022-06-13 05:57:47+02:00,90.2
2022-06-13 05:58:47+02:00,89.9
2022-06-13 05:59:47+02:00,89.9
2022-06-13 06:00:47+02:00,90.0
2022-06-13 06:01:47+02:00,89.9
2022-06-13 06:02:47+02:00,89.9
2022-06-13 06:03:47+02:00,89.8
2022-06-13 06:04:48+02:00,89.8
2022-06-13 06:05:48+02:00,89.7
2022-06-13 06:06:48+02:00,89.9
2022-06-13 06:07:48+02:00,90.1
2022-06-13 06:08:48+02:00,90.5
2022-06-13 06:09:48+02:00,90.6
2022-06-13 06:10:48+02:00,90.5
2022-06-13 06:11:49+02:00,90.4
2022-06-13 06:12:49+02:00,90.5
2022-06-13 06:13:49+02:00,90.3
2022-06-13 06:14:49+02:00,90.4
2022-06-13 06:15:49+02:00,90.5
2022-06-13 06:16:49+02:00,90.9
2022-06-13 06:17:49+02:00,91.0
2022-06-13 06:18:49+02:00,90.9
2022-06-13 06:19:50+02:00,90.7
2022-06-13 06:20:50+02:00,90.6
2022-06-13 06:21:50+02:00,90.5
2022-06-13 06:22:50+02:00,90.3
2022-06-13 06:23:50+02:00,90.2
2022-06-13 06:24:50+02:00,50.0
2022-06-13 06:25:50+02:00,89.7
2022-06-13 06:26:50+02:00,89.4
2022-06-13 06:27:50+02:00,88.8
2022-06-13 06:28:51+02:00,88.1
2022-06-13 06:29:51+02:00,87.9
2022-06-13 06:30:51+02:00,87.8
2022-06-13 06:31:51+02:00,87.8
2022-06-13 06:32:51+02:00,87.8
2022-06-13 06:33:51+02:00,87.8
2022-06-13 06:34:51+02:00,87.9
2022-06-13 06:35:51+02:00,88.0
2022-06-13 06:36:52+02:00,88.1
2022-06-13 06:37:52+02:00,88.1
2022-06-13 06:38:52+02:00,88.3
2022-06-13 06:39:52+02:00,88.0
2022-06-13 06:40:52+02:00,88.1
2022-06-13 06:41:52+02:00,88.2
2022-06-13 06:42:52+02:00,88.3
2022-06-13 06:43:53+02:00,88.4
2022-06-13 06:44:53+02:00,88.4
2022-06-13 06:45:53+02:00,88.4
2022-06-13 06:46:53+02:00,88.4
2022-06-13 06:47:53+02:00,88.1
2022-06-13 06:48:53+02:00,87.7
2022-06-13 06:49:54+02:00,87.7
2022-06-13 06:50:54+02:00,89.5
2022-06-13 06:51:54+02:00,90.3
2022-06-13 06:52:54+02:00,90.9
2022-06-13 06:53:54+02:00,91.3
2022-06-13 06:54:54+02:00,91.4
2022-06-13 06:55:54+02:00,91.3
2022-06-13 06:56:55+02:00,91.5
2022-06-13 06:57:55+02:00,91.5
2022-06-13 06:58:55+02:00,91.6
2022-06-13 06:59:55+02:00,91.7
2022-06-13 07:00:55+02:00,91.5
2022-06-13 07:01:55+02:00,91.5
2022-06-13 07:02:56+02:00,50.0
2022-06-13 07:03:56+02:00,91.3
2022-06-13 07:04:56+02:00,91.1
2022-06-13 07:05:56+02:00,90.9
2022-06-13 07:06:56+02:00,90.6
2022-06-13 07:07:56+02:00,90.8
2022-06-13 07:08:56+02:00,90.9
2022-06-13 07:09:57+02:00,50.0
2022-06-13 07:10:57+02:00,89.5
2022-06-13 07:11:57+02:00,89.1
2022-06-13 07:12:57+02:00,89.0
2022-06-13 07:13:57+02:00,88.9
2022-06-13 07:14:57+02:00,88.8
2022-06-13 07:15:57+02:00,88.8
2022-06-13 07:16:58+02:00,89.0
2022-06-13 07:17:58+02:00,89.2
2022-06-13 07:18:58+02:00,88.9
2022-06-13 07:19:58+02:00,88.9
2022-06-13 07:20:58+02:00,88.5
2022-06-13 07:21:58+02:00,88.2
2022-06-13 07:22:59+02:00,87.8
2022-06-13 07:23:59+02:00,89.7
2022-06-13 07:24:59+02:00,50.0
2022-06-13 07:25:59+02:00,50.0
2022-06-13 07:26:59+02:00,90.0
2022-06-13 07:27:59+02:00,89.5
2022-06-13 07:28:59+02:00,89.3
2022-06-13 07:30:00+02:00,89.0
2022-06-13 07:31:00+02:00,88.9
2022-06-13 07:32:00+02:00,88.8
2022-06-13 07:33:00+02:00,88.9
2022-06-13 07:34:00+02:00,88.9
2022-06-13 07:35:00+02:00,89.1
2022-06-13 07:36:00+02:00,89.7
2022-06-13 07:37:00+02:00,89.9
2022-06-13 07:38:01+02:00,89.8
2022-06-13 07:39:01+02:00,89.7
2022-06-13 07:40:01+02:00,89.5
2022-06-13 07:41:01+02:00,89.4
2022-06-13 07:42:01+02:00,89.4
2022-06-13 07:43:01+02:00,50.0
2022-06-13 07:44:02+02:00,50.0
2022-06-13 07:45:02+02:00,89.8
2022-06-13 07:46:02+02:00,50.0
2022-06-13 07:47:02+02:00,89.5
2022-06-13 07:48:02+02:00,89.6
2022-06-13 07:49:02+02:00,89.8
2022-06-13 07:50:02+02:00,90.3
2022-06-13 07:51:02+02:00,90.4
2022-06-13 07:52:03+02:00,90.5
2022-06-13 07:53:03+02:00,90.7
2022-06-13 07:54:03+02:00,91.2
2022-06-13 07:55:03+02:00,50.0
2022-06-13 07:56:03+02:00,50.0
2022-06-13 07:57:03+02:00,50.0
2022-06-13 07:58:03+02:00,50.0
2022-06-13 07:59:04+02:00,90.9
2022-06-13 08:00:04+02:00,90.4
2022-06-13 08:01:04+02:00,90.2
2022-06-13 08:02:04+02:00,90.1
2022-06-13 08:03:04+02:00,89.6
2022-06-13 08:04:04+02:00,89.3
2022-06-13 08:05:04+02:00,89.6
2022-06-13 08:06:04+02:00,90.0
2022-06-13 08:07:04+02:00,90.4
2022-06-13 08:08:05+02:00,90.2
2022-06-13 08:09:05+02:00,89.5
2022-06-13 08:10:05+02:00,88.8
2022-06-13 08:11:05+02:00,88.5
2022-06-13 08:12:05+02:00,87.7
2022-06-13 08:13:06+02:00,87.8
2022-06-13 08:14:06+02:00,87.6
2022-06-13 08:15:06+02:00,87.2
2022-06-13 08:16:06+02:00,50.0
2022-06-13 08:17:06+02:00,90.3
2022-06-13 08:18:06+02:00,92.4
2022-06-13 08:19:06+02:00,93.8
2022-06-13 08:20:07+02:00,95.1
2022-06-13 08:21:07+02:00,96.1
2022-06-13 08:22:07+02:00,96.9
2022-06-13 08:23:07+02:00,97.1
2022-06-13 08:24:07+02:00,97.0
2022-06-13 08:25:07+02:00,97.1
2022-06-13 08:26:08+02:00,97.2
2022-06-13 08:27:08+02:00,96.6
2022-06-13 08:28:08+02:00,96.5
2022-06-13 08:29:08+02:00,96.5
2022-06-13 08:30:08+02:00,96.1
2022-06-13 08:31:08+02:00,96.0
2022-06-13 08:32:09+02:00,95.6
2022-06-13 08:33:09+02:00,95.4
2022-06-13 08:34:09+02:00,95.1
2022-06-13 08:35:09+02:00,94.1
2022-06-13 08:36:09+02:00,93.9
2022-06-13 08:37:09+02:00,93.1
2022-06-13 08:38:09+02:00,93.3
2022-06-13 08:39:09+02:00,93.2
2022-06-13 08:40:10+02:00,93.9
2022-06-13 08:41:10+02:00,94.2
2022-06-13 08:42:10+02:00,94.7
2022-06-13 08:43:10+02:00,94.9
2022-06-13 08:44:10+02:00,95.4
2022-06-13 08:45:10+02:00,95.4
2022-06-13 08:46:11+02:00,50.0
2022-06-13 08:47:11+02:00,95.0
2022-06-13 08:48:11+02:00,95.0
2022-06-13 08:49:11+02:00,95.3
2022-06-13 08:50:11+02:00,95.1
2022-06-13 08:51:11+02:00,95.0
2022-06-13 08:52:12+02:00,94.8
2022-06-13 08:53:12+02:00,94.7
2022-06-13 08:54:12+02:00,95.0
2022-06-13 08:55:12+02:00,94.7
2022-06-13 08:56:12+02:00,94.7
2022-06-13 08:57:12+02:00,94.9
2022-06-13 08:58:12+02:00,94.7
2022-06-13 08:59:13+02:00,94.7
2022-06-13 09:00:13+02:00,94.7
2022-06-13 09:01:13+02:00,94.8
2022-06-13 09:02:13+02:00,94.9
2022-06-13 09:03:13+02:00,95.2
2022-06-13 09:04:13+02:00,95.4
2022-06-13 09:05:14+02:00,95.2
2022-06-13 09:06:14+02:00,95.2
2022-06-13 09:07:14+02:00,95.2
2022-06-13 09:08:14+02:00,95.1
2022-06-13 09:09:14+02:00,50.0
2022-06-13 09:10:14+02:00,50.0
2022-06-13 09:11:14+02:00,50.0
2022-06-13 09:12:15+02:00,50.0
2022-06-13 09:13:15+02:00,50.0
2022-06-13 09:14:15+02:00,50.0
2022-06-13 09:15:15+02:00,50.0
2022-06-13 09:16:15+02:00,50.0
2022-06-13 09:17:15+02:00,50.0
2022-06-13 09:18:16+02:00,50.0
2022-06-13 09:19:16+02:00,50.0
2022-06-13 09:20:16+02:00,94.0
2022-06-13 09:21:16+02:00,50.0
2022-06-13 09:22:16+02:00,50.0
2022-06-13 09:23:16+02:00,50.0
2022-06-13 09:24:16+02:00,50.0
2022-06-13 09:25:16+02:00,50.0
2022-06-13 09:26:17+02:00,50.0
2022-06-13 09:27:17+02:00,50.0
2022-06-13 09:28:17+02:00,50.0
2022-06-13 09:29:17+02:00,50.0
2022-06-13 09:30:17+02:00,50.0
2022-06-13 09:31:17+02:00,50.0
2022-06-13 09:32:18+02:00,92.6
2022-06-13 09:33:18+02:00,91.6
2022-06-13 09:34:18+02:00,50.0
2022-06-13 09:35:18+02:00,50.0
2022-06-13 09:36:18+02:00,50.0
2022-06-13 09:37:18+02:00,50.0
2022-06-13 09:38:18+02:00,50.0
2022-06-13 09:39:19+02:00,50.0
2022-06-13 09:40:19+02:00,50.0
2022-06-13 09:41:19+02:00,87.7
2022-06-13 09:42:19+02:00,78.5
2022-06-13 09:43:19+02:00,75.4
2022-06-13 09:44:19+02:00,75.5
2022-06-13 09:45:20+02:00,76.3
2022-06-13 09:46:20+02:00,78.4
2022-06-13 09:47:20+02:00,78.3
2022-06-13 09:48:20+02:00,78.3
2022-06-13 09:49:20+02:00,80.0
2022-06-13 09:50:21+02:00,80.4
2022-06-13 09:51:21+02:00,50.0
2022-06-13 09:52:21+02:00,50.0
2022-06-13 09:53:21+02:00,50.0
2022-06-13 09:54:21+02:00,50.0
2022-06-13 09:55:21+02:00,50.0
2022-06-13 09:56:21+02:00,50.0
2022-06-13 09:57:21+02:00,50.0
2022-06-13 09:58:22+02:00,50.0
2022-06-13 09:59:22+02:00,50.0
2022-06-13 10:00:22+02:00,50.0
2022-06-13 10:01:22+02:00,50.0
2022-06-13 10:02:22+02:00,50.0
2022-06-13 10:03:22+02:00,50.0
2022-06-13 10:04:22+02:00,50.0
2022-06-13 10:05:23+02:00,50.0
2022-06-13 10:06:23+02:00,50.0
2022-06-13 10:07:23+02:00,50.0
2022-06-13 10:08:23+02:00,50.0
2022-06-13 10:09:23+02:00,50.0
2022-06-13 10:10:23+02:00,50.0
2022-06-13 10:11:23+02:00,50.0
2022-06-13 10:12:24+02:00,50.0
2022-06-13 10:13:24+02:00,50.0
2022-06-13 10:14:24+02:00,50.0
2022-06-13 10:15:24+02:00,50.0
2022-06-13 10:16:24+02:00,50.0
2022-06-13 10:17:24+02:00,77.5
2022-06-13 10:18:25+02:00,50.0
2022-06-13 10:19:25+02:00,50.0
2022-06-13 10:20:25+02:00,50.0
2022-06-14 01:41:00+02:00,50.0
2022-06-14 01:42:00+02:00,92.5
2022-06-14 01:43:00+02:00,93.2
2022-06-14 01:44:00+02:00,93.9
2022-06-14 01:45:00+02:00,94.4
2022-06-14 01:46:00+02:00,95.1
2022-06-14 01:47:00+02:00,95.6
2022-06-14 01:48:00+02:00,93.7
2022-06-14 01:49:00+02:00,91.2
2022-06-14 01:50:00+02:00,89.5
2022-06-14 01:51:00+02:00,88.5
2022-06-14 01:52:00+02:00,88.6
2022-06-14 01:53:01+02:00,88.4
2022-06-14 01:54:01+02:00,50.0
2022-06-14 01:55:01+02:00,50.0
2022-06-14 01:56:01+02:00,87.9
2022-06-14 01:57:01+02:00,50.0
2022-06-14 01:58:01+02:00,88.4
2022-06-14 01:59:01+02:00,88.8
2022-06-14 02:00:02+02:00,88.3
2022-06-14 02:00:02+02:00,88.3
2022-06-14 02:01:02+02:00,50.0
2022-06-14 02:02:02+02:00,87.9
2022-06-14 02:03:02+02:00,89.1
2022-06-14 02:04:02+02:00,89.7
2022-06-14 02:05:02+02:00,90.1
2022-06-14 02:06:02+02:00,90.5
2022-06-14 02:07:02+02:00,50.0
2022-06-14 02:08:03+02:00,90.8
2022-06-14 02:09:03+02:00,50.0
2022-06-14 02:10:03+02:00,89.3
2022-06-14 02:11:03+02:00,89.4
2022-06-14 02:12:03+02:00,89.3
2022-06-14 02:13:03+02:00,50.0
2022-06-14 02:14:03+02:00,89.7
2022-06-14 02:15:04+02:00,50.0
2022-06-14 02:16:04+02:00,50.0
2022-06-14 02:17:04+02:00,50.0
2022-06-14 02:18:04+02:00,50.0
2022-06-14 02:19:04+02:00,90.2
2022-06-14 02:20:04+02:00,90.1
2022-06-14 02:21:04+02:00,90.1
2022-06-14 02:22:04+02:00,90.1
2022-06-14 02:23:05+02:00,89.8
2022-06-14 02:24:05+02:00,90.2
2022-06-14 02:25:05+02:00,91.2
2022-06-14 02:26:05+02:00,91.3
2022-06-14 02:27:05+02:00,91.7
2022-06-14 02:28:05+02:00,91.7
2022-06-14 02:29:05+02:00,92.1
2022-06-14 02:30:06+02:00,91.3
2022-06-14 02:31:06+02:00,91.6
2022-06-14 02:32:06+02:00,50.0
2022-06-14 02:33:06+02:00,90.8
2022-06-14 02:34:06+02:00,90.8
2022-06-14 02:35:06+02:00,90.9
2022-06-14 02:36:06+02:00,91.1
2022-06-14 02:37:06+02:00,91.0
2022-06-14 02:38:07+02:00,91.4
2022-06-14 02:39:07+02:00,91.9
2022-06-14 02:40:07+02:00,50.0
2022-06-14 02:41:07+02:00,50.0
2022-06-14 02:42:07+02:00,91.3
2022-06-14 02:43:07+02:00,90.5
2022-06-14 02:44:08+02:00,90.1
2022-06-14 02:45:08+02:00,89.8
2022-06-14 02:46:08+02:00,50.0
2022-06-14 02:47:08+02:00,89.5
2022-06-14 02:48:08+02:00,89.5
2022-06-14 02:49:08+02:00,89.5
2022-06-14 02:50:08+02:00,89.4
2022-06-14 02:51:09+02:00,89.4
2022-06-14 02:52:09+02:00,89.4
2022-06-14 02:53:09+02:00,50.0
2022-06-14 02:54:09+02:00,89.5
2022-06-14 02:55:09+02:00,90.6
2022-06-14 02:56:09+02:00,91.3
2022-06-14 02:57:09+02:00,91.8
2022-06-14 02:58:10+02:00,92.2
2022-06-14 02:59:10+02:00,92.2
2022-06-14 03:00:10+02:00,50.0
2022-06-14 03:01:10+02:00,92.9
2022-06-14 03:02:10+02:00,92.2
2022-06-14 03:03:10+02:00,50.0
2022-06-14 03:04:10+02:00,91.9
2022-06-14 03:05:11+02:00,91.3
2022-06-14 03:06:11+02:00,90.7
2022-06-14 03:07:11+02:00,90.3
2022-06-14 03:08:11+02:00,90.0
2022-06-14 03:09:11+02:00,50.0
2022-06-14 03:10:11+02:00,50.0
2022-06-14 03:11:11+02:00,89.9
2022-06-14 03:12:12+02:00,50.0
2022-06-14 03:13:12+02:00,89.9
2022-06-14 03:14:12+02:00,90.1
2022-06-14 03:15:12+02:00,89.9
2022-06-14 03:16:12+02:00,90.4
2022-06-14 03:17:12+02:00,90.5
2022-06-14 03:18:13+02:00,90.7
2022-06-14 03:19:13+02:00,90.8
2022-06-14 03:20:13+02:00,90.1
2022-06-14 03:21:13+02:00,90.5
2022-06-14 03:22:13+02:00,91.0
2022-06-14 03:23:13+02:00,90.8
2022-06-14 03:24:13+02:00,90.9
2022-06-14 03:25:14+02:00,91.3
2022-06-14 03:26:14+02:00,91.5
2022-06-14 03:27:14+02:00,50.0
2022-06-14 03:28:14+02:00,93.7
2022-06-14 03:29:14+02:00,94.7
2022-06-14 03:30:14+02:00,95.0
2022-06-14 03:31:15+02:00,94.7
2022-06-14 03:32:15+02:00,95.5
2022-06-14 03:33:15+02:00,96.4
2022-06-14 03:34:15+02:00,96.4
2022-06-14 03:35:15+02:00,96.7
2022-06-14 03:36:15+02:00,96.5
2022-06-14 03:37:15+02:00,96.9
2022-06-14 03:38:16+02:00,96.3
2022-06-14 03:39:16+02:00,96.5
2022-06-14 03:40:16+02:00,94.4
2022-06-14 03:41:16+02:00,94.4
2022-06-14 03:42:16+02:00,95.7
2022-06-14 03:43:16+02:00,95.6
2022-06-14 03:44:16+02:00,96.5
2022-06-14 03:45:17+02:00,95.2
2022-06-14 03:46:17+02:00,95.2
2022-06-14 03:47:17+02:00,96.0
2022-06-14 03:48:17+02:00,95.2
2022-06-14 03:49:17+02:00,95.4
2022-06-14 03:50:17+02:00,95.5
2022-06-14 03:51:17+02:00,95.5
2022-06-14 03:52:18+02:00,96.0
2022-06-14 03:53:18+02:00,97.2
2022-06-14 03:54:18+02:00,96.7
2022-06-14 03:55:18+02:00,95.9
2022-06-14 03:56:18+02:00,95.9
2022-06-14 03:57:18+02:00,95.9
2022-06-14 03:58:18+02:00,95.9
2022-06-14 03:59:19+02:00,95.5
2022-06-14 04:00:19+02:00,96.4
2022-06-14 04:01:19+02:00,97.3
2022-06-14 04:02:19+02:00,96.6
2022-06-14 04:03:19+02:00,97.2
2022-06-14 04:04:19+02:00,96.8
2022-06-14 04:05:20+02:00,96.2
2022-06-14 04:06:20+02:00,50.0
2022-06-14 04:07:20+02:00,50.0
2022-06-14 04:08:20+02:00,95.0
2022-06-14 04:09:20+02:00,94.2
2022-06-14 04:10:20+02:00,93.9
2022-06-14 04:11:20+02:00,93.3
2022-06-14 04:12:21+02:00,93.1
2022-06-14 04:13:21+02:00,93.0
2022-06-14 04:14:21+02:00,93.0
2022-06-14 04:15:21+02:00,92.9
2022-06-14 04:16:21+02:00,92.7
2022-06-14 04:17:21+02:00,92.7
2022-06-14 04:18:22+02:00,92.4
2022-06-14 04:19:22+02:00,50.0
2022-06-14 04:20:22+02:00,50.0
2022-06-14 04:21:22+02:00,50.0
2022-06-14 04:22:22+02:00,50.0
2022-06-14 04:23:22+02:00,50.0
2022-06-14 04:24:22+02:00,50.0
2022-06-14 04:25:22+02:00,92.6
2022-06-14 04:26:23+02:00,92.7
2022-06-14 04:27:23+02:00,92.8
2022-06-14 04:28:23+02:00,92.6
2022-06-14 04:29:23+02:00,92.4
2022-06-14 04:30:23+02:00,92.3
2022-06-14 04:31:23+02:00,92.4
2022-06-14 04:32:24+02:00,92.2
2022-06-14 04:33:24+02:00,92.1
2022-06-14 04:34:24+02:00,92.0
2022-06-14 04:35:24+02:00,92.0
2022-06-14 04:36:24+02:00,91.9
2022-06-14 04:37:24+02:00,91.8
2022-06-14 04:38:24+02:00,91.7
2022-06-14 04:39:25+02:00,91.6
2022-06-14 04:40:25+02:00,91.6
2022-06-14 04:41:25+02:00,92.0
2022-06-14 04:42:25+02:00,92.0
2022-06-14 04:43:25+02:00,91.7
2022-06-14 04:44:25+02:00,91.9
2022-06-14 04:45:25+02:00,91.8
2022-06-14 04:46:26+02:00,92.0
2022-06-14 04:47:26+02:00,91.9
2022-06-14 04:48:26+02:00,91.3
2022-06-14 04:49:26+02:00,90.7
2022-06-14 04:50:26+02:00,90.3
2022-06-14 04:51:26+02:00,90.0
2022-06-14 04:52:26+02:00,90.2
2022-06-14 04:53:27+02:00,90.2
2022-06-14 04:54:27+02:00,90.1
2022-06-14 04:55:27+02:00,50.0
2022-06-14 04:56:27+02:00,91.9
2022-06-14 04:57:27+02:00,92.2
2022-06-14 04:58:27+02:00,90.7
2022-06-14 04:59:28+02:00,90.2
2022-06-14 05:00:28+02:00,90.7
2022-06-14 05:01:28+02:00,91.2
2022-06-14 05:02:28+02:00,91.6
2022-06-14 05:03:28+02:00,91.7
2022-06-14 05:04:28+02:00,50.0
2022-06-14 05:05:28+02:00,91.8
2022-06-14 05:06:29+02:00,92.1
2022-06-14 05:07:29+02:00,92.2
2022-06-14 05:08:29+02:00,92.2
2022-06-14 05:09:29+02:00,92.2
2022-06-14 05:10:29+02:00,92.3
2022-06-14 05:11:29+02:00,92.2
2022-06-14 05:12:29+02:00,92.3
2022-06-14 05:13:30+02:00,92.4
2022-06-14 05:14:30+02:00,50.0
2022-06-14 05:15:30+02:00,92.3
2022-06-14 05:16:30+02:00,91.4
2022-06-14 05:17:30+02:00,90.7
2022-06-14 05:18:30+02:00,89.9
2022-06-14 05:19:31+02:00,89.4
2022-06-14 05:20:31+02:00,88.9
2022-06-14 05:21:31+02:00,88.4
2022-06-14 05:22:31+02:00,88.1
2022-06-14 05:23:31+02:00,50.0
2022-06-14 05:24:31+02:00,50.0
2022-06-14 05:25:31+02:00,88.4
2022-06-14 05:26:32+02:00,89.4
2022-06-14 05:27:32+02:00,90.2
2022-06-14 05:28:32+02:00,90.8
2022-06-14 05:29:32+02:00,91.3
2022-06-14 05:30:32+02:00,92.1
2022-06-14 05:31:32+02:00,50.0
2022-06-14 05:32:32+02:00,50.0
2022-06-14 05:33:33+02:00,93.9
2022-06-14 05:34:33+02:00,93.8
2022-06-14 05:35:33+02:00,93.4
2022-06-14 05:36:33+02:00,93.2
2022-06-14 05:37:33+02:00,92.6
2022-06-14 05:38:33+02:00,92.3
2022-06-14 05:39:34+02:00,92.2
2022-06-14 05:40:34+02:00,92.2
2022-06-14 05:41:34+02:00,92.1
2022-06-14 05:42:34+02:00,92.0
2022-06-14 05:43:34+02:00,92.1
2022-06-14 05:44:34+02:00,92.6
2022-06-14 05:45:34+02:00,92.9
2022-06-14 05:46:35+02:00,93.0
2022-06-14 05:47:35+02:00,50.0
2022-06-14 05:48:35+02:00,50.0
2022-06-14 05:49:35+02:00,50.0
2022-06-14 05:50:35+02:00,92.4
2022-06-14 05:51:35+02:00,91.9
2022-06-14 05:52:35+02:00,91.7
2022-06-14 05:53:36+02:00,91.7
2022-06-14 05:54:36+02:00,91.4
2022-06-14 05:55:36+02:00,91.1
2022-06-14 05:56:36+02:00,91.0
2022-06-14 05:57:36+02:00,91.0
2022-06-14 05:58:36+02:00,91.0
2022-06-14 05:59:36+02:00,91.0
2022-06-14 06:00:37+02:00,91.1
2022-06-14 06:01:37+02:00,91.0
2022-06-14 06:02:37+02:00,91.2
2022-06-14 06:03:37+02:00,91.3
2022-06-14 06:04:37+02:00,50.0
2022-06-14 06:05:37+02:00,92.0
2022-06-14 06:06:37+02:00,92.4
2022-06-14 06:07:38+02:00,91.9
2022-06-14 06:08:38+02:00,50.0
2022-06-14 06:09:38+02:00,91.1
2022-06-14 06:10:38+02:00,90.0
2022-06-14 06:11:38+02:00,50.0
2022-06-14 06:12:38+02:00,91.4
2022-06-14 06:13:39+02:00,93.1
2022-06-14 06:14:39+02:00,94.0
2022-06-14 06:15:39+02:00,94.9
2022-06-14 06:16:39+02:00,50.0
2022-06-14 06:17:39+02:00,94.6
2022-06-14 06:18:39+02:00,96.1
2022-06-14 06:19:39+02:00,50.0
2022-06-14 06:20:40+02:00,50.0
2022-06-14 06:21:40+02:00,96.7
2022-06-14 06:22:40+02:00,95.8
2022-06-14 06:23:40+02:00,95.1
2022-06-14 06:24:40+02:00,94.6
2022-06-14 06:25:40+02:00,94.4
2022-06-14 06:26:40+02:00,94.3
2022-06-14 06:27:41+02:00,94.0
2022-06-14 06:28:41+02:00,94.1
2022-06-14 06:29:41+02:00,93.9
2022-06-14 06:30:41+02:00,93.7
2022-06-14 06:31:41+02:00,93.7
2022-06-14 06:32:41+02:00,93.6
2022-06-14 06:33:42+02:00,93.5
2022-06-14 06:34:42+02:00,93.5
2022-06-14 06:35:42+02:00,93.5
2022-06-14 06:36:42+02:00,93.7
2022-06-14 06:37:42+02:00,93.8
2022-06-14 06:38:42+02:00,93.4
2022-06-14 06:39:42+02:00,93.4
2022-06-14 06:40:43+02:00,93.8
2022-06-14 06:41:43+02:00,94.3
2022-06-14 06:42:43+02:00,94.2
2022-06-14 06:43:43+02:00,94.9
2022-06-14 06:44:43+02:00,94.9
2022-06-14 06:45:43+02:00,95.0
2022-06-14 06:46:43+02:00,95.3
2022-06-14 06:47:44+02:00,95.6
2022-06-14 06:48:44+02:00,95.9
2022-06-14 06:49:44+02:00,96.3
2022-06-14 06:50:44+02:00,96.4
2022-06-14 06:51:44+02:00,96.1
2022-06-14 06:52:44+02:00,95.7
2022-06-14 06:53:44+02:00,95.4
2022-06-14 06:54:45+02:00,94.8
2022-06-14 06:55:45+02:00,95.7
2022-06-14 06:56:45+02:00,96.0
2022-06-14 06:57:45+02:00,96.1
2022-06-14 06:58:45+02:00,95.8
2022-06-14 06:59:45+02:00,95.9
2022-06-14 07:00:46+02:00,96.3
2022-06-14 07:01:46+02:00,96.2
2022-06-14 07:02:46+02:00,96.5
2022-06-14 07:03:46+02:00,96.7
2022-06-14 07:04:46+02:00,97.0
2022-06-14 07:05:46+02:00,96.8
2022-06-14 07:06:46+02:00,97.2
2022-06-14 07:07:46+02:00,96.9
2022-06-14 07:08:46+02:00,96.7
2022-06-14 07:09:46+02:00,96.8
2022-06-14 07:10:47+02:00,96.4
2022-06-14 07:11:47+02:00,96.3
2022-06-14 07:12:47+02:00,96.8
2022-06-14 07:13:47+02:00,96.4
2022-06-14 07:14:47+02:00,96.2
2022-06-14 07:15:47+02:00,96.1
2022-06-14 07:16:47+02:00,96.1
2022-06-14 07:17:47+02:00,50.0
2022-06-14 07:18:48+02:00,95.9
2022-06-14 07:19:48+02:00,93.2
2022-06-14 07:20:48+02:00,91.6
2022-06-14 07:21:48+02:00,90.3
2022-06-14 07:22:48+02:00,90.2
2022-06-14 07:23:48+02:00,50.0
2022-06-14 07:24:48+02:00,50.0
2022-06-14 07:25:48+02:00,50.0
2022-06-14 07:26:48+02:00,50.0
2022-06-14 07:27:48+02:00,90.0
2022-06-14 07:28:49+02:00,90.4
2022-06-14 07:29:49+02:00,91.1
2022-06-14 07:30:49+02:00,50.0
2022-06-14 07:31:49+02:00,50.0
2022-06-14 07:32:49+02:00,92.1
2022-06-14 07:33:49+02:00,92.4
2022-06-14 07:34:49+02:00,92.4
2022-06-14 07:35:49+02:00,93.8
2022-06-14 07:36:49+02:00,50.0
2022-06-14 07:37:49+02:00,95.2
2022-06-14 07:38:49+02:00,94.2
2022-06-14 07:39:50+02:00,91.5
2022-06-14 07:40:50+02:00,88.7
2022-06-14 07:41:50+02:00,87.1
2022-06-14 07:42:50+02:00,85.4
2022-06-14 07:43:50+02:00,84.7
2022-06-14 07:44:50+02:00,50.0
2022-06-14 07:45:50+02:00,50.0
2022-06-14 07:46:50+02:00,50.0
2022-06-14 07:47:50+02:00,50.0
2022-06-14 07:48:51+02:00,50.0
2022-06-14 07:49:51+02:00,50.0
2022-06-14 07:50:51+02:00,50.0
2022-06-14 07:51:51+02:00,50.0
2022-06-14 07:52:51+02:00,50.0
2022-06-14 07:53:51+02:00,50.0
2022-06-14 07:54:51+02:00,50.0
2022-06-14 07:55:51+02:00,50.0
2022-06-14 07:56:51+02:00,50.0
2022-06-14 07:57:51+02:00,50.0
2022-06-14 07:58:51+02:00,50.0
2022-06-14 07:59:52+02:00,50.0
2022-06-14 08:00:52+02:00,50.0
2022-06-14 08:01:52+02:00,50.0
2022-06-14 08:02:52+02:00,50.0
2022-06-14 08:03:52+02:00,50.0
2022-06-14 08:04:52+02:00,50.0
2022-06-14 08:05:52+02:00,50.0
2022-06-14 08:06:53+02:00,50.0
2022-06-14 08:07:53+02:00,50.0
2022-06-14 08:08:53+02:00,50.0
2022-06-14 08:09:53+02:00,50.0
2022-06-14 08:10:53+02:00,50.0
2022-06-14 08:11:53+02:00,50.0
2022-06-14 08:12:53+02:00,50.0
2022-06-14 08:13:54+02:00,50.0
2022-06-14 08:14:54+02:00,50.0
2022-06-14 08:15:54+02:00,50.0
2022-06-14 08:16:54+02:00,50.0
2022-06-14 08:17:54+02:00,50.0
2022-06-14 08:18:54+02:00,50.0
2022-06-14 08:19:54+02:00,50.0
2022-06-15 02:39:00+02:00,50.0
2022-06-15 02:40:00+02:00,91.1
2022-06-15 02:41:00+02:00,90.9
2022-06-15 02:42:00+02:00,90.8
2022-06-15 02:43:00+02:00,90.7
2022-06-15 02:44:00+02:00,90.7
2022-06-15 02:45:00+02:00,90.8
2022-06-15 02:46:00+02:00,50.0
2022-06-15 02:47:00+02:00,50.0
2022-06-15 02:48:00+02:00,91.1
2022-06-15 02:49:00+02:00,91.1
2022-06-15 02:50:00+02:00,91.7
2022-06-15 02:51:00+02:00,50.0
2022-06-15 02:52:01+02:00,50.0
2022-06-15 02:53:01+02:00,92.0
2022-06-15 02:54:01+02:00,91.2
2022-06-15 02:55:01+02:00,90.3
2022-06-15 02:56:01+02:00,90.3
2022-06-15 02:57:01+02:00,89.6
2022-06-15 02:58:01+02:00,88.9
2022-06-15 02:59:01+02:00,88.7
2022-06-15 03:00:01+02:00,88.3
2022-06-15 03:01:02+02:00,88.5
2022-06-15 03:02:02+02:00,89.0
2022-06-15 03:03:02+02:00,89.7
2022-06-15 03:04:02+02:00,90.0
2022-06-15 03:05:02+02:00,50.0
2022-06-15 03:06:02+02:00,89.9
2022-06-15 03:07:02+02:00,50.0
2022-06-15 03:08:03+02:00,90.1
2022-06-15 03:09:03+02:00,89.4
2022-06-15 03:10:03+02:00,89.0
2022-06-15 03:11:03+02:00,88.8
2022-06-15 03:12:03+02:00,89.2
2022-06-15 03:13:03+02:00,89.6
2022-06-15 03:14:03+02:00,89.8
2022-06-15 03:15:04+02:00,90.6
2022-06-15 03:16:04+02:00,90.7
2022-06-15 03:17:04+02:00,90.5
2022-06-15 03:18:04+02:00,90.7
2022-06-15 03:19:04+02:00,90.7
2022-06-15 03:20:04+02:00,90.6
2022-06-15 03:21:04+02:00,90.4
2022-06-15 03:22:04+02:00,90.4
2022-06-15 03:23:04+02:00,90.7
2022-06-15 03:24:05+02:00,91.0
2022-06-15 03:25:05+02:00,90.9
2022-06-15 03:26:05+02:00,90.9
2022-06-15 03:27:05+02:00,90.8
2022-06-15 03:28:05+02:00,50.0
2022-06-15 03:29:05+02:00,50.0
2022-06-15 03:30:05+02:00,90.2
2022-06-15 03:31:06+02:00,88.9
2022-06-15 03:32:06+02:00,88.2
2022-06-15 03:33:06+02:00,87.9
2022-06-15 03:34:06+02:00,87.7
2022-06-15 03:35:06+02:00,87.6
2022-06-15 03:36:06+02:00,87.7
2022-06-15 03:37:06+02:00,88.2
2022-06-15 03:38:07+02:00,88.7
2022-06-15 03:39:07+02:00,88.7
2022-06-15 03:40:07+02:00,88.9
2022-06-15 03:41:07+02:00,89.1
2022-06-15 03:42:07+02:00,89.3
2022-06-15 03:43:07+02:00,89.4
2022-06-15 03:44:08+02:00,89.3
2022-06-15 03:45:08+02:00,89.2
2022-06-15 03:46:08+02:00,89.4
2022-06-15 03:47:08+02:00,50.0
2022-06-15 03:48:08+02:00,50.0
2022-06-15 03:49:08+02:00,90.2
2022-06-15 03:50:08+02:00,90.5
2022-06-15 03:51:09+02:00,90.9
2022-06-15 03:52:09+02:00,91.1
2022-06-15 03:53:09+02:00,91.5
2022-06-15 03:54:09+02:00,91.7
2022-06-15 03:55:09+02:00,92.1
2022-06-15 03:56:09+02:00,50.0
2022-06-15 03:57:09+02:00,92.0
2022-06-15 03:58:10+02:00,91.4
2022-06-15 03:59:10+02:00,90.8
2022-06-15 04:00:10+02:00,90.6
2022-06-15 04:01:10+02:00,90.4
2022-06-15 04:02:10+02:00,90.3
2022-06-15 04:03:10+02:00,50.0
2022-06-15 04:04:11+02:00,50.0
2022-06-15 04:05:11+02:00,90.6
2022-06-15 04:06:11+02:00,90.6
2022-06-15 04:07:11+02:00,90.7
2022-06-15 04:08:11+02:00,90.9
2022-06-15 04:09:11+02:00,91.1
2022-06-15 04:10:11+02:00,91.7
2022-06-15 04:11:12+02:00,91.6
2022-06-15 04:12:12+02:00,91.9
2022-06-15 04:13:12+02:00,91.9
2022-06-15 04:14:12+02:00,92.1
2022-06-15 04:15:12+02:00,92.0
2022-06-15 04:16:12+02:00,92.9
2022-06-15 04:17:13+02:00,93.3
2022-06-15 04:18:13+02:00,93.3
2022-06-15 04:19:13+02:00,93.4
2022-06-15 04:20:13+02:00,93.5
2022-06-15 04:21:13+02:00,93.6
2022-06-15 04:22:13+02:00,93.5
2022-06-15 04:23:14+02:00,93.5
2022-06-15 04:24:14+02:00,92.1
2022-06-15 04:25:14+02:00,92.0
2022-06-15 04:26:14+02:00,93.5
2022-06-15 04:27:14+02:00,93.6
2022-06-15 04:28:14+02:00,93.5
2022-06-15 04:29:15+02:00,93.9
2022-06-15 04:30:15+02:00,93.2
2022-06-15 04:31:15+02:00,93.5
2022-06-15 04:32:15+02:00,93.3
2022-06-15 04:33:15+02:00,93.4
2022-06-15 04:34:15+02:00,93.8
2022-06-15 04:35:16+02:00,94.0
2022-06-15 04:36:16+02:00,93.7
2022-06-15 04:37:16+02:00,93.5
2022-06-15 04:38:16+02:00,93.7
2022-06-15 04:39:16+02:00,94.2
2022-06-15 04:40:16+02:00,94.2
2022-06-15 04:41:16+02:00,93.8
2022-06-15 04:42:17+02:00,50.0
2022-06-15 04:43:17+02:00,50.0
2022-06-15 04:44:17+02:00,50.0
2022-06-15 04:45:17+02:00,94.1
2022-06-15 04:46:17+02:00,93.6
2022-06-15 04:47:17+02:00,93.2
2022-06-15 04:48:17+02:00,92.8
2022-06-15 04:49:18+02:00,93.0
2022-06-15 04:50:18+02:00,92.8
2022-06-15 04:51:18+02:00,93.3
2022-06-15 04:52:18+02:00,93.7
2022-06-15 04:53:18+02:00,93.7
2022-06-15 04:54:18+02:00,93.7
2022-06-15 04:55:19+02:00,93.6
2022-06-15 04:56:19+02:00,93.5
2022-06-15 04:57:19+02:00,93.7
2022-06-15 04:58:19+02:00,93.7
2022-06-15 04:59:19+02:00,93.4
2022-06-15 05:00:19+02:00,93.2
2022-06-15 05:01:19+02:00,93.3
2022-06-15 05:02:20+02:00,50.0
2022-06-15 05:03:20+02:00,93.9
2022-06-15 05:04:20+02:00,93.7
2022-06-15 05:05:20+02:00,50.0
2022-06-15 05:06:20+02:00,93.3
2022-06-15 05:07:20+02:00,93.2
2022-06-15 05:08:21+02:00,93.2
2022-06-15 05:09:21+02:00,93.2
2022-06-15 05:10:21+02:00,50.0
2022-06-15 05:11:21+02:00,50.0
2022-06-15 05:12:21+02:00,93.3
2022-06-15 05:13:21+02:00,93.2
2022-06-15 05:14:21+02:00,92.9
2022-06-15 05:15:22+02:00,93.0
2022-06-15 05:16:22+02:00,92.9
2022-06-15 05:17:22+02:00,92.9
2022-06-15 05:18:22+02:00,92.9
2022-06-15 05:19:22+02:00,93.0
2022-06-15 05:20:22+02:00,93.1
2022-06-15 05:21:22+02:00,93.2
2022-06-15 05:22:23+02:00,93.2
2022-06-15 05:23:23+02:00,93.2
2022-06-15 05:24:23+02:00,93.3
2022-06-15 05:25:23+02:00,93.3
2022-06-15 05:26:23+02:00,93.2
2022-06-15 05:27:23+02:00,93.4
2022-06-15 05:28:24+02:00,93.2
2022-06-15 05:29:24+02:00,93.1
2022-06-15 05:30:24+02:00,93.0
2022-06-15 05:31:24+02:00,93.1
2022-06-15 05:32:24+02:00,93.0
2022-06-15 05:33:24+02:00,92.9
2022-06-15 05:34:25+02:00,93.0
2022-06-15 05:35:25+02:00,50.0
2022-06-15 05:36:25+02:00,93.1
2022-06-15 05:37:25+02:00,93.1
2022-06-15 05:38:25+02:00,93.1
2022-06-15 05:39:25+02:00,50.0
2022-06-15 05:40:25+02:00,50.0
2022-06-15 05:41:26+02:00,93.2
2022-06-15 05:42:26+02:00,93.5
2022-06-15 05:43:26+02:00,93.4
2022-06-15 05:44:26+02:00,93.4
2022-06-15 05:45:26+02:00,93.3
2022-06-15 05:46:26+02:00,93.2
2022-06-15 05:47:26+02:00,93.8
2022-06-15 05:48:27+02:00,50.0
2022-06-15 05:49:27+02:00,93.8
2022-06-15 05:50:27+02:00,92.4
2022-06-15 05:51:27+02:00,50.0
2022-06-15 05:52:27+02:00,50.0
2022-06-15 05:53:27+02:00,92.4
2022-06-15 05:54:27+02:00,93.5
2022-06-15 05:55:28+02:00,93.8
2022-06-15 05:56:28+02:00,93.7
2022-06-15 05:57:28+02:00,93.7
2022-06-15 05:58:28+02:00,93.8
2022-06-15 05:59:28+02:00,94.0
2022-06-15 06:00:28+02:00,94.4
2022-06-15 06:01:29+02:00,94.7
2022-06-15 06:02:29+02:00,50.0
2022-06-15 06:03:29+02:00,95.0
2022-06-15 06:04:29+02:00,95.2
2022-06-15 06:05:29+02:00,95.5
2022-06-15 06:06:29+02:00,96.8
2022-06-15 06:07:29+02:00,97.6
2022-06-15 06:08:30+02:00,98.2
2022-06-15 06:09:30+02:00,98.5
2022-06-15 06:10:30+02:00,98.3
2022-06-15 06:11:30+02:00,98.5
2022-06-15 06:12:30+02:00,96.3
2022-06-15 06:13:30+02:00,95.0
2022-06-15 06:14:31+02:00,93.7
2022-06-15 06:15:31+02:00,93.3
2022-06-15 06:16:31+02:00,50.0
2022-06-15 06:17:31+02:00,50.0
2022-06-15 06:18:31+02:00,92.1
2022-06-15 06:19:31+02:00,91.6
2022-06-15 06:20:32+02:00,91.4
2022-06-15 06:21:32+02:00,91.2
2022-06-15 06:22:32+02:00,91.5
2022-06-15 06:23:32+02:00,91.9
2022-06-15 06:24:32+02:00,92.2
2022-06-15 06:25:32+02:00,91.9
2022-06-15 06:26:33+02:00,92.1
2022-06-15 06:27:33+02:00,92.6
2022-06-15 06:28:33+02:00,92.3
2022-06-15 06:29:33+02:00,92.0
2022-06-15 06:30:33+02:00,92.0
2022-06-15 06:31:33+02:00,92.3
2022-06-15 06:32:34+02:00,92.8
2022-06-15 06:33:34+02:00,93.0
2022-06-15 06:34:34+02:00,92.3
2022-06-15 06:35:34+02:00,92.6
2022-06-15 06:36:34+02:00,92.3
2022-06-15 06:37:34+02:00,92.3
2022-06-15 06:38:34+02:00,92.0
2022-06-15 06:39:35+02:00,92.3
2022-06-15 06:40:35+02:00,92.1
2022-06-15 06:41:35+02:00,91.7
2022-06-15 06:42:35+02:00,92.1
2022-06-15 06:43:35+02:00,91.9
2022-06-15 06:44:35+02:00,92.1
2022-06-15 06:45:36+02:00,92.5
2022-06-15 06:46:36+02:00,92.1
2022-06-15 06:47:36+02:00,91.6
2022-06-15 06:48:36+02:00,50.0
2022-06-15 06:49:36+02:00,91.1
2022-06-15 06:50:36+02:00,50.0
2022-06-15 06:51:37+02:00,91.8
2022-06-15 06:52:37+02:00,92.9
2022-06-15 06:53:37+02:00,50.0
2022-06-15 06:54:37+02:00,93.7
2022-06-15 06:55:37+02:00,93.7
2022-06-15 06:56:37+02:00,93.5
2022-06-15 06:57:37+02:00,93.2
2022-06-15 06:58:38+02:00,93.3
2022-06-15 06:59:38+02:00,93.2
2022-06-15 07:00:38+02:00,93.0
2022-06-15 07:01:38+02:00,93.2
2022-06-15 07:02:38+02:00,93.3
2022-06-15 07:03:39+02:00,93.4
2022-06-15 07:04:39+02:00,93.4
2022-06-15 07:05:39+02:00,93.5
2022-06-15 07:06:39+02:00,93.7
2022-06-15 07:07:39+02:00,93.7
2022-06-15 07:08:39+02:00,93.6
2022-06-15 07:09:39+02:00,50.0
2022-06-15 07:10:39+02:00,50.0
2022-06-15 07:11:40+02:00,50.0
2022-06-15 07:12:40+02:00,50.0
2022-06-15 07:13:40+02:00,92.5
2022-06-15 07:14:40+02:00,92.2
2022-06-15 07:15:40+02:00,93.0
2022-06-15 07:16:40+02:00,50.0
2022-06-15 07:17:41+02:00,94.2
2022-06-15 07:18:41+02:00,94.9
2022-06-15 07:19:41+02:00,95.5
2022-06-15 07:20:41+02:00,95.9
2022-06-15 07:21:41+02:00,96.2
2022-06-15 07:22:41+02:00,96.2
2022-06-15 07:23:41+02:00,96.2
2022-06-15 07:24:42+02:00,96.9
2022-06-15 07:25:42+02:00,97.3
2022-06-15 07:26:42+02:00,97.5
2022-06-15 07:27:42+02:00,97.7
2022-06-15 07:28:42+02:00,97.4
2022-06-15 07:29:42+02:00,97.0
2022-06-15 07:30:43+02:00,95.9
2022-06-15 07:31:43+02:00,94.6
2022-06-15 07:32:43+02:00,93.4
2022-06-15 07:33:43+02:00,93.0
2022-06-15 07:34:43+02:00,93.3
2022-06-15 07:35:43+02:00,94.4
2022-06-15 07:36:44+02:00,93.0
2022-06-15 07:37:44+02:00,93.1
2022-06-15 07:38:44+02:00,92.7
2022-06-15 07:39:44+02:00,92.3
2022-06-15 07:40:44+02:00,92.4
2022-06-15 07:41:44+02:00,92.1
2022-06-15 07:42:44+02:00,92.3
2022-06-15 07:43:44+02:00,91.5
2022-06-15 07:44:45+02:00,91.5
2022-06-15 07:45:45+02:00,91.1
2022-06-15 07:46:45+02:00,91.4
2022-06-15 07:47:45+02:00,91.0
2022-06-15 07:48:45+02:00,91.8
2022-06-15 07:49:45+02:00,92.2
2022-06-15 07:50:46+02:00,92.5
2022-06-15 07:51:46+02:00,92.2
2022-06-15 07:52:46+02:00,50.0
2022-06-15 07:53:46+02:00,91.9
2022-06-15 07:54:46+02:00,92.1
2022-06-15 07:55:46+02:00,92.1
2022-06-15 07:56:46+02:00,92.0
2022-06-15 07:57:46+02:00,91.9
2022-06-15 07:58:46+02:00,91.9
2022-06-15 07:59:46+02:00,92.0
2022-06-15 08:00:46+02:00,92.0
2022-06-15 08:01:46+02:00,92.1
2022-06-15 08:02:47+02:00,92.4
2022-06-15 08:03:47+02:00,92.3
2022-06-15 08:04:47+02:00,92.1
2022-06-15 08:05:47+02:00,92.1
2022-06-15 08:06:47+02:00,92.0
2022-06-15 08:07:47+02:00,92.0
2022-06-15 08:08:47+02:00,91.9
2022-06-15 08:09:47+02:00,91.9
2022-06-15 08:10:47+02:00,92.1
2022-06-15 08:11:47+02:00,92.3
2022-06-15 08:12:48+02:00,92.3
2022-06-15 08:13:48+02:00,92.1
2022-06-15 08:14:48+02:00,92.1
2022-06-15 08:15:48+02:00,92.1
2022-06-15 08:16:48+02:00,91.9
2022-06-15 08:17:48+02:00,91.9
2022-06-15 08:18:48+02:00,92.2
2022-06-15 08:19:48+02:00,92.4
2022-06-15 08:20:48+02:00,92.5
2022-06-15 08:21:48+02:00,92.5
2022-06-15 08:22:48+02:00,92.6
2022-06-15 08:23:49+02:00,92.8
2022-06-15 08:24:49+02:00,92.9
2022-06-15 08:25:49+02:00,50.0
2022-06-15 08:26:49+02:00,50.0
2022-06-15 08:27:49+02:00,93.1
2022-06-15 08:28:49+02:00,93.8
2022-06-15 08:29:49+02:00,93.8
2022-06-15 08:30:49+02:00,93.4
2022-06-15 08:31:49+02:00,93.4
2022-06-15 08:32:50+02:00,93.8
2022-06-15 08:33:50+02:00,95.0
2022-06-15 08:34:50+02:00,94.9
2022-06-15 08:35:50+02:00,50.0
2022-06-15 08:36:50+02:00,96.0
2022-06-15 08:37:50+02:00,96.1
2022-06-15 08:38:50+02:00,96.2
2022-06-15 08:39:50+02:00,96.2
2022-06-15 08:40:50+02:00,50.0
2022-06-15 08:41:50+02:00,95.4
2022-06-15 08:42:50+02:00,94.2
2022-06-15 08:43:51+02:00,93.5
2022-06-15 08:44:51+02:00,93.1
2022-06-15 08:45:51+02:00,92.8
2022-06-15 08:46:51+02:00,92.7
2022-06-15 08:47:51+02:00,92.8
2022-06-15 08:48:51+02:00,50.0
2022-06-15 08:49:51+02:00,50.0
2022-06-15 08:50:51+02:00,92.8
2022-06-15 08:51:51+02:00,92.2
2022-06-15 08:52:51+02:00,92.0
2022-06-15 08:53:51+02:00,92.6
2022-06-15 08:54:51+02:00,93.2
2022-06-15 08:55:52+02:00,93.5
2022-06-15 08:56:52+02:00,93.9
2022-06-15 08:57:52+02:00,94.2
2022-06-15 08:58:52+02:00,94.1
2022-06-15 08:59:52+02:00,94.1
2022-06-15 09:00:52+02:00,94.2
2022-06-15 09:01:52+02:00,94.3
2022-06-15 09:02:53+02:00,94.4
2022-06-15 09:03:53+02:00,50.0
2022-06-15 09:04:53+02:00,93.9
2022-06-15 09:05:53+02:00,93.6
2022-06-15 09:06:53+02:00,50.0
2022-06-15 09:07:53+02:00,50.0
2022-06-15 09:08:53+02:00,50.0
2022-06-15 09:09:53+02:00,50.0
2022-06-15 09:10:54+02:00,50.0
2022-06-15 09:11:54+02:00,50.0
2022-06-15 09:12:54+02:00,50.0
2022-06-15 09:13:54+02:00,50.0
2022-06-15 09:14:54+02:00,50.0
2022-06-15 09:15:54+02:00,50.0
2022-06-15 09:16:54+02:00,92.6
2022-06-15 09:17:54+02:00,92.2
2022-06-15 09:18:55+02:00,92.0
2022-06-15 09:19:55+02:00,91.3
2022-06-15 09:20:55+02:00,50.0
2022-06-15 09:21:55+02:00,50.0
2022-06-15 09:22:55+02:00,50.0
2022-06-15 09:23:55+02:00,50.0
2022-06-15 09:24:55+02:00,50.0
2022-06-15 09:25:55+02:00,50.0
2022-06-15 09:26:56+02:00,50.0
2022-06-15 09:27:56+02:00,50.0
2022-06-15 09:28:56+02:00,50.0
2022-06-15 09:29:56+02:00,50.0
2022-06-15 09:30:56+02:00,50.0
2022-06-15 09:31:56+02:00,50.0
2022-06-15 09:32:56+02:00,50.0
2022-06-15 09:33:56+02:00,50.0
2022-06-15 09:34:57+02:00,50.0
2022-06-15 09:35:57+02:00,91.6
2022-06-15 09:36:57+02:00,50.0
2022-06-15 09:37:57+02:00,50.0
2022-06-15 09:38:57+02:00,50.0
2022-06-15 09:39:57+02:00,50.0
2022-06-15 09:40:57+02:00,50.0
2022-06-15 09:41:58+02:00,50.0
2022-06-15 09:42:58+02:00,50.0
2022-06-16 01:54:00+02:00,90.2
2022-06-16 01:55:00+02:00,90.8
2022-06-16 01:56:00+02:00,50.0
2022-06-16 01:57:00+02:00,91.5
2022-06-16 01:58:00+02:00,91.9
2022-06-16 01:59:00+02:00,50.0
2022-06-16 02:00:00+02:00,50.0
2022-06-16 02:00:00+02:00,50.0
2022-06-16 02:01:00+02:00,50.0
2022-06-16 02:02:00+02:00,92.1
2022-06-16 02:03:00+02:00,50.0
2022-06-16 02:04:00+02:00,50.0
2022-06-16 02:05:00+02:00,50.0
2022-06-16 02:06:01+02:00,50.0
2022-06-16 02:07:01+02:00,50.0
2022-06-16 02:08:01+02:00,50.0
2022-06-16 02:09:01+02:00,92.8
2022-06-16 02:10:01+02:00,94.9
2022-06-16 02:11:01+02:00,96.3
2022-06-16 02:12:01+02:00,50.0
2022-06-16 02:13:01+02:00,50.0
2022-06-16 02:14:02+02:00,50.0
2022-06-16 02:15:02+02:00,50.0
2022-06-16 02:16:02+02:00,50.0
2022-06-16 02:17:02+02:00,50.0
2022-06-16 02:18:02+02:00,50.0
2022-06-16 02:19:02+02:00,50.0
2022-06-16 02:20:02+02:00,50.0
2022-06-16 02:21:02+02:00,96.7
2022-06-16 02:22:02+02:00,50.0
2022-06-16 02:23:02+02:00,95.9
2022-06-16 02:24:03+02:00,95.5
2022-06-16 02:25:03+02:00,50.0
2022-06-16 02:26:03+02:00,95.2
2022-06-16 02:27:03+02:00,94.9
2022-06-16 02:28:03+02:00,95.3
2022-06-16 02:29:03+02:00,95.3
2022-06-16 02:30:03+02:00,95.5
2022-06-16 02:31:04+02:00,95.7
2022-06-16 02:32:04+02:00,95.9
2022-06-16 02:33:04+02:00,95.9
2022-06-16 02:34:04+02:00,95.8
2022-06-16 02:35:04+02:00,50.0
2022-06-16 02:36:04+02:00,96.1
2022-06-16 02:37:04+02:00,95.2
2022-06-16 02:38:04+02:00,94.4
2022-06-16 02:39:04+02:00,50.0
2022-06-16 02:40:05+02:00,93.6
2022-06-16 02:41:05+02:00,50.0
2022-06-16 02:42:05+02:00,92.7
2022-06-16 02:43:05+02:00,92.3
2022-06-16 02:44:05+02:00,92.2
2022-06-16 02:45:05+02:00,92.0
2022-06-16 02:46:05+02:00,92.3
2022-06-16 02:47:05+02:00,92.4
2022-06-16 02:48:05+02:00,92.3
2022-06-16 02:49:06+02:00,92.4
2022-06-16 02:50:06+02:00,92.2
2022-06-16 02:51:06+02:00,92.1
2022-06-16 02:52:06+02:00,92.1
2022-06-16 02:53:06+02:00,92.0
2022-06-16 02:54:06+02:00,50.0
2022-06-16 02:55:06+02:00,92.8
2022-06-16 02:56:06+02:00,50.0
2022-06-16 02:57:06+02:00,94.8
2022-06-16 02:58:06+02:00,50.0
2022-06-16 02:59:06+02:00,50.0
2022-06-16 03:00:07+02:00,94.0
2022-06-16 03:01:07+02:00,93.6
2022-06-16 03:02:07+02:00,93.6
2022-06-16 03:03:07+02:00,93.5
2022-06-16 03:04:07+02:00,93.6
2022-06-16 03:05:07+02:00,94.1
2022-06-16 03:06:07+02:00,94.3
2022-06-16 03:07:07+02:00,50.0
2022-06-16 03:08:07+02:00,50.0
2022-06-16 03:09:07+02:00,94.4
2022-06-16 03:10:07+02:00,94.1
2022-06-16 03:11:08+02:00,94.1
2022-06-16 03:12:08+02:00,94.0
2022-06-16 03:13:08+02:00,93.5
2022-06-16 03:14:08+02:00,93.1
2022-06-16 03:15:08+02:00,92.9
2022-06-16 03:16:08+02:00,92.3
2022-06-16 03:17:08+02:00,91.9
2022-06-16 03:18:08+02:00,91.5
2022-06-16 03:19:08+02:00,50.0
2022-06-16 03:20:09+02:00,91.4
2022-06-16 03:21:09+02:00,90.3
2022-06-16 03:22:09+02:00,89.3
2022-06-16 03:23:09+02:00,89.0
2022-06-16 03:24:09+02:00,88.9
2022-06-16 03:25:09+02:00,89.4
2022-06-16 03:26:09+02:00,89.8
2022-06-16 03:27:09+02:00,50.0
2022-06-16 03:28:09+02:00,90.3
2022-06-16 03:29:09+02:00,91.1
2022-06-16 03:30:09+02:00,91.5
2022-06-16 03:31:09+02:00,91.5
2022-06-16 03:32:09+02:00,91.4
2022-06-16 03:33:10+02:00,91.5
2022-06-16 03:34:10+02:00,91.8
2022-06-16 03:35:10+02:00,91.9
2022-06-16 03:36:10+02:00,91.8
2022-06-16 03:37:10+02:00,50.0
2022-06-16 03:38:10+02:00,50.0
2022-06-16 03:39:10+02:00,91.6
2022-06-16 03:40:10+02:00,90.9
2022-06-16 03:41:10+02:00,90.7
2022-06-16 03:42:10+02:00,90.7
2022-06-16 03:43:10+02:00,91.3
2022-06-16 03:44:11+02:00,91.0
2022-06-16 03:45:11+02:00,90.7
2022-06-16 03:46:11+02:00,90.8
2022-06-16 03:47:11+02:00,91.3
2022-06-16 03:48:11+02:00,90.9
2022-06-16 03:49:11+02:00,91.5
2022-06-16 03:50:12+02:00,92.4
2022-06-16 03:51:12+02:00,93.2
2022-06-16 03:52:12+02:00,93.2
2022-06-16 03:53:12+02:00,93.1
2022-06-16 03:54:12+02:00,93.8
2022-06-16 03:55:12+02:00,93.9
2022-06-16 03:56:12+02:00,93.9
2022-06-16 03:57:13+02:00,93.1
2022-06-16 03:58:13+02:00,93.5
2022-06-16 03:59:13+02:00,94.3
2022-06-16 04:00:13+02:00,94.9
2022-06-16 04:01:13+02:00,95.2
2022-06-16 04:02:13+02:00,95.8
2022-06-16 04:03:13+02:00,96.5
2022-06-16 04:04:14+02:00,96.5
2022-06-16 04:05:14+02:00,95.8
2022-06-16 04:06:14+02:00,96.1
2022-06-16 04:07:14+02:00,96.1
2022-06-16 04:08:14+02:00,95.7
2022-06-16 04:09:14+02:00,96.2
2022-06-16 04:10:14+02:00,96.6
2022-06-16 04:11:15+02:00,97.0
2022-06-16 04:12:15+02:00,97.0
2022-06-16 04:13:15+02:00,97.1
2022-06-16 04:14:15+02:00,96.7
2022-06-16 04:15:15+02:00,97.3
2022-06-16 04:16:15+02:00,97.5
2022-06-16 04:17:15+02:00,97.6
2022-06-16 04:18:16+02:00,97.7
2022-06-16 04:19:16+02:00,97.7
2022-06-16 04:20:16+02:00,97.7
2022-06-16 04:21:16+02:00,97.5
2022-06-16 04:22:16+02:00,97.6
2022-06-16 04:23:16+02:00,97.4
2022-06-16 04:24:16+02:00,97.2
2022-06-16 04:25:17+02:00,97.0
2022-06-16 04:26:17+02:00,96.8
2022-06-16 04:27:17+02:00,50.0
2022-06-16 04:28:17+02:00,96.6
2022-06-16 04:29:17+02:00,50.0
2022-06-16 04:30:17+02:00,95.8
2022-06-16 04:31:18+02:00,94.8
2022-06-16 04:32:18+02:00,94.1
2022-06-16 04:33:18+02:00,93.8
2022-06-16 04:34:18+02:00,93.6
2022-06-16 04:35:18+02:00,93.4
2022-06-16 04:36:18+02:00,93.4
2022-06-16 04:37:18+02:00,93.4
2022-06-16 04:38:19+02:00,93.4
2022-06-16 04:39:19+02:00,93.4
2022-06-16 04:40:19+02:00,93.5
2022-06-16 04:41:19+02:00,93.5
2022-06-16 04:42:19+02:00,93.7
2022-06-16 04:43:19+02:00,93.9
2022-06-16 04:44:20+02:00,93.9
2022-06-16 04:45:20+02:00,93.8
2022-06-16 04:46:20+02:00,93.8
2022-06-16 04:47:20+02:00,93.7
2022-06-16 04:48:20+02:00,93.7
2022-06-16 04:49:20+02:00,93.7
2022-06-16 04:50:20+02:00,93.5
2022-06-16 04:51:20+02:00,50.0
2022-06-16 04:52:21+02:00,93.3
2022-06-16 04:53:21+02:00,92.9
2022-06-16 04:54:21+02:00,92.6
2022-06-16 04:55:21+02:00,92.5
2022-06-16 04:56:21+02:00,92.5
2022-06-16 04:57:21+02:00,92.5
2022-06-16 04:58:22+02:00,92.7
2022-06-16 04:59:22+02:00,50.0
2022-06-16 05:00:22+02:00,92.8
2022-06-16 05:01:22+02:00,50.0
2022-06-16 05:02:22+02:00,93.9
2022-06-16 05:03:22+02:00,94.6
2022-06-16 05:04:23+02:00,95.5
2022-06-16 05:05:23+02:00,96.4
2022-06-16 05:06:23+02:00,97.4
2022-06-16 05:07:23+02:00,50.0
2022-06-16 05:08:23+02:00,50.0
2022-06-16 05:09:23+02:00,94.9
2022-06-16 05:10:23+02:00,93.3
2022-06-16 05:11:24+02:00,50.0
2022-06-16 05:12:24+02:00,94.0
2022-06-16 05:13:24+02:00,94.8
2022-06-16 05:14:24+02:00,95.4
2022-06-16 05:15:24+02:00,95.7
2022-06-16 05:16:24+02:00,96.3
2022-06-16 05:17:24+02:00,95.9
2022-06-16 05:18:25+02:00,96.2
2022-06-16 05:19:25+02:00,96.3
2022-06-16 05:20:25+02:00,96.4
2022-06-16 05:21:25+02:00,96.2
2022-06-16 05:22:25+02:00,96.5
2022-06-16 05:23:25+02:00,96.0
2022-06-16 05:24:25+02:00,95.9
2022-06-16 05:25:26+02:00,50.0
2022-06-16 05:26:26+02:00,94.9
2022-06-16 05:27:26+02:00,50.0
2022-06-16 05:28:26+02:00,94.4
2022-06-16 05:29:26+02:00,94.1
2022-06-16 05:30:26+02:00,93.9
2022-06-16 05:31:27+02:00,93.7
2022-06-16 05:32:27+02:00,93.8
2022-06-16 05:33:27+02:00,94.3
2022-06-16 05:34:27+02:00,94.2
2022-06-16 05:35:27+02:00,94.1
2022-06-16 05:36:27+02:00,94.3
2022-06-16 05:37:27+02:00,50.0
2022-06-16 05:38:28+02:00,94.6
2022-06-16 05:39:28+02:00,94.3
2022-06-16 05:40:28+02:00,94.2
2022-06-16 05:41:28+02:00,94.1
2022-06-16 05:42:28+02:00,93.7
2022-06-16 05:43:28+02:00,93.6
2022-06-16 05:44:28+02:00,93.5
2022-06-16 05:45:29+02:00,50.0
2022-06-16 05:46:29+02:00,94.1
2022-06-16 05:47:29+02:00,94.2
2022-06-16 05:48:29+02:00,93.4
2022-06-16 05:49:29+02:00,93.1
2022-06-16 05:50:29+02:00,92.4
2022-06-16 05:51:29+02:00,92.4
2022-06-16 05:52:30+02:00,93.4
2022-06-16 05:53:30+02:00,93.9
2022-06-16 05:54:30+02:00,94.5
2022-06-16 05:55:30+02:00,95.2
2022-06-16 05:56:30+02:00,94.0
2022-06-16 05:57:30+02:00,94.9
2022-06-16 05:58:30+02:00,95.9
2022-06-16 05:59:31+02:00,96.4
2022-06-16 06:00:31+02:00,50.0
2022-06-16 06:01:31+02:00,50.0
2022-06-16 06:02:31+02:00,94.6
2022-06-16 06:03:31+02:00,94.0
2022-06-16 06:04:31+02:00,93.4
2022-06-16 06:05:32+02:00,92.9
2022-06-16 06:06:32+02:00,92.7
2022-06-16 06:07:32+02:00,92.6
2022-06-16 06:08:32+02:00,92.1
2022-06-16 06:09:32+02:00,92.0
2022-06-16 06:10:32+02:00,92.0
2022-06-16 06:11:32+02:00,92.0
2022-06-16 06:12:33+02:00,92.7
2022-06-16 06:13:33+02:00,92.7
2022-06-16 06:14:33+02:00,93.0
2022-06-16 06:15:33+02:00,92.8
2022-06-16 06:16:33+02:00,92.3
2022-06-16 06:17:33+02:00,92.1
2022-06-16 06:18:34+02:00,92.3
2022-06-16 06:19:34+02:00,92.6
2022-06-16 06:20:34+02:00,92.6
2022-06-16 06:21:34+02:00,92.7
2022-06-16 06:22:34+02:00,93.4
2022-06-16 06:23:34+02:00,93.4
2022-06-16 06:24:34+02:00,93.6
2022-06-16 06:25:34+02:00,93.5
2022-06-16 06:26:35+02:00,93.3
2022-06-16 06:27:35+02:00,92.9
2022-06-16 06:28:35+02:00,92.8
2022-06-16 06:29:35+02:00,92.5
2022-06-16 06:30:35+02:00,92.3
2022-06-16 06:31:35+02:00,92.2
2022-06-16 06:32:36+02:00,91.7
2022-06-16 06:33:36+02:00,90.6
2022-06-16 06:34:36+02:00,87.5
2022-06-16 06:35:36+02:00,87.7
2022-06-16 06:36:36+02:00,87.3
2022-06-16 06:37:36+02:00,85.7
2022-06-16 06:38:36+02:00,85.7
2022-06-16 06:39:37+02:00,86.4
2022-06-16 06:40:37+02:00,86.6
2022-06-16 06:41:37+02:00,85.7
2022-06-16 06:42:37+02:00,85.2
2022-06-16 06:43:37+02:00,85.6
2022-06-16 06:44:37+02:00,87.1
2022-06-16 06:45:37+02:00,87.6
2022-06-16 06:46:38+02:00,88.2
2022-06-16 06:47:38+02:00,50.0
2022-06-16 06:48:38+02:00,89.1
2022-06-16 06:49:38+02:00,89.5
2022-06-16 06:50:38+02:00,89.9
2022-06-16 06:51:38+02:00,90.3
2022-06-16 06:52:38+02:00,90.4
2022-06-16 06:53:39+02:00,90.5
2022-06-16 06:54:39+02:00,90.5
2022-06-16 06:55:39+02:00,90.6
2022-06-16 06:56:39+02:00,90.6
2022-06-16 06:57:39+02:00,90.6
2022-06-16 06:58:39+02:00,90.5
2022-06-16 06:59:40+02:00,50.0
2022-06-16 07:00:40+02:00,90.8
2022-06-16 07:01:40+02:00,90.7
2022-06-16 07:02:40+02:00,90.7
2022-06-16 07:03:40+02:00,90.5
2022-06-16 07:04:40+02:00,90.6
2022-06-16 07:05:40+02:00,90.4
2022-06-16 07:06:41+02:00,90.9
2022-06-16 07:07:41+02:00,91.3
2022-06-16 07:08:41+02:00,91.4
2022-06-16 07:09:41+02:00,50.0
2022-06-16 07:10:41+02:00,50.0
2022-06-16 07:11:41+02:00,50.0
2022-06-16 07:12:41+02:00,50.0
2022-06-16 07:13:42+02:00,50.0
2022-06-16 07:14:42+02:00,50.0
2022-06-16 07:15:42+02:00,50.0
2022-06-16 07:16:42+02:00,50.0
2022-06-16 07:17:42+02:00,50.0
2022-06-16 07:18:42+02:00,50.0
2022-06-16 07:19:42+02:00,50.0
2022-06-16 07:20:43+02:00,92.8
2022-06-16 07:21:43+02:00,50.0
2022-06-16 07:22:43+02:00,50.0
2022-06-16 07:23:43+02:00,50.0
2022-06-16 07:24:43+02:00,50.0
2022-06-16 07:25:43+02:00,50.0
2022-06-16 07:26:43+02:00,50.0
2022-06-16 07:27:44+02:00,50.0
2022-06-16 07:28:44+02:00,50.0
2022-06-16 07:29:44+02:00,50.0
2022-06-16 07:30:44+02:00,50.0
2022-06-16 07:31:44+02:00,50.0
2022-06-16 07:32:44+02:00,50.0
2022-06-16 07:33:45+02:00,50.0
2022-06-16 07:34:45+02:00,50.0
2022-06-16 07:35:45+02:00,50.0
2022-06-16 07:36:45+02:00,50.0
2022-06-16 07:37:45+02:00,50.0
2022-06-16 07:38:45+02:00,50.0
2022-06-16 07:39:45+02:00,50.0
2022-06-16 07:40:46+02:00,50.0
2022-06-16 07:41:46+02:00,50.0
2022-06-16 07:42:46+02:00,50.0
2022-06-16 07:43:46+02:00,50.0
2022-06-16 07:44:46+02:00,50.0
2022-06-16 07:45:46+02:00,50.0
2022-06-17 02:11:00+02:00,50.0
2022-06-17 02:12:00+02:00,87.7
2022-06-17 02:13:00+02:00,87.5
2022-06-17 02:14:00+02:00,87.6
2022-06-17 02:15:00+02:00,87.8
2022-06-17 02:16:00+02:00,87.8
2022-06-17 02:17:00+02:00,50.0
2022-06-17 02:18:00+02:00,50.0
2022-06-17 02:19:00+02:00,50.0
2022-06-17 02:20:00+02:00,50.0
2022-06-17 02:21:00+02:00,50.0
2022-06-17 02:22:00+02:00,88.9
2022-06-17 02:23:00+02:00,88.4
2022-06-17 02:24:01+02:00,50.0
2022-06-17 02:25:01+02:00,88.6
2022-06-17 02:26:01+02:00,88.9
2022-06-17 02:27:01+02:00,50.0
2022-06-17 02:28:01+02:00,88.8
2022-06-17 02:29:01+02:00,88.4
2022-06-17 02:30:01+02:00,88.3
2022-06-17 02:31:02+02:00,88.1
2022-06-17 02:32:02+02:00,50.0
2022-06-17 02:33:02+02:00,90.0
2022-06-17 02:34:02+02:00,50.0
2022-06-17 02:35:02+02:00,92.1
2022-06-17 02:36:02+02:00,92.4
2022-06-17 02:37:02+02:00,50.0
2022-06-17 02:38:02+02:00,50.0
2022-06-17 02:39:02+02:00,50.0
2022-06-17 02:40:03+02:00,50.0
2022-06-17 02:41:03+02:00,50.0
2022-06-17 02:42:03+02:00,50.0
2022-06-17 02:43:03+02:00,92.8
2022-06-17 02:44:03+02:00,93.0
2022-06-17 02:45:03+02:00,92.6
2022-06-17 02:46:03+02:00,50.0
2022-06-17 02:47:03+02:00,50.0
2022-06-17 02:48:03+02:00,50.0
2022-06-17 02:49:04+02:00,50.0
2022-06-17 02:50:04+02:00,90.6
2022-06-17 02:51:04+02:00,90.3
2022-06-17 02:52:04+02:00,90.2
2022-06-17 02:53:04+02:00,50.0
2022-06-17 02:54:04+02:00,50.0
2022-06-17 02:55:04+02:00,90.6
2022-06-17 02:56:04+02:00,50.0
2022-06-17 02:57:05+02:00,50.0
2022-06-17 02:58:05+02:00,91.7
2022-06-17 02:59:05+02:00,92.0
2022-06-17 03:00:05+02:00,92.0
2022-06-17 03:01:05+02:00,50.0
2022-06-17 03:02:05+02:00,50.0
2022-06-17 03:03:05+02:00,93.0
2022-06-17 03:04:05+02:00,50.0
2022-06-17 03:05:05+02:00,92.3
2022-06-17 03:06:06+02:00,50.0
2022-06-17 03:07:06+02:00,50.0
2022-06-17 03:08:06+02:00,50.0
2022-06-17 03:09:06+02:00,89.6
2022-06-17 03:10:06+02:00,88.7
2022-06-17 03:11:06+02:00,50.0
2022-06-17 03:12:06+02:00,88.8
2022-06-17 03:13:07+02:00,88.1
2022-06-17 03:14:07+02:00,87.4
2022-06-17 03:15:07+02:00,86.9
2022-06-17 03:16:07+02:00,86.6
2022-06-17 03:17:07+02:00,86.4
2022-06-17 03:18:07+02:00,86.2
2022-06-17 03:19:08+02:00,86.1
2022-06-17 03:20:08+02:00,86.0
2022-06-17 03:21:08+02:00,86.0
2022-06-17 03:22:08+02:00,86.4
2022-06-17 03:23:08+02:00,87.2
2022-06-17 03:24:08+02:00,87.7
2022-06-17 03:25:08+02:00,87.8
2022-06-17 03:26:09+02:00,50.0
2022-06-17 03:27:09+02:00,88.5
2022-06-17 03:28:09+02:00,88.9
2022-06-17 03:29:09+02:00,50.0
2022-06-17 03:30:09+02:00,91.7
2022-06-17 03:31:09+02:00,93.2
2022-06-17 03:32:09+02:00,93.5
2022-06-17 03:33:10+02:00,50.0
2022-06-17 03:34:10+02:00,93.5
2022-06-17 03:35:10+02:00,93.3
2022-06-17 03:36:10+02:00,92.9
2022-06-17 03:37:10+02:00,92.9
2022-06-17 03:38:10+02:00,93.0
2022-06-17 03:39:10+02:00,93.0
2022-06-17 03:40:10+02:00,92.9
2022-06-17 03:41:10+02:00,91.8
2022-06-17 03:42:10+02:00,90.9
2022-06-17 03:43:11+02:00,50.0
2022-06-17 03:44:11+02:00,50.0
2022-06-17 03:45:11+02:00,50.0
2022-06-17 03:46:11+02:00,90.1
2022-06-17 03:47:11+02:00,90.8
2022-06-17 03:48:11+02:00,91.5
2022-06-17 03:49:11+02:00,92.6
2022-06-17 03:50:11+02:00,93.5
2022-06-17 03:51:11+02:00,94.1
2022-06-17 03:52:11+02:00,94.8
2022-06-17 03:53:11+02:00,95.2
2022-06-17 03:54:12+02:00,94.9
2022-06-17 03:55:12+02:00,94.2
2022-06-17 03:56:12+02:00,94.2
2022-06-17 03:57:12+02:00,94.1
2022-06-17 03:58:12+02:00,93.8
2022-06-17 03:59:12+02:00,93.2
2022-06-17 04:00:12+02:00,93.0
2022-06-17 04:01:12+02:00,50.0
2022-06-17 04:02:13+02:00,92.9
2022-06-17 04:03:13+02:00,93.3
2022-06-17 04:04:13+02:00,93.4
2022-06-17 04:05:13+02:00,50.0
2022-06-17 04:06:13+02:00,93.4
2022-06-17 04:07:13+02:00,92.7
2022-06-17 04:08:13+02:00,50.0
2022-06-17 04:09:13+02:00,92.9
2022-06-17 04:10:13+02:00,92.2
2022-06-17 04:11:14+02:00,91.3
2022-06-17 04:12:14+02:00,90.7
2022-06-17 04:13:14+02:00,90.4
2022-06-17 04:14:14+02:00,90.0
2022-06-17 04:15:14+02:00,89.8
2022-06-17 04:16:14+02:00,50.0
2022-06-17 04:17:14+02:00,89.7
2022-06-17 04:18:14+02:00,89.8
2022-06-17 04:19:14+02:00,89.7
2022-06-17 04:20:15+02:00,89.2
2022-06-17 04:21:15+02:00,88.9
2022-06-17 04:22:15+02:00,89.2
2022-06-17 04:23:15+02:00,88.9
2022-06-17 04:24:15+02:00,88.9
2022-06-17 04:25:15+02:00,89.1
2022-06-17 04:26:15+02:00,89.3
2022-06-17 04:27:15+02:00,89.5
2022-06-17 04:28:15+02:00,89.7
2022-06-17 04:29:15+02:00,89.5
2022-06-17 04:30:15+02:00,89.2
2022-06-17 04:31:16+02:00,88.9
2022-06-17 04:32:16+02:00,88.6
2022-06-17 04:33:16+02:00,50.0
2022-06-17 04:34:16+02:00,87.6
2022-06-17 04:35:16+02:00,87.8
2022-06-17 04:36:16+02:00,92.7
2022-06-17 04:37:16+02:00,95.6
2022-06-17 04:38:17+02:00,96.7
2022-06-17 04:39:17+02:00,97.2
2022-06-17 04:40:17+02:00,97.2
2022-06-17 04:41:17+02:00,97.1
2022-06-17 04:42:17+02:00,96.8
2022-06-17 04:43:17+02:00,96.4
2022-06-17 04:44:17+02:00,96.7
2022-06-17 04:45:18+02:00,96.2
2022-06-17 04:46:18+02:00,96.5
2022-06-17 04:47:18+02:00,96.2
2022-06-17 04:48:18+02:00,96.0
2022-06-17 04:49:18+02:00,95.9
2022-06-17 04:50:18+02:00,96.3
2022-06-17 04:51:18+02:00,96.2
2022-06-17 04:52:19+02:00,96.1
2022-06-17 04:53:19+02:00,96.5
2022-06-17 04:54:19+02:00,96.4
2022-06-17 04:55:19+02:00,96.9
2022-06-17 04:56:19+02:00,97.3
2022-06-17 04:57:19+02:00,97.7
2022-06-17 04:58:20+02:00,98.0
2022-06-17 04:59:20+02:00,96.8
2022-06-17 05:00:20+02:00,96.0
2022-06-17 05:01:20+02:00,96.5
2022-06-17 05:02:20+02:00,50.0
2022-06-17 05:03:20+02:00,94.1
2022-06-17 05:04:20+02:00,92.3
2022-06-17 05:05:21+02:00,91.0
2022-06-17 05:06:21+02:00,89.9
2022-06-17 05:07:21+02:00,89.4
2022-06-17 05:08:21+02:00,89.1
2022-06-17 05:09:21+02:00,50.0
2022-06-17 05:10:21+02:00,87.8
2022-06-17 05:11:22+02:00,87.5
2022-06-17 05:12:22+02:00,87.3
2022-06-17 05:13:22+02:00,85.6
2022-06-17 05:14:22+02:00,50.0
2022-06-17 05:15:22+02:00,86.7
2022-06-17 05:16:22+02:00,88.0
2022-06-17 05:17:22+02:00,89.5
2022-06-17 05:18:23+02:00,90.2
2022-06-17 05:19:23+02:00,90.7
2022-06-17 05:20:23+02:00,91.3
2022-06-17 05:21:23+02:00,91.5
2022-06-17 05:22:23+02:00,91.5
2022-06-17 05:23:23+02:00,91.4
2022-06-17 05:24:24+02:00,91.2
2022-06-17 05:25:24+02:00,91.3
2022-06-17 05:26:24+02:00,91.3
2022-06-17 05:27:24+02:00,91.8
2022-06-17 05:28:24+02:00,91.7
2022-06-17 05:29:24+02:00,91.6
2022-06-17 05:30:24+02:00,91.4
2022-06-17 05:31:25+02:00,91.6
2022-06-17 05:32:25+02:00,91.5
2022-06-17 05:33:25+02:00,91.2
2022-06-17 05:34:25+02:00,91.4
2022-06-17 05:35:25+02:00,91.2
2022-06-17 05:36:25+02:00,91.2
2022-06-17 05:37:25+02:00,91.1
2022-06-17 05:38:26+02:00,91.1
2022-06-17 05:39:26+02:00,91.1
2022-06-17 05:40:26+02:00,91.0
2022-06-17 05:41:26+02:00,91.0
2022-06-17 05:42:26+02:00,91.3
2022-06-17 05:43:26+02:00,91.5
2022-06-17 05:44:27+02:00,91.6
2022-06-17 05:45:27+02:00,91.8
2022-06-17 05:46:27+02:00,91.8
2022-06-17 05:47:27+02:00,91.8
2022-06-17 05:48:27+02:00,91.8
2022-06-17 05:49:27+02:00,91.7
2022-06-17 05:50:28+02:00,91.7
2022-06-17 05:51:28+02:00,91.7
2022-06-17 05:52:28+02:00,91.6
2022-06-17 05:53:28+02:00,91.6
2022-06-17 05:54:28+02:00,91.8
2022-06-17 05:55:28+02:00,91.8
2022-06-17 05:56:28+02:00,91.8
2022-06-17 05:57:29+02:00,91.8
2022-06-17 05:58:29+02:00,91.8
2022-06-17 05:59:29+02:00,91.8
2022-06-17 06:00:29+02:00,91.8
2022-06-17 06:01:29+02:00,91.7
2022-06-17 06:02:29+02:00,91.9
2022-06-17 06:03:29+02:00,92.0
2022-06-17 06:04:30+02:00,91.9
2022-06-17 06:05:30+02:00,92.0
2022-06-17 06:06:30+02:00,92.1
2022-06-17 06:07:30+02:00,92.1
2022-06-17 06:08:30+02:00,92.0
2022-06-17 06:09:30+02:00,92.0
2022-06-17 06:10:30+02:00,92.1
2022-06-17 06:11:31+02:00,50.0
2022-06-17 06:12:31+02:00,91.6
2022-06-17 06:13:31+02:00,90.8
2022-06-17 06:14:31+02:00,50.0
2022-06-17 06:15:31+02:00,90.7
2022-06-17 06:16:31+02:00,90.5
2022-06-17 06:17:32+02:00,90.0
2022-06-17 06:18:32+02:00,90.0
2022-06-17 06:19:32+02:00,89.7
2022-06-17 06:20:32+02:00,89.0
2022-06-17 06:21:32+02:00,89.2
2022-06-17 06:22:32+02:00,89.2
2022-06-17 06:23:32+02:00,88.9
2022-06-17 06:24:33+02:00,89.6
2022-06-17 06:25:33+02:00,89.4
2022-06-17 06:26:33+02:00,89.2
2022-06-17 06:27:33+02:00,89.0
2022-06-17 06:28:33+02:00,88.8
2022-06-17 06:29:33+02:00,88.5
2022-06-17 06:30:33+02:00,88.1
2022-06-17 06:31:34+02:00,50.0
2022-06-17 06:32:34+02:00,89.1
2022-06-17 06:33:34+02:00,89.5
2022-06-17 06:34:34+02:00,89.6
2022-06-17 06:35:34+02:00,89.2
2022-06-17 06:36:34+02:00,89.2
2022-06-17 06:37:34+02:00,50.0
2022-06-17 06:38:34+02:00,88.9
2022-06-17 06:39:35+02:00,89.9
2022-06-17 06:40:35+02:00,90.0
2022-06-17 06:41:35+02:00,50.0
2022-06-17 06:42:35+02:00,90.4
2022-06-17 06:43:35+02:00,91.2
2022-06-17 06:44:35+02:00,50.0
2022-06-17 06:45:36+02:00,50.0
2022-06-17 06:46:36+02:00,90.8
2022-06-17 06:47:36+02:00,90.9
2022-06-17 06:48:36+02:00,91.5
2022-06-17 06:49:36+02:00,92.0
2022-06-17 06:50:36+02:00,50.0
2022-06-17 06:51:36+02:00,50.0
2022-06-17 06:52:37+02:00,50.0
2022-06-17 06:53:37+02:00,50.0
2022-06-17 06:54:37+02:00,50.0
2022-06-17 06:55:37+02:00,50.0
2022-06-17 06:56:37+02:00,50.0
2022-06-17 06:57:37+02:00,93.4
2022-06-17 06:58:37+02:00,93.3
2022-06-17 06:59:38+02:00,50.0
2022-06-17 07:00:38+02:00,93.7
2022-06-17 07:01:38+02:00,90.7
2022-06-17 07:02:38+02:00,50.0
2022-06-17 07:03:38+02:00,50.0
2022-06-17 07:04:38+02:00,50.0
2022-06-17 07:05:39+02:00,50.0
2022-06-17 07:06:39+02:00,50.0
2022-06-17 07:07:39+02:00,50.0
2022-06-17 07:08:39+02:00,50.0
2022-06-17 07:09:39+02:00,50.0
2022-06-17 07:10:39+02:00,50.0
2022-06-17 07:11:39+02:00,50.0
2022-06-17 07:12:39+02:00,50.0
2022-06-17 07:13:40+02:00,50.0
2022-06-17 07:14:40+02:00,50.0
2022-06-17 07:15:40+02:00,50.0
2022-06-17 07:16:40+02:00,50.0
2022-06-17 07:17:40+02:00,50.0
2022-06-17 07:18:40+02:00,50.0
2022-06-17 07:19:40+02:00,50.0
2022-06-17 07:20:41+02:00,50.0
2022-06-17 07:21:41+02:00,50.0
2022-06-17 07:22:41+02:00,50.0
2022-06-17 07:23:41+02:00,50.0
2022-06-17 07:24:41+02:00,50.0
2022-06-17 07:25:41+02:00,50.0
2022-06-17 07:26:41+02:00,50.0
2022-06-17 07:27:42+02:00,50.0
2022-06-17 07:28:42+02:00,50.0
2022-06-17 07:29:42+02:00,50.0
2022-06-17 07:30:42+02:00,50.0
2022-06-17 07:31:42+02:00,50.0
2022-06-17 07:32:42+02:00,50.0
2022-06-17 07:33:43+02:00,50.0
2022-06-17 07:34:43+02:00,50.0
2022-06-17 07:35:43+02:00,50.0
2022-06-17 07:36:43+02:00,50.0
2022-06-17 07:37:43+02:00,50.0
2022-06-17 07:38:43+02:00,50.0
2022-06-17 07:39:43+02:00,50.0
2022-06-17 07:40:44+02:00,50.0
2022-06-17 07:41:44+02:00,50.0
2022-06-17 07:42:44+02:00,50.0
2022-06-17 07:43:44+02:00,50.0
2022-06-17 07:44:44+02:00,50.0
2022-06-17 07:45:44+02:00,50.0
2022-06-17 07:46:45+02:00,50.0
2022-06-17 07:47:45+02:00,50.0
2022-06-17 07:48:45+02:00,50.0
2022-06-17 07:49:45+02:00,50.0
2022-06-17 07:50:45+02:00,50.0
2022-06-17 07:51:45+02:00,50.0
2022-06-17 07:52:45+02:00,50.0
2022-06-17 07:53:46+02:00,50.0
2022-06-17 07:54:46+02:00,50.0
2022-06-17 07:55:46+02:00,50.0
2022-06-17 07:56:46+02:00,50.0
2022-06-17 07:57:46+02:00,50.0
2022-06-17 07:58:46+02:00,50.0
2022-06-17 07:59:46+02:00,50.0
2022-06-17 08:00:46+02:00,50.0
2022-06-17 08:01:47+02:00,50.0
2022-06-17 08:02:47+02:00,50.0
2022-06-17 08:03:47+02:00,50.0
2022-06-17 08:04:47+02:00,50.0
2022-06-17 08:05:47+02:00,50.0
2022-06-18 02:52:00+02:00,50.0
2022-06-18 02:53:00+02:00,50.0
2022-06-18 02:54:00+02:00,50.0
2022-06-18 02:55:00+02:00,50.0
2022-06-18 02:56:00+02:00,50.0
2022-06-18 02:57:00+02:00,50.0
2022-06-18 02:58:00+02:00,50.0
2022-06-18 02:59:00+02:00,87.5
2022-06-18 03:00:00+02:00,50.0
2022-06-18 03:01:00+02:00,50.0
2022-06-18 03:02:00+02:00,89.1
2022-06-18 03:03:00+02:00,90.5
2022-06-18 03:04:01+02:00,88.9
2022-06-18 03:05:01+02:00,50.0
2022-06-18 03:06:01+02:00,50.0
2022-06-18 03:07:01+02:00,50.0
2022-06-18 03:08:01+02:00,50.0
2022-06-18 03:09:01+02:00,50.0
2022-06-18 03:10:01+02:00,50.0
2022-06-18 03:11:01+02:00,50.0
2022-06-18 03:12:02+02:00,91.1
2022-06-18 03:13:02+02:00,50.0
2022-06-18 03:14:02+02:00,92.5
2022-06-18 03:15:02+02:00,91.9
2022-06-18 03:16:02+02:00,91.3
2022-06-18 03:17:02+02:00,91.2
2022-06-18 03:18:02+02:00,91.3
2022-06-18 03:19:03+02:00,91.5
2022-06-18 03:20:03+02:00,91.7
2022-06-18 03:21:03+02:00,91.9
2022-06-18 03:22:03+02:00,50.0
2022-06-18 03:23:03+02:00,50.0
2022-06-18 03:24:03+02:00,91.9
2022-06-18 03:25:03+02:00,91.5
2022-06-18 03:26:03+02:00,91.3
2022-06-18 03:27:04+02:00,91.0
2022-06-18 03:28:04+02:00,90.9
2022-06-18 03:29:04+02:00,91.0
2022-06-18 03:30:04+02:00,90.9
2022-06-18 03:31:04+02:00,90.9
2022-06-18 03:32:04+02:00,91.1
2022-06-18 03:33:05+02:00,91.1
2022-06-18 03:34:05+02:00,50.0
2022-06-18 03:35:05+02:00,90.5
2022-06-18 03:36:05+02:00,89.0
2022-06-18 03:37:05+02:00,90.2
2022-06-18 03:38:05+02:00,90.9
2022-06-18 03:39:05+02:00,89.9
2022-06-18 03:40:06+02:00,88.9
2022-06-18 03:41:06+02:00,87.6
2022-06-18 03:42:06+02:00,86.9
2022-06-18 03:43:06+02:00,86.9
2022-06-18 03:44:06+02:00,50.0
2022-06-18 03:45:06+02:00,50.0
2022-06-18 03:46:06+02:00,85.9
2022-06-18 03:47:07+02:00,50.0
2022-06-18 03:48:07+02:00,85.8
2022-06-18 03:49:07+02:00,88.0
2022-06-18 03:50:07+02:00,89.5
2022-06-18 03:51:07+02:00,90.7
2022-06-18 03:52:07+02:00,91.6
2022-06-18 03:53:07+02:00,92.7
2022-06-18 03:54:08+02:00,93.9
2022-06-18 03:55:08+02:00,50.0
2022-06-18 03:56:08+02:00,93.9
2022-06-18 03:57:08+02:00,93.5
2022-06-18 03:58:08+02:00,50.0
2022-06-18 03:59:08+02:00,93.2
2022-06-18 04:00:09+02:00,93.2
2022-06-18 04:01:09+02:00,50.0
2022-06-18 04:02:09+02:00,50.0
2022-06-18 04:03:09+02:00,50.0
2022-06-18 04:04:09+02:00,50.0
2022-06-18 04:05:09+02:00,92.5
2022-06-18 04:06:09+02:00,91.8
2022-06-18 04:07:10+02:00,91.5
2022-06-18 04:08:10+02:00,89.9
2022-06-18 04:09:10+02:00,88.9
2022-06-18 04:10:10+02:00,88.0
2022-06-18 04:11:10+02:00,87.8
2022-06-18 04:12:10+02:00,87.7
2022-06-18 04:13:10+02:00,87.6
2022-06-18 04:14:10+02:00,87.5
2022-06-18 04:15:10+02:00,50.0
2022-06-18 04:16:10+02:00,90.5
2022-06-18 04:17:11+02:00,50.0
2022-06-18 04:18:11+02:00,91.1
2022-06-18 04:19:11+02:00,50.0
2022-06-18 04:20:11+02:00,91.8
2022-06-18 04:21:11+02:00,50.0
2022-06-18 04:22:11+02:00,91.1
2022-06-18 04:23:11+02:00,91.9
2022-06-18 04:24:12+02:00,92.0
2022-06-18 04:25:12+02:00,91.2
2022-06-18 04:26:12+02:00,92.0
2022-06-18 04:27:12+02:00,91.2
2022-06-18 04:28:12+02:00,92.3
2022-06-18 04:29:12+02:00,91.4
2022-06-18 04:30:12+02:00,50.0
2022-06-18 04:31:12+02:00,91.3
2022-06-18 04:32:12+02:00,92.2
2022-06-18 04:33:13+02:00,92.6
2022-06-18 04:34:13+02:00,93.6
2022-06-18 04:35:13+02:00,94.2
2022-06-18 04:36:13+02:00,94.7
2022-06-18 04:37:13+02:00,94.9
2022-06-18 04:38:13+02:00,95.2
2022-06-18 04:39:13+02:00,95.1
2022-06-18 04:40:13+02:00,95.6
2022-06-18 04:41:14+02:00,95.8
2022-06-18 04:42:14+02:00,95.7
2022-06-18 04:43:14+02:00,94.9
2022-06-18 04:44:14+02:00,95.2
2022-06-18 04:45:14+02:00,94.7
2022-06-18 04:46:14+02:00,94.9
2022-06-18 04:47:14+02:00,94.7
2022-06-18 04:48:14+02:00,94.6
2022-06-18 04:49:14+02:00,94.5
2022-06-18 04:50:14+02:00,94.0
2022-06-18 04:51:15+02:00,93.6
2022-06-18 04:52:15+02:00,94.2
2022-06-18 04:53:15+02:00,94.5
2022-06-18 04:54:15+02:00,94.7
2022-06-18 04:55:15+02:00,94.8
2022-06-18 04:56:15+02:00,94.5
2022-06-18 04:57:15+02:00,94.5
2022-06-18 04:58:15+02:00,94.4
2022-06-18 04:59:15+02:00,93.9
2022-06-18 05:00:16+02:00,93.5
2022-06-18 05:01:16+02:00,92.8
2022-06-18 05:02:16+02:00,92.6
2022-06-18 05:03:16+02:00,92.8
2022-06-18 05:04:16+02:00,93.2
2022-06-18 05:05:16+02:00,93.7
2022-06-18 05:06:16+02:00,93.7
2022-06-18 05:07:17+02:00,93.3
2022-06-18 05:08:17+02:00,93.3
2022-06-18 05:09:17+02:00,93.5
2022-06-18 05:10:17+02:00,93.7
2022-06-18 05:11:17+02:00,93.9
2022-06-18 05:12:17+02:00,93.6
2022-06-18 05:13:17+02:00,93.6
2022-06-18 05:14:18+02:00,93.0
2022-06-18 05:15:18+02:00,92.7
2022-06-18 05:16:18+02:00,92.7
2022-06-18 05:17:18+02:00,92.7
2022-06-18 05:18:18+02:00,93.0
2022-06-18 05:19:18+02:00,93.0
2022-06-18 05:20:19+02:00,92.9
2022-06-18 05:21:19+02:00,92.5
2022-06-18 05:22:19+02:00,91.7
2022-06-18 05:23:19+02:00,91.4
2022-06-18 05:24:19+02:00,92.0
2022-06-18 05:25:19+02:00,93.3
2022-06-18 05:26:19+02:00,93.2
2022-06-18 05:27:20+02:00,93.3
2022-06-18 05:28:20+02:00,92.7
2022-06-18 05:29:20+02:00,92.6
2022-06-18 05:30:20+02:00,92.5
2022-06-18 05:31:20+02:00,92.7
2022-06-18 05:32:20+02:00,92.9
2022-06-18 05:33:21+02:00,93.3
2022-06-18 05:34:21+02:00,93.3
2022-06-18 05:35:21+02:00,93.2
2022-06-18 05:36:21+02:00,93.0
2022-06-18 05:37:21+02:00,92.8
2022-06-18 05:38:21+02:00,93.1
2022-06-18 05:39:21+02:00,93.4
2022-06-18 05:40:22+02:00,93.3
2022-06-18 05:41:22+02:00,93.4
2022-06-18 05:42:22+02:00,93.3
2022-06-18 05:43:22+02:00,93.4
2022-06-18 05:44:22+02:00,93.3
2022-06-18 05:45:22+02:00,93.4
2022-06-18 05:46:22+02:00,93.4
2022-06-18 05:47:23+02:00,93.4
2022-06-18 05:48:23+02:00,93.7
2022-06-18 05:49:23+02:00,93.5
2022-06-18 05:50:23+02:00,92.6
2022-06-18 05:51:23+02:00,91.9
2022-06-18 05:52:23+02:00,91.1
2022-06-18 05:53:23+02:00,90.7
2022-06-18 05:54:24+02:00,50.0
2022-06-18 05:55:24+02:00,90.9
2022-06-18 05:56:24+02:00,91.6
2022-06-18 05:57:24+02:00,92.0
2022-06-18 05:58:24+02:00,92.6
2022-06-18 05:59:24+02:00,92.8
2022-06-18 06:00:25+02:00,93.0
2022-06-18 06:01:25+02:00,93.3
2022-06-18 06:02:25+02:00,93.4
2022-06-18 06:03:25+02:00,93.6
2022-06-18 06:04:25+02:00,93.6
2022-06-18 06:05:25+02:00,93.7
2022-06-18 06:06:25+02:00,93.8
2022-06-18 06:07:26+02:00,93.8
2022-06-18 06:08:26+02:00,93.8
2022-06-18 06:09:26+02:00,93.9
2022-06-18 06:10:26+02:00,94.0
2022-06-18 06:11:26+02:00,94.0
2022-06-18 06:12:26+02:00,93.9
2022-06-18 06:13:27+02:00,94.0
2022-06-18 06:14:27+02:00,93.9
2022-06-18 06:15:27+02:00,94.0
2022-06-18 06:16:27+02:00,94.0
2022-06-18 06:17:27+02:00,93.8
2022-06-18 06:18:27+02:00,93.7
2022-06-18 06:19:28+02:00,93.9
2022-06-18 06:20:28+02:00,93.7
2022-06-18 06:21:28+02:00,94.2
2022-06-18 06:22:28+02:00,94.1
2022-06-18 06:23:28+02:00,94.1
2022-06-18 06:24:28+02:00,94.0
2022-06-18 06:25:28+02:00,94.1
2022-06-18 06:26:29+02:00,94.4
2022-06-18 06:27:29+02:00,94.6
2022-06-18 06:28:29+02:00,94.4
2022-06-18 06:29:29+02:00,94.4
2022-06-18 06:30:29+02:00,94.4
2022-06-18 06:31:29+02:00,94.5
2022-06-18 06:32:29+02:00,94.4
2022-06-18 06:33:30+02:00,94.4
2022-06-18 06:34:30+02:00,94.4
2022-06-18 06:35:30+02:00,94.4
2022-06-18 06:36:30+02:00,94.6
2022-06-18 06:37:30+02:00,94.3
2022-06-18 06:38:30+02:00,94.0
2022-06-18 06:39:31+02:00,93.9
2022-06-18 06:40:31+02:00,94.4
2022-06-18 06:41:31+02:00,93.9
2022-06-18 06:42:31+02:00,93.3
2022-06-18 06:43:31+02:00,93.0
2022-06-18 06:44:31+02:00,93.1
2022-06-18 06:45:31+02:00,93.6
2022-06-18 06:46:32+02:00,93.8
2022-06-18 06:47:32+02:00,93.7
2022-06-18 06:48:32+02:00,93.5
2022-06-18 06:49:32+02:00,93.4
2022-06-18 06:50:32+02:00,93.1
2022-06-18 06:51:32+02:00,93.1
2022-06-18 06:52:32+02:00,93.2
2022-06-18 06:53:33+02:00,93.3
2022-06-18 06:54:33+02:00,93.2
2022-06-18 06:55:33+02:00,93.4
2022-06-18 06:56:33+02:00,93.2
2022-06-18 06:57:33+02:00,93.2
2022-06-18 06:58:33+02:00,93.1
2022-06-18 06:59:34+02:00,93.1
2022-06-18 07:00:34+02:00,93.0
2022-06-18 07:01:34+02:00,93.2
2022-06-18 07:02:34+02:00,93.0
2022-06-18 07:03:34+02:00,93.0
2022-06-18 07:04:34+02:00,92.9
2022-06-18 07:05:34+02:00,92.8
2022-06-18 07:06:35+02:00,92.8
2022-06-18 07:07:35+02:00,92.8
2022-06-18 07:08:35+02:00,92.8
2022-06-18 07:09:35+02:00,92.9
2022-06-18 07:10:35+02:00,92.9
2022-06-18 07:11:35+02:00,93.0
2022-06-18 07:12:36+02:00,93.6
2022-06-18 07:13:36+02:00,93.4
2022-06-18 07:14:36+02:00,93.4
2022-06-18 07:15:36+02:00,93.3
2022-06-18 07:16:36+02:00,93.0
2022-06-18 07:17:36+02:00,92.9
2022-06-18 07:18:36+02:00,92.9
2022-06-18 07:19:37+02:00,92.7
2022-06-18 07:20:37+02:00,92.8
2022-06-18 07:21:37+02:00,92.6
2022-06-18 07:22:37+02:00,92.8
2022-06-18 07:23:37+02:00,92.7
2022-06-18 07:24:37+02:00,92.8
2022-06-18 07:25:37+02:00,93.0
2022-06-18 07:26:38+02:00,92.8
2022-06-18 07:27:38+02:00,92.9
2022-06-18 07:28:38+02:00,92.7
2022-06-18 07:29:38+02:00,50.0
2022-06-18 07:30:38+02:00,50.0
2022-06-18 07:31:38+02:00,50.0
2022-06-18 07:32:39+02:00,92.8
2022-06-18 07:33:39+02:00,90.5
2022-06-18 07:34:39+02:00,90.1
2022-06-18 07:35:39+02:00,50.0
2022-06-18 07:36:39+02:00,90.0
2022-06-18 07:37:39+02:00,90.6
2022-06-18 07:38:39+02:00,90.8
2022-06-18 07:39:40+02:00,91.0
2022-06-18 07:40:40+02:00,91.7
2022-06-18 07:41:40+02:00,91.9
2022-06-18 07:42:40+02:00,92.0
2022-06-18 07:43:40+02:00,92.4
2022-06-18 07:44:40+02:00,92.8
2022-06-18 07:45:41+02:00,93.0
2022-06-18 07:46:41+02:00,93.4
2022-06-18 07:47:41+02:00,93.7
2022-06-18 07:48:41+02:00,93.6
2022-06-18 07:49:41+02:00,93.5
2022-06-18 07:50:41+02:00,93.4
2022-06-18 07:51:41+02:00,93.4
2022-06-18 07:52:42+02:00,93.2
2022-06-18 07:53:42+02:00,92.9
2022-06-18 07:54:42+02:00,92.9
2022-06-18 07:55:42+02:00,93.1
2022-06-18 07:56:42+02:00,93.2
2022-06-18 07:57:42+02:00,93.2
2022-06-18 07:58:42+02:00,93.1
2022-06-18 07:59:43+02:00,93.0
2022-06-18 08:00:43+02:00,92.6
2022-06-18 08:01:43+02:00,50.0
2022-06-18 08:02:43+02:00,50.0
2022-06-18 08:03:43+02:00,50.0
2022-06-18 08:04:43+02:00,92.6
2022-06-18 08:05:43+02:00,92.2
2022-06-18 08:06:44+02:00,93.0
2022-06-18 08:07:44+02:00,93.8
2022-06-18 08:08:44+02:00,94.2
2022-06-18 08:09:44+02:00,95.7
2022-06-18 08:10:44+02:00,96.6
2022-06-18 08:11:44+02:00,96.7
2022-06-18 08:12:45+02:00,96.3
2022-06-18 08:13:45+02:00,96.4
2022-06-18 08:14:45+02:00,50.0
2022-06-18 08:15:45+02:00,50.0
2022-06-18 08:16:45+02:00,50.0
2022-06-18 08:17:45+02:00,50.0
2022-06-18 08:18:45+02:00,50.0
2022-06-18 08:19:46+02:00,50.0
2022-06-18 08:20:46+02:00,50.0
2022-06-18 08:21:46+02:00,50.0
2022-06-18 08:22:46+02:00,50.0
2022-06-18 08:23:46+02:00,50.0
2022-06-18 08:24:46+02:00,50.0
2022-06-18 08:25:47+02:00,50.0
2022-06-18 08:26:47+02:00,50.0
2022-06-18 08:27:47+02:00,50.0
2022-06-18 08:28:47+02:00,50.0
2022-06-18 08:29:47+02:00,50.0
2022-06-18 08:30:47+02:00,50.0
2022-06-18 08:31:47+02:00,50.0
2022-06-18 08:32:47+02:00,50.0
2022-06-18 08:33:48+02:00,50.0
2022-06-18 08:34:48+02:00,50.0
2022-06-18 08:35:48+02:00,50.0
2022-06-18 08:36:48+02:00,50.0
2022-06-18 08:37:48+02:00,50.0
2022-06-18 08:38:48+02:00,50.0
2022-06-18 08:39:48+02:00,50.0
2022-06-18 08:40:49+02:00,50.0
2022-06-18 08:41:49+02:00,50.0
2022-06-18 08:42:49+02:00,50.0
2022-06-18 08:43:49+02:00,50.0
2022-06-18 08:44:49+02:00,50.0
2022-06-18 08:45:49+02:00,50.0
2022-06-18 08:46:50+02:00,50.0
2022-06-18 08:47:50+02:00,50.0
2022-06-18 08:48:50+02:00,50.0
2022-06-18 08:49:50+02:00,50.0
2022-06-18 08:50:50+02:00,50.0
2022-06-19 03:23:00+02:00,50.0
2022-06-19 03:24:00+02:00,91.4
2022-06-19 03:25:00+02:00,50.0
2022-06-19 03:26:00+02:00,92.5
2022-06-19 03:27:00+02:00,93.9
2022-06-19 03:28:00+02:00,50.0
2022-06-19 03:29:00+02:00,94.2
2022-06-19 03:30:00+02:00,93.3
2022-06-19 03:31:00+02:00,92.6
2022-06-19 03:32:00+02:00,91.8
2022-06-19 03:33:00+02:00,90.7
2022-06-19 03:34:00+02:00,90.6
2022-06-19 03:35:01+02:00,90.7
2022-06-19 03:36:01+02:00,89.9
2022-06-19 03:37:01+02:00,89.9
2022-06-19 03:38:01+02:00,90.1
2022-06-19 03:39:01+02:00,90.1
2022-06-19 03:40:01+02:00,89.9
2022-06-19 03:41:01+02:00,90.5
2022-06-19 03:42:01+02:00,90.9
2022-06-19 03:43:02+02:00,91.0
2022-06-19 03:44:02+02:00,90.8
2022-06-19 03:45:02+02:00,90.4
2022-06-19 03:46:02+02:00,90.3
2022-06-19 03:47:02+02:00,91.0
2022-06-19 03:48:02+02:00,50.0
2022-06-19 03:49:02+02:00,91.0
2022-06-19 03:50:02+02:00,90.0
2022-06-19 03:51:03+02:00,89.8
2022-06-19 03:52:03+02:00,88.8
2022-06-19 03:53:03+02:00,50.0
2022-06-19 03:54:03+02:00,89.3
2022-06-19 03:55:03+02:00,90.0
2022-06-19 03:56:03+02:00,90.9
2022-06-19 03:57:03+02:00,92.8
2022-06-19 03:58:03+02:00,93.7
2022-06-19 03:59:04+02:00,94.3
2022-06-19 04:00:04+02:00,94.1
2022-06-19 04:01:04+02:00,93.5
2022-06-19 04:02:04+02:00,90.5
2022-06-19 04:03:04+02:00,50.0
2022-06-19 04:04:04+02:00,88.3
2022-06-19 04:05:04+02:00,88.8
2022-06-19 04:06:05+02:00,89.1
2022-06-19 04:07:05+02:00,50.0
2022-06-19 04:08:05+02:00,50.0
2022-06-19 04:09:05+02:00,50.0
2022-06-19 04:10:05+02:00,88.7
2022-06-19 04:11:05+02:00,88.7
2022-06-19 04:12:05+02:00,89.4
2022-06-19 04:13:06+02:00,89.4
2022-06-19 04:14:06+02:00,90.4
2022-06-19 04:15:06+02:00,92.0
2022-06-19 04:16:06+02:00,91.1
2022-06-19 04:17:06+02:00,88.6
2022-06-19 04:18:06+02:00,86.8
2022-06-19 04:19:06+02:00,85.9
2022-06-19 04:20:07+02:00,84.9
2022-06-19 04:21:07+02:00,84.4
2022-06-19 04:22:07+02:00,84.4
2022-06-19 04:23:07+02:00,84.2
2022-06-19 04:24:07+02:00,84.0
2022-06-19 04:25:07+02:00,84.0
2022-06-19 04:26:07+02:00,84.5
2022-06-19 04:27:08+02:00,50.0
2022-06-19 04:28:08+02:00,87.4
2022-06-19 04:29:08+02:00,89.5
2022-06-19 04:30:08+02:00,90.5
2022-06-19 04:31:08+02:00,92.0
2022-06-19 04:32:08+02:00,92.6
2022-06-19 04:33:09+02:00,93.1
2022-06-19 04:34:09+02:00,93.3
2022-06-19 04:35:09+02:00,50.0
2022-06-19 04:36:09+02:00,94.1
2022-06-19 04:37:09+02:00,94.3
2022-06-19 04:38:09+02:00,94.4
2022-06-19 04:39:09+02:00,50.0
2022-06-19 04:40:10+02:00,94.4
2022-06-19 04:41:10+02:00,94.3
2022-06-19 04:42:10+02:00,93.9
2022-06-19 04:43:10+02:00,94.3
2022-06-19 04:44:10+02:00,94.0
2022-06-19 04:45:10+02:00,50.0
2022-06-19 04:46:10+02:00,50.0
2022-06-19 04:47:10+02:00,93.3
2022-06-19 04:48:10+02:00,93.2
2022-06-19 04:49:10+02:00,93.1
2022-06-19 04:50:10+02:00,92.9
2022-06-19 04:51:11+02:00,92.9
2022-06-19 04:52:11+02:00,93.0
2022-06-19 04:53:11+02:00,92.6
2022-06-19 04:54:11+02:00,92.4
2022-06-19 04:55:11+02:00,92.1
2022-06-19 04:56:11+02:00,92.1
2022-06-19 04:57:11+02:00,92.2
2022-06-19 04:58:11+02:00,92.3
2022-06-19 04:59:11+02:00,92.6
2022-06-19 05:00:11+02:00,92.7
2022-06-19 05:01:11+02:00,93.2
2022-06-19 05:02:11+02:00,93.3
2022-06-19 05:03:12+02:00,93.1
2022-06-19 05:04:12+02:00,93.6
2022-06-19 05:05:12+02:00,93.6
2022-06-19 05:06:12+02:00,93.6
2022-06-19 05:07:12+02:00,93.5
2022-06-19 05:08:12+02:00,93.2
2022-06-19 05:09:12+02:00,92.7
2022-06-19 05:10:12+02:00,92.3
2022-06-19 05:11:12+02:00,92.2
2022-06-19 05:12:12+02:00,92.2
2022-06-19 05:13:12+02:00,91.8
2022-06-19 05:14:12+02:00,91.7
2022-06-19 05:15:13+02:00,91.3
2022-06-19 05:16:13+02:00,91.5
2022-06-19 05:17:13+02:00,91.8
2022-06-19 05:18:13+02:00,91.9
2022-06-19 05:19:13+02:00,91.8
2022-06-19 05:20:13+02:00,91.5
2022-06-19 05:21:13+02:00,91.4
2022-06-19 05:22:13+02:00,91.7
2022-06-19 05:23:13+02:00,91.8
2022-06-19 05:24:14+02:00,91.1
2022-06-19 05:25:14+02:00,91.3
2022-06-19 05:26:14+02:00,92.1
2022-06-19 05:27:14+02:00,92.3
2022-06-19 05:28:14+02:00,92.4
2022-06-19 05:29:14+02:00,92.5
2022-06-19 05:30:14+02:00,92.2
2022-06-19 05:31:14+02:00,92.3
2022-06-19 05:32:14+02:00,92.0
2022-06-19 05:33:14+02:00,91.4
2022-06-19 05:34:14+02:00,91.7
2022-06-19 05:35:14+02:00,91.9
2022-06-19 05:36:15+02:00,92.0
2022-06-19 05:37:15+02:00,92.1
2022-06-19 05:38:15+02:00,92.3
2022-06-19 05:39:15+02:00,92.5
2022-06-19 05:40:15+02:00,92.6
2022-06-19 05:41:15+02:00,92.6
2022-06-19 05:42:15+02:00,92.5
2022-06-19 05:43:15+02:00,92.3
2022-06-19 05:44:15+02:00,92.5
2022-06-19 05:45:15+02:00,92.4
2022-06-19 05:46:15+02:00,92.5
2022-06-19 05:47:15+02:00,92.9
2022-06-19 05:48:16+02:00,93.1
2022-06-19 05:49:16+02:00,92.8
2022-06-19 05:50:16+02:00,92.7
2022-06-19 05:51:16+02:00,92.5
2022-06-19 05:52:16+02:00,92.8
2022-06-19 05:53:16+02:00,92.6
2022-06-19 05:54:16+02:00,50.0
2022-06-19 05:55:17+02:00,91.1
2022-06-19 05:56:17+02:00,89.4
2022-06-19 05:57:17+02:00,88.7
2022-06-19 05:58:17+02:00,87.8
2022-06-19 05:59:17+02:00,87.3
2022-06-19 06:00:17+02:00,87.7
2022-06-19 06:01:18+02:00,88.6
2022-06-19 06:02:18+02:00,89.2
2022-06-19 06:03:18+02:00,90.0
2022-06-19 06:04:18+02:00,90.1
2022-06-19 06:05:18+02:00,89.8
2022-06-19 06:06:18+02:00,89.6
2022-06-19 06:07:18+02:00,89.1
2022-06-19 06:08:19+02:00,88.7
2022-06-19 06:09:19+02:00,88.9
2022-06-19 06:10:19+02:00,89.5
2022-06-19 06:11:19+02:00,89.4
2022-06-19 06:12:19+02:00,89.4
2022-06-19 06:13:19+02:00,89.9
2022-06-19 06:14:19+02:00,89.8
2022-06-19 06:15:20+02:00,89.4
2022-06-19 06:16:20+02:00,50.0
2022-06-19 06:17:20+02:00,90.8
2022-06-19 06:18:20+02:00,92.7
2022-06-19 06:19:20+02:00,93.4
2022-06-19 06:20:20+02:00,93.5
2022-06-19 06:21:21+02:00,93.3
2022-06-19 06:22:21+02:00,94.3
2022-06-19 06:23:21+02:00,93.8
2022-06-19 06:24:21+02:00,50.0
2022-06-19 06:25:21+02:00,93.9
2022-06-19 06:26:21+02:00,93.0
2022-06-19 06:27:21+02:00,92.5
2022-06-19 06:28:21+02:00,92.2
2022-06-19 06:29:22+02:00,91.9
2022-06-19 06:30:22+02:00,92.0
2022-06-19 06:31:22+02:00,91.9
2022-06-19 06:32:22+02:00,91.9
2022-06-19 06:33:22+02:00,91.8
2022-06-19 06:34:22+02:00,92.0
2022-06-19 06:35:23+02:00,91.9
2022-06-19 06:36:23+02:00,92.0
2022-06-19 06:37:23+02:00,91.9
2022-06-19 06:38:23+02:00,91.8
2022-06-19 06:39:23+02:00,91.8
2022-06-19 06:40:23+02:00,91.7
2022-06-19 06:41:23+02:00,91.6
2022-06-19 06:42:24+02:00,91.6
2022-06-19 06:43:24+02:00,91.6
2022-06-19 06:44:24+02:00,91.5
2022-06-19 06:45:24+02:00,91.5
2022-06-19 06:46:24+02:00,91.6
2022-06-19 06:47:24+02:00,91.5
2022-06-19 06:48:24+02:00,91.4
2022-06-19 06:49:25+02:00,91.3
2022-06-19 06:50:25+02:00,91.3
2022-06-19 06:51:25+02:00,91.2
2022-06-19 06:52:25+02:00,91.1
2022-06-19 06:53:25+02:00,91.1
2022-06-19 06:54:25+02:00,90.9
2022-06-19 06:55:25+02:00,91.0
2022-06-19 06:56:26+02:00,91.0
2022-06-19 06:57:26+02:00,91.1
2022-06-19 06:58:26+02:00,91.0
2022-06-19 06:59:26+02:00,91.1
2022-06-19 07:00:26+02:00,91.1
2022-06-19 07:01:26+02:00,50.0
2022-06-19 07:02:27+02:00,91.0
2022-06-19 07:03:27+02:00,90.9
2022-06-19 07:04:27+02:00,50.0
2022-06-19 07:05:27+02:00,90.9
2022-06-19 07:06:27+02:00,92.3
2022-06-19 07:07:27+02:00,92.2
2022-06-19 07:08:27+02:00,92.6
2022-06-19 07:09:28+02:00,50.0
2022-06-19 07:10:28+02:00,92.1
2022-06-19 07:11:28+02:00,93.2
2022-06-19 07:12:28+02:00,92.2
2022-06-19 07:13:28+02:00,90.5
2022-06-19 07:14:28+02:00,89.4
2022-06-19 07:15:28+02:00,88.7
2022-06-19 07:16:29+02:00,86.6
2022-06-19 07:17:29+02:00,85.2
2022-06-19 07:18:29+02:00,84.4
2022-06-19 07:19:29+02:00,83.5
2022-06-19 07:20:29+02:00,83.5
2022-06-19 07:21:29+02:00,81.8
2022-06-19 07:22:29+02:00,83.0
2022-06-19 07:23:30+02:00,83.8
2022-06-19 07:24:30+02:00,82.6
2022-06-19 07:25:30+02:00,82.7
2022-06-19 07:26:30+02:00,82.6
2022-06-19 07:27:30+02:00,82.7
2022-06-19 07:28:30+02:00,82.5
2022-06-19 07:29:31+02:00,81.8
2022-06-19 07:30:31+02:00,81.9
2022-06-19 07:31:31+02:00,82.8
2022-06-19 07:32:31+02:00,82.3
2022-06-19 07:33:31+02:00,82.6
2022-06-19 07:34:31+02:00,82.9
2022-06-19 07:35:31+02:00,82.9
2022-06-19 07:36:32+02:00,83.0
2022-06-19 07:37:32+02:00,82.0
2022-06-19 07:38:32+02:00,82.7
2022-06-19 07:39:32+02:00,50.0
2022-06-19 07:40:32+02:00,82.8
2022-06-19 07:41:32+02:00,83.5
2022-06-19 07:42:32+02:00,84.0
2022-06-19 07:43:33+02:00,50.0
2022-06-19 07:44:33+02:00,85.6
2022-06-19 07:45:33+02:00,88.2
2022-06-19 07:46:33+02:00,90.3
2022-06-19 07:47:33+02:00,91.8
2022-06-19 07:48:33+02:00,93.1
2022-06-19 07:49:33+02:00,93.8
2022-06-19 07:50:34+02:00,94.3
2022-06-19 07:51:34+02:00,94.5
2022-06-19 07:52:34+02:00,94.5
2022-06-19 07:53:34+02:00,94.9
2022-06-19 07:54:34+02:00,94.8
2022-06-19 07:55:34+02:00,94.9
2022-06-19 07:56:35+02:00,94.9
2022-06-19 07:57:35+02:00,94.9
2022-06-19 07:58:35+02:00,94.9
2022-06-19 07:59:35+02:00,94.7
2022-06-19 08:00:35+02:00,94.8
2022-06-19 08:01:35+02:00,94.7
2022-06-19 08:02:35+02:00,94.3
2022-06-19 08:03:36+02:00,94.1
2022-06-19 08:04:36+02:00,94.2
2022-06-19 08:05:36+02:00,94.0
2022-06-19 08:06:36+02:00,94.0
2022-06-19 08:07:36+02:00,93.8
2022-06-19 08:08:36+02:00,93.8
2022-06-19 08:09:36+02:00,93.7
2022-06-19 08:10:37+02:00,93.6
2022-06-19 08:11:37+02:00,93.4
2022-06-19 08:12:37+02:00,93.3
2022-06-19 08:13:37+02:00,93.5
2022-06-19 08:14:37+02:00,93.3
2022-06-19 08:15:37+02:00,50.0
2022-06-19 08:16:37+02:00,91.6
2022-06-19 08:17:38+02:00,90.1
2022-06-19 08:18:38+02:00,89.4
2022-06-19 08:19:38+02:00,88.7
2022-06-19 08:20:38+02:00,50.0
2022-06-19 08:21:38+02:00,89.5
2022-06-19 08:22:38+02:00,90.1
2022-06-19 08:23:38+02:00,90.5
2022-06-19 08:24:39+02:00,90.7
2022-06-19 08:25:39+02:00,90.8
2022-06-19 08:26:39+02:00,90.8
2022-06-19 08:27:39+02:00,90.8
2022-06-19 08:28:39+02:00,90.9
2022-06-19 08:29:39+02:00,91.1
2022-06-19 08:30:40+02:00,91.1
2022-06-19 08:31:40+02:00,91.1
2022-06-19 08:32:40+02:00,91.0
2022-06-19 08:33:40+02:00,90.9
2022-06-19 08:34:40+02:00,90.9
2022-06-19 08:35:40+02:00,91.0
2022-06-19 08:36:40+02:00,91.0
2022-06-19 08:37:41+02:00,91.0
2022-06-19 08:38:41+02:00,91.0
2022-06-19 08:39:41+02:00,91.0
2022-06-19 08:40:41+02:00,90.9
2022-06-19 08:41:41+02:00,90.9
2022-06-19 08:42:41+02:00,90.7
2022-06-19 08:43:41+02:00,90.8
2022-06-19 08:44:42+02:00,90.7
2022-06-19 08:45:42+02:00,90.6
2022-06-19 08:46:42+02:00,90.9
2022-06-19 08:47:42+02:00,91.0
2022-06-19 08:48:42+02:00,91.0
2022-06-19 08:49:42+02:00,91.0
2022-06-19 08:50:43+02:00,91.0
2022-06-19 08:51:43+02:00,90.8
2022-06-19 08:52:43+02:00,90.8
2022-06-19 08:53:43+02:00,90.6
2022-06-19 08:54:43+02:00,90.6
2022-06-19 08:55:43+02:00,90.5
2022-06-19 08:56:43+02:00,90.4
2022-06-19 08:57:44+02:00,90.2
2022-06-19 08:58:44+02:00,90.3
2022-06-19 08:59:44+02:00,90.5
2022-06-19 09:00:44+02:00,90.7
2022-06-19 09:01:44+02:00,90.6
2022-06-19 09:02:44+02:00,90.6
2022-06-19 09:03:44+02:00,90.5
2022-06-19 09:04:45+02:00,90.4
2022-06-19 09:05:45+02:00,90.4
2022-06-19 09:06:45+02:00,90.4
2022-06-19 09:07:45+02:00,90.3
2022-06-19 09:08:45+02:00,90.5
2022-06-19 09:09:45+02:00,90.8
2022-06-19 09:10:45+02:00,90.6
2022-06-19 09:11:46+02:00,90.8
2022-06-19 09:12:46+02:00,90.6
2022-06-19 09:13:46+02:00,90.9
2022-06-19 09:14:46+02:00,91.0
2022-06-19 09:15:46+02:00,90.9
2022-06-19 09:16:46+02:00,90.9
2022-06-19 09:17:46+02:00,91.0
2022-06-19 09:18:47+02:00,90.7
2022-06-19 09:19:47+02:00,90.6
2022-06-19 09:20:47+02:00,90.9
2022-06-19 09:21:47+02:00,91.1
2022-06-19 09:22:47+02:00,91.1
2022-06-19 09:23:47+02:00,91.3
2022-06-19 09:24:48+02:00,91.3
2022-06-19 09:25:48+02:00,91.1
2022-06-19 09:26:48+02:00,90.6
2022-06-19 09:27:48+02:00,90.6
2022-06-19 09:28:48+02:00,91.8
2022-06-19 09:29:48+02:00,90.9
2022-06-19 09:30:48+02:00,90.6
2022-06-19 09:31:49+02:00,91.1
2022-06-19 09:32:49+02:00,90.9
2022-06-19 09:33:49+02:00,91.7
2022-06-19 09:34:49+02:00,91.7
2022-06-19 09:35:49+02:00,50.0
2022-06-19 09:36:49+02:00,50.0
2022-06-19 09:37:49+02:00,92.4
2022-06-19 09:38:50+02:00,92.2
2022-06-19 09:39:50+02:00,92.3
2022-06-19 09:40:50+02:00,92.4
2022-06-19 09:41:50+02:00,92.4
2022-06-19 09:42:50+02:00,92.5
2022-06-19 09:43:50+02:00,92.6
2022-06-19 09:44:50+02:00,92.5
2022-06-19 09:45:51+02:00,92.6
2022-06-19 09:46:51+02:00,92.6
2022-06-19 09:47:51+02:00,92.6
2022-06-19 09:48:51+02:00,92.6
2022-06-19 09:49:51+02:00,50.0
2022-06-19 09:50:51+02:00,92.3
2022-06-19 09:51:51+02:00,92.5
2022-06-19 09:52:52+02:00,92.0
2022-06-19 09:53:52+02:00,92.4
2022-06-19 09:54:52+02:00,93.0
2022-06-19 09:55:52+02:00,93.5
2022-06-19 09:56:52+02:00,93.4
2022-06-19 09:57:52+02:00,94.3
2022-06-19 09:58:52+02:00,94.4
2022-06-19 09:59:53+02:00,95.1
2022-06-19 10:00:53+02:00,95.2
2022-06-19 10:01:53+02:00,96.1
2022-06-19 10:02:53+02:00,96.5
2022-06-19 10:03:53+02:00,97.3
2022-06-19 10:04:53+02:00,97.7
2022-06-19 10:05:54+02:00,94.9
2022-06-19 10:06:54+02:00,91.9
2022-06-19 10:07:54+02:00,90.6
2022-06-19 10:08:54+02:00,89.0
2022-06-19 10:09:54+02:00,87.7
2022-06-19 10:10:54+02:00,88.1
2022-06-19 10:11:54+02:00,87.8
2022-06-19 10:12:55+02:00,87.4
2022-06-19 10:13:55+02:00,86.6
2022-06-19 10:14:55+02:00,85.5
2022-06-19 10:15:55+02:00,84.0
2022-06-19 10:16:55+02:00,83.3
2022-06-19 10:17:55+02:00,82.8
2022-06-19 10:18:56+02:00,81.9
2022-06-19 10:19:56+02:00,81.9
2022-06-19 10:20:56+02:00,82.1
2022-06-19 10:21:56+02:00,82.5
2022-06-19 10:22:56+02:00,81.8
2022-06-19 10:23:56+02:00,81.6
2022-06-19 10:24:56+02:00,50.0
2022-06-19 10:25:57+02:00,81.8
2022-06-19 10:26:57+02:00,84.5
2022-06-19 10:27:57+02:00,87.0
2022-06-19 10:28:57+02:00,88.9
2022-06-19 10:29:57+02:00,90.3
2022-06-19 10:30:57+02:00,91.4
2022-06-19 10:31:57+02:00,91.9
2022-06-19 10:32:58+02:00,92.3
2022-06-19 10:33:58+02:00,92.5
2022-06-19 10:34:58+02:00,93.0
2022-06-19 10:35:58+02:00,93.1
2022-06-19 10:36:58+02:00,93.2
2022-06-19 10:37:58+02:00,93.1
2022-06-19 10:38:58+02:00,93.2
2022-06-19 10:39:59+02:00,92.8
2022-06-19 10:40:59+02:00,93.3
2022-06-19 10:41:59+02:00,93.7
2022-06-19 10:42:59+02:00,94.2
2022-06-19 10:43:59+02:00,94.4
2022-06-19 10:44:59+02:00,50.0
2022-06-19 10:46:00+02:00,94.0
2022-06-19 10:47:00+02:00,92.8
2022-06-19 10:48:00+02:00,92.2
2022-06-19 10:49:00+02:00,91.6
2022-06-19 10:50:00+02:00,91.3
2022-06-19 10:51:00+02:00,91.2
2022-06-19 10:52:00+02:00,91.0
2022-06-19 10:53:00+02:00,90.8
2022-06-19 10:54:01+02:00,91.1
2022-06-19 10:55:01+02:00,91.1
2022-06-19 10:56:01+02:00,91.1
2022-06-19 10:57:01+02:00,91.1
2022-06-19 10:58:01+02:00,91.1
2022-06-19 10:59:01+02:00,91.2
2022-06-19 11:00:01+02:00,91.5
2022-06-19 11:01:01+02:00,91.6
2022-06-19 11:02:02+02:00,91.2
2022-06-19 11:03:02+02:00,50.0
2022-06-19 11:04:02+02:00,50.0
2022-06-19 11:05:02+02:00,50.0
2022-06-19 11:06:02+02:00,50.0
2022-06-19 11:07:02+02:00,50.0
2022-06-19 11:08:02+02:00,50.0
2022-06-19 11:09:02+02:00,50.0
2022-06-19 11:10:03+02:00,50.0
2022-06-19 11:11:03+02:00,50.0
2022-06-19 11:12:03+02:00,50.0
2022-06-19 11:13:03+02:00,50.0
2022-06-19 11:14:03+02:00,50.0
2022-06-19 11:15:03+02:00,50.0
2022-06-19 11:16:03+02:00,50.0
2022-06-19 11:17:04+02:00,50.0
2022-06-19 11:18:04+02:00,89.6
2022-06-19 11:19:04+02:00,50.0
2022-06-19 11:20:04+02:00,50.0
2022-06-19 11:21:04+02:00,50.0
2022-06-19 11:22:04+02:00,50.0
2022-06-19 11:23:04+02:00,50.0
2022-06-19 11:24:05+02:00,50.0
2022-06-19 11:25:05+02:00,50.0
2022-06-19 11:26:05+02:00,50.0
2022-06-19 11:27:05+02:00,50.0
2022-06-19 11:28:05+02:00,50.0
2022-06-19 11:29:05+02:00,50.0
2022-06-19 11:30:05+02:00,50.0
2022-06-19 11:31:06+02:00,50.0
2022-06-19 11:32:06+02:00,50.0
2022-06-19 11:33:06+02:00,50.0
2022-06-19 11:34:06+02:00,50.0
2022-06-19 11:35:06+02:00,50.0
2022-06-19 11:36:06+02:00,50.0
2022-06-19 11:37:06+02:00,50.0
2022-06-19 11:38:07+02:00,50.0
2022-06-19 11:39:07+02:00,50.0
2022-06-20 03:20:30+02:00,96.6
2022-06-20 03:21:30+02:00,96.8
2022-06-20 03:22:30+02:00,96.9
2022-06-20 03:23:30+02:00,96.9
2022-06-20 03:24:30+02:00,97.3
2022-06-20 03:25:30+02:00,96.9
2022-06-20 03:26:30+02:00,96.9
2022-06-20 03:27:30+02:00,96.8
2022-06-20 03:28:30+02:00,97.1
2022-06-20 03:29:30+02:00,97.1
2022-06-20 03:30:30+02:00,96.6
2022-06-20 03:31:31+02:00,50.0
2022-06-20 03:32:31+02:00,50.0
2022-06-20 03:33:31+02:00,94.5
2022-06-20 03:34:31+02:00,93.4
2022-06-20 03:35:31+02:00,92.6
2022-06-20 03:36:31+02:00,92.1
2022-06-20 03:37:31+02:00,92.3
2022-06-20 03:38:32+02:00,92.0
2022-06-20 03:39:32+02:00,91.9
2022-06-20 03:40:32+02:00,92.0
2022-06-20 03:41:32+02:00,92.1
2022-06-20 03:42:32+02:00,91.7
2022-06-20 03:43:32+02:00,91.4
2022-06-20 03:44:33+02:00,91.2
2022-06-20 03:45:33+02:00,91.6
2022-06-20 03:46:33+02:00,91.6
2022-06-20 03:47:33+02:00,91.5
2022-06-20 03:48:33+02:00,91.2
2022-06-20 03:49:33+02:00,91.1
2022-06-20 03:50:33+02:00,90.7
2022-06-20 03:51:34+02:00,50.0
2022-06-20 03:52:34+02:00,50.0
2022-06-20 03:53:34+02:00,50.0
2022-06-20 03:54:34+02:00,90.0
2022-06-20 03:55:34+02:00,89.9
2022-06-20 03:56:34+02:00,89.9
2022-06-20 03:57:34+02:00,89.6
2022-06-20 03:58:35+02:00,89.3
2022-06-20 03:59:35+02:00,89.0
2022-06-20 04:00:35+02:00,88.5
2022-06-20 04:01:35+02:00,88.2
2022-06-20 04:02:35+02:00,88.3
2022-06-20 04:03:35+02:00,88.3
2022-06-20 04:04:36+02:00,88.4
2022-06-20 04:05:36+02:00,88.3
2022-06-20 04:06:36+02:00,88.3
2022-06-20 04:07:36+02:00,88.7
2022-06-20 04:08:36+02:00,88.7
2022-06-20 04:09:36+02:00,88.9
2022-06-20 04:10:36+02:00,88.7
2022-06-20 04:11:37+02:00,50.0
2022-06-20 04:12:37+02:00,50.0
2022-06-20 04:13:37+02:00,90.7
2022-06-20 04:14:37+02:00,91.4
2022-06-20 04:15:37+02:00,92.1
2022-06-20 04:16:37+02:00,92.6
2022-06-20 04:17:37+02:00,92.9
2022-06-20 04:18:38+02:00,50.0
2022-06-20 04:19:38+02:00,92.9
2022-06-20 04:20:38+02:00,92.7
2022-06-20 04:21:38+02:00,92.7
2022-06-20 04:22:38+02:00,92.7
2022-06-20 04:23:38+02:00,92.6
2022-06-20 04:24:38+02:00,92.8
2022-06-20 04:25:39+02:00,93.1
2022-06-20 04:26:39+02:00,92.6
2022-06-20 04:27:39+02:00,92.3
2022-06-20 04:28:39+02:00,92.2
2022-06-20 04:29:39+02:00,92.2
2022-06-20 04:30:39+02:00,91.8
2022-06-20 04:31:40+02:00,50.0
2022-06-20 04:32:40+02:00,92.0
2022-06-20 04:33:40+02:00,93.5
2022-06-20 04:34:40+02:00,50.0
2022-06-20 04:35:40+02:00,92.6
2022-06-20 04:36:40+02:00,50.0
2022-06-20 04:37:40+02:00,50.0
2022-06-20 04:38:41+02:00,50.0
2022-06-20 04:39:41+02:00,50.0
2022-06-20 04:40:41+02:00,50.0
2022-06-20 04:41:41+02:00,91.1
2022-06-20 04:42:41+02:00,90.2
2022-06-20 04:43:41+02:00,91.0
2022-06-20 04:44:42+02:00,91.7
2022-06-20 04:45:42+02:00,92.1
2022-06-20 04:46:42+02:00,92.0
2022-06-20 04:47:42+02:00,91.4
2022-06-20 04:48:42+02:00,91.0
2022-06-20 04:49:42+02:00,90.6
2022-06-20 04:50:42+02:00,90.5
2022-06-20 04:51:43+02:00,90.1
2022-06-20 04:52:43+02:00,90.4
2022-06-20 04:53:43+02:00,89.9
2022-06-20 04:54:43+02:00,89.0
2022-06-20 04:55:43+02:00,89.2
2022-06-20 04:56:43+02:00,89.3
2022-06-20 04:57:43+02:00,89.9
2022-06-20 04:58:44+02:00,90.5
2022-06-20 04:59:44+02:00,90.5
2022-06-20 05:00:44+02:00,90.6
2022-06-20 05:01:44+02:00,90.5
2022-06-20 05:02:44+02:00,90.6
2022-06-20 05:03:44+02:00,90.8
2022-06-20 05:04:45+02:00,90.8
2022-06-20 05:05:45+02:00,90.8
2022-06-20 05:06:45+02:00,90.5
2022-06-20 05:07:45+02:00,90.4
2022-06-20 05:08:45+02:00,90.7
2022-06-20 05:09:45+02:00,90.8
2022-06-20 05:10:45+02:00,90.9
2022-06-20 05:11:46+02:00,91.2
2022-06-20 05:12:46+02:00,90.9
2022-06-20 05:13:46+02:00,90.2
2022-06-20 05:14:46+02:00,89.1
2022-06-20 05:15:46+02:00,89.2
2022-06-20 05:16:46+02:00,90.4
2022-06-20 05:17:46+02:00,90.4
2022-06-20 05:18:47+02:00,90.1
2022-06-20 05:19:47+02:00,90.3
2022-06-20 05:20:47+02:00,90.9
2022-06-20 05:21:47+02:00,91.0
2022-06-20 05:22:47+02:00,90.6
2022-06-20 05:23:47+02:00,90.9
2022-06-20 05:24:47+02:00,91.5
2022-06-20 05:25:48+02:00,91.8
2022-06-20 05:26:48+02:00,92.3
2022-06-20 05:27:48+02:00,92.3
2022-06-20 05:28:48+02:00,91.7
2022-06-20 05:29:48+02:00,50.0
2022-06-20 05:30:48+02:00,92.2
2022-06-20 05:31:49+02:00,87.8
2022-06-20 05:32:49+02:00,85.3
2022-06-20 05:33:49+02:00,86.3
2022-06-20 05:34:49+02:00,83.5
2022-06-20 05:35:49+02:00,84.0
2022-06-20 05:36:49+02:00,82.9
2022-06-20 05:37:49+02:00,82.6
2022-06-20 05:38:50+02:00,81.6
2022-06-20 05:39:50+02:00,81.4
2022-06-20 05:40:50+02:00,81.4
2022-06-20 05:41:50+02:00,80.7
2022-06-20 05:42:50+02:00,50.0
2022-06-20 05:43:50+02:00,82.3
2022-06-20 05:44:51+02:00,84.2
2022-06-20 05:45:51+02:00,85.1
2022-06-20 05:46:51+02:00,85.7
2022-06-20 05:47:51+02:00,85.8
2022-06-20 05:48:51+02:00,86.0
2022-06-20 05:49:51+02:00,86.3
2022-06-20 05:50:51+02:00,86.6
2022-06-20 05:51:52+02:00,86.5
2022-06-20 05:52:52+02:00,86.3
2022-06-20 05:53:52+02:00,86.2
2022-06-20 05:54:52+02:00,86.0
2022-06-20 05:55:52+02:00,86.0
2022-06-20 05:56:52+02:00,85.1
2022-06-20 05:57:52+02:00,84.7
2022-06-20 05:58:53+02:00,84.8
2022-06-20 05:59:53+02:00,85.2
2022-06-20 06:00:53+02:00,85.5
2022-06-20 06:01:53+02:00,85.3
2022-06-20 06:02:53+02:00,85.4
2022-06-20 06:03:53+02:00,85.2
2022-06-20 06:04:54+02:00,85.1
2022-06-20 06:05:54+02:00,84.9
2022-06-20 06:06:54+02:00,85.1
2022-06-20 06:07:54+02:00,85.5
2022-06-20 06:08:54+02:00,86.1
2022-06-20 06:09:54+02:00,86.8
2022-06-20 06:10:54+02:00,87.3
2022-06-20 06:11:55+02:00,88.5
2022-06-20 06:12:55+02:00,90.8
2022-06-20 06:13:55+02:00,92.8
2022-06-20 06:14:55+02:00,50.0
2022-06-20 06:15:55+02:00,50.0
2022-06-20 06:16:55+02:00,92.9
2022-06-20 06:17:55+02:00,93.7
2022-06-20 06:18:56+02:00,95.0
2022-06-20 06:19:56+02:00,95.3
2022-06-20 06:20:56+02:00,95.7
2022-06-20 06:21:56+02:00,95.6
2022-06-20 06:22:56+02:00,95.6
2022-06-20 06:23:56+02:00,95.4
2022-06-20 06:24:57+02:00,93.6
2022-06-20 06:25:57+02:00,92.4
2022-06-20 06:26:57+02:00,92.6
2022-06-20 06:27:57+02:00,90.7
2022-06-20 06:28:57+02:00,50.0
2022-06-20 06:29:57+02:00,90.0
2022-06-20 06:30:57+02:00,90.5
2022-06-20 06:31:58+02:00,90.5
2022-06-20 06:32:58+02:00,90.5
2022-06-20 06:33:58+02:00,50.0
2022-06-20 06:34:58+02:00,91.2
2022-06-20 06:35:58+02:00,91.4
2022-06-20 06:36:58+02:00,91.8
2022-06-20 06:37:58+02:00,91.7
2022-06-20 06:38:59+02:00,91.7
2022-06-20 06:39:59+02:00,91.8
2022-06-20 06:40:59+02:00,92.2
2022-06-20 06:41:59+02:00,92.1
2022-06-20 06:42:59+02:00,92.1
2022-06-20 06:43:59+02:00,92.1
2022-06-20 06:44:59+02:00,91.6
2022-06-20 06:46:00+02:00,91.7
2022-06-20 06:47:00+02:00,91.9
2022-06-20 06:48:00+02:00,91.9
2022-06-20 06:49:00+02:00,92.0
2022-06-20 06:50:00+02:00,92.1
2022-06-20 06:51:00+02:00,92.2
2022-06-20 06:52:00+02:00,91.9
2022-06-20 06:53:00+02:00,91.9
2022-06-20 06:54:01+02:00,91.5
2022-06-20 06:55:01+02:00,91.7
2022-06-20 06:56:01+02:00,91.8
2022-06-20 06:57:01+02:00,91.9
2022-06-20 06:58:01+02:00,91.7
2022-06-20 06:59:01+02:00,50.0
2022-06-20 07:00:01+02:00,92.2
2022-06-20 07:01:02+02:00,50.0
2022-06-20 07:02:02+02:00,92.3
2022-06-20 07:03:02+02:00,91.9
2022-06-20 07:04:02+02:00,91.5
2022-06-20 07:05:02+02:00,91.3
2022-06-20 07:06:02+02:00,91.2
2022-06-20 07:07:02+02:00,91.0
2022-06-20 07:08:02+02:00,90.9
2022-06-20 07:09:03+02:00,91.0
2022-06-20 07:10:03+02:00,91.2
2022-06-20 07:11:03+02:00,91.0
2022-06-20 07:12:03+02:00,91.2
2022-06-20 07:13:03+02:00,91.2
2022-06-20 07:14:03+02:00,91.4
2022-06-20 07:15:03+02:00,91.4
2022-06-20 07:16:04+02:00,91.6
2022-06-20 07:17:04+02:00,91.5
2022-06-20 07:18:04+02:00,91.2
2022-06-20 07:19:04+02:00,90.8
2022-06-20 07:20:04+02:00,90.8
2022-06-20 07:21:04+02:00,91.0
2022-06-20 07:22:04+02:00,91.0
2022-06-20 07:23:04+02:00,91.2
2022-06-20 07:24:05+02:00,50.0
2022-06-20 07:25:05+02:00,91.3
2022-06-20 07:26:05+02:00,91.1
2022-06-20 07:27:05+02:00,90.5
2022-06-20 07:28:05+02:00,90.6
2022-06-20 07:29:05+02:00,91.4
2022-06-20 07:30:06+02:00,91.2
2022-06-20 07:31:06+02:00,91.6
2022-06-20 07:32:06+02:00,90.1
2022-06-20 07:33:06+02:00,50.0
2022-06-20 07:34:06+02:00,90.3
2022-06-20 07:35:06+02:00,90.3
2022-06-20 07:36:06+02:00,90.0
2022-06-20 07:37:07+02:00,90.3
2022-06-20 07:38:07+02:00,90.9
2022-06-20 07:39:07+02:00,91.8
2022-06-20 07:40:07+02:00,90.5
2022-06-20 07:41:07+02:00,91.2
2022-06-20 07:42:07+02:00,90.5
2022-06-20 07:43:07+02:00,90.9
2022-06-20 07:44:08+02:00,89.6
2022-06-20 07:45:08+02:00,91.0
2022-06-20 07:46:08+02:00,89.6
2022-06-20 07:47:08+02:00,89.4
2022-06-20 07:48:08+02:00,88.5
2022-06-20 07:49:08+02:00,87.7
2022-06-20 07:50:09+02:00,88.3
2022-06-20 07:51:09+02:00,88.5
2022-06-20 07:52:09+02:00,50.0
2022-06-20 07:53:09+02:00,90.6
2022-06-20 07:54:09+02:00,91.9
2022-06-20 07:55:09+02:00,50.0
2022-06-20 07:56:09+02:00,91.9
2022-06-20 07:57:10+02:00,91.8
2022-06-20 07:58:10+02:00,91.2
2022-06-20 07:59:10+02:00,90.9
2022-06-20 08:00:10+02:00,90.3
2022-06-20 08:01:10+02:00,91.2
2022-06-20 08:02:10+02:00,91.3
2022-06-20 08:03:10+02:00,90.8
2022-06-20 08:04:10+02:00,90.5
2022-06-20 08:05:11+02:00,50.0
2022-06-20 08:06:11+02:00,90.9
2022-06-20 08:07:11+02:00,50.0
2022-06-20 08:08:11+02:00,50.0
2022-06-20 08:09:11+02:00,50.0
2022-06-20 08:10:11+02:00,50.0
2022-06-20 08:11:11+02:00,50.0
2022-06-20 08:12:11+02:00,50.0
2022-06-20 08:13:11+02:00,50.0
2022-06-20 08:14:12+02:00,50.0
2022-06-20 08:15:12+02:00,50.0
2022-06-20 08:16:12+02:00,50.0
2022-06-20 08:17:12+02:00,50.0
2022-06-20 08:18:12+02:00,50.0
2022-06-20 08:19:12+02:00,50.0
2022-06-20 08:20:12+02:00,50.0
2022-06-20 08:21:12+02:00,50.0
2022-06-20 08:22:12+02:00,50.0
2022-06-20 08:23:12+02:00,92.7
2022-06-20 08:24:12+02:00,50.0
2022-06-20 08:25:12+02:00,50.0
2022-06-20 08:26:13+02:00,50.0
2022-06-20 08:27:13+02:00,50.0
2022-06-20 08:28:13+02:00,50.0
2022-06-20 08:29:13+02:00,50.0
2022-06-20 08:30:13+02:00,50.0
2022-06-20 08:31:13+02:00,50.0
2022-06-20 08:32:13+02:00,50.0
2022-06-20 08:33:13+02:00,50.0
2022-06-20 08:34:13+02:00,50.0
2022-06-20 08:35:14+02:00,50.0
2022-06-20 08:36:14+02:00,50.0
2022-06-20 08:37:14+02:00,50.0
2022-06-20 08:38:14+02:00,91.1
2022-06-20 08:39:14+02:00,89.2
2022-06-20 08:40:14+02:00,88.1
2022-06-20 08:41:14+02:00,87.5
2022-06-20 08:42:14+02:00,86.7
2022-06-20 08:43:14+02:00,85.8
2022-06-20 08:44:15+02:00,86.3
2022-06-20 08:45:15+02:00,86.1
2022-06-20 08:46:15+02:00,50.0
2022-06-20 08:47:15+02:00,50.0
2022-06-20 08:48:15+02:00,50.0
2022-06-20 08:49:15+02:00,50.0
2022-06-20 08:50:15+02:00,50.0
2022-06-20 08:51:15+02:00,50.0
2022-06-20 08:52:15+02:00,50.0
2022-06-20 08:53:15+02:00,50.0
2022-06-20 08:54:16+02:00,50.0
2022-06-20 08:55:16+02:00,50.0
2022-06-20 08:56:16+02:00,50.0
2022-06-20 08:57:16+02:00,50.0
2022-06-20 08:58:16+02:00,50.0
2022-06-20 08:59:16+02:00,50.0
2022-06-20 09:00:16+02:00,50.0
2022-06-20 09:01:17+02:00,50.0
2022-06-20 09:02:17+02:00,50.0
2022-06-20 09:03:17+02:00,50.0
2022-06-20 09:04:17+02:00,50.0
2022-06-20 09:05:17+02:00,50.0
2022-06-20 09:06:17+02:00,50.0
2022-06-20 09:07:17+02:00,50.0
2022-06-20 09:08:18+02:00,50.0
2022-06-20 09:09:18+02:00,50.0
2022-06-20 09:10:18+02:00,50.0
2022-06-20 09:11:18+02:00,50.0
2022-06-20 09:12:18+02:00,50.0
2022-06-20 09:13:18+02:00,50.0
2022-06-20 09:14:19+02:00,50.0
2022-06-20 09:15:19+02:00,50.0
2022-06-20 09:16:19+02:00,50.0
2022-06-20 09:17:19+02:00,50.0
2022-06-20 09:18:19+02:00,50.0
2022-06-20 09:19:19+02:00,50.0
