timestamp,oxygen_saturation_by_minute
2022-06-01 23:18:30+02:00,86.7
2022-06-01 23:19:30+02:00,87.4
2022-06-01 23:20:30+02:00,87.4
2022-06-01 23:21:30+02:00,87.2
2022-06-01 23:22:30+02:00,87.1
2022-06-01 23:23:30+02:00,86.9
2022-06-01 23:24:30+02:00,50.0
2022-06-01 23:25:30+02:00,87.8
2022-06-01 23:26:30+02:00,88.9
2022-06-01 23:27:30+02:00,89.8
2022-06-01 23:28:30+02:00,90.1
2022-06-01 23:29:31+02:00,90.1
2022-06-01 23:30:31+02:00,90.5
2022-06-01 23:31:31+02:00,91.1
2022-06-01 23:32:31+02:00,91.3
2022-06-01 23:33:31+02:00,91.4
2022-06-01 23:34:31+02:00,91.3
2022-06-01 23:35:31+02:00,50.0
2022-06-01 23:36:32+02:00,91.6
2022-06-01 23:37:32+02:00,92.8
2022-06-01 23:38:32+02:00,93.4
2022-06-01 23:39:32+02:00,93.5
2022-06-01 23:40:32+02:00,50.0
2022-06-01 23:41:32+02:00,93.5
2022-06-01 23:42:33+02:00,93.5
2022-06-01 23:43:33+02:00,95.4
2022-06-01 23:44:33+02:00,96.9
2022-06-01 23:45:33+02:00,97.5
2022-06-01 23:46:33+02:00,98.2
2022-06-01 23:47:33+02:00,97.7
2022-06-01 23:48:33+02:00,97.5
2022-06-01 23:49:33+02:00,96.8
2022-06-01 23:50:34+02:00,95.9
2022-06-01 23:51:34+02:00,95.7
2022-06-01 23:52:34+02:00,94.5
2022-06-01 23:53:34+02:00,94.3
2022-06-01 23:54:34+02:00,50.0
2022-06-01 23:55:34+02:00,92.0
2022-06-01 23:56:35+02:00,90.3
2022-06-01 23:57:35+02:00,89.4
2022-06-01 23:58:35+02:00,89.0
2022-06-01 23:59:35+02:00,89.1
2022-06-02 00:00:35+02:00,89.0
2022-06-02 00:01:35+02:00,88.8
2022-06-02 00:02:36+02:00,88.8
2022-06-02 00:03:36+02:00,88.8
2022-06-02 00:04:36+02:00,88.9
2022-06-02 00:05:36+02:00,88.8
2022-06-02 00:06:36+02:00,88.8
2022-06-02 00:07:36+02:00,88.9
2022-06-02 00:08:36+02:00,50.0
2022-06-02 00:09:37+02:00,89.3
2022-06-02 00:10:37+02:00,50.0
2022-06-02 00:11:37+02:00,89.7
2022-06-02 00:12:37+02:00,89.9
2022-06-02 00:13:37+02:00,90.0
2022-06-02 00:14:37+02:00,50.0
2022-06-02 00:15:37+02:00,90.2
2022-06-02 00:16:37+02:00,91.2
2022-06-02 00:17:37+02:00,92.1
2022-06-02 00:18:38+02:00,92.8
2022-06-02 00:19:38+02:00,93.3
2022-06-02 00:20:38+02:00,93.5
2022-06-02 00:21:38+02:00,93.6
2022-06-02 00:22:38+02:00,93.6
2022-06-02 00:23:38+02:00,93.5
2022-06-02 00:24:38+02:00,93.2
2022-06-02 00:25:38+02:00,93.0
2022-06-02 00:26:38+02:00,92.5
2022-06-02 00:27:38+02:00,91.8
2022-06-02 00:28:38+02:00,92.1
2022-06-02 00:29:38+02:00,92.2
2022-06-02 00:30:39+02:00,92.2
2022-06-02 00:31:39+02:00,90.2
2022-06-02 00:32:39+02:00,86.5
2022-06-02 00:33:39+02:00,86.4
2022-06-02 00:34:39+02:00,85.4
2022-06-02 00:35:39+02:00,86.5
2022-06-02 00:36:39+02:00,86.3
2022-06-02 00:37:39+02:00,86.3
2022-06-02 00:38:39+02:00,86.6
2022-06-02 00:39:39+02:00,86.6
2022-06-02 00:40:39+02:00,89.3
2022-06-02 00:41:40+02:00,90.9
2022-06-02 00:42:40+02:00,90.6
2022-06-02 00:43:40+02:00,90.0
2022-06-02 00:44:40+02:00,50.0
2022-06-02 00:45:40+02:00,90.1
2022-06-02 00:46:40+02:00,89.9
2022-06-02 00:47:40+02:00,90.3
2022-06-02 00:48:40+02:00,90.4
2022-06-02 00:49:40+02:00,90.2
2022-06-02 00:50:40+02:00,89.8
2022-06-02 00:51:41+02:00,90.2
2022-06-02 00:52:41+02:00,90.1
2022-06-02 00:53:41+02:00,89.6
2022-06-02 00:54:41+02:00,89.4
2022-06-02 00:55:41+02:00,89.0
2022-06-02 00:56:41+02:00,89.7
2022-06-02 00:57:41+02:00,89.8
2022-06-02 00:58:41+02:00,90.2
2022-06-02 00:59:41+02:00,89.8
2022-06-02 01:00:41+02:00,90.4
2022-06-02 01:01:42+02:00,89.7
2022-06-02 01:02:42+02:00,88.1
2022-06-02 01:03:42+02:00,89.2
2022-06-02 01:04:42+02:00,89.4
2022-06-02 01:05:42+02:00,89.9
2022-06-02 01:06:42+02:00,90.8
2022-06-02 01:07:42+02:00,92.1
2022-06-02 01:08:42+02:00,90.9
2022-06-02 01:09:42+02:00,91.5
2022-06-02 01:10:42+02:00,92.4
2022-06-02 01:11:43+02:00,92.7
2022-06-02 01:12:43+02:00,93.2
2022-06-02 01:13:43+02:00,93.1
2022-06-02 01:14:43+02:00,93.4
2022-06-02 01:15:43+02:00,93.3
2022-06-02 01:16:43+02:00,50.0
2022-06-02 01:17:43+02:00,92.9
2022-06-02 01:18:44+02:00,91.1
2022-06-02 01:19:44+02:00,91.0
2022-06-02 01:20:44+02:00,91.7
2022-06-02 01:21:44+02:00,92.2
2022-06-02 01:22:44+02:00,50.0
2022-06-02 01:23:44+02:00,92.8
2022-06-02 01:24:44+02:00,92.5
2022-06-02 01:25:45+02:00,92.9
2022-06-02 01:26:45+02:00,92.9
2022-06-02 01:27:45+02:00,93.3
2022-06-02 01:28:45+02:00,93.3
2022-06-02 01:29:45+02:00,93.3
2022-06-02 01:30:45+02:00,93.3
2022-06-02 01:31:46+02:00,93.2
2022-06-02 01:32:46+02:00,93.2
2022-06-02 01:33:46+02:00,93.2
2022-06-02 01:34:46+02:00,94.0
2022-06-02 01:35:46+02:00,94.2
2022-06-02 01:36:46+02:00,93.8
2022-06-02 01:37:46+02:00,92.8
2022-06-02 01:38:47+02:00,92.7
2022-06-02 01:39:47+02:00,92.4
2022-06-02 01:40:47+02:00,91.8
2022-06-02 01:41:47+02:00,92.6
2022-06-02 01:42:47+02:00,92.4
2022-06-02 01:43:47+02:00,91.7
2022-06-02 01:44:48+02:00,91.9
2022-06-02 01:45:48+02:00,93.3
2022-06-02 01:46:48+02:00,93.4
2022-06-02 01:47:48+02:00,92.4
2022-06-02 01:48:48+02:00,92.7
2022-06-02 01:49:48+02:00,93.3
2022-06-02 01:50:49+02:00,93.7
2022-06-02 01:51:49+02:00,91.9
2022-06-02 01:52:49+02:00,93.1
2022-06-02 01:53:49+02:00,94.3
2022-06-02 01:54:49+02:00,95.8
2022-06-02 01:55:49+02:00,96.1
2022-06-02 01:56:50+02:00,96.7
2022-06-02 01:57:50+02:00,96.4
2022-06-02 01:58:50+02:00,96.4
2022-06-02 01:59:50+02:00,96.8
2022-06-02 02:00:50+02:00,50.0
2022-06-02 02:00:50+02:00,50.0
2022-06-02 02:01:50+02:00,50.0
2022-06-02 02:02:50+02:00,93.9
2022-06-02 02:03:51+02:00,92.1
2022-06-02 02:04:51+02:00,90.6
2022-06-02 02:05:51+02:00,89.2
2022-06-02 02:06:51+02:00,89.0
2022-06-02 02:07:51+02:00,88.9
2022-06-02 02:08:51+02:00,50.0
2022-06-02 02:09:51+02:00,89.3
2022-06-02 02:10:52+02:00,91.3
2022-06-02 02:11:52+02:00,93.7
2022-06-02 02:12:52+02:00,94.1
2022-06-02 02:13:52+02:00,95.6
2022-06-02 02:14:52+02:00,95.8
2022-06-02 02:15:52+02:00,95.3
2022-06-02 02:16:53+02:00,95.4
2022-06-02 02:17:53+02:00,96.5
2022-06-02 02:18:53+02:00,97.2
2022-06-02 02:19:53+02:00,98.1
2022-06-02 02:20:53+02:00,98.7
2022-06-02 02:21:53+02:00,98.9
2022-06-02 02:22:53+02:00,98.4
2022-06-02 02:23:54+02:00,98.7
2022-06-02 02:24:54+02:00,98.7
2022-06-02 02:25:54+02:00,98.7
2022-06-02 02:26:54+02:00,98.4
2022-06-02 02:27:54+02:00,97.8
2022-06-02 02:28:54+02:00,97.6
2022-06-02 02:29:55+02:00,96.6
2022-06-02 02:30:55+02:00,95.6
2022-06-02 02:31:55+02:00,94.9
2022-06-02 02:32:55+02:00,94.4
2022-06-02 02:33:55+02:00,50.0
2022-06-02 02:34:55+02:00,93.2
2022-06-02 02:35:55+02:00,89.6
2022-06-02 02:36:56+02:00,50.0
2022-06-02 02:37:56+02:00,50.0
2022-06-02 02:38:56+02:00,90.6
2022-06-02 02:39:56+02:00,93.6
2022-06-02 02:40:56+02:00,95.5
2022-06-02 02:41:56+02:00,96.8
2022-06-02 02:42:57+02:00,97.3
2022-06-02 02:43:57+02:00,94.0
2022-06-02 02:44:57+02:00,94.8
2022-06-02 02:45:57+02:00,95.2
2022-06-02 02:46:57+02:00,92.6
2022-06-02 02:47:57+02:00,92.9
2022-06-02 02:48:57+02:00,93.3
2022-06-02 02:49:58+02:00,94.2
2022-06-02 02:50:58+02:00,93.8
2022-06-02 02:51:58+02:00,94.1
2022-06-02 02:52:58+02:00,94.2
2022-06-02 02:53:58+02:00,93.6
2022-06-02 02:54:58+02:00,92.7
2022-06-02 02:55:59+02:00,91.0
2022-06-02 02:56:59+02:00,92.8
2022-06-02 02:57:59+02:00,93.6
2022-06-02 02:58:59+02:00,93.8
2022-06-02 02:59:59+02:00,92.6
2022-06-02 03:00:59+02:00,93.3
2022-06-02 03:02:00+02:00,93.3
2022-06-02 03:03:00+02:00,92.6
2022-06-02 03:04:00+02:00,92.5
2022-06-02 03:05:00+02:00,93.2
2022-06-02 03:06:00+02:00,93.5
2022-06-02 03:07:00+02:00,94.0
2022-06-02 03:08:00+02:00,50.0
2022-06-02 03:09:01+02:00,89.6
2022-06-02 03:10:01+02:00,50.0
2022-06-02 03:11:01+02:00,50.0
2022-06-02 03:12:01+02:00,92.7
2022-06-02 03:13:01+02:00,93.8
2022-06-02 03:14:01+02:00,94.3
2022-06-02 03:15:02+02:00,94.8
2022-06-02 03:16:02+02:00,50.0
2022-06-02 03:17:02+02:00,50.0
2022-06-02 03:18:02+02:00,50.0
2022-06-02 03:19:02+02:00,50.0
2022-06-02 03:20:02+02:00,94.7
2022-06-02 03:21:03+02:00,50.0
2022-06-02 03:22:03+02:00,95.1
2022-06-02 03:23:03+02:00,50.0
2022-06-02 03:24:03+02:00,95.0
2022-06-02 03:25:03+02:00,95.7
2022-06-02 03:26:03+02:00,96.0
2022-06-02 03:27:03+02:00,96.7
2022-06-02 03:28:04+02:00,97.0
2022-06-02 03:29:04+02:00,50.0
2022-06-02 03:30:04+02:00,97.2
2022-06-02 03:31:04+02:00,96.9
2022-06-02 03:32:04+02:00,96.7
2022-06-02 03:33:04+02:00,96.6
2022-06-02 03:34:04+02:00,96.1
2022-06-02 03:35:04+02:00,50.0
2022-06-02 03:36:04+02:00,95.2
2022-06-02 03:37:04+02:00,95.1
2022-06-02 03:38:05+02:00,50.0
2022-06-02 03:39:05+02:00,50.0
2022-06-02 03:40:05+02:00,94.5
2022-06-02 03:41:05+02:00,95.2
2022-06-02 03:42:05+02:00,95.7
2022-06-02 03:43:05+02:00,95.5
2022-06-02 03:44:06+02:00,96.2
2022-06-02 03:45:06+02:00,95.1
2022-06-02 03:46:06+02:00,97.1
2022-06-02 03:47:06+02:00,97.3
2022-06-02 03:48:06+02:00,97.0
2022-06-02 03:49:06+02:00,97.4
2022-06-02 03:50:07+02:00,97.8
2022-06-02 03:51:07+02:00,50.0
2022-06-02 03:52:07+02:00,97.0
2022-06-02 03:53:07+02:00,95.7
2022-06-02 03:54:07+02:00,50.0
2022-06-02 03:55:07+02:00,96.0
2022-06-02 03:56:07+02:00,96.4
2022-06-02 03:57:08+02:00,96.4
2022-06-02 03:58:08+02:00,96.5
2022-06-02 03:59:08+02:00,96.5
2022-06-02 04:00:08+02:00,50.0
2022-06-02 04:01:08+02:00,50.0
2022-06-02 04:02:08+02:00,95.7
2022-06-02 04:03:08+02:00,93.6
2022-06-02 04:04:08+02:00,92.9
2022-06-02 04:05:09+02:00,92.8
2022-06-02 04:06:09+02:00,92.4
2022-06-02 04:07:09+02:00,92.1
2022-06-02 04:08:09+02:00,91.9
2022-06-02 04:09:09+02:00,92.1
2022-06-02 04:10:09+02:00,50.0
2022-06-02 04:11:10+02:00,92.0
2022-06-02 04:12:10+02:00,92.0
2022-06-02 04:13:10+02:00,92.5
2022-06-02 04:14:10+02:00,93.1
2022-06-02 04:15:10+02:00,93.7
2022-06-02 04:16:10+02:00,50.0
2022-06-02 04:17:11+02:00,93.7
2022-06-02 04:18:11+02:00,50.0
2022-06-02 04:19:11+02:00,94.5
2022-06-02 04:20:11+02:00,95.3
2022-06-02 04:21:11+02:00,95.3
2022-06-02 04:22:11+02:00,94.6
2022-06-02 04:23:11+02:00,95.3
2022-06-02 04:24:12+02:00,95.5
2022-06-02 04:25:12+02:00,96.4
2022-06-02 04:26:12+02:00,96.5
2022-06-02 04:27:12+02:00,97.0
2022-06-02 04:28:12+02:00,97.2
2022-06-02 04:29:12+02:00,96.9
2022-06-02 04:30:13+02:00,96.8
2022-06-02 04:31:13+02:00,95.0
2022-06-02 04:32:13+02:00,93.9
2022-06-02 04:33:13+02:00,93.1
2022-06-02 04:34:13+02:00,92.7
2022-06-02 04:35:13+02:00,92.6
2022-06-02 04:36:14+02:00,92.5
2022-06-02 04:37:14+02:00,92.5
2022-06-02 04:38:14+02:00,92.7
2022-06-02 04:39:14+02:00,93.1
2022-06-02 04:40:14+02:00,93.5
2022-06-02 04:41:15+02:00,93.3
2022-06-02 04:42:15+02:00,93.3
2022-06-02 04:43:15+02:00,91.9
2022-06-02 04:44:15+02:00,91.1
2022-06-02 04:45:15+02:00,90.5
2022-06-02 04:46:15+02:00,90.2
2022-06-02 04:47:16+02:00,90.2
2022-06-02 04:48:16+02:00,90.2
2022-06-02 04:49:16+02:00,90.3
2022-06-02 04:50:16+02:00,90.0
2022-06-02 04:51:16+02:00,50.0
2022-06-02 04:52:16+02:00,90.4
2022-06-02 04:53:16+02:00,89.2
2022-06-02 04:54:17+02:00,87.8
2022-06-02 04:55:17+02:00,88.1
2022-06-02 04:56:17+02:00,87.4
2022-06-02 04:57:17+02:00,88.4
2022-06-02 04:58:17+02:00,89.6
2022-06-02 04:59:17+02:00,90.4
2022-06-02 05:00:18+02:00,90.5
2022-06-02 05:01:18+02:00,89.8
2022-06-02 05:02:18+02:00,89.6
2022-06-02 05:03:18+02:00,89.7
2022-06-02 05:04:18+02:00,90.5
2022-06-02 05:05:18+02:00,90.2
2022-06-02 05:06:19+02:00,90.2
2022-06-02 05:07:19+02:00,90.0
2022-06-02 05:08:19+02:00,90.2
2022-06-02 05:09:19+02:00,90.8
2022-06-02 05:10:19+02:00,90.3
2022-06-02 05:11:19+02:00,88.0
2022-06-02 05:12:20+02:00,87.1
2022-06-02 05:13:20+02:00,88.9
2022-06-02 05:14:20+02:00,89.8
2022-06-02 05:15:20+02:00,90.3
2022-06-02 05:16:20+02:00,90.5
2022-06-02 05:17:20+02:00,90.2
2022-06-02 05:18:21+02:00,50.0
2022-06-02 05:19:21+02:00,91.1
2022-06-02 05:20:21+02:00,91.7
2022-06-02 05:21:21+02:00,92.1
2022-06-02 05:22:21+02:00,93.1
2022-06-02 05:23:21+02:00,93.6
2022-06-02 05:24:21+02:00,50.0
2022-06-02 05:25:22+02:00,93.7
2022-06-02 05:26:22+02:00,95.0
2022-06-02 05:27:22+02:00,95.1
2022-06-02 05:28:22+02:00,50.0
2022-06-02 05:29:22+02:00,94.0
2022-06-02 05:30:22+02:00,92.7
2022-06-02 05:31:23+02:00,92.1
2022-06-02 05:32:23+02:00,92.0
2022-06-02 05:33:23+02:00,92.3
2022-06-02 05:34:23+02:00,91.8
2022-06-02 05:35:23+02:00,90.0
2022-06-02 05:36:23+02:00,89.2
2022-06-02 05:37:23+02:00,88.6
2022-06-02 05:38:24+02:00,50.0
2022-06-02 05:39:24+02:00,50.0
2022-06-02 05:40:24+02:00,88.3
2022-06-02 05:41:24+02:00,89.1
2022-06-02 05:42:24+02:00,89.6
2022-06-02 05:43:24+02:00,90.2
2022-06-02 05:44:24+02:00,90.5
2022-06-02 05:45:25+02:00,91.3
2022-06-02 05:46:25+02:00,91.9
2022-06-02 05:47:25+02:00,91.9
2022-06-02 05:48:25+02:00,92.0
2022-06-02 05:49:25+02:00,92.2
2022-06-02 05:50:25+02:00,92.2
2022-06-02 05:51:25+02:00,92.0
2022-06-02 05:52:25+02:00,92.2
2022-06-02 05:53:26+02:00,91.8
2022-06-02 05:54:26+02:00,91.3
2022-06-02 05:55:26+02:00,50.0
2022-06-02 05:56:26+02:00,90.5
2022-06-02 05:57:26+02:00,90.6
2022-06-02 05:58:26+02:00,93.8
2022-06-02 05:59:26+02:00,94.6
2022-06-02 06:00:27+02:00,94.4
2022-06-02 06:01:27+02:00,94.9
2022-06-02 06:02:27+02:00,50.0
2022-06-02 06:03:27+02:00,93.3
2022-06-02 06:04:27+02:00,92.0
2022-06-02 06:05:27+02:00,90.9
2022-06-02 06:06:27+02:00,89.9
2022-06-02 06:07:27+02:00,89.2
2022-06-02 06:08:28+02:00,88.8
2022-06-02 06:09:28+02:00,88.5
2022-06-02 06:10:28+02:00,88.2
2022-06-02 06:11:28+02:00,87.5
2022-06-02 06:12:28+02:00,87.1
2022-06-02 06:13:28+02:00,86.9
2022-06-02 06:14:29+02:00,87.2
2022-06-02 06:15:29+02:00,87.3
2022-06-02 06:16:29+02:00,87.4
2022-06-02 06:17:29+02:00,87.6
2022-06-02 06:18:29+02:00,87.7
2022-06-02 06:19:29+02:00,87.7
2022-06-02 06:20:29+02:00,87.5
2022-06-02 06:21:30+02:00,50.0
2022-06-02 06:22:30+02:00,50.0
2022-06-02 06:23:30+02:00,88.5
2022-06-02 06:24:30+02:00,88.5
2022-06-02 06:25:30+02:00,88.3
2022-06-02 06:26:30+02:00,50.0
2022-06-02 06:27:30+02:00,88.7
2022-06-02 06:28:30+02:00,91.3
2022-06-02 06:29:30+02:00,92.9
2022-06-02 06:30:30+02:00,93.9
2022-06-02 06:31:31+02:00,94.7
2022-06-02 06:32:31+02:00,94.8
2022-06-02 06:33:31+02:00,95.0
2022-06-02 06:34:31+02:00,95.0
2022-06-02 06:35:31+02:00,95.1
2022-06-02 06:36:31+02:00,50.0
2022-06-02 06:37:31+02:00,95.7
2022-06-02 06:38:31+02:00,93.4
2022-06-02 06:39:32+02:00,92.0
2022-06-02 06:40:32+02:00,91.3
2022-06-02 06:41:32+02:00,91.0
2022-06-02 06:42:32+02:00,50.0
2022-06-02 06:43:32+02:00,50.0
2022-06-02 06:44:32+02:00,91.3
2022-06-02 06:45:32+02:00,92.1
2022-06-02 06:46:33+02:00,92.5
2022-06-02 06:47:33+02:00,92.8
2022-06-02 06:48:33+02:00,92.8
2022-06-02 06:49:33+02:00,50.0
2022-06-02 06:50:33+02:00,92.8
2022-06-02 06:51:33+02:00,92.4
2022-06-02 06:52:33+02:00,92.2
2022-06-02 06:53:34+02:00,92.0
2022-06-02 06:54:34+02:00,91.7
2022-06-02 06:55:34+02:00,91.7
2022-06-02 06:56:34+02:00,91.5
2022-06-02 06:57:34+02:00,91.5
2022-06-02 06:58:34+02:00,91.4
2022-06-02 06:59:34+02:00,91.4
2022-06-02 07:00:35+02:00,50.0
2022-06-02 07:01:35+02:00,91.0
2022-06-02 07:02:35+02:00,91.0
2022-06-02 07:03:35+02:00,90.6
2022-06-02 07:04:35+02:00,90.4
2022-06-02 07:05:35+02:00,90.2
2022-06-02 07:06:35+02:00,50.0
2022-06-02 07:07:35+02:00,90.4
2022-06-02 07:08:36+02:00,50.0
2022-06-02 07:09:36+02:00,50.0
2022-06-02 07:10:36+02:00,50.0
2022-06-02 07:11:36+02:00,90.8
2022-06-02 07:12:36+02:00,50.0
2022-06-02 07:13:36+02:00,89.2
2022-06-02 07:14:36+02:00,89.9
2022-06-02 07:15:36+02:00,92.1
2022-06-02 07:16:36+02:00,91.8
2022-06-02 07:17:37+02:00,50.0
2022-06-02 07:18:37+02:00,50.0
2022-06-02 07:19:37+02:00,50.0
2022-06-02 07:20:37+02:00,50.0
2022-06-02 07:21:37+02:00,50.0
2022-06-02 07:22:37+02:00,50.0
2022-06-02 07:23:37+02:00,50.0
2022-06-02 07:24:37+02:00,50.0
2022-06-02 07:25:37+02:00,50.0
2022-06-02 07:26:37+02:00,50.0
2022-06-02 07:27:38+02:00,50.0
2022-06-02 07:28:38+02:00,50.0
2022-06-02 07:29:38+02:00,50.0
2022-06-02 07:30:38+02:00,92.9
2022-06-02 07:31:38+02:00,50.0
2022-06-02 07:32:38+02:00,50.0
2022-06-02 07:33:38+02:00,50.0
2022-06-02 07:34:38+02:00,50.0
2022-06-02 07:35:38+02:00,90.1
2022-06-02 07:36:39+02:00,91.9
2022-06-02 07:37:39+02:00,91.9
2022-06-02 07:38:39+02:00,50.0
2022-06-02 07:39:40+02:00,91.5
2022-06-02 07:40:40+02:00,50.0
2022-06-02 07:41:40+02:00,50.0
2022-06-02 07:42:40+02:00,50.0
2022-06-02 07:43:40+02:00,50.0
2022-06-02 07:44:40+02:00,50.0
2022-06-02 07:45:40+02:00,50.0
2022-06-02 07:46:40+02:00,50.0
2022-06-02 07:47:40+02:00,50.0
2022-06-02 07:48:40+02:00,50.0
2022-06-02 07:49:40+02:00,50.0
2022-06-02 07:50:40+02:00,50.0
2022-06-02 07:51:41+02:00,90.0
2022-06-02 23:41:00+02:00,92.2
2022-06-02 23:42:00+02:00,92.1
2022-06-02 23:43:00+02:00,93.2
2022-06-02 23:44:00+02:00,90.3
2022-06-02 23:45:00+02:00,85.6
2022-06-02 23:46:00+02:00,82.8
2022-06-02 23:47:00+02:00,81.4
2022-06-02 23:48:00+02:00,80.0
2022-06-02 23:49:00+02:00,78.9
2022-06-02 23:50:00+02:00,78.7
2022-06-02 23:51:00+02:00,78.7
2022-06-02 23:52:01+02:00,78.1
2022-06-02 23:53:01+02:00,78.0
2022-06-02 23:54:01+02:00,79.0
2022-06-02 23:55:01+02:00,80.9
2022-06-02 23:56:01+02:00,83.1
2022-06-02 23:57:01+02:00,85.4
2022-06-02 23:58:02+02:00,86.8
2022-06-02 23:59:02+02:00,87.8
2022-06-03 00:00:02+02:00,88.3
2022-06-03 00:01:02+02:00,92.8
2022-06-03 00:02:02+02:00,96.6
2022-06-03 00:03:02+02:00,98.3
2022-06-03 00:04:02+02:00,99.0
2022-06-03 00:05:02+02:00,99.1
2022-06-03 00:06:02+02:00,99.3
2022-06-03 00:07:02+02:00,99.1
2022-06-03 00:08:03+02:00,99.1
2022-06-03 00:09:03+02:00,99.0
2022-06-03 00:10:03+02:00,50.0
2022-06-03 00:11:03+02:00,97.9
2022-06-03 00:12:03+02:00,95.4
2022-06-03 00:13:03+02:00,93.5
2022-06-03 00:14:04+02:00,91.9
2022-06-03 00:15:04+02:00,90.6
2022-06-03 00:16:04+02:00,89.5
2022-06-03 00:17:04+02:00,88.8
2022-06-03 00:18:04+02:00,88.2
2022-06-03 00:19:04+02:00,87.8
2022-06-03 00:20:04+02:00,87.4
2022-06-03 00:21:04+02:00,86.5
2022-06-03 00:22:05+02:00,86.0
2022-06-03 00:23:05+02:00,86.3
2022-06-03 00:24:05+02:00,87.3
2022-06-03 00:25:05+02:00,87.2
2022-06-03 00:26:05+02:00,87.0
2022-06-03 00:27:05+02:00,86.9
2022-06-03 00:28:05+02:00,87.1
2022-06-03 00:29:06+02:00,86.2
2022-06-03 00:30:06+02:00,86.7
2022-06-03 00:31:06+02:00,87.0
2022-06-03 00:32:06+02:00,86.9
2022-06-03 00:33:06+02:00,86.9
2022-06-03 00:34:06+02:00,86.7
2022-06-03 00:35:07+02:00,86.6
2022-06-03 00:36:07+02:00,86.6
2022-06-03 00:37:07+02:00,86.4
2022-06-03 00:38:07+02:00,86.4
2022-06-03 00:39:07+02:00,85.8
2022-06-03 00:40:07+02:00,85.4
2022-06-03 00:41:08+02:00,50.0
2022-06-03 00:42:08+02:00,87.3
2022-06-03 00:43:08+02:00,88.4
2022-06-03 00:44:08+02:00,89.0
2022-06-03 00:45:08+02:00,89.5
2022-06-03 00:46:08+02:00,89.9
2022-06-03 00:47:09+02:00,90.4
2022-06-03 00:48:09+02:00,90.7
2022-06-03 00:49:09+02:00,90.9
2022-06-03 00:50:09+02:00,90.9
2022-06-03 00:51:09+02:00,50.0
2022-06-03 00:52:09+02:00,50.0
2022-06-03 00:53:09+02:00,50.0
2022-06-03 00:54:10+02:00,90.8
2022-06-03 00:55:10+02:00,90.5
2022-06-03 00:56:10+02:00,90.3
2022-06-03 00:57:10+02:00,50.0
2022-06-03 00:58:10+02:00,90.4
2022-06-03 00:59:10+02:00,90.2
2022-06-03 01:00:10+02:00,89.9
2022-06-03 01:01:11+02:00,89.8
2022-06-03 01:02:11+02:00,89.9
2022-06-03 01:03:11+02:00,90.0
2022-06-03 01:04:11+02:00,89.9
2022-06-03 01:05:11+02:00,89.9
2022-06-03 01:06:11+02:00,90.0
2022-06-03 01:07:12+02:00,90.1
2022-06-03 01:08:12+02:00,89.9
2022-06-03 01:09:12+02:00,89.9
2022-06-03 01:10:12+02:00,90.0
2022-06-03 01:11:12+02:00,89.7
2022-06-03 01:12:12+02:00,89.4
2022-06-03 01:13:13+02:00,89.4
2022-06-03 01:14:13+02:00,89.5
2022-06-03 01:15:13+02:00,89.7
2022-06-03 01:16:13+02:00,89.8
2022-06-03 01:17:13+02:00,89.9
2022-06-03 01:18:13+02:00,89.7
2022-06-03 01:19:14+02:00,89.5
2022-06-03 01:20:14+02:00,89.2
2022-06-03 01:21:14+02:00,89.2
2022-06-03 01:22:14+02:00,89.3
2022-06-03 01:23:14+02:00,89.4
2022-06-03 01:24:14+02:00,89.4
2022-06-03 01:25:14+02:00,89.1
2022-06-03 01:26:15+02:00,88.8
2022-06-03 01:27:15+02:00,88.7
2022-06-03 01:28:15+02:00,88.8
2022-06-03 01:29:15+02:00,88.8
2022-06-03 01:30:15+02:00,88.8
2022-06-03 01:31:15+02:00,89.0
2022-06-03 01:32:16+02:00,89.0
2022-06-03 01:33:16+02:00,89.0
2022-06-03 01:34:16+02:00,89.0
2022-06-03 01:35:16+02:00,89.1
2022-06-03 01:36:16+02:00,89.2
2022-06-03 01:37:16+02:00,89.8
2022-06-03 01:38:16+02:00,90.0
2022-06-03 01:39:16+02:00,90.1
2022-06-03 01:40:17+02:00,90.1
2022-06-03 01:41:17+02:00,90.1
2022-06-03 01:42:17+02:00,89.9
2022-06-03 01:43:17+02:00,90.5
2022-06-03 01:44:17+02:00,90.7
2022-06-03 01:45:17+02:00,90.6
2022-06-03 01:46:17+02:00,90.6
2022-06-03 01:47:18+02:00,50.0
2022-06-03 01:48:18+02:00,89.7
2022-06-03 01:49:18+02:00,86.8
2022-06-03 01:50:18+02:00,84.2
2022-06-03 01:51:18+02:00,50.0
2022-06-03 01:52:18+02:00,84.5
2022-06-03 01:53:18+02:00,86.3
2022-06-03 01:54:19+02:00,87.5
2022-06-03 01:55:19+02:00,88.2
2022-06-03 01:56:19+02:00,50.0
2022-06-03 01:57:19+02:00,88.3
2022-06-03 01:58:19+02:00,88.9
2022-06-03 01:59:19+02:00,88.8
2022-06-03 02:00:19+02:00,50.0
2022-06-03 02:00:19+02:00,50.0
2022-06-03 02:01:20+02:00,88.9
2022-06-03 02:02:20+02:00,87.6
2022-06-03 02:03:20+02:00,87.2
2022-06-03 02:04:20+02:00,87.3
2022-06-03 02:05:20+02:00,87.5
2022-06-03 02:06:20+02:00,87.7
2022-06-03 02:07:20+02:00,88.0
2022-06-03 02:08:20+02:00,88.2
2022-06-03 02:09:21+02:00,88.2
2022-06-03 02:10:21+02:00,88.0
2022-06-03 02:11:21+02:00,88.0
2022-06-03 02:12:21+02:00,88.0
2022-06-03 02:13:21+02:00,88.5
2022-06-03 02:14:21+02:00,89.0
2022-06-03 02:15:22+02:00,89.5
2022-06-03 02:16:22+02:00,89.7
2022-06-03 02:17:22+02:00,89.9
2022-06-03 02:18:22+02:00,50.0
2022-06-03 02:19:22+02:00,90.2
2022-06-03 02:20:22+02:00,92.1
2022-06-03 02:21:22+02:00,91.7
2022-06-03 02:22:23+02:00,92.1
2022-06-03 02:23:23+02:00,92.6
2022-06-03 02:24:23+02:00,91.3
2022-06-03 02:25:23+02:00,92.6
2022-06-03 02:26:23+02:00,92.2
2022-06-03 02:27:23+02:00,92.7
2022-06-03 02:28:23+02:00,92.3
2022-06-03 02:29:24+02:00,92.2
2022-06-03 02:30:24+02:00,92.0
2022-06-03 02:31:24+02:00,50.0
2022-06-03 02:32:24+02:00,91.1
2022-06-03 02:33:24+02:00,50.0
2022-06-03 02:34:24+02:00,91.3
2022-06-03 02:35:24+02:00,91.8
2022-06-03 02:36:24+02:00,92.0
2022-06-03 02:37:25+02:00,90.5
2022-06-03 02:38:25+02:00,89.8
2022-06-03 02:39:25+02:00,88.6
2022-06-03 02:40:25+02:00,84.1
2022-06-03 02:41:25+02:00,50.0
2022-06-03 02:42:25+02:00,84.4
2022-06-03 02:43:25+02:00,86.5
2022-06-03 02:44:26+02:00,87.9
2022-06-03 02:45:26+02:00,88.6
2022-06-03 02:46:26+02:00,88.9
2022-06-03 02:47:26+02:00,89.0
2022-06-03 02:48:26+02:00,89.3
2022-06-03 02:49:26+02:00,89.4
2022-06-03 02:50:26+02:00,89.5
2022-06-03 02:51:27+02:00,89.5
2022-06-03 02:52:27+02:00,50.0
2022-06-03 02:53:27+02:00,91.5
2022-06-03 02:54:27+02:00,95.0
2022-06-03 02:55:27+02:00,97.0
2022-06-03 02:56:27+02:00,97.7
2022-06-03 02:57:27+02:00,96.9
2022-06-03 02:58:28+02:00,98.4
2022-06-03 02:59:28+02:00,99.4
2022-06-03 03:00:28+02:00,99.6
2022-06-03 03:01:28+02:00,50.0
2022-06-03 03:02:28+02:00,98.6
2022-06-03 03:03:28+02:00,97.2
2022-06-03 03:04:28+02:00,96.0
2022-06-03 03:05:29+02:00,95.1
2022-06-03 03:06:29+02:00,94.3
2022-06-03 03:07:29+02:00,93.8
2022-06-03 03:08:29+02:00,93.6
2022-06-03 03:09:29+02:00,93.2
2022-06-03 03:10:29+02:00,93.1
2022-06-03 03:11:30+02:00,93.0
2022-06-03 03:12:30+02:00,92.9
2022-06-03 03:13:30+02:00,92.8
2022-06-03 03:14:30+02:00,92.6
2022-06-03 03:15:30+02:00,92.6
2022-06-03 03:16:30+02:00,50.0
2022-06-03 03:17:30+02:00,92.9
2022-06-03 03:18:30+02:00,92.9
2022-06-03 03:19:31+02:00,92.9
2022-06-03 03:20:31+02:00,93.0
2022-06-03 03:21:31+02:00,93.1
2022-06-03 03:22:31+02:00,93.0
2022-06-03 03:23:31+02:00,93.0
2022-06-03 03:24:31+02:00,93.0
2022-06-03 03:25:32+02:00,93.1
2022-06-03 03:26:32+02:00,92.9
2022-06-03 03:27:32+02:00,92.8
2022-06-03 03:28:32+02:00,92.6
2022-06-03 03:29:32+02:00,93.0
2022-06-03 03:30:32+02:00,50.0
2022-06-03 03:31:32+02:00,93.8
2022-06-03 03:32:33+02:00,96.1
2022-06-03 03:33:33+02:00,96.6
2022-06-03 03:34:33+02:00,97.0
2022-06-03 03:35:33+02:00,50.0
2022-06-03 03:36:33+02:00,96.7
2022-06-03 03:37:34+02:00,95.3
2022-06-03 03:38:34+02:00,94.4
2022-06-03 03:39:34+02:00,93.7
2022-06-03 03:40:34+02:00,93.2
2022-06-03 03:41:34+02:00,92.9
2022-06-03 03:42:34+02:00,92.7
2022-06-03 03:43:35+02:00,92.6
2022-06-03 03:44:35+02:00,92.4
2022-06-03 03:45:35+02:00,92.2
2022-06-03 03:46:35+02:00,92.1
2022-06-03 03:47:35+02:00,92.1
2022-06-03 03:48:35+02:00,92.1
2022-06-03 03:49:35+02:00,92.1
2022-06-03 03:50:36+02:00,92.1
2022-06-03 03:51:36+02:00,92.1
2022-06-03 03:52:36+02:00,50.0
2022-06-03 03:53:36+02:00,92.6
2022-06-03 03:54:36+02:00,93.0
2022-06-03 03:55:36+02:00,93.1
2022-06-03 03:56:37+02:00,95.6
2022-06-03 03:57:37+02:00,96.3
2022-06-03 03:58:37+02:00,96.8
2022-06-03 03:59:37+02:00,96.8
2022-06-03 04:00:37+02:00,97.8
2022-06-03 04:01:37+02:00,98.2
2022-06-03 04:02:37+02:00,50.0
2022-06-03 04:03:37+02:00,97.3
2022-06-03 04:04:37+02:00,97.0
2022-06-03 04:05:38+02:00,95.8
2022-06-03 04:06:38+02:00,95.3
2022-06-03 04:07:38+02:00,94.7
2022-06-03 04:08:38+02:00,94.4
2022-06-03 04:09:38+02:00,93.4
2022-06-03 04:10:38+02:00,92.9
2022-06-03 04:11:38+02:00,92.4
2022-06-03 04:12:38+02:00,91.6
2022-06-03 04:13:39+02:00,91.6
2022-06-03 04:14:39+02:00,91.8
2022-06-03 04:15:39+02:00,92.2
2022-06-03 04:16:39+02:00,91.8
2022-06-03 04:17:39+02:00,91.0
2022-06-03 04:18:39+02:00,90.7
2022-06-03 04:19:39+02:00,91.7
2022-06-03 04:20:39+02:00,50.0
2022-06-03 04:21:39+02:00,50.0
2022-06-03 04:22:39+02:00,50.0
2022-06-03 04:23:40+02:00,94.0
2022-06-03 04:24:40+02:00,94.6
2022-06-03 04:25:40+02:00,94.9
2022-06-03 04:26:40+02:00,95.0
2022-06-03 04:27:40+02:00,50.0
2022-06-03 04:28:40+02:00,50.0
2022-06-03 04:29:40+02:00,50.0
2022-06-03 04:30:40+02:00,95.0
2022-06-03 04:31:41+02:00,90.0
2022-06-03 04:32:41+02:00,50.0
2022-06-03 04:33:41+02:00,85.3
2022-06-03 04:34:41+02:00,50.0
2022-06-03 04:35:41+02:00,90.0
2022-06-03 04:36:41+02:00,93.3
2022-06-03 04:37:41+02:00,95.5
2022-06-03 04:38:41+02:00,96.3
2022-06-03 04:39:41+02:00,96.6
2022-06-03 04:40:41+02:00,96.7
2022-06-03 04:41:41+02:00,96.9
2022-06-03 04:42:42+02:00,97.0
2022-06-03 04:43:42+02:00,50.0
2022-06-03 04:44:42+02:00,97.3
2022-06-03 04:45:42+02:00,97.5
2022-06-03 04:46:42+02:00,50.0
2022-06-03 04:47:42+02:00,96.6
2022-06-03 04:48:42+02:00,95.6
2022-06-03 04:49:42+02:00,95.0
2022-06-03 04:50:43+02:00,94.7
2022-06-03 04:51:43+02:00,94.4
2022-06-03 04:52:43+02:00,93.9
2022-06-03 04:53:43+02:00,94.4
2022-06-03 04:54:43+02:00,95.7
2022-06-03 04:55:43+02:00,96.1
2022-06-03 04:56:43+02:00,96.4
2022-06-03 04:57:44+02:00,97.1
2022-06-03 04:58:44+02:00,97.2
2022-06-03 04:59:44+02:00,96.6
2022-06-03 05:00:44+02:00,96.3
2022-06-03 05:01:44+02:00,96.2
2022-06-03 05:02:44+02:00,96.1
2022-06-03 05:03:45+02:00,94.4
2022-06-03 05:04:45+02:00,91.2
2022-06-03 05:05:45+02:00,93.3
2022-06-03 05:06:45+02:00,92.8
2022-06-03 05:07:45+02:00,89.9
2022-06-03 05:08:45+02:00,90.0
2022-06-03 05:09:45+02:00,89.5
2022-06-03 05:10:46+02:00,89.3
2022-06-03 05:11:46+02:00,89.9
2022-06-03 05:12:46+02:00,91.3
2022-06-03 05:13:46+02:00,92.3
2022-06-03 05:14:46+02:00,91.0
2022-06-03 05:15:46+02:00,50.0
2022-06-03 05:16:47+02:00,91.2
2022-06-03 05:17:47+02:00,91.4
2022-06-03 05:18:47+02:00,90.7
2022-06-03 05:19:47+02:00,92.3
2022-06-03 05:20:47+02:00,94.3
2022-06-03 05:21:47+02:00,95.3
2022-06-03 05:22:47+02:00,95.6
2022-06-03 05:23:48+02:00,95.7
2022-06-03 05:24:48+02:00,95.9
2022-06-03 05:25:48+02:00,95.9
2022-06-03 05:26:48+02:00,95.2
2022-06-03 05:27:48+02:00,95.2
2022-06-03 05:28:48+02:00,94.8
2022-06-03 05:29:48+02:00,94.5
2022-06-03 05:30:49+02:00,94.9
2022-06-03 05:31:49+02:00,95.2
2022-06-03 05:32:49+02:00,94.5
2022-06-03 05:33:49+02:00,94.1
2022-06-03 05:34:49+02:00,93.1
2022-06-03 05:35:49+02:00,92.8
2022-06-03 05:36:49+02:00,92.5
2022-06-03 05:37:50+02:00,91.9
2022-06-03 05:38:50+02:00,92.4
2022-06-03 05:39:50+02:00,92.6
2022-06-03 05:40:50+02:00,93.4
2022-06-03 05:41:50+02:00,92.5
2022-06-03 05:42:50+02:00,92.2
2022-06-03 05:43:51+02:00,92.7
2022-06-03 05:44:51+02:00,92.8
2022-06-03 05:45:51+02:00,92.8
2022-06-03 05:46:51+02:00,92.8
2022-06-03 05:47:51+02:00,90.2
2022-06-03 05:48:51+02:00,91.1
2022-06-03 05:49:51+02:00,91.8
2022-06-03 05:50:52+02:00,92.0
2022-06-03 05:51:52+02:00,92.3
2022-06-03 05:52:52+02:00,93.1
2022-06-03 05:53:52+02:00,93.4
2022-06-03 05:54:52+02:00,93.3
2022-06-03 05:55:52+02:00,93.4
2022-06-03 05:56:52+02:00,93.3
2022-06-03 05:57:53+02:00,93.8
2022-06-03 05:58:53+02:00,93.0
2022-06-03 05:59:53+02:00,92.7
2022-06-03 06:00:53+02:00,93.3
2022-06-03 06:01:53+02:00,93.6
2022-06-03 06:02:53+02:00,93.4
2022-06-03 06:03:53+02:00,93.7
2022-06-03 06:04:54+02:00,93.7
2022-06-03 06:05:54+02:00,93.7
2022-06-03 06:06:54+02:00,93.2
2022-06-03 06:07:54+02:00,93.2
2022-06-03 06:08:54+02:00,94.1
2022-06-03 06:09:54+02:00,92.9
2022-06-03 06:10:55+02:00,92.0
2022-06-03 06:11:55+02:00,50.0
2022-06-03 06:12:55+02:00,50.0
2022-06-03 06:13:55+02:00,50.0
2022-06-03 06:14:55+02:00,50.0
2022-06-03 06:15:55+02:00,50.0
2022-06-03 06:16:55+02:00,50.0
2022-06-03 06:17:55+02:00,91.2
2022-06-03 06:18:55+02:00,92.5
2022-06-03 06:19:56+02:00,50.0
2022-06-03 06:20:56+02:00,50.0
2022-06-03 06:21:56+02:00,50.0
2022-06-03 06:22:56+02:00,50.0
2022-06-03 06:23:56+02:00,50.0
2022-06-03 06:24:56+02:00,50.0
2022-06-03 06:25:56+02:00,50.0
2022-06-03 06:26:56+02:00,50.0
2022-06-03 06:27:56+02:00,50.0
2022-06-03 06:28:56+02:00,50.0
2022-06-03 06:29:57+02:00,50.0
2022-06-03 06:30:57+02:00,50.0
2022-06-03 06:31:57+02:00,50.0
2022-06-03 06:32:57+02:00,50.0
2022-06-03 06:33:57+02:00,50.0
2022-06-03 06:34:57+02:00,50.0
2022-06-03 06:35:58+02:00,50.0
2022-06-03 06:36:58+02:00,50.0
2022-06-03 06:37:58+02:00,50.0
2022-06-03 06:38:58+02:00,50.0
2022-06-03 06:39:58+02:00,50.0
2022-06-03 06:40:58+02:00,50.0
2022-06-03 06:41:58+02:00,50.0
2022-06-03 06:42:59+02:00,50.0
2022-06-03 06:43:59+02:00,50.0
2022-06-03 06:44:59+02:00,50.0
2022-06-03 06:45:59+02:00,50.0
2022-06-03 06:46:59+02:00,50.0
2022-06-03 06:47:59+02:00,50.0
2022-06-03 06:48:59+02:00,50.0
2022-06-03 06:50:00+02:00,50.0
2022-06-04 00:22:30+02:00,89.2
2022-06-04 00:23:30+02:00,89.4
2022-06-04 00:24:30+02:00,89.4
2022-06-04 00:25:30+02:00,89.6
2022-06-04 00:26:30+02:00,89.6
2022-06-04 00:27:30+02:00,89.6
2022-06-04 00:28:30+02:00,89.6
2022-06-04 00:29:30+02:00,50.0
2022-06-04 00:30:30+02:00,91.5
2022-06-04 00:31:30+02:00,92.6
2022-06-04 00:32:30+02:00,93.4
2022-06-04 00:33:30+02:00,50.0
2022-06-04 00:34:30+02:00,94.7
2022-06-04 00:35:30+02:00,94.9
2022-06-04 00:36:30+02:00,96.1
2022-06-04 00:37:31+02:00,96.8
2022-06-04 00:38:31+02:00,97.4
2022-06-04 00:39:31+02:00,97.7
2022-06-04 00:40:31+02:00,97.8
2022-06-04 00:41:31+02:00,97.9
2022-06-04 00:42:31+02:00,97.7
2022-06-04 00:43:31+02:00,97.3
2022-06-04 00:44:31+02:00,96.8
2022-06-04 00:45:31+02:00,96.3
2022-06-04 00:46:32+02:00,95.9
2022-06-04 00:47:32+02:00,95.6
2022-06-04 00:48:32+02:00,95.4
2022-06-04 00:49:32+02:00,95.3
2022-06-04 00:50:32+02:00,95.1
2022-06-04 00:51:32+02:00,50.0
2022-06-04 00:52:32+02:00,94.7
2022-06-04 00:53:33+02:00,93.2
2022-06-04 00:54:33+02:00,92.2
2022-06-04 00:55:33+02:00,91.7
2022-06-04 00:56:33+02:00,91.4
2022-06-04 00:57:33+02:00,91.2
2022-06-04 00:58:33+02:00,50.0
2022-06-04 00:59:33+02:00,90.9
2022-06-04 01:00:34+02:00,90.6
2022-06-04 01:01:34+02:00,90.4
2022-06-04 01:02:34+02:00,90.3
2022-06-04 01:03:34+02:00,90.7
2022-06-04 01:04:34+02:00,91.1
2022-06-04 01:05:34+02:00,50.0
2022-06-04 01:06:35+02:00,91.7
2022-06-04 01:07:35+02:00,91.2
2022-06-04 01:08:35+02:00,90.8
2022-06-04 01:09:35+02:00,90.9
2022-06-04 01:10:35+02:00,50.0
2022-06-04 01:11:35+02:00,91.2
2022-06-04 01:12:35+02:00,91.7
2022-06-04 01:13:36+02:00,91.6
2022-06-04 01:14:36+02:00,90.8
2022-06-04 01:15:36+02:00,90.3
2022-06-04 01:16:36+02:00,90.0
2022-06-04 01:17:36+02:00,89.7
2022-06-04 01:18:36+02:00,90.2
2022-06-04 01:19:36+02:00,90.4
2022-06-04 01:20:36+02:00,90.7
2022-06-04 01:21:37+02:00,91.1
2022-06-04 01:22:37+02:00,91.0
2022-06-04 01:23:37+02:00,90.8
2022-06-04 01:24:37+02:00,90.3
2022-06-04 01:25:37+02:00,50.0
2022-06-04 01:26:37+02:00,90.6
2022-06-04 01:27:37+02:00,90.9
2022-06-04 01:28:38+02:00,90.9
2022-06-04 01:29:38+02:00,90.9
2022-06-04 01:30:38+02:00,91.2
2022-06-04 01:31:38+02:00,90.9
2022-06-04 01:32:38+02:00,90.6
2022-06-04 01:33:38+02:00,90.9
2022-06-04 01:34:39+02:00,91.1
2022-06-04 01:35:39+02:00,91.3
2022-06-04 01:36:39+02:00,91.5
2022-06-04 01:37:39+02:00,91.0
2022-06-04 01:38:39+02:00,90.3
2022-06-04 01:39:39+02:00,90.3
2022-06-04 01:40:39+02:00,90.7
2022-06-04 01:41:40+02:00,91.3
2022-06-04 01:42:40+02:00,91.7
2022-06-04 01:43:40+02:00,91.6
2022-06-04 01:44:40+02:00,91.6
2022-06-04 01:45:40+02:00,91.7
2022-06-04 01:46:40+02:00,91.5
2022-06-04 01:47:41+02:00,91.6
2022-06-04 01:48:41+02:00,91.6
2022-06-04 01:49:41+02:00,50.0
2022-06-04 01:50:41+02:00,91.2
2022-06-04 01:51:41+02:00,91.0
2022-06-04 01:52:41+02:00,90.5
2022-06-04 01:53:41+02:00,90.4
2022-06-04 01:54:42+02:00,50.0
2022-06-04 01:55:42+02:00,50.0
2022-06-04 01:56:42+02:00,90.3
2022-06-04 01:57:42+02:00,50.0
2022-06-04 01:58:42+02:00,50.0
2022-06-04 01:59:42+02:00,90.2
2022-06-04 02:00:42+02:00,50.0
2022-06-04 02:00:42+02:00,50.0
2022-06-04 02:01:43+02:00,50.0
2022-06-04 02:02:43+02:00,50.0
2022-06-04 02:03:43+02:00,89.3
2022-06-04 02:04:43+02:00,50.0
2022-06-04 02:05:43+02:00,88.3
2022-06-04 02:06:43+02:00,87.8
2022-06-04 02:07:43+02:00,50.0
2022-06-04 02:08:44+02:00,88.8
2022-06-04 02:09:44+02:00,89.5
2022-06-04 02:10:44+02:00,50.0
2022-06-04 02:11:44+02:00,90.3
2022-06-04 02:12:44+02:00,90.7
2022-06-04 02:13:44+02:00,90.8
2022-06-04 02:14:45+02:00,90.9
2022-06-04 02:15:45+02:00,90.8
2022-06-04 02:16:45+02:00,90.8
2022-06-04 02:17:45+02:00,90.8
2022-06-04 02:18:45+02:00,90.9
2022-06-04 02:19:45+02:00,90.8
2022-06-04 02:20:45+02:00,90.9
2022-06-04 02:21:46+02:00,90.9
2022-06-04 02:22:46+02:00,91.0
2022-06-04 02:23:46+02:00,91.0
2022-06-04 02:24:46+02:00,90.9
2022-06-04 02:25:46+02:00,90.9
2022-06-04 02:26:46+02:00,90.9
2022-06-04 02:27:47+02:00,90.8
2022-06-04 02:28:47+02:00,90.8
2022-06-04 02:29:47+02:00,90.7
2022-06-04 02:30:47+02:00,90.4
2022-06-04 02:31:47+02:00,90.4
2022-06-04 02:32:47+02:00,90.4
2022-06-04 02:33:48+02:00,91.1
2022-06-04 02:34:48+02:00,91.2
2022-06-04 02:35:48+02:00,91.3
2022-06-04 02:36:48+02:00,91.3
2022-06-04 02:37:48+02:00,91.1
2022-06-04 02:38:48+02:00,91.0
2022-06-04 02:39:48+02:00,91.1
2022-06-04 02:40:49+02:00,91.3
2022-06-04 02:41:49+02:00,91.5
2022-06-04 02:42:49+02:00,91.5
2022-06-04 02:43:49+02:00,50.0
2022-06-04 02:44:49+02:00,50.0
2022-06-04 02:45:49+02:00,50.0
2022-06-04 02:46:50+02:00,92.5
2022-06-04 02:47:50+02:00,93.1
2022-06-04 02:48:50+02:00,93.3
2022-06-04 02:49:50+02:00,93.5
2022-06-04 02:50:50+02:00,93.7
2022-06-04 02:51:50+02:00,93.8
2022-06-04 02:52:50+02:00,93.7
2022-06-04 02:53:51+02:00,93.8
2022-06-04 02:54:51+02:00,93.8
2022-06-04 02:55:51+02:00,93.7
2022-06-04 02:56:51+02:00,93.5
2022-06-04 02:57:51+02:00,50.0
2022-06-04 02:58:51+02:00,93.1
2022-06-04 02:59:52+02:00,93.0
2022-06-04 03:00:52+02:00,92.9
2022-06-04 03:01:52+02:00,92.7
2022-06-04 03:02:52+02:00,92.2
2022-06-04 03:03:52+02:00,50.0
2022-06-04 03:04:52+02:00,92.2
2022-06-04 03:05:52+02:00,92.0
2022-06-04 03:06:52+02:00,91.9
2022-06-04 03:07:53+02:00,92.0
2022-06-04 03:08:53+02:00,92.1
2022-06-04 03:09:53+02:00,92.2
2022-06-04 03:10:53+02:00,92.4
2022-06-04 03:11:53+02:00,92.4
2022-06-04 03:12:54+02:00,92.4
2022-06-04 03:13:54+02:00,92.2
2022-06-04 03:14:54+02:00,92.2
2022-06-04 03:15:54+02:00,50.0
2022-06-04 03:16:54+02:00,93.1
2022-06-04 03:17:54+02:00,93.4
2022-06-04 03:18:54+02:00,93.4
2022-06-04 03:19:55+02:00,93.2
2022-06-04 03:20:55+02:00,94.2
2022-06-04 03:21:55+02:00,94.3
2022-06-04 03:22:55+02:00,94.3
2022-06-04 03:23:55+02:00,94.5
2022-06-04 03:24:55+02:00,94.3
2022-06-04 03:25:55+02:00,93.9
2022-06-04 03:26:56+02:00,50.0
2022-06-04 03:27:56+02:00,93.4
2022-06-04 03:28:56+02:00,92.2
2022-06-04 03:29:56+02:00,91.2
2022-06-04 03:30:56+02:00,90.7
2022-06-04 03:31:56+02:00,89.8
2022-06-04 03:32:57+02:00,89.6
2022-06-04 03:33:57+02:00,50.0
2022-06-04 03:34:57+02:00,90.5
2022-06-04 03:35:57+02:00,91.6
2022-06-04 03:36:57+02:00,91.9
2022-06-04 03:37:57+02:00,92.9
2022-06-04 03:38:57+02:00,93.6
2022-06-04 03:39:58+02:00,93.9
2022-06-04 03:40:58+02:00,93.6
2022-06-04 03:41:58+02:00,91.8
2022-06-04 03:42:58+02:00,92.2
2022-06-04 03:43:58+02:00,93.8
2022-06-04 03:44:58+02:00,94.0
2022-06-04 03:45:59+02:00,94.3
2022-06-04 03:46:59+02:00,93.8
2022-06-04 03:47:59+02:00,92.6
2022-06-04 03:48:59+02:00,91.4
2022-06-04 03:49:59+02:00,90.5
2022-06-04 03:50:59+02:00,90.0
2022-06-04 03:51:59+02:00,89.3
2022-06-04 03:53:00+02:00,88.4
2022-06-04 03:54:00+02:00,88.0
2022-06-04 03:55:00+02:00,87.9
2022-06-04 03:56:00+02:00,88.2
2022-06-04 03:57:00+02:00,88.4
2022-06-04 03:58:00+02:00,88.8
2022-06-04 03:59:00+02:00,88.4
2022-06-04 04:00:00+02:00,87.6
2022-06-04 04:01:01+02:00,87.9
2022-06-04 04:02:01+02:00,86.9
2022-06-04 04:03:01+02:00,86.6
2022-06-04 04:04:01+02:00,86.7
2022-06-04 04:05:01+02:00,87.8
2022-06-04 04:06:01+02:00,88.2
2022-06-04 04:07:01+02:00,87.6
2022-06-04 04:08:02+02:00,86.8
2022-06-04 04:09:02+02:00,87.2
2022-06-04 04:10:02+02:00,88.1
2022-06-04 04:11:02+02:00,88.9
2022-06-04 04:12:02+02:00,90.2
2022-06-04 04:13:02+02:00,90.2
2022-06-04 04:14:02+02:00,91.1
2022-06-04 04:15:03+02:00,91.4
2022-06-04 04:16:03+02:00,91.3
2022-06-04 04:17:03+02:00,91.3
2022-06-04 04:18:03+02:00,91.4
2022-06-04 04:19:03+02:00,91.5
2022-06-04 04:20:03+02:00,50.0
2022-06-04 04:21:03+02:00,91.7
2022-06-04 04:22:04+02:00,92.5
2022-06-04 04:23:04+02:00,93.0
2022-06-04 04:24:04+02:00,93.2
2022-06-04 04:25:04+02:00,93.4
2022-06-04 04:26:04+02:00,93.5
2022-06-04 04:27:04+02:00,93.8
2022-06-04 04:28:04+02:00,50.0
2022-06-04 04:29:04+02:00,93.9
2022-06-04 04:30:04+02:00,93.2
2022-06-04 04:31:05+02:00,92.6
2022-06-04 04:32:05+02:00,92.0
2022-06-04 04:33:05+02:00,91.7
2022-06-04 04:34:05+02:00,91.5
2022-06-04 04:35:05+02:00,91.4
2022-06-04 04:36:05+02:00,91.5
2022-06-04 04:37:05+02:00,91.3
2022-06-04 04:38:06+02:00,91.3
2022-06-04 04:39:06+02:00,91.2
2022-06-04 04:40:06+02:00,91.2
2022-06-04 04:41:06+02:00,91.2
2022-06-04 04:42:06+02:00,91.1
2022-06-04 04:43:06+02:00,91.0
2022-06-04 04:44:07+02:00,90.9
2022-06-04 04:45:07+02:00,90.9
2022-06-04 04:46:07+02:00,90.9
2022-06-04 04:47:07+02:00,50.0
2022-06-04 04:48:07+02:00,91.3
2022-06-04 04:49:07+02:00,93.2
2022-06-04 04:50:08+02:00,94.3
2022-06-04 04:51:08+02:00,95.7
2022-06-04 04:52:08+02:00,96.6
2022-06-04 04:53:08+02:00,50.0
2022-06-04 04:54:08+02:00,94.4
2022-06-04 04:55:08+02:00,50.0
2022-06-04 04:56:09+02:00,50.0
2022-06-04 04:57:09+02:00,50.0
2022-06-04 04:58:09+02:00,50.0
2022-06-04 04:59:09+02:00,50.0
2022-06-04 05:00:09+02:00,50.0
2022-06-04 05:01:09+02:00,50.0
2022-06-04 05:02:09+02:00,50.0
2022-06-04 05:03:10+02:00,94.4
2022-06-04 05:04:10+02:00,94.2
2022-06-04 05:05:10+02:00,94.0
2022-06-04 05:06:10+02:00,93.5
2022-06-04 05:07:10+02:00,93.2
2022-06-04 05:08:10+02:00,50.0
2022-06-04 05:09:10+02:00,92.8
2022-06-04 05:10:11+02:00,93.0
2022-06-04 05:11:11+02:00,93.2
2022-06-04 05:12:11+02:00,93.3
2022-06-04 05:13:11+02:00,93.5
2022-06-04 05:14:11+02:00,93.5
2022-06-04 05:15:11+02:00,93.3
2022-06-04 05:16:11+02:00,93.1
2022-06-04 05:17:11+02:00,93.0
2022-06-04 05:18:12+02:00,92.5
2022-06-04 05:19:12+02:00,93.1
2022-06-04 05:20:12+02:00,93.1
2022-06-04 05:21:12+02:00,92.8
2022-06-04 05:22:12+02:00,92.4
2022-06-04 05:23:12+02:00,92.2
2022-06-04 05:24:12+02:00,93.1
2022-06-04 05:25:13+02:00,93.3
2022-06-04 05:26:13+02:00,93.1
2022-06-04 05:27:13+02:00,92.5
2022-06-04 05:28:13+02:00,92.6
2022-06-04 05:29:13+02:00,92.9
2022-06-04 05:30:13+02:00,93.2
2022-06-04 05:31:13+02:00,92.7
2022-06-04 05:32:14+02:00,92.5
2022-06-04 05:33:14+02:00,92.9
2022-06-04 05:34:14+02:00,92.9
2022-06-04 05:35:14+02:00,93.2
2022-06-04 05:36:14+02:00,93.4
2022-06-04 05:37:14+02:00,93.3
2022-06-04 05:38:14+02:00,93.6
2022-06-04 05:39:15+02:00,93.6
2022-06-04 05:40:15+02:00,93.7
2022-06-04 05:41:15+02:00,93.8
2022-06-04 05:42:15+02:00,93.3
2022-06-04 05:43:15+02:00,93.5
2022-06-04 05:44:15+02:00,93.4
2022-06-04 05:45:15+02:00,93.5
2022-06-04 05:46:16+02:00,93.6
2022-06-04 05:47:16+02:00,93.5
2022-06-04 05:48:16+02:00,93.3
2022-06-04 05:49:16+02:00,50.0
2022-06-04 05:50:16+02:00,93.4
2022-06-04 05:51:16+02:00,94.3
2022-06-04 05:52:16+02:00,95.4
2022-06-04 05:53:17+02:00,96.0
2022-06-04 05:54:17+02:00,50.0
2022-06-04 05:55:17+02:00,96.1
2022-06-04 05:56:17+02:00,95.9
2022-06-04 05:57:17+02:00,95.0
2022-06-04 05:58:17+02:00,94.4
2022-06-04 05:59:17+02:00,94.3
2022-06-04 06:00:18+02:00,94.2
2022-06-04 06:01:18+02:00,94.1
2022-06-04 06:02:18+02:00,94.0
2022-06-04 06:03:18+02:00,93.8
2022-06-04 06:04:18+02:00,93.5
2022-06-04 06:05:18+02:00,93.9
2022-06-04 06:06:18+02:00,93.9
2022-06-04 06:07:19+02:00,93.5
2022-06-04 06:08:19+02:00,93.9
2022-06-04 06:09:19+02:00,94.2
2022-06-04 06:10:19+02:00,94.3
2022-06-04 06:11:19+02:00,94.5
2022-06-04 06:12:19+02:00,94.9
2022-06-04 06:13:19+02:00,94.7
2022-06-04 06:14:20+02:00,94.8
2022-06-04 06:15:20+02:00,94.6
2022-06-04 06:16:20+02:00,94.2
2022-06-04 06:17:20+02:00,94.0
2022-06-04 06:18:20+02:00,94.2
2022-06-04 06:19:20+02:00,94.4
2022-06-04 06:20:21+02:00,94.6
2022-06-04 06:21:21+02:00,94.5
2022-06-04 06:22:21+02:00,94.8
2022-06-04 06:23:21+02:00,94.7
2022-06-04 06:24:21+02:00,94.7
2022-06-04 06:25:21+02:00,95.0
2022-06-04 06:26:21+02:00,95.0
2022-06-04 06:27:22+02:00,94.7
2022-06-04 06:28:22+02:00,94.4
2022-06-04 06:29:22+02:00,95.5
2022-06-04 06:30:22+02:00,95.6
2022-06-04 06:31:22+02:00,95.6
2022-06-04 06:32:22+02:00,95.6
2022-06-04 06:33:22+02:00,96.3
2022-06-04 06:34:23+02:00,96.1
2022-06-04 06:35:23+02:00,95.8
2022-06-04 06:36:23+02:00,96.6
2022-06-04 06:37:23+02:00,96.7
2022-06-04 06:38:23+02:00,95.4
2022-06-04 06:39:23+02:00,96.4
2022-06-04 06:40:23+02:00,96.1
2022-06-04 06:41:24+02:00,96.6
2022-06-04 06:42:24+02:00,96.0
2022-06-04 06:43:24+02:00,95.5
2022-06-04 06:44:24+02:00,95.6
2022-06-04 06:45:24+02:00,95.4
2022-06-04 06:46:24+02:00,92.6
2022-06-04 06:47:24+02:00,88.2
2022-06-04 06:48:25+02:00,87.0
2022-06-04 06:49:25+02:00,84.2
2022-06-04 06:50:25+02:00,83.2
2022-06-04 06:51:25+02:00,88.6
2022-06-04 06:52:25+02:00,93.1
2022-06-04 06:53:25+02:00,95.8
2022-06-04 06:54:25+02:00,96.4
2022-06-04 06:55:26+02:00,96.6
2022-06-04 06:56:26+02:00,97.6
2022-06-04 06:57:26+02:00,96.8
2022-06-04 06:58:26+02:00,96.2
2022-06-04 06:59:26+02:00,96.3
2022-06-04 07:00:26+02:00,95.0
2022-06-04 07:01:26+02:00,94.9
2022-06-04 07:02:26+02:00,50.0
2022-06-04 07:03:26+02:00,92.5
2022-06-04 07:04:27+02:00,50.0
2022-06-04 07:05:27+02:00,92.0
2022-06-04 07:06:27+02:00,93.6
2022-06-04 07:07:27+02:00,94.5
2022-06-04 07:08:27+02:00,95.0
2022-06-04 07:09:27+02:00,50.0
2022-06-04 07:10:27+02:00,94.4
2022-06-04 07:11:27+02:00,94.3
2022-06-04 07:12:27+02:00,94.2
2022-06-04 07:13:27+02:00,94.3
2022-06-04 07:14:28+02:00,94.3
2022-06-04 07:15:28+02:00,94.1
2022-06-04 07:16:28+02:00,94.4
2022-06-04 07:17:28+02:00,94.5
2022-06-04 07:18:28+02:00,94.1
2022-06-04 07:19:28+02:00,93.5
2022-06-04 07:20:28+02:00,94.3
2022-06-04 07:21:28+02:00,93.7
2022-06-04 07:22:28+02:00,50.0
2022-06-04 07:23:28+02:00,93.7
2022-06-04 07:24:29+02:00,94.4
2022-06-04 07:25:29+02:00,50.0
2022-06-04 07:26:29+02:00,50.0
2022-06-04 07:27:29+02:00,50.0
2022-06-04 07:28:29+02:00,94.0
2022-06-04 07:29:29+02:00,92.5
2022-06-04 07:30:29+02:00,92.8
2022-06-04 07:31:29+02:00,92.6
2022-06-04 07:32:29+02:00,92.2
2022-06-04 07:33:29+02:00,50.0
2022-06-04 07:34:29+02:00,91.8
2022-06-04 07:35:30+02:00,50.0
2022-06-04 07:36:30+02:00,89.2
2022-06-04 07:37:30+02:00,50.0
2022-06-04 07:38:30+02:00,50.0
2022-06-04 07:39:30+02:00,50.0
2022-06-04 07:40:30+02:00,50.0
2022-06-04 07:41:30+02:00,50.0
2022-06-04 07:42:30+02:00,91.0
2022-06-04 07:43:30+02:00,92.9
2022-06-04 07:44:30+02:00,93.9
2022-06-04 07:45:31+02:00,50.0
2022-06-04 07:46:31+02:00,93.4
2022-06-04 07:47:31+02:00,92.9
2022-06-04 07:48:31+02:00,50.0
2022-06-04 07:49:31+02:00,93.9
2022-06-04 07:50:31+02:00,50.0
2022-06-04 07:51:31+02:00,50.0
2022-06-04 07:52:31+02:00,50.0
2022-06-04 07:53:31+02:00,50.0
2022-06-04 07:54:31+02:00,50.0
2022-06-04 07:55:31+02:00,50.0
2022-06-04 07:56:32+02:00,50.0
2022-06-04 07:57:32+02:00,50.0
2022-06-04 07:58:32+02:00,50.0
2022-06-04 07:59:32+02:00,50.0
2022-06-04 08:00:32+02:00,50.0
2022-06-04 08:01:32+02:00,50.0
2022-06-04 08:02:32+02:00,92.9
2022-06-04 08:03:33+02:00,95.2
2022-06-04 08:04:33+02:00,96.4
2022-06-04 08:05:33+02:00,97.3
2022-06-04 08:06:33+02:00,50.0
2022-06-04 08:07:33+02:00,97.4
2022-06-04 08:08:33+02:00,96.9
2022-06-04 08:09:33+02:00,96.6
2022-06-04 08:10:34+02:00,96.5
2022-06-04 08:11:34+02:00,96.3
2022-06-04 08:12:34+02:00,96.2
2022-06-04 08:13:34+02:00,50.0
2022-06-04 08:14:34+02:00,50.0
2022-06-04 08:15:34+02:00,50.0
2022-06-04 08:16:34+02:00,50.0
2022-06-04 08:17:34+02:00,50.0
2022-06-04 08:18:35+02:00,50.0
2022-06-04 08:19:35+02:00,94.8
2022-06-04 08:20:35+02:00,92.9
2022-06-04 08:21:35+02:00,50.0
2022-06-04 08:22:35+02:00,50.0
2022-06-04 08:23:35+02:00,50.0
2022-06-04 08:24:35+02:00,50.0
2022-06-04 08:25:36+02:00,50.0
2022-06-04 08:26:36+02:00,50.0
2022-06-04 08:27:36+02:00,90.5
2022-06-04 08:28:36+02:00,50.0
2022-06-04 08:29:36+02:00,50.0
2022-06-04 08:30:36+02:00,89.8
2022-06-04 08:31:36+02:00,89.2
2022-06-04 08:32:37+02:00,50.0
2022-06-04 08:33:37+02:00,50.0
2022-06-04 08:34:37+02:00,50.0
2022-06-04 08:35:37+02:00,50.0
2022-06-04 08:36:37+02:00,50.0
2022-06-04 08:37:37+02:00,80.6
2022-06-04 08:38:37+02:00,50.0
2022-06-04 08:39:38+02:00,76.4
2022-06-04 08:40:38+02:00,76.6
2022-06-04 08:41:38+02:00,50.0
2022-06-04 08:42:38+02:00,76.8
2022-06-04 08:43:38+02:00,50.0
2022-06-04 08:44:38+02:00,75.6
2022-06-04 08:45:39+02:00,50.0
2022-06-04 08:46:39+02:00,50.0
2022-06-04 08:47:39+02:00,75.3
2022-06-04 08:48:39+02:00,50.0
2022-06-04 08:49:39+02:00,50.0
2022-06-04 08:50:39+02:00,76.1
2022-06-04 08:51:39+02:00,50.0
2022-06-04 08:52:40+02:00,50.0
2022-06-04 08:53:40+02:00,50.0
2022-06-04 08:54:40+02:00,77.5
2022-06-04 08:55:40+02:00,50.0
2022-06-04 08:56:40+02:00,50.0
2022-06-04 08:57:40+02:00,79.0
2022-06-04 08:58:40+02:00,50.0
2022-06-05 00:55:00+02:00,98.3
2022-06-05 00:56:00+02:00,98.4
2022-06-05 00:57:00+02:00,98.2
2022-06-05 00:58:00+02:00,97.8
2022-06-05 00:59:00+02:00,97.6
2022-06-05 01:00:00+02:00,97.4
2022-06-05 01:01:00+02:00,97.2
2022-06-05 01:02:00+02:00,50.0
2022-06-05 01:03:00+02:00,96.0
2022-06-05 01:04:00+02:00,95.8
2022-06-05 01:05:00+02:00,94.1
2022-06-05 01:06:00+02:00,91.4
2022-06-05 01:07:00+02:00,89.5
2022-06-05 01:08:01+02:00,88.3
2022-06-05 01:09:01+02:00,87.8
2022-06-05 01:10:01+02:00,87.8
2022-06-05 01:11:01+02:00,87.8
2022-06-05 01:12:01+02:00,87.8
2022-06-05 01:13:01+02:00,87.9
2022-06-05 01:14:02+02:00,88.0
2022-06-05 01:15:02+02:00,88.0
2022-06-05 01:16:02+02:00,88.1
2022-06-05 01:17:02+02:00,88.1
2022-06-05 01:18:02+02:00,87.9
2022-06-05 01:19:02+02:00,87.9
2022-06-05 01:20:02+02:00,87.8
2022-06-05 01:21:02+02:00,87.8
2022-06-05 01:22:02+02:00,87.8
2022-06-05 01:23:03+02:00,87.8
2022-06-05 01:24:03+02:00,87.9
2022-06-05 01:25:03+02:00,50.0
2022-06-05 01:26:03+02:00,89.5
2022-06-05 01:27:03+02:00,90.8
2022-06-05 01:28:03+02:00,91.7
2022-06-05 01:29:03+02:00,91.7
2022-06-05 01:30:04+02:00,92.0
2022-06-05 01:31:04+02:00,91.7
2022-06-05 01:32:04+02:00,91.3
2022-06-05 01:33:04+02:00,91.7
2022-06-05 01:34:04+02:00,91.5
2022-06-05 01:35:04+02:00,91.4
2022-06-05 01:36:04+02:00,91.6
2022-06-05 01:37:04+02:00,91.3
2022-06-05 01:38:04+02:00,91.0
2022-06-05 01:39:05+02:00,90.9
2022-06-05 01:40:05+02:00,90.3
2022-06-05 01:41:05+02:00,88.2
2022-06-05 01:42:05+02:00,87.4
2022-06-05 01:43:05+02:00,86.8
2022-06-05 01:44:05+02:00,87.8
2022-06-05 01:45:05+02:00,88.8
2022-06-05 01:46:05+02:00,89.5
2022-06-05 01:47:06+02:00,90.5
2022-06-05 01:48:06+02:00,91.1
2022-06-05 01:49:06+02:00,91.6
2022-06-05 01:50:06+02:00,92.6
2022-06-05 01:51:06+02:00,92.6
2022-06-05 01:52:06+02:00,93.0
2022-06-05 01:53:06+02:00,50.0
2022-06-05 01:54:07+02:00,92.9
2022-06-05 01:55:07+02:00,92.7
2022-06-05 01:56:07+02:00,92.4
2022-06-05 01:57:07+02:00,92.8
2022-06-05 01:58:07+02:00,92.8
2022-06-05 01:59:07+02:00,92.8
2022-06-05 02:00:08+02:00,92.7
2022-06-05 02:00:08+02:00,92.7
2022-06-05 02:01:08+02:00,92.8
2022-06-05 02:02:08+02:00,93.0
2022-06-05 02:03:08+02:00,93.2
2022-06-05 02:04:08+02:00,93.2
2022-06-05 02:05:08+02:00,93.2
2022-06-05 02:06:09+02:00,93.2
2022-06-05 02:07:09+02:00,93.3
2022-06-05 02:08:09+02:00,93.2
2022-06-05 02:09:09+02:00,93.1
2022-06-05 02:10:09+02:00,92.8
2022-06-05 02:11:09+02:00,92.6
2022-06-05 02:12:10+02:00,92.6
2022-06-05 02:13:10+02:00,92.4
2022-06-05 02:14:10+02:00,92.2
2022-06-05 02:15:10+02:00,92.0
2022-06-05 02:16:10+02:00,92.2
2022-06-05 02:17:10+02:00,50.0
2022-06-05 02:18:10+02:00,50.0
2022-06-05 02:19:11+02:00,93.7
2022-06-05 02:20:11+02:00,94.6
2022-06-05 02:21:11+02:00,50.0
2022-06-05 02:22:11+02:00,95.0
2022-06-05 02:23:11+02:00,96.0
2022-06-05 02:24:11+02:00,96.4
2022-06-05 02:25:11+02:00,97.5
2022-06-05 02:26:12+02:00,98.0
2022-06-05 02:27:12+02:00,97.8
2022-06-05 02:28:12+02:00,98.4
2022-06-05 02:29:12+02:00,98.2
2022-06-05 02:30:12+02:00,98.2
2022-06-05 02:31:12+02:00,99.0
2022-06-05 02:32:13+02:00,99.1
2022-06-05 02:33:13+02:00,98.9
2022-06-05 02:34:13+02:00,50.0
2022-06-05 02:35:13+02:00,98.1
2022-06-05 02:36:13+02:00,50.0
2022-06-05 02:37:13+02:00,95.5
2022-06-05 02:38:13+02:00,94.1
2022-06-05 02:39:14+02:00,93.3
2022-06-05 02:40:14+02:00,92.4
2022-06-05 02:41:14+02:00,92.1
2022-06-05 02:42:14+02:00,91.7
2022-06-05 02:43:14+02:00,91.5
2022-06-05 02:44:14+02:00,91.3
2022-06-05 02:45:14+02:00,91.3
2022-06-05 02:46:15+02:00,91.2
2022-06-05 02:47:15+02:00,91.0
2022-06-05 02:48:15+02:00,91.3
2022-06-05 02:49:15+02:00,91.3
2022-06-05 02:50:15+02:00,91.3
2022-06-05 02:51:15+02:00,91.1
2022-06-05 02:52:16+02:00,91.0
2022-06-05 02:53:16+02:00,90.9
2022-06-05 02:54:16+02:00,91.0
2022-06-05 02:55:16+02:00,91.1
2022-06-05 02:56:16+02:00,91.2
2022-06-05 02:57:16+02:00,91.1
2022-06-05 02:58:16+02:00,90.9
2022-06-05 02:59:17+02:00,91.1
2022-06-05 03:00:17+02:00,91.2
2022-06-05 03:01:17+02:00,91.0
2022-06-05 03:02:17+02:00,90.8
2022-06-05 03:03:17+02:00,90.3
2022-06-05 03:04:17+02:00,90.0
2022-06-05 03:05:18+02:00,90.0
2022-06-05 03:06:18+02:00,90.0
2022-06-05 03:07:18+02:00,89.9
2022-06-05 03:08:18+02:00,90.1
2022-06-05 03:09:18+02:00,90.1
2022-06-05 03:10:18+02:00,90.1
2022-06-05 03:11:19+02:00,89.9
2022-06-05 03:12:19+02:00,89.6
2022-06-05 03:13:19+02:00,90.0
2022-06-05 03:14:19+02:00,50.0
2022-06-05 03:15:19+02:00,88.3
2022-06-05 03:16:19+02:00,50.0
2022-06-05 03:17:20+02:00,85.5
2022-06-05 03:18:20+02:00,86.8
2022-06-05 03:19:20+02:00,88.3
2022-06-05 03:20:20+02:00,89.6
2022-06-05 03:21:20+02:00,90.8
2022-06-05 03:22:20+02:00,91.3
2022-06-05 03:23:21+02:00,92.1
2022-06-05 03:24:21+02:00,92.4
2022-06-05 03:25:21+02:00,92.7
2022-06-05 03:26:21+02:00,92.9
2022-06-05 03:27:21+02:00,93.0
2022-06-05 03:28:21+02:00,93.1
2022-06-05 03:29:22+02:00,93.2
2022-06-05 03:30:22+02:00,93.1
2022-06-05 03:31:22+02:00,93.5
2022-06-05 03:32:22+02:00,50.0
2022-06-05 03:33:22+02:00,93.6
2022-06-05 03:34:22+02:00,93.8
2022-06-05 03:35:23+02:00,94.1
2022-06-05 03:36:23+02:00,94.1
2022-06-05 03:37:23+02:00,94.1
2022-06-05 03:38:23+02:00,94.1
2022-06-05 03:39:23+02:00,93.7
2022-06-05 03:40:23+02:00,94.0
2022-06-05 03:41:23+02:00,94.2
2022-06-05 03:42:24+02:00,94.2
2022-06-05 03:43:24+02:00,94.0
2022-06-05 03:44:24+02:00,94.0
2022-06-05 03:45:24+02:00,94.2
2022-06-05 03:46:24+02:00,50.0
2022-06-05 03:47:24+02:00,94.0
2022-06-05 03:48:25+02:00,50.0
2022-06-05 03:49:25+02:00,92.6
2022-06-05 03:50:25+02:00,92.2
2022-06-05 03:51:25+02:00,91.7
2022-06-05 03:52:25+02:00,90.7
2022-06-05 03:53:25+02:00,89.9
2022-06-05 03:54:26+02:00,89.4
2022-06-05 03:55:26+02:00,89.6
2022-06-05 03:56:26+02:00,89.8
2022-06-05 03:57:26+02:00,89.7
2022-06-05 03:58:26+02:00,89.0
2022-06-05 03:59:26+02:00,89.3
2022-06-05 04:00:26+02:00,89.6
2022-06-05 04:01:26+02:00,90.0
2022-06-05 04:02:26+02:00,89.9
2022-06-05 04:03:27+02:00,89.7
2022-06-05 04:04:27+02:00,89.8
2022-06-05 04:05:27+02:00,89.9
2022-06-05 04:06:27+02:00,90.1
2022-06-05 04:07:27+02:00,89.9
2022-06-05 04:08:27+02:00,89.6
2022-06-05 04:09:27+02:00,89.7
2022-06-05 04:10:27+02:00,89.8
2022-06-05 04:11:27+02:00,90.3
2022-06-05 04:12:27+02:00,90.5
2022-06-05 04:13:27+02:00,90.6
2022-06-05 04:14:28+02:00,90.7
2022-06-05 04:15:28+02:00,90.9
2022-06-05 04:16:28+02:00,90.7
2022-06-05 04:17:28+02:00,90.8
2022-06-05 04:18:28+02:00,90.8
2022-06-05 04:19:28+02:00,90.8
2022-06-05 04:20:28+02:00,90.9
2022-06-05 04:21:28+02:00,50.0
2022-06-05 04:22:28+02:00,90.4
2022-06-05 04:23:29+02:00,89.6
2022-06-05 04:24:29+02:00,89.2
2022-06-05 04:25:29+02:00,89.3
2022-06-05 04:26:29+02:00,89.3
2022-06-05 04:27:29+02:00,50.0
2022-06-05 04:28:29+02:00,90.0
2022-06-05 04:29:29+02:00,90.2
2022-06-05 04:30:29+02:00,90.4
2022-06-05 04:31:29+02:00,90.5
2022-06-05 04:32:29+02:00,50.0
2022-06-05 04:33:29+02:00,91.3
2022-06-05 04:34:30+02:00,92.4
2022-06-05 04:35:30+02:00,50.0
2022-06-05 04:36:30+02:00,93.3
2022-06-05 04:37:30+02:00,93.3
2022-06-05 04:38:30+02:00,92.1
2022-06-05 04:39:30+02:00,91.9
2022-06-05 04:40:30+02:00,92.1
2022-06-05 04:41:30+02:00,92.0
2022-06-05 04:42:30+02:00,92.5
2022-06-05 04:43:31+02:00,92.7
2022-06-05 04:44:31+02:00,92.5
2022-06-05 04:45:31+02:00,92.7
2022-06-05 04:46:31+02:00,92.8
2022-06-05 04:47:31+02:00,93.1
2022-06-05 04:48:31+02:00,92.9
2022-06-05 04:49:31+02:00,93.0
2022-06-05 04:50:31+02:00,93.1
2022-06-05 04:51:31+02:00,93.1
2022-06-05 04:52:31+02:00,50.0
2022-06-05 04:53:32+02:00,93.3
2022-06-05 04:54:32+02:00,93.8
2022-06-05 04:55:32+02:00,94.0
2022-06-05 04:56:32+02:00,94.0
2022-06-05 04:57:32+02:00,94.0
2022-06-05 04:58:33+02:00,93.9
2022-06-05 04:59:33+02:00,93.6
2022-06-05 05:00:33+02:00,94.0
2022-06-05 05:01:33+02:00,94.1
2022-06-05 05:02:33+02:00,93.8
2022-06-05 05:03:33+02:00,94.2
2022-06-05 05:04:34+02:00,94.2
2022-06-05 05:05:34+02:00,93.9
2022-06-05 05:06:34+02:00,94.1
2022-06-05 05:07:34+02:00,93.9
2022-06-05 05:08:34+02:00,93.8
2022-06-05 05:09:34+02:00,93.6
2022-06-05 05:10:35+02:00,93.8
2022-06-05 05:11:35+02:00,93.9
2022-06-05 05:12:35+02:00,93.8
2022-06-05 05:13:35+02:00,93.5
2022-06-05 05:14:35+02:00,93.6
2022-06-05 05:15:35+02:00,93.5
2022-06-05 05:16:35+02:00,93.5
2022-06-05 05:17:36+02:00,93.6
2022-06-05 05:18:36+02:00,93.3
2022-06-05 05:19:36+02:00,93.3
2022-06-05 05:20:36+02:00,50.0
2022-06-05 05:21:36+02:00,50.0
2022-06-05 05:22:36+02:00,50.0
2022-06-05 05:23:36+02:00,92.7
2022-06-05 05:24:37+02:00,91.9
2022-06-05 05:25:37+02:00,91.1
2022-06-05 05:26:37+02:00,90.6
2022-06-05 05:27:37+02:00,90.3
2022-06-05 05:28:37+02:00,90.1
2022-06-05 05:29:37+02:00,90.5
2022-06-05 05:30:37+02:00,90.9
2022-06-05 05:31:38+02:00,50.0
2022-06-05 05:32:38+02:00,91.3
2022-06-05 05:33:38+02:00,92.1
2022-06-05 05:34:38+02:00,91.7
2022-06-05 05:35:38+02:00,90.2
2022-06-05 05:36:38+02:00,91.2
2022-06-05 05:37:38+02:00,91.9
2022-06-05 05:38:39+02:00,92.4
2022-06-05 05:39:39+02:00,92.7
2022-06-05 05:40:39+02:00,93.0
2022-06-05 05:41:39+02:00,93.1
2022-06-05 05:42:39+02:00,92.9
2022-06-05 05:43:39+02:00,92.8
2022-06-05 05:44:39+02:00,92.4
2022-06-05 05:45:40+02:00,91.7
2022-06-05 05:46:40+02:00,91.6
2022-06-05 05:47:40+02:00,91.8
2022-06-05 05:48:40+02:00,92.1
2022-06-05 05:49:40+02:00,92.7
2022-06-05 05:50:40+02:00,93.2
2022-06-05 05:51:40+02:00,93.3
2022-06-05 05:52:41+02:00,93.2
2022-06-05 05:53:41+02:00,93.2
2022-06-05 05:54:41+02:00,50.0
2022-06-05 05:55:41+02:00,93.2
2022-06-05 05:56:41+02:00,93.0
2022-06-05 05:57:41+02:00,92.7
2022-06-05 05:58:42+02:00,92.7
2022-06-05 05:59:42+02:00,92.8
2022-06-05 06:00:42+02:00,92.9
2022-06-05 06:01:42+02:00,93.0
2022-06-05 06:02:42+02:00,93.4
2022-06-05 06:03:42+02:00,93.4
2022-06-05 06:04:42+02:00,93.5
2022-06-05 06:05:43+02:00,93.2
2022-06-05 06:06:43+02:00,50.0
2022-06-05 06:07:43+02:00,50.0
2022-06-05 06:08:43+02:00,92.4
2022-06-05 06:09:43+02:00,50.0
2022-06-05 06:10:43+02:00,50.0
2022-06-05 06:11:43+02:00,92.3
2022-06-05 06:12:44+02:00,94.5
2022-06-05 06:13:44+02:00,50.0
2022-06-05 06:14:44+02:00,50.0
2022-06-05 06:15:44+02:00,94.5
2022-06-05 06:16:44+02:00,95.1
2022-06-05 06:17:44+02:00,95.4
2022-06-05 06:18:44+02:00,96.2
2022-06-05 06:19:44+02:00,96.2
2022-06-05 06:20:45+02:00,96.4
2022-06-05 06:21:45+02:00,96.5
2022-06-05 06:22:45+02:00,50.0
2022-06-05 06:23:45+02:00,96.3
2022-06-05 06:24:45+02:00,96.5
2022-06-05 06:25:45+02:00,96.9
2022-06-05 06:26:45+02:00,50.0
2022-06-05 06:27:46+02:00,96.3
2022-06-05 06:28:46+02:00,95.2
2022-06-05 06:29:46+02:00,94.0
2022-06-05 06:30:46+02:00,50.0
2022-06-05 06:31:46+02:00,50.0
2022-06-05 06:32:46+02:00,50.0
2022-06-05 06:33:46+02:00,50.0
2022-06-05 06:34:46+02:00,94.0
2022-06-05 06:35:47+02:00,93.9
2022-06-05 06:36:47+02:00,94.1
2022-06-05 06:37:47+02:00,94.2
2022-06-05 06:38:47+02:00,94.5
2022-06-05 06:39:47+02:00,94.8
2022-06-05 06:40:47+02:00,94.4
2022-06-05 06:41:47+02:00,94.8
2022-06-05 06:42:48+02:00,94.9
2022-06-05 06:43:48+02:00,94.9
2022-06-05 06:44:48+02:00,94.4
2022-06-05 06:45:48+02:00,94.8
2022-06-05 06:46:48+02:00,50.0
2022-06-05 06:47:48+02:00,94.4
2022-06-05 06:48:48+02:00,94.8
2022-06-05 06:49:49+02:00,94.9
2022-06-05 06:50:49+02:00,50.0
2022-06-05 06:51:49+02:00,50.0
2022-06-05 06:52:49+02:00,50.0
2022-06-05 06:53:49+02:00,50.0
2022-06-05 06:54:49+02:00,94.1
2022-06-05 06:55:49+02:00,94.1
2022-06-05 06:56:50+02:00,50.0
2022-06-05 06:57:50+02:00,93.8
2022-06-05 06:58:50+02:00,94.9
2022-06-05 06:59:50+02:00,95.3
2022-06-05 07:00:50+02:00,95.6
2022-06-05 07:01:50+02:00,95.2
2022-06-05 07:02:50+02:00,50.0
2022-06-05 07:03:51+02:00,50.0
2022-06-05 07:04:51+02:00,50.0
2022-06-05 07:05:51+02:00,93.7
2022-06-05 07:06:51+02:00,92.8
2022-06-05 07:07:51+02:00,92.4
2022-06-05 07:08:51+02:00,92.1
2022-06-05 07:09:51+02:00,91.4
2022-06-05 07:10:52+02:00,91.4
2022-06-05 07:11:52+02:00,91.4
2022-06-05 07:12:52+02:00,91.2
2022-06-05 07:13:52+02:00,50.0
2022-06-05 07:14:52+02:00,91.1
2022-06-05 07:15:52+02:00,50.0
2022-06-05 07:16:53+02:00,50.0
2022-06-05 07:17:53+02:00,92.2
2022-06-05 07:18:53+02:00,50.0
2022-06-05 07:19:53+02:00,92.5
2022-06-05 07:20:53+02:00,92.6
2022-06-05 07:21:53+02:00,93.2
2022-06-05 07:22:53+02:00,93.3
2022-06-05 07:23:54+02:00,93.2
2022-06-05 07:24:54+02:00,50.0
2022-06-05 07:25:54+02:00,50.0
2022-06-05 07:26:54+02:00,93.4
2022-06-05 07:27:54+02:00,92.6
2022-06-05 07:28:54+02:00,50.0
2022-06-05 07:29:54+02:00,90.7
2022-06-05 07:30:54+02:00,88.1
2022-06-05 07:31:55+02:00,86.3
2022-06-05 07:32:55+02:00,85.4
2022-06-05 07:33:55+02:00,85.1
2022-06-05 07:34:55+02:00,87.8
2022-06-05 07:35:55+02:00,87.8
2022-06-05 07:36:55+02:00,88.4
2022-06-05 07:37:55+02:00,88.4
2022-06-05 07:38:56+02:00,89.9
2022-06-05 07:39:56+02:00,50.0
2022-06-05 07:40:56+02:00,90.4
2022-06-05 07:41:56+02:00,91.4
2022-06-05 07:42:56+02:00,92.7
2022-06-05 07:43:56+02:00,50.0
2022-06-05 07:44:57+02:00,92.0
2022-06-05 07:45:57+02:00,90.7
2022-06-05 07:46:57+02:00,50.0
2022-06-05 07:47:57+02:00,50.0
2022-06-05 07:48:57+02:00,90.9
2022-06-05 07:49:57+02:00,50.0
2022-06-05 07:50:57+02:00,91.1
2022-06-05 07:51:57+02:00,50.0
2022-06-05 07:52:57+02:00,50.0
2022-06-05 07:53:57+02:00,50.0
2022-06-05 07:54:57+02:00,90.8
2022-06-05 07:55:58+02:00,93.7
2022-06-05 07:56:58+02:00,95.7
2022-06-05 07:57:58+02:00,50.0
2022-06-05 07:58:58+02:00,95.0
2022-06-05 07:59:58+02:00,95.0
2022-06-05 08:00:58+02:00,50.0
2022-06-06 00:12:30+02:00,50.0
2022-06-06 00:13:30+02:00,92.1
2022-06-06 00:14:30+02:00,92.4
2022-06-06 00:15:30+02:00,92.5
2022-06-06 00:16:30+02:00,92.5
2022-06-06 00:17:30+02:00,92.6
2022-06-06 00:18:30+02:00,50.0
2022-06-06 00:19:30+02:00,92.2
2022-06-06 00:20:30+02:00,50.0
2022-06-06 00:21:30+02:00,92.0
2022-06-06 00:22:30+02:00,91.7
2022-06-06 00:23:30+02:00,91.3
2022-06-06 00:24:30+02:00,91.1
2022-06-06 00:25:30+02:00,91.1
2022-06-06 00:26:31+02:00,90.9
2022-06-06 00:27:31+02:00,90.8
2022-06-06 00:28:31+02:00,90.8
2022-06-06 00:29:31+02:00,90.7
2022-06-06 00:30:31+02:00,90.8
2022-06-06 00:31:31+02:00,90.9
2022-06-06 00:32:31+02:00,50.0
2022-06-06 00:33:31+02:00,91.4
2022-06-06 00:34:32+02:00,91.9
2022-06-06 00:35:32+02:00,92.4
2022-06-06 00:36:32+02:00,92.7
2022-06-06 00:37:32+02:00,92.8
2022-06-06 00:38:32+02:00,50.0
2022-06-06 00:39:32+02:00,92.7
2022-06-06 00:40:32+02:00,92.5
2022-06-06 00:41:33+02:00,92.3
2022-06-06 00:42:33+02:00,92.3
2022-06-06 00:43:33+02:00,92.3
2022-06-06 00:44:33+02:00,92.3
2022-06-06 00:45:33+02:00,92.2
2022-06-06 00:46:33+02:00,92.2
2022-06-06 00:47:33+02:00,92.2
2022-06-06 00:48:34+02:00,92.3
2022-06-06 00:49:34+02:00,92.3
2022-06-06 00:50:34+02:00,50.0
2022-06-06 00:51:34+02:00,92.7
2022-06-06 00:52:34+02:00,92.7
2022-06-06 00:53:34+02:00,92.8
2022-06-06 00:54:34+02:00,92.8
2022-06-06 00:55:35+02:00,92.9
2022-06-06 00:56:35+02:00,93.0
2022-06-06 00:57:35+02:00,50.0
2022-06-06 00:58:35+02:00,50.0
2022-06-06 00:59:35+02:00,93.2
2022-06-06 01:00:35+02:00,94.1
2022-06-06 01:01:35+02:00,94.1
2022-06-06 01:02:36+02:00,94.2
2022-06-06 01:03:36+02:00,93.9
2022-06-06 01:04:36+02:00,93.5
2022-06-06 01:05:36+02:00,93.3
2022-06-06 01:06:36+02:00,93.4
2022-06-06 01:07:36+02:00,93.3
2022-06-06 01:08:36+02:00,92.2
2022-06-06 01:09:37+02:00,92.4
2022-06-06 01:10:37+02:00,92.6
2022-06-06 01:11:37+02:00,93.0
2022-06-06 01:12:37+02:00,93.3
2022-06-06 01:13:37+02:00,93.4
2022-06-06 01:14:37+02:00,93.7
2022-06-06 01:15:38+02:00,50.0
2022-06-06 01:16:38+02:00,94.2
2022-06-06 01:17:38+02:00,50.0
2022-06-06 01:18:38+02:00,50.0
2022-06-06 01:19:38+02:00,93.1
2022-06-06 01:20:38+02:00,50.0
2022-06-06 01:21:38+02:00,93.3
2022-06-06 01:22:38+02:00,50.0
2022-06-06 01:23:39+02:00,50.0
2022-06-06 01:24:39+02:00,50.0
2022-06-06 01:25:39+02:00,50.0
2022-06-06 01:26:39+02:00,93.4
2022-06-06 01:27:39+02:00,92.8
2022-06-06 01:28:39+02:00,92.2
2022-06-06 01:29:39+02:00,91.7
2022-06-06 01:30:40+02:00,91.4
2022-06-06 01:31:40+02:00,90.9
2022-06-06 01:32:40+02:00,90.5
2022-06-06 01:33:40+02:00,90.3
2022-06-06 01:34:40+02:00,50.0
2022-06-06 01:35:40+02:00,90.8
2022-06-06 01:36:40+02:00,91.3
2022-06-06 01:37:40+02:00,91.7
2022-06-06 01:38:41+02:00,92.0
2022-06-06 01:39:41+02:00,92.1
2022-06-06 01:40:41+02:00,92.2
2022-06-06 01:41:41+02:00,92.2
2022-06-06 01:42:41+02:00,92.3
2022-06-06 01:43:41+02:00,92.3
2022-06-06 01:44:42+02:00,92.2
2022-06-06 01:45:42+02:00,92.3
2022-06-06 01:46:42+02:00,92.3
2022-06-06 01:47:42+02:00,92.5
2022-06-06 01:48:42+02:00,92.7
2022-06-06 01:49:42+02:00,92.8
2022-06-06 01:50:42+02:00,92.9
2022-06-06 01:51:42+02:00,92.9
2022-06-06 01:52:43+02:00,92.9
2022-06-06 01:53:43+02:00,93.0
2022-06-06 01:54:43+02:00,93.0
2022-06-06 01:55:43+02:00,93.0
2022-06-06 01:56:43+02:00,93.0
2022-06-06 01:57:43+02:00,93.0
2022-06-06 01:58:44+02:00,93.0
2022-06-06 01:59:44+02:00,93.0
2022-06-06 02:00:44+02:00,93.0
2022-06-06 02:00:44+02:00,93.0
2022-06-06 02:01:44+02:00,93.0
2022-06-06 02:02:44+02:00,93.1
2022-06-06 02:03:44+02:00,93.1
2022-06-06 02:04:44+02:00,50.0
2022-06-06 02:05:45+02:00,92.8
2022-06-06 02:06:45+02:00,92.4
2022-06-06 02:07:45+02:00,92.2
2022-06-06 02:08:45+02:00,92.2
2022-06-06 02:09:45+02:00,92.1
2022-06-06 02:10:45+02:00,92.2
2022-06-06 02:11:45+02:00,92.2
2022-06-06 02:12:46+02:00,92.2
2022-06-06 02:13:46+02:00,92.3
2022-06-06 02:14:46+02:00,92.4
2022-06-06 02:15:46+02:00,92.5
2022-06-06 02:16:46+02:00,92.6
2022-06-06 02:17:46+02:00,92.4
2022-06-06 02:18:46+02:00,50.0
2022-06-06 02:19:47+02:00,92.8
2022-06-06 02:20:47+02:00,93.4
2022-06-06 02:21:47+02:00,93.9
2022-06-06 02:22:47+02:00,94.2
2022-06-06 02:23:47+02:00,94.7
2022-06-06 02:24:47+02:00,95.1
2022-06-06 02:25:47+02:00,95.5
2022-06-06 02:26:48+02:00,95.8
2022-06-06 02:27:48+02:00,50.0
2022-06-06 02:28:48+02:00,95.6
2022-06-06 02:29:48+02:00,95.3
2022-06-06 02:30:48+02:00,94.9
2022-06-06 02:31:48+02:00,94.5
2022-06-06 02:32:48+02:00,94.0
2022-06-06 02:33:49+02:00,94.2
2022-06-06 02:34:49+02:00,94.3
2022-06-06 02:35:49+02:00,94.6
2022-06-06 02:36:49+02:00,50.0
2022-06-06 02:37:49+02:00,94.8
2022-06-06 02:38:49+02:00,95.5
2022-06-06 02:39:49+02:00,86.6
2022-06-06 02:40:50+02:00,78.9
2022-06-06 02:41:50+02:00,76.5
2022-06-06 02:42:50+02:00,76.2
2022-06-06 02:43:50+02:00,76.3
2022-06-06 02:44:50+02:00,76.4
2022-06-06 02:45:50+02:00,79.1
2022-06-06 02:46:51+02:00,83.5
2022-06-06 02:47:51+02:00,86.9
2022-06-06 02:48:51+02:00,89.3
2022-06-06 02:49:51+02:00,90.5
2022-06-06 02:50:51+02:00,91.5
2022-06-06 02:51:51+02:00,92.7
2022-06-06 02:52:51+02:00,93.3
2022-06-06 02:53:52+02:00,93.3
2022-06-06 02:54:52+02:00,93.4
2022-06-06 02:55:52+02:00,93.8
2022-06-06 02:56:52+02:00,94.2
2022-06-06 02:57:52+02:00,94.2
2022-06-06 02:58:52+02:00,94.6
2022-06-06 02:59:52+02:00,50.0
2022-06-06 03:00:53+02:00,93.7
2022-06-06 03:01:53+02:00,93.1
2022-06-06 03:02:53+02:00,92.4
2022-06-06 03:03:53+02:00,91.5
2022-06-06 03:04:53+02:00,91.1
2022-06-06 03:05:53+02:00,91.2
2022-06-06 03:06:53+02:00,90.9
2022-06-06 03:07:54+02:00,90.4
2022-06-06 03:08:54+02:00,91.0
2022-06-06 03:09:54+02:00,91.9
2022-06-06 03:10:54+02:00,91.9
2022-06-06 03:11:54+02:00,91.1
2022-06-06 03:12:54+02:00,89.9
2022-06-06 03:13:55+02:00,50.0
2022-06-06 03:14:55+02:00,90.3
2022-06-06 03:15:55+02:00,91.7
2022-06-06 03:16:55+02:00,50.0
2022-06-06 03:17:55+02:00,94.1
2022-06-06 03:18:55+02:00,95.4
2022-06-06 03:19:55+02:00,96.5
2022-06-06 03:20:55+02:00,97.3
2022-06-06 03:21:56+02:00,97.9
2022-06-06 03:22:56+02:00,98.3
2022-06-06 03:23:56+02:00,98.3
2022-06-06 03:24:56+02:00,98.5
2022-06-06 03:25:56+02:00,50.0
2022-06-06 03:26:56+02:00,97.7
2022-06-06 03:27:57+02:00,96.8
2022-06-06 03:28:57+02:00,96.7
2022-06-06 03:29:57+02:00,95.8
2022-06-06 03:30:57+02:00,95.4
2022-06-06 03:31:57+02:00,95.0
2022-06-06 03:32:57+02:00,94.8
2022-06-06 03:33:57+02:00,94.6
2022-06-06 03:34:58+02:00,94.6
2022-06-06 03:35:58+02:00,50.0
2022-06-06 03:36:58+02:00,94.4
2022-06-06 03:37:58+02:00,93.4
2022-06-06 03:38:58+02:00,92.3
2022-06-06 03:39:58+02:00,50.0
2022-06-06 03:40:59+02:00,94.1
2022-06-06 03:41:59+02:00,50.0
2022-06-06 03:42:59+02:00,50.0
2022-06-06 03:43:59+02:00,93.9
2022-06-06 03:44:59+02:00,93.2
2022-06-06 03:45:59+02:00,93.0
2022-06-06 03:46:59+02:00,93.2
2022-06-06 03:47:59+02:00,93.1
2022-06-06 03:49:00+02:00,93.5
2022-06-06 03:50:00+02:00,93.4
2022-06-06 03:51:00+02:00,93.3
2022-06-06 03:52:00+02:00,93.3
2022-06-06 03:53:00+02:00,93.2
2022-06-06 03:54:00+02:00,92.8
2022-06-06 03:55:00+02:00,93.1
2022-06-06 03:56:00+02:00,93.0
2022-06-06 03:57:01+02:00,93.3
2022-06-06 03:58:01+02:00,93.3
2022-06-06 03:59:01+02:00,93.4
2022-06-06 04:00:01+02:00,93.4
2022-06-06 04:01:01+02:00,93.5
2022-06-06 04:02:01+02:00,93.4
2022-06-06 04:03:01+02:00,93.2
2022-06-06 04:04:01+02:00,93.3
2022-06-06 04:05:02+02:00,93.6
2022-06-06 04:06:02+02:00,93.6
2022-06-06 04:07:02+02:00,93.3
2022-06-06 04:08:02+02:00,93.2
2022-06-06 04:09:02+02:00,93.1
2022-06-06 04:10:02+02:00,93.4
2022-06-06 04:11:02+02:00,93.1
2022-06-06 04:12:02+02:00,93.2
2022-06-06 04:13:02+02:00,93.3
2022-06-06 04:14:03+02:00,93.5
2022-06-06 04:15:03+02:00,93.4
2022-06-06 04:16:03+02:00,93.2
2022-06-06 04:17:03+02:00,93.0
2022-06-06 04:18:03+02:00,92.9
2022-06-06 04:19:03+02:00,92.9
2022-06-06 04:20:03+02:00,92.8
2022-06-06 04:21:04+02:00,92.7
2022-06-06 04:22:04+02:00,92.6
2022-06-06 04:23:04+02:00,92.8
2022-06-06 04:24:04+02:00,92.9
2022-06-06 04:25:04+02:00,92.7
2022-06-06 04:26:04+02:00,92.5
2022-06-06 04:27:04+02:00,92.3
2022-06-06 04:28:05+02:00,92.4
2022-06-06 04:29:05+02:00,92.5
2022-06-06 04:30:05+02:00,92.5
2022-06-06 04:31:05+02:00,92.4
2022-06-06 04:32:05+02:00,92.3
2022-06-06 04:33:05+02:00,92.6
2022-06-06 04:34:05+02:00,92.5
2022-06-06 04:35:06+02:00,50.0
2022-06-06 04:36:06+02:00,92.7
2022-06-06 04:37:06+02:00,92.6
2022-06-06 04:38:06+02:00,92.1
2022-06-06 04:39:06+02:00,92.3
2022-06-06 04:40:06+02:00,50.0
2022-06-06 04:41:06+02:00,50.0
2022-06-06 04:42:06+02:00,50.0
2022-06-06 04:43:07+02:00,93.3
2022-06-06 04:44:07+02:00,50.0
2022-06-06 04:45:07+02:00,94.3
2022-06-06 04:46:07+02:00,50.0
2022-06-06 04:47:07+02:00,95.7
2022-06-06 04:48:07+02:00,96.4
2022-06-06 04:49:08+02:00,50.0
2022-06-06 04:50:08+02:00,50.0
2022-06-06 04:51:08+02:00,96.6
2022-06-06 04:52:08+02:00,96.8
2022-06-06 04:53:08+02:00,96.6
2022-06-06 04:54:08+02:00,96.2
2022-06-06 04:55:08+02:00,96.0
2022-06-06 04:56:09+02:00,95.9
2022-06-06 04:57:09+02:00,95.6
2022-06-06 04:58:09+02:00,94.6
2022-06-06 04:59:09+02:00,94.8
2022-06-06 05:00:09+02:00,95.2
2022-06-06 05:01:09+02:00,95.4
2022-06-06 05:02:09+02:00,95.6
2022-06-06 05:03:10+02:00,95.8
2022-06-06 05:04:10+02:00,95.4
2022-06-06 05:05:10+02:00,96.3
2022-06-06 05:06:10+02:00,97.1
2022-06-06 05:07:10+02:00,96.4
2022-06-06 05:08:10+02:00,50.0
2022-06-06 05:09:11+02:00,95.9
2022-06-06 05:10:11+02:00,95.7
2022-06-06 05:11:11+02:00,50.0
2022-06-06 05:12:11+02:00,50.0
2022-06-06 05:13:11+02:00,94.7
2022-06-06 05:14:11+02:00,90.9
2022-06-06 05:15:11+02:00,87.9
2022-06-06 05:16:12+02:00,88.4
2022-06-06 05:17:12+02:00,88.8
2022-06-06 05:18:12+02:00,91.3
2022-06-06 05:19:12+02:00,93.5
2022-06-06 05:20:12+02:00,94.4
2022-06-06 05:21:12+02:00,95.5
2022-06-06 05:22:12+02:00,95.8
2022-06-06 05:23:13+02:00,50.0
2022-06-06 05:24:13+02:00,95.1
2022-06-06 05:25:13+02:00,94.8
2022-06-06 05:26:13+02:00,94.4
2022-06-06 05:27:13+02:00,94.4
2022-06-06 05:28:13+02:00,50.0
2022-06-06 05:29:13+02:00,95.2
2022-06-06 05:30:14+02:00,96.2
2022-06-06 05:31:14+02:00,96.9
2022-06-06 05:32:14+02:00,97.2
2022-06-06 05:33:14+02:00,50.0
2022-06-06 05:34:14+02:00,96.5
2022-06-06 05:35:14+02:00,95.6
2022-06-06 05:36:14+02:00,95.2
2022-06-06 05:37:15+02:00,95.0
2022-06-06 05:38:15+02:00,50.0
2022-06-06 05:39:15+02:00,94.5
2022-06-06 05:40:15+02:00,94.4
2022-06-06 05:41:15+02:00,94.5
2022-06-06 05:42:15+02:00,50.0
2022-06-06 05:43:16+02:00,94.0
2022-06-06 05:44:16+02:00,93.4
2022-06-06 05:45:16+02:00,93.2
2022-06-06 05:46:16+02:00,93.1
2022-06-06 05:47:16+02:00,92.9
2022-06-06 05:48:16+02:00,92.7
2022-06-06 05:49:16+02:00,92.6
2022-06-06 05:50:17+02:00,50.0
2022-06-06 05:51:17+02:00,93.3
2022-06-06 05:52:17+02:00,93.7
2022-06-06 05:53:17+02:00,93.7
2022-06-06 05:54:17+02:00,93.8
2022-06-06 05:55:17+02:00,93.8
2022-06-06 05:56:17+02:00,93.6
2022-06-06 05:57:18+02:00,93.7
2022-06-06 05:58:18+02:00,50.0
2022-06-06 05:59:18+02:00,93.1
2022-06-06 06:00:18+02:00,92.6
2022-06-06 06:01:18+02:00,92.4
2022-06-06 06:02:18+02:00,92.0
2022-06-06 06:03:19+02:00,91.6
2022-06-06 06:04:19+02:00,50.0
2022-06-06 06:05:19+02:00,92.2
2022-06-06 06:06:19+02:00,50.0
2022-06-06 06:07:19+02:00,50.0
2022-06-06 06:08:19+02:00,50.0
2022-06-06 06:09:19+02:00,50.0
2022-06-06 06:10:19+02:00,50.0
2022-06-06 06:11:20+02:00,50.0
2022-06-06 06:12:20+02:00,50.0
2022-06-06 06:13:20+02:00,50.0
2022-06-06 06:14:20+02:00,50.0
2022-06-06 06:15:20+02:00,50.0
2022-06-06 06:16:21+02:00,50.0
2022-06-06 06:17:21+02:00,50.0
2022-06-06 06:18:21+02:00,50.0
2022-06-06 06:19:21+02:00,50.0
2022-06-06 06:20:21+02:00,50.0
2022-06-06 06:21:21+02:00,50.0
2022-06-06 06:22:22+02:00,50.0
2022-06-06 06:23:22+02:00,50.0
2022-06-06 06:24:22+02:00,50.0
2022-06-06 06:25:22+02:00,50.0
2022-06-06 06:26:22+02:00,50.0
2022-06-06 06:27:23+02:00,50.0
2022-06-06 06:28:23+02:00,50.0
2022-06-06 06:29:23+02:00,50.0
2022-06-06 06:30:23+02:00,50.0
2022-06-06 06:31:23+02:00,50.0
2022-06-06 06:32:24+02:00,50.0
2022-06-06 06:33:24+02:00,50.0
2022-06-06 06:34:24+02:00,50.0
2022-06-06 06:35:24+02:00,50.0
2022-06-06 06:36:24+02:00,50.0
2022-06-06 06:37:24+02:00,50.0
2022-06-06 23:29:30+02:00,90.3
2022-06-06 23:30:30+02:00,90.3
2022-06-06 23:31:30+02:00,90.9
2022-06-06 23:32:30+02:00,91.5
2022-06-06 23:33:30+02:00,50.0
2022-06-06 23:34:30+02:00,91.7
2022-06-06 23:35:30+02:00,90.7
2022-06-06 23:36:30+02:00,90.5
2022-06-06 23:37:30+02:00,90.3
2022-06-06 23:38:30+02:00,89.5
2022-06-06 23:39:30+02:00,88.8
2022-06-06 23:40:30+02:00,88.4
2022-06-06 23:41:30+02:00,88.2
2022-06-06 23:42:30+02:00,88.2
2022-06-06 23:43:31+02:00,87.7
2022-06-06 23:44:31+02:00,50.0
2022-06-06 23:45:31+02:00,87.2
2022-06-06 23:46:31+02:00,86.3
2022-06-06 23:47:31+02:00,85.8
2022-06-06 23:48:31+02:00,85.5
2022-06-06 23:49:31+02:00,85.6
2022-06-06 23:50:31+02:00,85.8
2022-06-06 23:51:31+02:00,85.9
2022-06-06 23:52:32+02:00,85.2
2022-06-06 23:53:32+02:00,86.0
2022-06-06 23:54:32+02:00,86.4
2022-06-06 23:55:32+02:00,87.2
2022-06-06 23:56:32+02:00,86.8
2022-06-06 23:57:32+02:00,87.1
2022-06-06 23:58:32+02:00,50.0
2022-06-06 23:59:33+02:00,87.4
2022-06-07 00:00:33+02:00,88.3
2022-06-07 00:01:33+02:00,88.9
2022-06-07 00:02:33+02:00,89.3
2022-06-07 00:03:33+02:00,89.7
2022-06-07 00:04:33+02:00,89.9
2022-06-07 00:05:33+02:00,90.0
2022-06-07 00:06:34+02:00,50.0
2022-06-07 00:07:34+02:00,89.8
2022-06-07 00:08:34+02:00,50.0
2022-06-07 00:09:34+02:00,89.3
2022-06-07 00:10:34+02:00,90.2
2022-06-07 00:11:34+02:00,90.9
2022-06-07 00:12:34+02:00,91.3
2022-06-07 00:13:35+02:00,91.6
2022-06-07 00:14:35+02:00,91.8
2022-06-07 00:15:35+02:00,92.0
2022-06-07 00:16:35+02:00,92.1
2022-06-07 00:17:35+02:00,92.2
2022-06-07 00:18:35+02:00,92.3
2022-06-07 00:19:35+02:00,92.4
2022-06-07 00:20:36+02:00,92.5
2022-06-07 00:21:36+02:00,92.7
2022-06-07 00:22:36+02:00,92.7
2022-06-07 00:23:36+02:00,92.6
2022-06-07 00:24:36+02:00,92.5
2022-06-07 00:25:36+02:00,92.5
2022-06-07 00:26:36+02:00,92.3
2022-06-07 00:27:37+02:00,92.1
2022-06-07 00:28:37+02:00,91.7
2022-06-07 00:29:37+02:00,91.1
2022-06-07 00:30:37+02:00,90.8
2022-06-07 00:31:37+02:00,90.3
2022-06-07 00:32:37+02:00,90.3
2022-06-07 00:33:37+02:00,90.7
2022-06-07 00:34:38+02:00,50.0
2022-06-07 00:35:38+02:00,91.7
2022-06-07 00:36:38+02:00,91.9
2022-06-07 00:37:38+02:00,92.1
2022-06-07 00:38:38+02:00,91.8
2022-06-07 00:39:38+02:00,92.1
2022-06-07 00:40:38+02:00,92.4
2022-06-07 00:41:39+02:00,92.5
2022-06-07 00:42:39+02:00,92.5
2022-06-07 00:43:39+02:00,93.0
2022-06-07 00:44:39+02:00,93.6
2022-06-07 00:45:39+02:00,94.2
2022-06-07 00:46:39+02:00,94.4
2022-06-07 00:47:40+02:00,94.6
2022-06-07 00:48:40+02:00,94.7
2022-06-07 00:49:40+02:00,94.7
2022-06-07 00:50:40+02:00,94.8
2022-06-07 00:51:40+02:00,94.5
2022-06-07 00:52:40+02:00,94.2
2022-06-07 00:53:40+02:00,94.2
2022-06-07 00:54:41+02:00,94.4
2022-06-07 00:55:41+02:00,94.6
2022-06-07 00:56:41+02:00,94.6
2022-06-07 00:57:41+02:00,95.1
2022-06-07 00:58:41+02:00,95.2
2022-06-07 00:59:41+02:00,95.5
2022-06-07 01:00:41+02:00,95.6
2022-06-07 01:01:42+02:00,95.5
2022-06-07 01:02:42+02:00,95.5
2022-06-07 01:03:42+02:00,95.4
2022-06-07 01:04:42+02:00,95.4
2022-06-07 01:05:42+02:00,95.3
2022-06-07 01:06:42+02:00,95.4
2022-06-07 01:07:42+02:00,95.2
2022-06-07 01:08:43+02:00,95.2
2022-06-07 01:09:43+02:00,95.0
2022-06-07 01:10:43+02:00,94.7
2022-06-07 01:11:43+02:00,94.6
2022-06-07 01:12:43+02:00,95.4
2022-06-07 01:13:43+02:00,96.1
2022-06-07 01:14:44+02:00,96.5
2022-06-07 01:15:44+02:00,96.7
2022-06-07 01:16:44+02:00,96.9
2022-06-07 01:17:44+02:00,97.1
2022-06-07 01:18:44+02:00,96.3
2022-06-07 01:19:44+02:00,96.6
2022-06-07 01:20:44+02:00,96.9
2022-06-07 01:21:45+02:00,96.9
2022-06-07 01:22:45+02:00,97.1
2022-06-07 01:23:45+02:00,97.1
2022-06-07 01:24:45+02:00,97.3
2022-06-07 01:25:45+02:00,50.0
2022-06-07 01:26:45+02:00,96.9
2022-06-07 01:27:45+02:00,96.0
2022-06-07 01:28:46+02:00,95.3
2022-06-07 01:29:46+02:00,94.7
2022-06-07 01:30:46+02:00,94.4
2022-06-07 01:31:46+02:00,94.0
2022-06-07 01:32:46+02:00,93.7
2022-06-07 01:33:46+02:00,93.5
2022-06-07 01:34:46+02:00,93.6
2022-06-07 01:35:46+02:00,93.6
2022-06-07 01:36:47+02:00,93.8
2022-06-07 01:37:47+02:00,93.9
2022-06-07 01:38:47+02:00,93.9
2022-06-07 01:39:47+02:00,94.1
2022-06-07 01:40:47+02:00,94.3
2022-06-07 01:41:47+02:00,94.5
2022-06-07 01:42:48+02:00,94.4
2022-06-07 01:43:48+02:00,94.5
2022-06-07 01:44:48+02:00,94.6
2022-06-07 01:45:48+02:00,94.7
2022-06-07 01:46:48+02:00,94.7
2022-06-07 01:47:48+02:00,94.7
2022-06-07 01:48:48+02:00,94.8
2022-06-07 01:49:49+02:00,94.9
2022-06-07 01:50:49+02:00,94.7
2022-06-07 01:51:49+02:00,94.7
2022-06-07 01:52:49+02:00,94.5
2022-06-07 01:53:49+02:00,94.6
2022-06-07 01:54:49+02:00,94.4
2022-06-07 01:55:49+02:00,94.4
2022-06-07 01:56:50+02:00,94.2
2022-06-07 01:57:50+02:00,94.2
2022-06-07 01:58:50+02:00,94.4
2022-06-07 01:59:50+02:00,94.5
2022-06-07 02:00:50+02:00,94.7
2022-06-07 02:00:50+02:00,94.7
2022-06-07 02:01:50+02:00,94.8
2022-06-07 02:02:51+02:00,94.8
2022-06-07 02:03:51+02:00,94.8
2022-06-07 02:04:51+02:00,50.0
2022-06-07 02:05:51+02:00,95.6
2022-06-07 02:06:51+02:00,96.0
2022-06-07 02:07:51+02:00,50.0
2022-06-07 02:08:51+02:00,50.0
2022-06-07 02:09:52+02:00,93.8
2022-06-07 02:10:52+02:00,89.4
2022-06-07 02:11:52+02:00,87.1
2022-06-07 02:12:52+02:00,87.9
2022-06-07 02:13:52+02:00,88.3
2022-06-07 02:14:52+02:00,88.6
2022-06-07 02:15:52+02:00,88.7
2022-06-07 02:16:53+02:00,88.4
2022-06-07 02:17:53+02:00,87.7
2022-06-07 02:18:53+02:00,87.7
2022-06-07 02:19:53+02:00,87.7
2022-06-07 02:20:53+02:00,88.0
2022-06-07 02:21:53+02:00,88.3
2022-06-07 02:22:53+02:00,88.7
2022-06-07 02:23:54+02:00,89.0
2022-06-07 02:24:54+02:00,50.0
2022-06-07 02:25:54+02:00,89.7
2022-06-07 02:26:54+02:00,91.5
2022-06-07 02:27:54+02:00,50.0
2022-06-07 02:28:54+02:00,50.0
2022-06-07 02:29:54+02:00,92.8
2022-06-07 02:30:55+02:00,92.5
2022-06-07 02:31:55+02:00,92.4
2022-06-07 02:32:55+02:00,92.3
2022-06-07 02:33:55+02:00,92.3
2022-06-07 02:34:55+02:00,92.3
2022-06-07 02:35:55+02:00,50.0
2022-06-07 02:36:55+02:00,92.0
2022-06-07 02:37:56+02:00,92.1
2022-06-07 02:38:56+02:00,92.1
2022-06-07 02:39:56+02:00,50.0
2022-06-07 02:40:56+02:00,92.2
2022-06-07 02:41:56+02:00,92.8
2022-06-07 02:42:56+02:00,93.1
2022-06-07 02:43:57+02:00,93.4
2022-06-07 02:44:57+02:00,93.6
2022-06-07 02:45:57+02:00,50.0
2022-06-07 02:46:57+02:00,93.4
2022-06-07 02:47:57+02:00,93.2
2022-06-07 02:48:57+02:00,93.1
2022-06-07 02:49:57+02:00,93.1
2022-06-07 02:50:58+02:00,50.0
2022-06-07 02:51:58+02:00,93.2
2022-06-07 02:52:58+02:00,50.0
2022-06-07 02:53:58+02:00,50.0
2022-06-07 02:54:58+02:00,93.9
2022-06-07 02:55:58+02:00,94.2
2022-06-07 02:56:59+02:00,93.9
2022-06-07 02:57:59+02:00,93.7
2022-06-07 02:58:59+02:00,50.0
2022-06-07 02:59:59+02:00,94.1
2022-06-07 03:00:59+02:00,94.1
2022-06-07 03:01:59+02:00,93.9
2022-06-07 03:02:59+02:00,93.7
2022-06-07 03:04:00+02:00,93.5
2022-06-07 03:05:00+02:00,50.0
2022-06-07 03:06:00+02:00,93.1
2022-06-07 03:07:00+02:00,92.4
2022-06-07 03:08:00+02:00,91.8
2022-06-07 03:09:00+02:00,91.5
2022-06-07 03:10:00+02:00,50.0
2022-06-07 03:11:00+02:00,91.3
2022-06-07 03:12:01+02:00,90.7
2022-06-07 03:13:01+02:00,91.1
2022-06-07 03:14:01+02:00,91.0
2022-06-07 03:15:01+02:00,90.6
2022-06-07 03:16:01+02:00,90.6
2022-06-07 03:17:01+02:00,50.0
2022-06-07 03:18:01+02:00,90.8
2022-06-07 03:19:01+02:00,90.5
2022-06-07 03:20:02+02:00,90.4
2022-06-07 03:21:02+02:00,90.5
2022-06-07 03:22:02+02:00,90.8
2022-06-07 03:23:02+02:00,91.1
2022-06-07 03:24:02+02:00,91.3
2022-06-07 03:25:02+02:00,91.4
2022-06-07 03:26:02+02:00,91.4
2022-06-07 03:27:02+02:00,91.5
2022-06-07 03:28:03+02:00,91.5
2022-06-07 03:29:03+02:00,91.4
2022-06-07 03:30:03+02:00,92.3
2022-06-07 03:31:03+02:00,93.0
2022-06-07 03:32:03+02:00,93.4
2022-06-07 03:33:03+02:00,93.6
2022-06-07 03:34:03+02:00,93.7
2022-06-07 03:35:04+02:00,93.8
2022-06-07 03:36:04+02:00,93.4
2022-06-07 03:37:04+02:00,93.4
2022-06-07 03:38:04+02:00,93.4
2022-06-07 03:39:04+02:00,50.0
2022-06-07 03:40:04+02:00,93.4
2022-06-07 03:41:04+02:00,93.2
2022-06-07 03:42:04+02:00,93.0
2022-06-07 03:43:04+02:00,93.1
2022-06-07 03:44:05+02:00,50.0
2022-06-07 03:45:05+02:00,92.6
2022-06-07 03:46:05+02:00,92.6
2022-06-07 03:47:05+02:00,92.4
2022-06-07 03:48:05+02:00,91.8
2022-06-07 03:49:05+02:00,91.5
2022-06-07 03:50:05+02:00,91.8
2022-06-07 03:51:06+02:00,91.7
2022-06-07 03:52:06+02:00,91.7
2022-06-07 03:53:06+02:00,91.7
2022-06-07 03:54:06+02:00,91.2
2022-06-07 03:55:06+02:00,90.7
2022-06-07 03:56:06+02:00,90.4
2022-06-07 03:57:06+02:00,90.1
2022-06-07 03:58:07+02:00,90.0
2022-06-07 03:59:07+02:00,90.5
2022-06-07 04:00:07+02:00,91.6
2022-06-07 04:01:07+02:00,92.0
2022-06-07 04:02:07+02:00,92.2
2022-06-07 04:03:07+02:00,92.5
2022-06-07 04:04:08+02:00,92.6
2022-06-07 04:05:08+02:00,92.8
2022-06-07 04:06:08+02:00,93.1
2022-06-07 04:07:08+02:00,93.3
2022-06-07 04:08:08+02:00,93.2
2022-06-07 04:09:08+02:00,93.2
2022-06-07 04:10:08+02:00,50.0
2022-06-07 04:11:09+02:00,92.9
2022-06-07 04:12:09+02:00,89.2
2022-06-07 04:13:09+02:00,85.9
2022-06-07 04:14:09+02:00,83.7
2022-06-07 04:15:09+02:00,81.6
2022-06-07 04:16:09+02:00,80.3
2022-06-07 04:17:10+02:00,78.6
2022-06-07 04:18:10+02:00,78.1
2022-06-07 04:19:10+02:00,78.2
2022-06-07 04:20:10+02:00,77.7
2022-06-07 04:21:10+02:00,78.2
2022-06-07 04:22:10+02:00,78.4
2022-06-07 04:23:10+02:00,78.1
2022-06-07 04:24:11+02:00,78.7
2022-06-07 04:25:11+02:00,78.6
2022-06-07 04:26:11+02:00,79.0
2022-06-07 04:27:11+02:00,78.9
2022-06-07 04:28:11+02:00,79.2
2022-06-07 04:29:11+02:00,79.4
2022-06-07 04:30:11+02:00,79.5
2022-06-07 04:31:12+02:00,80.0
2022-06-07 04:32:12+02:00,80.5
2022-06-07 04:33:12+02:00,82.7
2022-06-07 04:34:12+02:00,84.4
2022-06-07 04:35:12+02:00,50.0
2022-06-07 04:36:12+02:00,85.6
2022-06-07 04:37:12+02:00,87.2
2022-06-07 04:38:13+02:00,88.2
2022-06-07 04:39:13+02:00,89.0
2022-06-07 04:40:13+02:00,89.9
2022-06-07 04:41:13+02:00,90.2
2022-06-07 04:42:13+02:00,90.7
2022-06-07 04:43:13+02:00,91.2
2022-06-07 04:44:14+02:00,91.4
2022-06-07 04:45:14+02:00,91.3
2022-06-07 04:46:14+02:00,50.0
2022-06-07 04:47:14+02:00,50.0
2022-06-07 04:48:14+02:00,91.2
2022-06-07 04:49:14+02:00,91.2
2022-06-07 04:50:14+02:00,91.2
2022-06-07 04:51:15+02:00,91.3
2022-06-07 04:52:15+02:00,91.6
2022-06-07 04:53:15+02:00,91.6
2022-06-07 04:54:15+02:00,91.6
2022-06-07 04:55:15+02:00,91.9
2022-06-07 04:56:15+02:00,92.1
2022-06-07 04:57:15+02:00,92.2
2022-06-07 04:58:16+02:00,50.0
2022-06-07 04:59:16+02:00,90.8
2022-06-07 05:00:16+02:00,89.4
2022-06-07 05:01:16+02:00,86.7
2022-06-07 05:02:16+02:00,87.1
2022-06-07 05:03:16+02:00,86.9
2022-06-07 05:04:17+02:00,86.9
2022-06-07 05:05:17+02:00,50.0
2022-06-07 05:06:17+02:00,88.2
2022-06-07 05:07:17+02:00,91.5
2022-06-07 05:08:17+02:00,93.5
2022-06-07 05:09:17+02:00,95.7
2022-06-07 05:10:17+02:00,97.5
2022-06-07 05:11:18+02:00,98.8
2022-06-07 05:12:18+02:00,99.3
2022-06-07 05:13:18+02:00,99.2
2022-06-07 05:14:18+02:00,99.7
2022-06-07 05:15:18+02:00,99.5
2022-06-07 05:16:18+02:00,99.7
2022-06-07 05:17:18+02:00,99.8
2022-06-07 05:18:19+02:00,99.9
2022-06-07 05:19:19+02:00,100.0
2022-06-07 05:20:19+02:00,100.0
2022-06-07 05:21:19+02:00,99.7
2022-06-07 05:22:19+02:00,99.8
2022-06-07 05:23:19+02:00,99.9
2022-06-07 05:24:19+02:00,100.0
2022-06-07 05:25:20+02:00,100.0
2022-06-07 05:26:20+02:00,100.0
2022-06-07 05:27:20+02:00,100.0
2022-06-07 05:28:20+02:00,98.8
2022-06-07 05:29:20+02:00,98.7
2022-06-07 05:30:20+02:00,98.6
2022-06-07 05:31:21+02:00,50.0
2022-06-07 05:32:21+02:00,98.2
2022-06-07 05:33:21+02:00,97.9
2022-06-07 05:34:21+02:00,97.7
2022-06-07 05:35:21+02:00,97.8
2022-06-07 05:36:21+02:00,98.4
2022-06-07 05:37:21+02:00,50.0
2022-06-07 05:38:21+02:00,98.4
2022-06-07 05:39:22+02:00,98.7
2022-06-07 05:40:22+02:00,98.8
2022-06-07 05:41:22+02:00,99.0
2022-06-07 05:42:22+02:00,98.7
2022-06-07 05:43:22+02:00,50.0
2022-06-07 05:44:22+02:00,97.6
2022-06-07 05:45:23+02:00,97.0
2022-06-07 05:46:23+02:00,96.3
2022-06-07 05:47:23+02:00,95.8
2022-06-07 05:48:23+02:00,95.5
2022-06-07 05:49:23+02:00,95.0
2022-06-07 05:50:23+02:00,95.0
2022-06-07 05:51:23+02:00,95.0
2022-06-07 05:52:24+02:00,94.7
2022-06-07 05:53:24+02:00,94.8
2022-06-07 05:54:24+02:00,50.0
2022-06-07 05:55:24+02:00,95.0
2022-06-07 05:56:24+02:00,96.2
2022-06-07 05:57:24+02:00,96.8
2022-06-07 05:58:25+02:00,97.1
2022-06-07 05:59:25+02:00,97.7
2022-06-07 06:00:25+02:00,50.0
2022-06-07 06:01:25+02:00,97.5
2022-06-07 06:02:25+02:00,96.9
2022-06-07 06:03:25+02:00,50.0
2022-06-07 06:04:25+02:00,50.0
2022-06-07 06:05:26+02:00,50.0
2022-06-07 06:06:26+02:00,50.0
2022-06-07 06:07:26+02:00,50.0
2022-06-07 06:08:26+02:00,50.0
2022-06-07 06:09:26+02:00,50.0
2022-06-07 06:10:26+02:00,50.0
2022-06-07 06:11:26+02:00,50.0
2022-06-07 06:12:26+02:00,50.0
2022-06-07 06:13:27+02:00,50.0
2022-06-07 06:14:27+02:00,50.0
2022-06-07 06:15:27+02:00,94.9
2022-06-07 06:16:27+02:00,50.0
2022-06-07 06:17:27+02:00,94.1
2022-06-07 06:18:27+02:00,94.3
2022-06-07 06:19:27+02:00,94.8
2022-06-07 06:20:27+02:00,50.0
2022-06-07 06:21:27+02:00,94.6
2022-06-07 06:22:28+02:00,50.0
2022-06-07 06:23:28+02:00,50.0
2022-06-07 06:24:28+02:00,94.3
2022-06-07 06:25:28+02:00,93.4
2022-06-07 06:26:28+02:00,93.7
2022-06-07 06:27:28+02:00,50.0
2022-06-07 06:28:28+02:00,92.9
2022-06-07 06:29:28+02:00,93.3
2022-06-07 06:30:29+02:00,92.5
2022-06-07 06:31:29+02:00,50.0
2022-06-07 06:32:29+02:00,50.0
2022-06-07 06:33:29+02:00,91.2
2022-06-07 06:34:29+02:00,90.9
2022-06-07 06:35:29+02:00,90.7
2022-06-07 06:36:29+02:00,90.7
2022-06-07 06:37:29+02:00,90.8
2022-06-07 06:38:29+02:00,91.3
2022-06-07 06:39:30+02:00,50.0
2022-06-07 06:40:30+02:00,50.0
2022-06-07 06:41:30+02:00,50.0
2022-06-07 06:42:30+02:00,50.0
2022-06-07 06:43:30+02:00,50.0
2022-06-07 06:44:30+02:00,50.0
2022-06-07 06:45:30+02:00,50.0
2022-06-07 06:46:30+02:00,50.0
2022-06-07 06:47:30+02:00,50.0
2022-06-07 06:48:30+02:00,50.0
2022-06-07 06:49:30+02:00,50.0
2022-06-07 06:50:30+02:00,50.0
2022-06-07 06:51:30+02:00,91.2
2022-06-07 06:52:31+02:00,50.0
2022-06-07 06:53:31+02:00,50.0
2022-06-07 06:54:31+02:00,50.0
2022-06-07 06:55:31+02:00,50.0
2022-06-07 06:56:31+02:00,50.0
2022-06-07 06:57:31+02:00,50.0
2022-06-07 06:58:31+02:00,50.0
2022-06-07 06:59:31+02:00,50.0
2022-06-07 07:00:31+02:00,50.0
2022-06-07 07:01:32+02:00,50.0
2022-06-07 07:02:32+02:00,50.0
2022-06-07 07:03:32+02:00,50.0
2022-06-07 07:04:32+02:00,50.0
2022-06-07 07:05:32+02:00,50.0
2022-06-07 07:06:32+02:00,50.0
2022-06-07 07:07:32+02:00,50.0
2022-06-07 07:08:33+02:00,50.0
2022-06-07 23:44:30+02:00,91.1
2022-06-07 23:45:30+02:00,91.8
2022-06-07 23:46:30+02:00,91.9
2022-06-07 23:47:30+02:00,92.1
2022-06-07 23:48:30+02:00,92.0
2022-06-07 23:49:30+02:00,94.9
2022-06-07 23:50:30+02:00,96.2
2022-06-07 23:51:30+02:00,96.9
2022-06-07 23:52:30+02:00,97.0
2022-06-07 23:53:30+02:00,96.6
2022-06-07 23:54:30+02:00,96.3
2022-06-07 23:55:30+02:00,96.9
2022-06-07 23:56:30+02:00,97.2
2022-06-07 23:57:31+02:00,97.5
2022-06-07 23:58:31+02:00,97.5
2022-06-07 23:59:31+02:00,97.2
2022-06-08 00:00:31+02:00,96.9
2022-06-08 00:01:31+02:00,96.3
2022-06-08 00:02:31+02:00,95.9
2022-06-08 00:03:31+02:00,95.5
2022-06-08 00:04:31+02:00,95.3
2022-06-08 00:05:31+02:00,92.7
2022-06-08 00:06:32+02:00,91.4
2022-06-08 00:07:32+02:00,90.8
2022-06-08 00:08:32+02:00,90.4
2022-06-08 00:09:32+02:00,90.4
2022-06-08 00:10:32+02:00,90.7
2022-06-08 00:11:32+02:00,90.9
2022-06-08 00:12:32+02:00,91.1
2022-06-08 00:13:32+02:00,91.2
2022-06-08 00:14:32+02:00,91.7
2022-06-08 00:15:33+02:00,92.5
2022-06-08 00:16:33+02:00,93.2
2022-06-08 00:17:33+02:00,93.8
2022-06-08 00:18:33+02:00,94.0
2022-06-08 00:19:33+02:00,94.1
2022-06-08 00:20:33+02:00,94.2
2022-06-08 00:21:33+02:00,94.5
2022-06-08 00:22:33+02:00,94.5
2022-06-08 00:23:34+02:00,94.0
2022-06-08 00:24:34+02:00,93.9
2022-06-08 00:25:34+02:00,94.0
2022-06-08 00:26:34+02:00,94.0
2022-06-08 00:27:34+02:00,94.0
2022-06-08 00:28:34+02:00,93.9
2022-06-08 00:29:34+02:00,94.0
2022-06-08 00:30:34+02:00,94.2
2022-06-08 00:31:34+02:00,93.7
2022-06-08 00:32:35+02:00,93.2
2022-06-08 00:33:35+02:00,93.1
2022-06-08 00:34:35+02:00,93.1
2022-06-08 00:35:35+02:00,93.5
2022-06-08 00:36:35+02:00,93.8
2022-06-08 00:37:35+02:00,93.8
2022-06-08 00:38:35+02:00,94.1
2022-06-08 00:39:35+02:00,94.2
2022-06-08 00:40:35+02:00,94.0
2022-06-08 00:41:36+02:00,94.3
2022-06-08 00:42:36+02:00,50.0
2022-06-08 00:43:36+02:00,50.0
2022-06-08 00:44:36+02:00,94.5
2022-06-08 00:45:36+02:00,94.8
2022-06-08 00:46:36+02:00,94.5
2022-06-08 00:47:36+02:00,50.0
2022-06-08 00:48:37+02:00,50.0
2022-06-08 00:49:37+02:00,92.2
2022-06-08 00:50:37+02:00,91.0
2022-06-08 00:51:37+02:00,50.0
2022-06-08 00:52:37+02:00,92.9
2022-06-08 00:53:37+02:00,93.1
2022-06-08 00:54:38+02:00,93.6
2022-06-08 00:55:38+02:00,94.3
2022-06-08 00:56:38+02:00,94.0
2022-06-08 00:57:38+02:00,93.4
2022-06-08 00:58:38+02:00,93.3
2022-06-08 00:59:38+02:00,93.8
2022-06-08 01:00:38+02:00,94.1
2022-06-08 01:01:39+02:00,94.4
2022-06-08 01:02:39+02:00,94.2
2022-06-08 01:03:39+02:00,93.6
2022-06-08 01:04:39+02:00,93.5
2022-06-08 01:05:39+02:00,94.5
2022-06-08 01:06:39+02:00,94.3
2022-06-08 01:07:39+02:00,95.1
2022-06-08 01:08:40+02:00,95.5
2022-06-08 01:09:40+02:00,94.9
2022-06-08 01:10:40+02:00,94.8
2022-06-08 01:11:40+02:00,94.5
2022-06-08 01:12:40+02:00,94.4
2022-06-08 01:13:40+02:00,94.4
2022-06-08 01:14:41+02:00,95.2
2022-06-08 01:15:41+02:00,95.1
2022-06-08 01:16:41+02:00,95.8
2022-06-08 01:17:41+02:00,96.3
2022-06-08 01:18:41+02:00,96.5
2022-06-08 01:19:41+02:00,96.1
2022-06-08 01:20:41+02:00,95.6
2022-06-08 01:21:42+02:00,95.6
2022-06-08 01:22:42+02:00,96.0
2022-06-08 01:23:42+02:00,95.9
2022-06-08 01:24:42+02:00,96.1
2022-06-08 01:25:42+02:00,95.7
2022-06-08 01:26:42+02:00,50.0
2022-06-08 01:27:42+02:00,96.0
2022-06-08 01:28:43+02:00,96.1
2022-06-08 01:29:43+02:00,96.2
2022-06-08 01:30:43+02:00,96.4
2022-06-08 01:31:43+02:00,96.2
2022-06-08 01:32:43+02:00,95.7
2022-06-08 01:33:43+02:00,50.0
2022-06-08 01:34:43+02:00,50.0
2022-06-08 01:35:44+02:00,95.9
2022-06-08 01:36:44+02:00,50.0
2022-06-08 01:37:44+02:00,96.0
2022-06-08 01:38:44+02:00,96.8
2022-06-08 01:39:44+02:00,95.6
2022-06-08 01:40:44+02:00,96.2
2022-06-08 01:41:44+02:00,95.7
2022-06-08 01:42:45+02:00,96.1
2022-06-08 01:43:45+02:00,95.7
2022-06-08 01:44:45+02:00,95.5
2022-06-08 01:45:45+02:00,95.1
2022-06-08 01:46:45+02:00,94.7
2022-06-08 01:47:45+02:00,95.3
2022-06-08 01:48:46+02:00,96.1
2022-06-08 01:49:46+02:00,95.3
2022-06-08 01:50:46+02:00,96.1
2022-06-08 01:51:46+02:00,96.8
2022-06-08 01:52:46+02:00,97.9
2022-06-08 01:53:46+02:00,50.0
2022-06-08 01:54:46+02:00,97.3
2022-06-08 01:55:47+02:00,91.8
2022-06-08 01:56:47+02:00,50.0
2022-06-08 01:57:47+02:00,50.0
2022-06-08 01:58:47+02:00,90.7
2022-06-08 01:59:47+02:00,92.5
2022-06-08 02:00:47+02:00,94.6
2022-06-08 02:00:47+02:00,94.6
2022-06-08 02:01:47+02:00,50.0
2022-06-08 02:02:47+02:00,50.0
2022-06-08 02:03:48+02:00,94.3
2022-06-08 02:04:48+02:00,94.3
2022-06-08 02:05:48+02:00,50.0
2022-06-08 02:06:48+02:00,94.5
2022-06-08 02:07:48+02:00,95.8
2022-06-08 02:08:48+02:00,97.6
2022-06-08 02:09:48+02:00,97.7
2022-06-08 02:10:49+02:00,50.0
2022-06-08 02:11:49+02:00,97.7
2022-06-08 02:12:49+02:00,96.9
2022-06-08 02:13:49+02:00,96.3
2022-06-08 02:14:49+02:00,95.9
2022-06-08 02:15:49+02:00,95.1
2022-06-08 02:16:49+02:00,95.3
2022-06-08 02:17:50+02:00,94.8
2022-06-08 02:18:50+02:00,95.0
2022-06-08 02:19:50+02:00,94.9
2022-06-08 02:20:50+02:00,95.0
2022-06-08 02:21:50+02:00,94.7
2022-06-08 02:22:50+02:00,94.5
2022-06-08 02:23:51+02:00,94.6
2022-06-08 02:24:51+02:00,50.0
2022-06-08 02:25:51+02:00,95.1
2022-06-08 02:26:51+02:00,97.6
2022-06-08 02:27:51+02:00,97.3
2022-06-08 02:28:51+02:00,95.2
2022-06-08 02:29:51+02:00,98.6
2022-06-08 02:30:52+02:00,99.7
2022-06-08 02:31:52+02:00,99.5
2022-06-08 02:32:52+02:00,99.1
2022-06-08 02:33:52+02:00,98.8
2022-06-08 02:34:52+02:00,98.1
2022-06-08 02:35:52+02:00,97.4
2022-06-08 02:36:53+02:00,96.8
2022-06-08 02:37:53+02:00,96.2
2022-06-08 02:38:53+02:00,96.1
2022-06-08 02:39:53+02:00,96.6
2022-06-08 02:40:53+02:00,96.8
2022-06-08 02:41:53+02:00,96.6
2022-06-08 02:42:53+02:00,96.6
2022-06-08 02:43:54+02:00,96.6
2022-06-08 02:44:54+02:00,96.9
2022-06-08 02:45:54+02:00,97.0
2022-06-08 02:46:54+02:00,97.1
2022-06-08 02:47:54+02:00,97.3
2022-06-08 02:48:54+02:00,97.4
2022-06-08 02:49:55+02:00,97.4
2022-06-08 02:50:55+02:00,97.4
2022-06-08 02:51:55+02:00,97.3
2022-06-08 02:52:55+02:00,97.3
2022-06-08 02:53:55+02:00,97.6
2022-06-08 02:54:55+02:00,97.7
2022-06-08 02:55:55+02:00,97.6
2022-06-08 02:56:56+02:00,97.7
2022-06-08 02:57:56+02:00,97.7
2022-06-08 02:58:56+02:00,97.5
2022-06-08 02:59:56+02:00,96.9
2022-06-08 03:00:56+02:00,50.0
2022-06-08 03:01:56+02:00,95.9
2022-06-08 03:02:57+02:00,94.9
2022-06-08 03:03:57+02:00,94.2
2022-06-08 03:04:57+02:00,93.8
2022-06-08 03:05:57+02:00,93.4
2022-06-08 03:06:57+02:00,92.7
2022-06-08 03:07:57+02:00,92.0
2022-06-08 03:08:57+02:00,91.9
2022-06-08 03:09:58+02:00,92.1
2022-06-08 03:10:58+02:00,92.4
2022-06-08 03:11:58+02:00,92.4
2022-06-08 03:12:58+02:00,92.3
2022-06-08 03:13:58+02:00,92.1
2022-06-08 03:14:58+02:00,92.1
2022-06-08 03:15:58+02:00,92.1
2022-06-08 03:16:59+02:00,50.0
2022-06-08 03:17:59+02:00,91.6
2022-06-08 03:18:59+02:00,90.9
2022-06-08 03:19:59+02:00,90.2
2022-06-08 03:20:59+02:00,90.7
2022-06-08 03:21:59+02:00,91.1
2022-06-08 03:23:00+02:00,90.6
2022-06-08 03:24:00+02:00,90.3
2022-06-08 03:25:00+02:00,90.0
2022-06-08 03:26:00+02:00,89.8
2022-06-08 03:27:00+02:00,89.7
2022-06-08 03:28:00+02:00,89.9
2022-06-08 03:29:00+02:00,89.1
2022-06-08 03:30:00+02:00,88.8
2022-06-08 03:31:01+02:00,89.4
2022-06-08 03:32:01+02:00,88.9
2022-06-08 03:33:01+02:00,89.0
2022-06-08 03:34:01+02:00,89.3
2022-06-08 03:35:01+02:00,89.0
2022-06-08 03:36:01+02:00,89.2
2022-06-08 03:37:01+02:00,89.7
2022-06-08 03:38:01+02:00,89.5
2022-06-08 03:39:02+02:00,89.7
2022-06-08 03:40:02+02:00,89.7
2022-06-08 03:41:02+02:00,90.0
2022-06-08 03:42:02+02:00,50.0
2022-06-08 03:43:02+02:00,92.1
2022-06-08 03:44:02+02:00,50.0
2022-06-08 03:45:02+02:00,90.0
2022-06-08 03:46:02+02:00,92.8
2022-06-08 03:47:02+02:00,50.0
2022-06-08 03:48:03+02:00,95.1
2022-06-08 03:49:03+02:00,97.5
2022-06-08 03:50:03+02:00,98.3
2022-06-08 03:51:03+02:00,50.0
2022-06-08 03:52:03+02:00,98.3
2022-06-08 03:53:03+02:00,50.0
2022-06-08 03:54:03+02:00,50.0
2022-06-08 03:55:03+02:00,50.0
2022-06-08 03:56:04+02:00,50.0
2022-06-08 03:57:04+02:00,50.0
2022-06-08 03:58:04+02:00,97.8
2022-06-08 03:59:04+02:00,97.4
2022-06-08 04:00:04+02:00,95.1
2022-06-08 04:01:04+02:00,50.0
2022-06-08 04:02:04+02:00,50.0
2022-06-08 04:03:04+02:00,91.5
2022-06-08 04:04:04+02:00,89.8
2022-06-08 04:05:04+02:00,89.4
2022-06-08 04:06:05+02:00,50.0
2022-06-08 04:07:05+02:00,50.0
2022-06-08 04:08:05+02:00,50.0
2022-06-08 04:09:05+02:00,50.0
2022-06-08 04:10:05+02:00,89.8
2022-06-08 04:11:05+02:00,50.0
2022-06-08 04:12:05+02:00,90.7
2022-06-08 04:13:05+02:00,92.4
2022-06-08 04:14:05+02:00,93.5
2022-06-08 04:15:05+02:00,94.0
2022-06-08 04:16:06+02:00,94.8
2022-06-08 04:17:06+02:00,95.5
2022-06-08 04:18:06+02:00,50.0
2022-06-08 04:19:06+02:00,95.4
2022-06-08 04:20:06+02:00,95.0
2022-06-08 04:21:06+02:00,94.8
2022-06-08 04:22:07+02:00,94.8
2022-06-08 04:23:07+02:00,95.0
2022-06-08 04:24:07+02:00,95.0
2022-06-08 04:25:07+02:00,50.0
2022-06-08 04:26:07+02:00,94.8
2022-06-08 04:27:07+02:00,94.4
2022-06-08 04:28:07+02:00,94.2
2022-06-08 04:29:08+02:00,94.0
2022-06-08 04:30:08+02:00,93.8
2022-06-08 04:31:08+02:00,93.7
2022-06-08 04:32:08+02:00,50.0
2022-06-08 04:33:08+02:00,93.7
2022-06-08 04:34:08+02:00,93.7
2022-06-08 04:35:08+02:00,93.4
2022-06-08 04:36:09+02:00,93.2
2022-06-08 04:37:09+02:00,50.0
2022-06-08 04:38:09+02:00,93.0
2022-06-08 04:39:09+02:00,92.9
2022-06-08 04:40:09+02:00,92.8
2022-06-08 04:41:09+02:00,50.0
2022-06-08 04:42:09+02:00,92.7
2022-06-08 04:43:10+02:00,91.4
2022-06-08 04:44:10+02:00,90.6
2022-06-08 04:45:10+02:00,90.5
2022-06-08 04:46:10+02:00,90.6
2022-06-08 04:47:10+02:00,90.4
2022-06-08 04:48:10+02:00,90.2
2022-06-08 04:49:11+02:00,90.1
2022-06-08 04:50:11+02:00,92.1
2022-06-08 04:51:11+02:00,93.9
2022-06-08 04:52:11+02:00,93.8
2022-06-08 04:53:11+02:00,94.3
2022-06-08 04:54:11+02:00,95.5
2022-06-08 04:55:12+02:00,95.1
2022-06-08 04:56:12+02:00,94.1
2022-06-08 04:57:12+02:00,94.0
2022-06-08 04:58:12+02:00,94.3
2022-06-08 04:59:12+02:00,94.4
2022-06-08 05:00:12+02:00,94.7
2022-06-08 05:01:12+02:00,94.6
2022-06-08 05:02:13+02:00,95.2
2022-06-08 05:03:13+02:00,94.8
2022-06-08 05:04:13+02:00,94.1
2022-06-08 05:05:13+02:00,95.2
2022-06-08 05:06:13+02:00,50.0
2022-06-08 05:07:13+02:00,95.4
2022-06-08 05:08:14+02:00,96.1
2022-06-08 05:09:14+02:00,96.0
2022-06-08 05:10:14+02:00,94.4
2022-06-08 05:11:14+02:00,94.3
2022-06-08 05:12:14+02:00,94.9
2022-06-08 05:13:14+02:00,94.2
2022-06-08 05:14:14+02:00,93.1
2022-06-08 05:15:15+02:00,93.5
2022-06-08 05:16:15+02:00,93.3
2022-06-08 05:17:15+02:00,94.2
2022-06-08 05:18:15+02:00,95.5
2022-06-08 05:19:15+02:00,94.6
2022-06-08 05:20:15+02:00,94.1
2022-06-08 05:21:16+02:00,94.9
2022-06-08 05:22:16+02:00,95.8
2022-06-08 05:23:16+02:00,96.4
2022-06-08 05:24:16+02:00,96.3
2022-06-08 05:25:16+02:00,96.9
2022-06-08 05:26:16+02:00,96.9
2022-06-08 05:27:17+02:00,96.6
2022-06-08 05:28:17+02:00,96.3
2022-06-08 05:29:17+02:00,96.9
2022-06-08 05:30:17+02:00,96.5
2022-06-08 05:31:17+02:00,96.9
2022-06-08 05:32:17+02:00,96.3
2022-06-08 05:33:17+02:00,97.5
2022-06-08 05:34:18+02:00,96.7
2022-06-08 05:35:18+02:00,96.6
2022-06-08 05:36:18+02:00,98.1
2022-06-08 05:37:18+02:00,96.0
2022-06-08 05:38:18+02:00,50.0
2022-06-08 05:39:18+02:00,95.4
2022-06-08 05:40:19+02:00,94.3
2022-06-08 05:41:19+02:00,94.2
2022-06-08 05:42:19+02:00,93.7
2022-06-08 05:43:19+02:00,92.7
2022-06-08 05:44:19+02:00,91.8
2022-06-08 05:45:19+02:00,91.0
2022-06-08 05:46:19+02:00,93.7
2022-06-08 05:47:20+02:00,95.0
2022-06-08 05:48:20+02:00,96.1
2022-06-08 05:49:20+02:00,96.8
2022-06-08 05:50:20+02:00,97.9
2022-06-08 05:51:20+02:00,98.4
2022-06-08 05:52:20+02:00,98.8
2022-06-08 05:53:21+02:00,98.4
2022-06-08 05:54:21+02:00,97.6
2022-06-08 05:55:21+02:00,96.9
2022-06-08 05:56:21+02:00,96.7
2022-06-08 05:57:21+02:00,97.0
2022-06-08 05:58:21+02:00,96.6
2022-06-08 05:59:22+02:00,96.4
2022-06-08 06:00:22+02:00,97.1
2022-06-08 06:01:22+02:00,96.6
2022-06-08 06:02:22+02:00,96.5
2022-06-08 06:03:22+02:00,96.1
2022-06-08 06:04:22+02:00,93.6
2022-06-08 06:05:23+02:00,92.7
2022-06-08 06:06:23+02:00,93.7
2022-06-08 06:07:23+02:00,94.9
2022-06-08 06:08:23+02:00,96.5
2022-06-08 06:09:23+02:00,97.4
2022-06-08 06:10:23+02:00,97.3
2022-06-08 06:11:24+02:00,97.5
2022-06-08 06:12:24+02:00,50.0
2022-06-08 06:13:24+02:00,97.5
2022-06-08 06:14:24+02:00,96.5
2022-06-08 06:15:24+02:00,95.7
2022-06-08 06:16:24+02:00,50.0
2022-06-08 06:17:24+02:00,95.1
2022-06-08 06:18:25+02:00,94.7
2022-06-08 06:19:25+02:00,94.7
2022-06-08 06:20:25+02:00,50.0
2022-06-08 06:21:25+02:00,95.3
2022-06-08 06:22:25+02:00,96.1
2022-06-08 06:23:25+02:00,96.5
2022-06-08 06:24:26+02:00,96.8
2022-06-08 06:25:26+02:00,50.0
2022-06-08 06:26:26+02:00,96.5
2022-06-08 06:27:26+02:00,96.6
2022-06-08 06:28:26+02:00,50.0
2022-06-08 06:29:26+02:00,50.0
2022-06-08 06:30:26+02:00,50.0
2022-06-08 06:31:26+02:00,50.0
2022-06-08 06:32:27+02:00,50.0
2022-06-08 06:33:27+02:00,50.0
2022-06-08 06:34:27+02:00,93.9
2022-06-08 06:35:27+02:00,92.4
2022-06-08 06:36:27+02:00,50.0
2022-06-08 06:37:27+02:00,50.0
2022-06-08 06:38:27+02:00,50.0
2022-06-08 06:39:28+02:00,50.0
2022-06-08 06:40:28+02:00,50.0
2022-06-08 06:41:28+02:00,50.0
2022-06-08 06:42:28+02:00,50.0
2022-06-08 06:43:28+02:00,50.0
2022-06-08 06:44:28+02:00,92.4
2022-06-08 06:45:29+02:00,94.3
2022-06-08 06:46:29+02:00,50.0
2022-06-08 06:47:29+02:00,50.0
2022-06-08 06:48:29+02:00,50.0
2022-06-08 06:49:29+02:00,50.0
2022-06-08 06:50:29+02:00,94.9
2022-06-08 06:51:29+02:00,50.0
2022-06-08 06:52:30+02:00,50.0
2022-06-08 06:53:30+02:00,50.0
2022-06-08 06:54:30+02:00,50.0
2022-06-08 06:55:30+02:00,93.4
2022-06-08 06:56:30+02:00,95.6
2022-06-08 06:57:30+02:00,96.7
2022-06-08 06:58:30+02:00,97.1
2022-06-08 06:59:30+02:00,96.8
2022-06-08 07:00:30+02:00,50.0
2022-06-08 07:01:31+02:00,50.0
2022-06-08 07:02:31+02:00,50.0
2022-06-08 07:03:31+02:00,50.0
2022-06-08 07:04:31+02:00,95.9
2022-06-08 07:05:31+02:00,50.0
2022-06-08 07:06:31+02:00,50.0
2022-06-08 07:07:31+02:00,50.0
2022-06-08 07:08:31+02:00,92.7
2022-06-08 07:09:32+02:00,93.5
2022-06-08 07:10:32+02:00,94.3
2022-06-08 07:11:32+02:00,94.9
2022-06-08 07:12:32+02:00,95.0
2022-06-08 07:13:32+02:00,50.0
2022-06-08 07:14:32+02:00,95.2
2022-06-08 07:15:32+02:00,50.0
2022-06-08 07:16:32+02:00,95.2
2022-06-08 07:17:32+02:00,50.0
2022-06-08 07:18:32+02:00,50.0
2022-06-08 07:19:32+02:00,94.1
2022-06-08 07:20:33+02:00,94.0
2022-06-08 07:21:33+02:00,94.2
2022-06-08 07:22:33+02:00,50.0
2022-06-08 07:23:33+02:00,50.0
2022-06-08 07:24:33+02:00,50.0
2022-06-08 07:25:33+02:00,50.0
2022-06-08 07:26:33+02:00,50.0
2022-06-08 07:27:33+02:00,90.3
2022-06-08 07:28:33+02:00,89.2
2022-06-08 07:29:33+02:00,90.7
2022-06-09 00:08:00+02:00,90.5
2022-06-09 00:09:00+02:00,91.4
2022-06-09 00:10:00+02:00,92.0
2022-06-09 00:11:00+02:00,92.8
2022-06-09 00:12:00+02:00,93.4
2022-06-09 00:13:00+02:00,93.8
2022-06-09 00:14:00+02:00,94.5
2022-06-09 00:15:00+02:00,94.6
2022-06-09 00:16:00+02:00,95.1
2022-06-09 00:17:00+02:00,95.1
2022-06-09 00:18:00+02:00,95.1
2022-06-09 00:19:00+02:00,50.0
2022-06-09 00:20:01+02:00,95.5
2022-06-09 00:21:01+02:00,95.7
2022-06-09 00:22:01+02:00,95.6
2022-06-09 00:23:01+02:00,96.1
2022-06-09 00:24:01+02:00,96.2
2022-06-09 00:25:01+02:00,95.4
2022-06-09 00:26:01+02:00,95.3
2022-06-09 00:27:02+02:00,95.2
2022-06-09 00:28:02+02:00,95.0
2022-06-09 00:29:02+02:00,95.1
2022-06-09 00:30:02+02:00,95.4
2022-06-09 00:31:02+02:00,95.7
2022-06-09 00:32:02+02:00,96.2
2022-06-09 00:33:02+02:00,96.5
2022-06-09 00:34:02+02:00,96.2
2022-06-09 00:35:02+02:00,96.1
2022-06-09 00:36:03+02:00,96.1
2022-06-09 00:37:03+02:00,95.7
2022-06-09 00:38:03+02:00,95.7
2022-06-09 00:39:03+02:00,95.6
2022-06-09 00:40:03+02:00,95.4
2022-06-09 00:41:03+02:00,95.5
2022-06-09 00:42:03+02:00,96.1
2022-06-09 00:43:03+02:00,96.0
2022-06-09 00:44:04+02:00,96.0
2022-06-09 00:45:04+02:00,96.0
2022-06-09 00:46:04+02:00,96.1
2022-06-09 00:47:04+02:00,96.0
2022-06-09 00:48:04+02:00,95.8
2022-06-09 00:49:04+02:00,96.0
2022-06-09 00:50:04+02:00,95.8
2022-06-09 00:51:04+02:00,95.7
2022-06-09 00:52:05+02:00,95.7
2022-06-09 00:53:05+02:00,95.5
2022-06-09 00:54:05+02:00,95.1
2022-06-09 00:55:05+02:00,95.5
2022-06-09 00:56:05+02:00,95.8
2022-06-09 00:57:05+02:00,95.5
2022-06-09 00:58:05+02:00,50.0
2022-06-09 00:59:05+02:00,94.9
2022-06-09 01:00:05+02:00,94.5
2022-06-09 01:01:06+02:00,94.7
2022-06-09 01:02:06+02:00,94.7
2022-06-09 01:03:06+02:00,95.3
2022-06-09 01:04:06+02:00,93.2
2022-06-09 01:05:06+02:00,94.1
2022-06-09 01:06:06+02:00,92.8
2022-06-09 01:07:06+02:00,93.7
2022-06-09 01:08:07+02:00,50.0
2022-06-09 01:09:07+02:00,92.9
2022-06-09 01:10:07+02:00,91.2
2022-06-09 01:11:07+02:00,90.3
2022-06-09 01:12:07+02:00,89.6
2022-06-09 01:13:07+02:00,89.7
2022-06-09 01:14:07+02:00,90.3
2022-06-09 01:15:08+02:00,90.5
2022-06-09 01:16:08+02:00,90.9
2022-06-09 01:17:08+02:00,50.0
2022-06-09 01:18:08+02:00,92.0
2022-06-09 01:19:08+02:00,92.1
2022-06-09 01:20:08+02:00,92.0
2022-06-09 01:21:09+02:00,91.8
2022-06-09 01:22:09+02:00,91.9
2022-06-09 01:23:09+02:00,92.1
2022-06-09 01:24:09+02:00,92.3
2022-06-09 01:25:09+02:00,92.3
2022-06-09 01:26:09+02:00,92.4
2022-06-09 01:27:10+02:00,92.5
2022-06-09 01:28:10+02:00,92.5
2022-06-09 01:29:10+02:00,92.4
2022-06-09 01:30:10+02:00,92.4
2022-06-09 01:31:10+02:00,92.3
2022-06-09 01:32:10+02:00,92.0
2022-06-09 01:33:10+02:00,92.0
2022-06-09 01:34:11+02:00,91.8
2022-06-09 01:35:11+02:00,91.6
2022-06-09 01:36:11+02:00,91.6
2022-06-09 01:37:11+02:00,91.5
2022-06-09 01:38:11+02:00,91.4
2022-06-09 01:39:11+02:00,91.3
2022-06-09 01:40:11+02:00,91.4
2022-06-09 01:41:12+02:00,91.4
2022-06-09 01:42:12+02:00,50.0
2022-06-09 01:43:12+02:00,91.2
2022-06-09 01:44:12+02:00,92.7
2022-06-09 01:45:12+02:00,93.3
2022-06-09 01:46:12+02:00,93.5
2022-06-09 01:47:12+02:00,93.4
2022-06-09 01:48:13+02:00,93.0
2022-06-09 01:49:13+02:00,92.6
2022-06-09 01:50:13+02:00,92.8
2022-06-09 01:51:13+02:00,93.5
2022-06-09 01:52:13+02:00,93.8
2022-06-09 01:53:13+02:00,93.9
2022-06-09 01:54:14+02:00,93.8
2022-06-09 01:55:14+02:00,95.6
2022-06-09 01:56:14+02:00,98.4
2022-06-09 01:57:14+02:00,99.9
2022-06-09 01:58:14+02:00,100.0
2022-06-09 01:59:14+02:00,50.0
2022-06-09 02:00:14+02:00,100.0
2022-06-09 02:00:14+02:00,100.0
2022-06-09 02:01:15+02:00,100.0
2022-06-09 02:02:15+02:00,100.0
2022-06-09 02:03:15+02:00,99.9
2022-06-09 02:04:15+02:00,99.7
2022-06-09 02:05:15+02:00,50.0
2022-06-09 02:06:15+02:00,98.9
2022-06-09 02:07:15+02:00,99.3
2022-06-09 02:08:16+02:00,50.0
2022-06-09 02:09:16+02:00,98.7
2022-06-09 02:10:16+02:00,98.2
2022-06-09 02:11:16+02:00,97.7
2022-06-09 02:12:16+02:00,97.5
2022-06-09 02:13:16+02:00,97.5
2022-06-09 02:14:16+02:00,97.4
2022-06-09 02:15:17+02:00,97.2
2022-06-09 02:16:17+02:00,97.8
2022-06-09 02:17:17+02:00,98.1
2022-06-09 02:18:17+02:00,50.0
2022-06-09 02:19:17+02:00,97.3
2022-06-09 02:20:17+02:00,97.4
2022-06-09 02:21:18+02:00,97.9
2022-06-09 02:22:18+02:00,98.4
2022-06-09 02:23:18+02:00,98.6
2022-06-09 02:24:18+02:00,98.7
2022-06-09 02:25:18+02:00,99.3
2022-06-09 02:26:18+02:00,99.7
2022-06-09 02:27:18+02:00,99.9
2022-06-09 02:28:19+02:00,100.0
2022-06-09 02:29:19+02:00,100.0
2022-06-09 02:30:19+02:00,100.0
2022-06-09 02:31:19+02:00,100.0
2022-06-09 02:32:19+02:00,99.7
2022-06-09 02:33:19+02:00,99.2
2022-06-09 02:34:19+02:00,98.9
2022-06-09 02:35:20+02:00,98.9
2022-06-09 02:36:20+02:00,99.1
2022-06-09 02:37:20+02:00,98.6
2022-06-09 02:38:20+02:00,98.5
2022-06-09 02:39:20+02:00,98.4
2022-06-09 02:40:20+02:00,98.9
2022-06-09 02:41:21+02:00,98.5
2022-06-09 02:42:21+02:00,97.9
2022-06-09 02:43:21+02:00,98.3
2022-06-09 02:44:21+02:00,98.7
2022-06-09 02:45:21+02:00,50.0
2022-06-09 02:46:21+02:00,97.9
2022-06-09 02:47:21+02:00,96.0
2022-06-09 02:48:22+02:00,94.6
2022-06-09 02:49:22+02:00,93.4
2022-06-09 02:50:22+02:00,92.5
2022-06-09 02:51:22+02:00,93.4
2022-06-09 02:52:22+02:00,93.9
2022-06-09 02:53:22+02:00,93.7
2022-06-09 02:54:22+02:00,93.1
2022-06-09 02:55:23+02:00,50.0
2022-06-09 02:56:23+02:00,92.4
2022-06-09 02:57:23+02:00,90.8
2022-06-09 02:58:23+02:00,90.9
2022-06-09 02:59:23+02:00,91.2
2022-06-09 03:00:23+02:00,91.2
2022-06-09 03:01:23+02:00,91.4
2022-06-09 03:02:24+02:00,91.5
2022-06-09 03:03:24+02:00,91.6
2022-06-09 03:04:24+02:00,91.8
2022-06-09 03:05:24+02:00,92.0
2022-06-09 03:06:24+02:00,50.0
2022-06-09 03:07:24+02:00,92.2
2022-06-09 03:08:25+02:00,92.3
2022-06-09 03:09:25+02:00,92.5
2022-06-09 03:10:25+02:00,92.4
2022-06-09 03:11:25+02:00,91.5
2022-06-09 03:12:25+02:00,90.6
2022-06-09 03:13:25+02:00,90.3
2022-06-09 03:14:25+02:00,89.9
2022-06-09 03:15:26+02:00,89.8
2022-06-09 03:16:26+02:00,89.7
2022-06-09 03:17:26+02:00,89.8
2022-06-09 03:18:26+02:00,89.7
2022-06-09 03:19:26+02:00,89.6
2022-06-09 03:20:26+02:00,89.6
2022-06-09 03:21:26+02:00,89.9
2022-06-09 03:22:27+02:00,89.8
2022-06-09 03:23:27+02:00,89.7
2022-06-09 03:24:27+02:00,90.0
2022-06-09 03:25:27+02:00,90.1
2022-06-09 03:26:27+02:00,90.1
2022-06-09 03:27:27+02:00,90.1
2022-06-09 03:28:28+02:00,90.2
2022-06-09 03:29:28+02:00,50.0
2022-06-09 03:30:28+02:00,91.1
2022-06-09 03:31:28+02:00,92.2
2022-06-09 03:32:28+02:00,93.0
2022-06-09 03:33:28+02:00,93.8
2022-06-09 03:34:28+02:00,94.0
2022-06-09 03:35:29+02:00,94.0
2022-06-09 03:36:29+02:00,94.1
2022-06-09 03:37:29+02:00,93.8
2022-06-09 03:38:29+02:00,93.4
2022-06-09 03:39:29+02:00,50.0
2022-06-09 03:40:29+02:00,93.5
2022-06-09 03:41:30+02:00,93.7
2022-06-09 03:42:30+02:00,94.5
2022-06-09 03:43:30+02:00,50.0
2022-06-09 03:44:30+02:00,94.6
2022-06-09 03:45:30+02:00,95.8
2022-06-09 03:46:30+02:00,96.3
2022-06-09 03:47:30+02:00,96.0
2022-06-09 03:48:30+02:00,96.9
2022-06-09 03:49:30+02:00,97.2
2022-06-09 03:50:31+02:00,97.4
2022-06-09 03:51:31+02:00,97.5
2022-06-09 03:52:31+02:00,97.6
2022-06-09 03:53:31+02:00,50.0
2022-06-09 03:54:31+02:00,97.2
2022-06-09 03:55:31+02:00,94.6
2022-06-09 03:56:31+02:00,92.5
2022-06-09 03:57:32+02:00,87.3
2022-06-09 03:58:32+02:00,50.0
2022-06-09 03:59:32+02:00,85.4
2022-06-09 04:00:32+02:00,86.6
2022-06-09 04:01:32+02:00,88.0
2022-06-09 04:02:32+02:00,89.0
2022-06-09 04:03:32+02:00,89.8
2022-06-09 04:04:32+02:00,90.3
2022-06-09 04:05:32+02:00,50.0
2022-06-09 04:06:32+02:00,91.0
2022-06-09 04:07:32+02:00,92.7
2022-06-09 04:08:33+02:00,94.2
2022-06-09 04:09:33+02:00,50.0
2022-06-09 04:10:33+02:00,91.7
2022-06-09 04:11:33+02:00,50.0
2022-06-09 04:12:33+02:00,90.8
2022-06-09 04:13:33+02:00,90.9
2022-06-09 04:14:33+02:00,90.7
2022-06-09 04:15:33+02:00,90.7
2022-06-09 04:16:34+02:00,90.7
2022-06-09 04:17:34+02:00,90.8
2022-06-09 04:18:34+02:00,90.8
2022-06-09 04:19:34+02:00,91.2
2022-06-09 04:20:34+02:00,91.2
2022-06-09 04:21:34+02:00,91.7
2022-06-09 04:22:34+02:00,91.9
2022-06-09 04:23:34+02:00,92.1
2022-06-09 04:24:34+02:00,92.1
2022-06-09 04:25:34+02:00,92.0
2022-06-09 04:26:34+02:00,91.9
2022-06-09 04:27:35+02:00,91.9
2022-06-09 04:28:35+02:00,91.8
2022-06-09 04:29:35+02:00,91.8
2022-06-09 04:30:35+02:00,91.7
2022-06-09 04:31:35+02:00,91.8
2022-06-09 04:32:35+02:00,91.7
2022-06-09 04:33:35+02:00,91.7
2022-06-09 04:34:35+02:00,91.9
2022-06-09 04:35:35+02:00,92.0
2022-06-09 04:36:35+02:00,92.0
2022-06-09 04:37:36+02:00,91.8
2022-06-09 04:38:36+02:00,92.0
2022-06-09 04:39:36+02:00,92.1
2022-06-09 04:40:36+02:00,92.0
2022-06-09 04:41:36+02:00,92.1
2022-06-09 04:42:36+02:00,92.2
2022-06-09 04:43:36+02:00,92.2
2022-06-09 04:44:37+02:00,92.2
2022-06-09 04:45:37+02:00,92.1
2022-06-09 04:46:37+02:00,91.9
2022-06-09 04:47:37+02:00,91.7
2022-06-09 04:48:37+02:00,91.8
2022-06-09 04:49:37+02:00,91.7
2022-06-09 04:50:37+02:00,91.4
2022-06-09 04:51:38+02:00,91.6
2022-06-09 04:52:38+02:00,92.3
2022-06-09 04:53:38+02:00,92.5
2022-06-09 04:54:38+02:00,92.6
2022-06-09 04:55:38+02:00,92.4
2022-06-09 04:56:38+02:00,91.7
2022-06-09 04:57:39+02:00,90.9
2022-06-09 04:58:39+02:00,90.3
2022-06-09 04:59:39+02:00,90.2
2022-06-09 05:00:39+02:00,89.9
2022-06-09 05:01:39+02:00,89.9
2022-06-09 05:02:39+02:00,89.6
2022-06-09 05:03:39+02:00,89.2
2022-06-09 05:04:40+02:00,89.6
2022-06-09 05:05:40+02:00,89.4
2022-06-09 05:06:40+02:00,89.8
2022-06-09 05:07:40+02:00,50.0
2022-06-09 05:08:40+02:00,89.8
2022-06-09 05:09:40+02:00,89.0
2022-06-09 05:10:41+02:00,88.1
2022-06-09 05:11:41+02:00,87.4
2022-06-09 05:12:41+02:00,86.8
2022-06-09 05:13:41+02:00,86.3
2022-06-09 05:14:41+02:00,85.7
2022-06-09 05:15:41+02:00,85.0
2022-06-09 05:16:41+02:00,84.7
2022-06-09 05:17:42+02:00,84.7
2022-06-09 05:18:42+02:00,84.7
2022-06-09 05:19:42+02:00,84.8
2022-06-09 05:20:42+02:00,85.1
2022-06-09 05:21:42+02:00,85.2
2022-06-09 05:22:42+02:00,85.4
2022-06-09 05:23:43+02:00,85.8
2022-06-09 05:24:43+02:00,50.0
2022-06-09 05:25:43+02:00,87.8
2022-06-09 05:26:43+02:00,50.0
2022-06-09 05:27:43+02:00,90.5
2022-06-09 05:28:43+02:00,50.0
2022-06-09 05:29:43+02:00,50.0
2022-06-09 05:30:43+02:00,93.5
2022-06-09 05:31:43+02:00,95.1
2022-06-09 05:32:44+02:00,96.4
2022-06-09 05:33:44+02:00,50.0
2022-06-09 05:34:44+02:00,50.0
2022-06-09 05:35:44+02:00,50.0
2022-06-09 05:36:44+02:00,92.9
2022-06-09 05:37:44+02:00,91.6
2022-06-09 05:38:45+02:00,90.6
2022-06-09 05:39:45+02:00,90.4
2022-06-09 05:40:45+02:00,91.1
2022-06-09 05:41:45+02:00,92.3
2022-06-09 05:42:45+02:00,93.0
2022-06-09 05:43:45+02:00,93.6
2022-06-09 05:44:46+02:00,93.6
2022-06-09 05:45:46+02:00,50.0
2022-06-09 05:46:46+02:00,87.4
2022-06-09 05:47:46+02:00,50.0
2022-06-09 05:48:46+02:00,50.0
2022-06-09 05:49:46+02:00,50.0
2022-06-09 05:50:46+02:00,50.0
2022-06-09 05:51:47+02:00,50.0
2022-06-09 05:52:47+02:00,50.0
2022-06-09 05:53:47+02:00,50.0
2022-06-09 05:54:47+02:00,50.0
2022-06-09 05:55:47+02:00,50.0
2022-06-09 05:56:47+02:00,50.0
2022-06-09 05:57:47+02:00,50.0
2022-06-09 05:58:48+02:00,50.0
2022-06-09 05:59:48+02:00,50.0
2022-06-09 06:00:48+02:00,50.0
2022-06-09 06:01:48+02:00,50.0
2022-06-09 06:02:48+02:00,50.0
2022-06-09 06:03:48+02:00,50.0
2022-06-09 06:04:48+02:00,50.0
2022-06-09 06:05:49+02:00,50.0
2022-06-09 06:06:49+02:00,50.0
2022-06-09 06:07:49+02:00,50.0
2022-06-09 06:08:49+02:00,50.0
2022-06-09 06:09:49+02:00,50.0
2022-06-09 06:10:49+02:00,50.0
2022-06-09 06:11:50+02:00,50.0
2022-06-09 06:12:50+02:00,50.0
2022-06-09 06:13:50+02:00,50.0
2022-06-09 06:14:50+02:00,50.0
2022-06-09 06:15:50+02:00,50.0
2022-06-09 06:16:50+02:00,50.0
2022-06-09 06:17:50+02:00,50.0
2022-06-09 06:18:51+02:00,50.0
2022-06-09 06:19:51+02:00,50.0
2022-06-09 06:20:51+02:00,50.0
2022-06-10 00:23:30+02:00,50.0
2022-06-10 00:24:30+02:00,89.9
2022-06-10 00:25:30+02:00,90.0
2022-06-10 00:26:30+02:00,90.3
2022-06-10 00:27:30+02:00,50.0
2022-06-10 00:28:30+02:00,90.2
2022-06-10 00:29:30+02:00,89.8
2022-06-10 00:30:30+02:00,89.7
2022-06-10 00:31:30+02:00,50.0
2022-06-10 00:32:30+02:00,90.2
2022-06-10 00:33:30+02:00,50.0
2022-06-10 00:34:30+02:00,91.7
2022-06-10 00:35:30+02:00,93.8
2022-06-10 00:36:31+02:00,95.1
2022-06-10 00:37:31+02:00,94.5
2022-06-10 00:38:31+02:00,94.9
2022-06-10 00:39:31+02:00,95.3
2022-06-10 00:40:31+02:00,50.0
2022-06-10 00:41:31+02:00,94.8
2022-06-10 00:42:31+02:00,92.9
2022-06-10 00:43:31+02:00,91.6
2022-06-10 00:44:32+02:00,90.9
2022-06-10 00:45:32+02:00,90.2
2022-06-10 00:46:32+02:00,50.0
2022-06-10 00:47:32+02:00,90.9
2022-06-10 00:48:32+02:00,91.4
2022-06-10 00:49:32+02:00,91.7
2022-06-10 00:50:32+02:00,91.9
2022-06-10 00:51:32+02:00,91.9
2022-06-10 00:52:32+02:00,91.9
2022-06-10 00:53:32+02:00,91.8
2022-06-10 00:54:33+02:00,91.8
2022-06-10 00:55:33+02:00,91.7
2022-06-10 00:56:33+02:00,91.7
2022-06-10 00:57:33+02:00,91.7
2022-06-10 00:58:33+02:00,91.7
2022-06-10 00:59:33+02:00,91.6
2022-06-10 01:00:33+02:00,91.2
2022-06-10 01:01:33+02:00,91.1
2022-06-10 01:02:33+02:00,91.7
2022-06-10 01:03:33+02:00,91.7
2022-06-10 01:04:34+02:00,92.0
2022-06-10 01:05:34+02:00,92.1
2022-06-10 01:06:34+02:00,92.1
2022-06-10 01:07:34+02:00,92.0
2022-06-10 01:08:34+02:00,91.7
2022-06-10 01:09:34+02:00,91.6
2022-06-10 01:10:34+02:00,91.7
2022-06-10 01:11:34+02:00,91.8
2022-06-10 01:12:34+02:00,91.8
2022-06-10 01:13:34+02:00,91.7
2022-06-10 01:14:35+02:00,91.7
2022-06-10 01:15:35+02:00,91.9
2022-06-10 01:16:35+02:00,91.9
2022-06-10 01:17:35+02:00,92.0
2022-06-10 01:18:35+02:00,91.9
2022-06-10 01:19:35+02:00,92.1
2022-06-10 01:20:35+02:00,92.2
2022-06-10 01:21:35+02:00,50.0
2022-06-10 01:22:35+02:00,50.0
2022-06-10 01:23:35+02:00,92.0
2022-06-10 01:24:36+02:00,92.2
2022-06-10 01:25:36+02:00,92.3
2022-06-10 01:26:36+02:00,91.8
2022-06-10 01:27:36+02:00,91.6
2022-06-10 01:28:36+02:00,91.4
2022-06-10 01:29:36+02:00,91.4
2022-06-10 01:30:36+02:00,91.4
2022-06-10 01:31:37+02:00,91.6
2022-06-10 01:32:37+02:00,91.8
2022-06-10 01:33:37+02:00,90.8
2022-06-10 01:34:37+02:00,90.3
2022-06-10 01:35:37+02:00,90.4
2022-06-10 01:36:37+02:00,90.6
2022-06-10 01:37:38+02:00,91.0
2022-06-10 01:38:38+02:00,91.4
2022-06-10 01:39:38+02:00,91.6
2022-06-10 01:40:38+02:00,91.8
2022-06-10 01:41:38+02:00,92.1
2022-06-10 01:42:38+02:00,92.2
2022-06-10 01:43:38+02:00,92.0
2022-06-10 01:44:39+02:00,92.1
2022-06-10 01:45:39+02:00,92.0
2022-06-10 01:46:39+02:00,92.1
2022-06-10 01:47:39+02:00,92.0
2022-06-10 01:48:39+02:00,91.8
2022-06-10 01:49:39+02:00,91.7
2022-06-10 01:50:40+02:00,91.5
2022-06-10 01:51:40+02:00,91.4
2022-06-10 01:52:40+02:00,91.3
2022-06-10 01:53:40+02:00,50.0
2022-06-10 01:54:40+02:00,50.0
2022-06-10 01:55:40+02:00,90.6
2022-06-10 01:56:40+02:00,90.2
2022-06-10 01:57:40+02:00,90.4
2022-06-10 01:58:41+02:00,90.6
2022-06-10 01:59:41+02:00,50.0
2022-06-10 02:00:41+02:00,90.5
2022-06-10 02:00:41+02:00,90.5
2022-06-10 02:01:41+02:00,50.0
2022-06-10 02:02:41+02:00,50.0
2022-06-10 02:03:41+02:00,91.0
2022-06-10 02:04:41+02:00,93.3
2022-06-10 02:05:42+02:00,94.5
2022-06-10 02:06:42+02:00,50.0
2022-06-10 02:07:42+02:00,94.0
2022-06-10 02:08:42+02:00,93.5
2022-06-10 02:09:42+02:00,93.1
2022-06-10 02:10:42+02:00,92.9
2022-06-10 02:11:43+02:00,50.0
2022-06-10 02:12:43+02:00,50.0
2022-06-10 02:13:43+02:00,50.0
2022-06-10 02:14:43+02:00,50.0
2022-06-10 02:15:43+02:00,92.6
2022-06-10 02:16:43+02:00,50.0
2022-06-10 02:17:43+02:00,50.0
2022-06-10 02:18:43+02:00,91.6
2022-06-10 02:19:44+02:00,91.2
2022-06-10 02:20:44+02:00,91.4
2022-06-10 02:21:44+02:00,92.6
2022-06-10 02:22:44+02:00,50.0
2022-06-10 02:23:44+02:00,50.0
2022-06-10 02:24:44+02:00,93.0
2022-06-10 02:25:44+02:00,50.0
2022-06-10 02:26:45+02:00,92.8
2022-06-10 02:27:45+02:00,93.4
2022-06-10 02:28:45+02:00,93.5
2022-06-10 02:29:45+02:00,50.0
2022-06-10 02:30:45+02:00,50.0
2022-06-10 02:31:45+02:00,50.0
2022-06-10 02:32:45+02:00,50.0
2022-06-10 02:33:46+02:00,50.0
2022-06-10 02:34:46+02:00,50.0
2022-06-10 02:35:46+02:00,50.0
2022-06-10 02:36:46+02:00,89.6
2022-06-10 02:37:46+02:00,84.4
2022-06-10 02:38:46+02:00,50.0
2022-06-10 02:39:46+02:00,84.9
2022-06-10 02:40:47+02:00,86.2
2022-06-10 02:41:47+02:00,50.0
2022-06-10 02:42:47+02:00,88.1
2022-06-10 02:43:47+02:00,89.9
2022-06-10 02:44:47+02:00,50.0
2022-06-10 02:45:47+02:00,50.0
2022-06-10 02:46:48+02:00,50.0
2022-06-10 02:47:48+02:00,50.0
2022-06-10 02:48:48+02:00,50.0
2022-06-10 02:49:48+02:00,50.0
2022-06-10 02:50:48+02:00,50.0
2022-06-10 02:51:48+02:00,50.0
2022-06-10 02:52:48+02:00,50.0
2022-06-10 02:53:49+02:00,88.3
2022-06-10 02:54:49+02:00,90.8
2022-06-10 02:55:49+02:00,50.0
2022-06-10 02:56:49+02:00,50.0
2022-06-10 02:57:49+02:00,93.9
2022-06-10 02:58:49+02:00,95.4
2022-06-10 02:59:50+02:00,50.0
2022-06-10 03:00:50+02:00,95.7
2022-06-10 03:01:50+02:00,95.5
2022-06-10 03:02:50+02:00,95.2
2022-06-10 03:03:50+02:00,95.2
2022-06-10 03:04:50+02:00,95.3
2022-06-10 03:05:50+02:00,50.0
2022-06-10 03:06:51+02:00,50.0
2022-06-10 03:07:51+02:00,50.0
2022-06-10 03:08:51+02:00,50.0
2022-06-10 03:09:51+02:00,50.0
2022-06-10 03:10:51+02:00,95.2
2022-06-10 03:11:51+02:00,95.4
2022-06-10 03:12:51+02:00,95.0
2022-06-10 03:13:51+02:00,96.1
2022-06-10 03:14:52+02:00,96.7
2022-06-10 03:15:52+02:00,96.9
2022-06-10 03:16:52+02:00,96.9
2022-06-10 03:17:52+02:00,98.0
2022-06-10 03:18:52+02:00,97.0
2022-06-10 03:19:52+02:00,50.0
2022-06-10 03:20:53+02:00,50.0
2022-06-10 03:21:53+02:00,50.0
2022-06-10 03:22:53+02:00,95.7
2022-06-10 03:23:53+02:00,50.0
2022-06-10 03:24:53+02:00,50.0
2022-06-10 03:25:53+02:00,95.4
2022-06-10 03:26:54+02:00,95.4
2022-06-10 03:27:54+02:00,50.0
2022-06-10 03:28:54+02:00,50.0
2022-06-10 03:29:54+02:00,95.7
2022-06-10 03:30:54+02:00,95.2
2022-06-10 03:31:54+02:00,50.0
2022-06-10 03:32:54+02:00,94.7
2022-06-10 03:33:55+02:00,93.8
2022-06-10 03:34:55+02:00,50.0
2022-06-10 03:35:55+02:00,50.0
2022-06-10 03:36:55+02:00,94.2
2022-06-10 03:37:55+02:00,94.4
2022-06-10 03:38:55+02:00,94.6
2022-06-10 03:39:55+02:00,50.0
2022-06-10 03:40:56+02:00,50.0
2022-06-10 03:41:56+02:00,50.0
2022-06-10 03:42:56+02:00,92.1
2022-06-10 03:43:56+02:00,50.0
2022-06-10 03:44:56+02:00,91.4
2022-06-10 03:45:56+02:00,91.9
2022-06-10 03:46:56+02:00,92.2
2022-06-10 03:47:57+02:00,50.0
2022-06-10 03:48:57+02:00,92.6
2022-06-10 03:49:57+02:00,92.4
2022-06-10 03:50:57+02:00,92.5
2022-06-10 03:51:57+02:00,50.0
2022-06-10 03:52:57+02:00,50.0
2022-06-10 03:53:58+02:00,92.8
2022-06-10 03:54:58+02:00,92.7
2022-06-10 03:55:58+02:00,92.3
2022-06-10 03:56:58+02:00,91.6
2022-06-10 03:57:58+02:00,50.0
2022-06-10 03:58:58+02:00,50.0
2022-06-10 03:59:58+02:00,90.4
2022-06-10 04:00:59+02:00,90.9
2022-06-10 04:01:59+02:00,50.0
2022-06-10 04:02:59+02:00,50.0
2022-06-10 04:03:59+02:00,50.0
2022-06-10 04:04:59+02:00,91.2
2022-06-10 04:05:59+02:00,91.9
2022-06-10 04:07:00+02:00,91.7
2022-06-10 04:08:00+02:00,92.1
2022-06-10 04:09:00+02:00,50.0
2022-06-10 04:10:00+02:00,50.0
2022-06-10 04:11:00+02:00,50.0
2022-06-10 04:12:00+02:00,92.3
2022-06-10 04:13:00+02:00,92.2
2022-06-10 04:14:00+02:00,90.9
2022-06-10 04:15:00+02:00,91.2
2022-06-10 04:16:01+02:00,90.1
2022-06-10 04:17:01+02:00,89.0
2022-06-10 04:18:01+02:00,88.5
2022-06-10 04:19:01+02:00,88.3
2022-06-10 04:20:01+02:00,89.1
2022-06-10 04:21:01+02:00,89.0
2022-06-10 04:22:01+02:00,89.9
2022-06-10 04:23:01+02:00,50.0
2022-06-10 04:24:02+02:00,90.4
2022-06-10 04:25:02+02:00,50.0
2022-06-10 04:26:02+02:00,50.0
2022-06-10 04:27:02+02:00,90.8
2022-06-10 04:28:02+02:00,91.1
2022-06-10 04:29:02+02:00,91.6
2022-06-10 04:30:02+02:00,91.5
2022-06-10 04:31:02+02:00,92.2
2022-06-10 04:32:02+02:00,50.0
2022-06-10 04:33:02+02:00,92.3
2022-06-10 04:34:03+02:00,89.0
2022-06-10 04:35:03+02:00,87.8
2022-06-10 04:36:03+02:00,83.8
2022-06-10 04:37:03+02:00,50.0
2022-06-10 04:38:03+02:00,50.0
2022-06-10 04:39:03+02:00,85.4
2022-06-10 04:40:03+02:00,89.6
2022-06-10 04:41:04+02:00,91.6
2022-06-10 04:42:04+02:00,93.6
2022-06-10 04:43:04+02:00,94.6
2022-06-10 04:44:04+02:00,95.1
2022-06-10 04:45:04+02:00,50.0
2022-06-10 04:46:04+02:00,50.0
2022-06-10 04:47:04+02:00,50.0
2022-06-10 04:48:04+02:00,50.0
2022-06-10 04:49:05+02:00,95.0
2022-06-10 04:50:05+02:00,94.5
2022-06-10 04:51:05+02:00,50.0
2022-06-10 04:52:05+02:00,94.2
2022-06-10 04:53:05+02:00,50.0
2022-06-10 04:54:05+02:00,93.7
2022-06-10 04:55:05+02:00,93.1
2022-06-10 04:56:05+02:00,50.0
2022-06-10 04:57:05+02:00,92.9
2022-06-10 04:58:06+02:00,92.9
2022-06-10 04:59:06+02:00,50.0
2022-06-10 05:00:06+02:00,92.6
2022-06-10 05:01:06+02:00,92.2
2022-06-10 05:02:06+02:00,93.4
2022-06-10 05:03:06+02:00,94.8
2022-06-10 05:04:06+02:00,95.5
2022-06-10 05:05:07+02:00,96.4
2022-06-10 05:06:07+02:00,96.0
2022-06-10 05:07:07+02:00,50.0
2022-06-10 05:08:07+02:00,96.0
2022-06-10 05:09:07+02:00,94.8
2022-06-10 05:10:07+02:00,94.7
2022-06-10 05:11:07+02:00,50.0
2022-06-10 05:12:08+02:00,94.2
2022-06-10 05:13:08+02:00,93.6
2022-06-10 05:14:08+02:00,93.5
2022-06-10 05:15:08+02:00,93.2
2022-06-10 05:16:08+02:00,93.0
2022-06-10 05:17:08+02:00,50.0
2022-06-10 05:18:09+02:00,92.8
2022-06-10 05:19:09+02:00,50.0
2022-06-10 05:20:09+02:00,92.5
2022-06-10 05:21:09+02:00,91.9
2022-06-10 05:22:09+02:00,91.5
2022-06-10 05:23:09+02:00,91.2
2022-06-10 05:24:09+02:00,90.8
2022-06-10 05:25:10+02:00,90.4
2022-06-10 05:26:10+02:00,90.7
2022-06-10 05:27:10+02:00,90.9
2022-06-10 05:28:10+02:00,90.8
2022-06-10 05:29:10+02:00,90.7
2022-06-10 05:30:10+02:00,90.7
2022-06-10 05:31:11+02:00,90.7
2022-06-10 05:32:11+02:00,90.9
2022-06-10 05:33:11+02:00,91.0
2022-06-10 05:34:11+02:00,90.8
2022-06-10 05:35:11+02:00,90.6
2022-06-10 05:36:11+02:00,90.6
2022-06-10 05:37:11+02:00,90.7
2022-06-10 05:38:12+02:00,90.7
2022-06-10 05:39:12+02:00,90.8
2022-06-10 05:40:12+02:00,90.9
2022-06-10 05:41:12+02:00,91.0
2022-06-10 05:42:12+02:00,90.9
2022-06-10 05:43:12+02:00,90.9
2022-06-10 05:44:13+02:00,90.9
2022-06-10 05:45:13+02:00,90.9
2022-06-10 05:46:13+02:00,90.9
2022-06-10 05:47:13+02:00,90.9
2022-06-10 05:48:13+02:00,90.9
2022-06-10 05:49:13+02:00,90.9
2022-06-10 05:50:14+02:00,90.8
2022-06-10 05:51:14+02:00,90.6
2022-06-10 05:52:14+02:00,90.4
2022-06-10 05:53:14+02:00,90.3
2022-06-10 05:54:14+02:00,90.5
2022-06-10 05:55:14+02:00,90.0
2022-06-10 05:56:14+02:00,90.5
2022-06-10 05:57:15+02:00,91.1
2022-06-10 05:58:15+02:00,91.0
2022-06-10 05:59:15+02:00,90.9
2022-06-10 06:00:15+02:00,90.8
2022-06-10 06:01:15+02:00,91.2
2022-06-10 06:02:15+02:00,91.0
2022-06-10 06:03:16+02:00,91.4
2022-06-10 06:04:16+02:00,91.5
2022-06-10 06:05:16+02:00,90.9
2022-06-10 06:06:16+02:00,90.7
2022-06-10 06:07:16+02:00,90.5
2022-06-10 06:08:16+02:00,89.8
2022-06-10 06:09:17+02:00,91.7
2022-06-10 06:10:17+02:00,93.9
2022-06-10 06:11:17+02:00,95.7
2022-06-10 06:12:17+02:00,95.9
2022-06-10 06:13:17+02:00,96.8
2022-06-10 06:14:17+02:00,97.6
2022-06-10 06:15:17+02:00,98.2
2022-06-10 06:16:18+02:00,98.7
2022-06-10 06:17:18+02:00,99.5
2022-06-10 06:18:18+02:00,99.4
2022-06-10 06:19:18+02:00,50.0
2022-06-10 06:20:18+02:00,50.0
2022-06-10 06:21:18+02:00,50.0
2022-06-10 06:22:19+02:00,96.6
2022-06-10 06:23:19+02:00,50.0
2022-06-10 06:24:19+02:00,50.0
2022-06-10 06:25:19+02:00,50.0
2022-06-10 06:26:19+02:00,50.0
2022-06-10 06:27:19+02:00,50.0
2022-06-10 06:28:19+02:00,50.0
2022-06-10 06:29:20+02:00,50.0
2022-06-10 06:30:20+02:00,50.0
2022-06-10 06:31:20+02:00,93.8
2022-06-10 06:32:20+02:00,50.0
2022-06-10 06:33:20+02:00,50.0
2022-06-10 06:34:20+02:00,50.0
2022-06-10 06:35:21+02:00,90.6
2022-06-10 06:36:21+02:00,50.0
2022-06-10 06:37:21+02:00,90.5
2022-06-10 06:38:21+02:00,50.0
2022-06-10 06:39:21+02:00,91.4
2022-06-10 06:40:21+02:00,91.1
2022-06-10 06:41:21+02:00,89.2
2022-06-10 06:42:22+02:00,89.1
2022-06-10 06:43:22+02:00,89.9
2022-06-10 06:44:22+02:00,91.2
2022-06-10 06:45:22+02:00,92.6
2022-06-10 06:46:22+02:00,93.2
2022-06-10 06:47:22+02:00,93.5
2022-06-10 06:48:23+02:00,50.0
2022-06-10 06:49:23+02:00,50.0
2022-06-10 06:50:23+02:00,50.0
2022-06-10 06:51:23+02:00,50.0
2022-06-10 06:52:23+02:00,50.0
2022-06-10 06:53:23+02:00,50.0
2022-06-10 06:54:23+02:00,50.0
2022-06-10 06:55:24+02:00,50.0
2022-06-10 06:56:24+02:00,50.0
2022-06-10 06:57:24+02:00,50.0
2022-06-10 06:58:24+02:00,50.0
2022-06-10 06:59:24+02:00,50.0
2022-06-10 23:08:30+02:00,50.0
2022-06-10 23:09:30+02:00,89.5
2022-06-10 23:10:30+02:00,50.0
2022-06-10 23:11:30+02:00,89.8
2022-06-10 23:12:30+02:00,50.0
2022-06-10 23:13:30+02:00,90.4
2022-06-10 23:14:30+02:00,50.0
2022-06-10 23:15:30+02:00,90.8
2022-06-10 23:16:30+02:00,90.9
2022-06-10 23:17:30+02:00,90.9
2022-06-10 23:18:30+02:00,90.8
2022-06-10 23:19:30+02:00,90.7
2022-06-10 23:20:31+02:00,90.5
2022-06-10 23:21:31+02:00,90.5
2022-06-10 23:22:31+02:00,90.5
2022-06-10 23:23:31+02:00,90.5
2022-06-10 23:24:31+02:00,90.5
2022-06-10 23:25:31+02:00,90.4
2022-06-10 23:26:31+02:00,90.3
2022-06-10 23:27:31+02:00,90.3
2022-06-10 23:28:31+02:00,90.3
2022-06-10 23:29:32+02:00,90.2
2022-06-10 23:30:32+02:00,90.5
2022-06-10 23:31:32+02:00,91.0
2022-06-10 23:32:32+02:00,91.3
2022-06-10 23:33:32+02:00,91.5
2022-06-10 23:34:32+02:00,91.5
2022-06-10 23:35:32+02:00,91.6
2022-06-10 23:36:32+02:00,91.7
2022-06-10 23:37:32+02:00,91.7
2022-06-10 23:38:33+02:00,91.5
2022-06-10 23:39:33+02:00,90.5
2022-06-10 23:40:33+02:00,89.8
2022-06-10 23:41:33+02:00,89.2
2022-06-10 23:42:33+02:00,89.0
2022-06-10 23:43:33+02:00,89.0
2022-06-10 23:44:33+02:00,89.3
2022-06-10 23:45:33+02:00,89.2
2022-06-10 23:46:33+02:00,89.4
2022-06-10 23:47:33+02:00,89.4
2022-06-10 23:48:34+02:00,89.3
2022-06-10 23:49:34+02:00,50.0
2022-06-10 23:50:34+02:00,90.9
2022-06-10 23:51:34+02:00,92.0
2022-06-10 23:52:34+02:00,93.1
2022-06-10 23:53:34+02:00,93.3
2022-06-10 23:54:34+02:00,94.2
2022-06-10 23:55:35+02:00,94.8
2022-06-10 23:56:35+02:00,95.9
2022-06-10 23:57:35+02:00,96.6
2022-06-10 23:58:35+02:00,96.9
2022-06-10 23:59:35+02:00,97.0
2022-06-11 00:00:35+02:00,97.2
2022-06-11 00:01:35+02:00,97.5
2022-06-11 00:02:35+02:00,97.7
2022-06-11 00:03:35+02:00,98.6
2022-06-11 00:04:36+02:00,98.6
2022-06-11 00:05:36+02:00,98.7
2022-06-11 00:06:36+02:00,97.2
2022-06-11 00:07:36+02:00,50.0
2022-06-11 00:08:36+02:00,95.5
2022-06-11 00:09:36+02:00,94.2
2022-06-11 00:10:37+02:00,93.4
2022-06-11 00:11:37+02:00,92.8
2022-06-11 00:12:37+02:00,92.5
2022-06-11 00:13:37+02:00,92.4
2022-06-11 00:14:37+02:00,92.3
2022-06-11 00:15:37+02:00,50.0
2022-06-11 00:16:37+02:00,92.2
2022-06-11 00:17:38+02:00,92.3
2022-06-11 00:18:38+02:00,92.8
2022-06-11 00:19:38+02:00,92.7
2022-06-11 00:20:38+02:00,93.1
2022-06-11 00:21:38+02:00,93.0
2022-06-11 00:22:38+02:00,93.0
2022-06-11 00:23:39+02:00,93.2
2022-06-11 00:24:39+02:00,93.5
2022-06-11 00:25:39+02:00,93.5
2022-06-11 00:26:39+02:00,50.0
2022-06-11 00:27:39+02:00,93.7
2022-06-11 00:28:39+02:00,93.7
2022-06-11 00:29:39+02:00,93.7
2022-06-11 00:30:40+02:00,50.0
2022-06-11 00:31:40+02:00,93.0
2022-06-11 00:32:40+02:00,92.5
2022-06-11 00:33:40+02:00,92.0
2022-06-11 00:34:40+02:00,91.7
2022-06-11 00:35:40+02:00,50.0
2022-06-11 00:36:41+02:00,90.3
2022-06-11 00:37:41+02:00,50.0
2022-06-11 00:38:41+02:00,88.0
2022-06-11 00:39:41+02:00,89.6
2022-06-11 00:40:41+02:00,90.1
2022-06-11 00:41:41+02:00,90.6
2022-06-11 00:42:42+02:00,50.0
2022-06-11 00:43:42+02:00,90.2
2022-06-11 00:44:42+02:00,90.4
2022-06-11 00:45:42+02:00,89.4
2022-06-11 00:46:42+02:00,88.0
2022-06-11 00:47:42+02:00,87.7
2022-06-11 00:48:42+02:00,87.3
2022-06-11 00:49:43+02:00,87.3
2022-06-11 00:50:43+02:00,87.3
2022-06-11 00:51:43+02:00,87.1
2022-06-11 00:52:43+02:00,50.0
2022-06-11 00:53:43+02:00,87.6
2022-06-11 00:54:43+02:00,88.6
2022-06-11 00:55:44+02:00,89.2
2022-06-11 00:56:44+02:00,89.1
2022-06-11 00:57:44+02:00,90.2
2022-06-11 00:58:44+02:00,91.3
2022-06-11 00:59:44+02:00,91.3
2022-06-11 01:00:44+02:00,91.3
2022-06-11 01:01:44+02:00,91.3
2022-06-11 01:02:45+02:00,91.2
2022-06-11 01:03:45+02:00,91.3
2022-06-11 01:04:45+02:00,91.2
2022-06-11 01:05:45+02:00,91.4
2022-06-11 01:06:45+02:00,91.4
2022-06-11 01:07:46+02:00,91.6
2022-06-11 01:08:46+02:00,91.4
2022-06-11 01:09:46+02:00,91.2
2022-06-11 01:10:46+02:00,91.3
2022-06-11 01:11:46+02:00,91.6
2022-06-11 01:12:46+02:00,91.7
2022-06-11 01:13:46+02:00,91.6
2022-06-11 01:14:47+02:00,91.6
2022-06-11 01:15:47+02:00,91.7
2022-06-11 01:16:47+02:00,91.6
2022-06-11 01:17:47+02:00,91.8
2022-06-11 01:18:47+02:00,91.8
2022-06-11 01:19:47+02:00,92.1
2022-06-11 01:20:48+02:00,92.2
2022-06-11 01:21:48+02:00,92.2
2022-06-11 01:22:48+02:00,92.1
2022-06-11 01:23:48+02:00,92.2
2022-06-11 01:24:48+02:00,92.0
2022-06-11 01:25:48+02:00,92.0
2022-06-11 01:26:49+02:00,93.2
2022-06-11 01:27:49+02:00,94.3
2022-06-11 01:28:49+02:00,93.7
2022-06-11 01:29:49+02:00,93.5
2022-06-11 01:30:49+02:00,91.9
2022-06-11 01:31:49+02:00,50.0
2022-06-11 01:32:49+02:00,92.5
2022-06-11 01:33:50+02:00,50.0
2022-06-11 01:34:50+02:00,86.6
2022-06-11 01:35:50+02:00,85.1
2022-06-11 01:36:50+02:00,84.1
2022-06-11 01:37:50+02:00,83.1
2022-06-11 01:38:50+02:00,81.5
2022-06-11 01:39:51+02:00,50.0
2022-06-11 01:40:51+02:00,86.9
2022-06-11 01:41:51+02:00,92.2
2022-06-11 01:42:51+02:00,94.9
2022-06-11 01:43:51+02:00,96.7
2022-06-11 01:44:51+02:00,95.7
2022-06-11 01:45:52+02:00,91.9
2022-06-11 01:46:52+02:00,91.1
2022-06-11 01:47:52+02:00,92.6
2022-06-11 01:48:52+02:00,93.8
2022-06-11 01:49:52+02:00,96.3
2022-06-11 01:50:52+02:00,98.1
2022-06-11 01:51:53+02:00,98.5
2022-06-11 01:52:53+02:00,98.4
2022-06-11 01:53:53+02:00,98.4
2022-06-11 01:54:53+02:00,98.6
2022-06-11 01:55:53+02:00,99.0
2022-06-11 01:56:53+02:00,99.0
2022-06-11 01:57:53+02:00,99.4
2022-06-11 01:58:54+02:00,99.2
2022-06-11 01:59:54+02:00,99.0
2022-06-11 02:00:54+02:00,97.9
2022-06-11 02:00:54+02:00,97.9
2022-06-11 02:01:54+02:00,97.5
2022-06-11 02:02:54+02:00,97.4
2022-06-11 02:03:54+02:00,98.0
2022-06-11 02:04:54+02:00,98.1
2022-06-11 02:05:55+02:00,98.4
2022-06-11 02:06:55+02:00,99.0
2022-06-11 02:07:55+02:00,99.4
2022-06-11 02:08:55+02:00,99.6
2022-06-11 02:09:55+02:00,99.1
2022-06-11 02:10:55+02:00,98.8
2022-06-11 02:11:55+02:00,98.4
2022-06-11 02:12:56+02:00,98.3
2022-06-11 02:13:56+02:00,98.6
2022-06-11 02:14:56+02:00,99.1
2022-06-11 02:15:56+02:00,99.1
2022-06-11 02:16:56+02:00,99.4
2022-06-11 02:17:56+02:00,98.7
2022-06-11 02:18:56+02:00,95.2
2022-06-11 02:19:57+02:00,94.2
2022-06-11 02:20:57+02:00,92.9
2022-06-11 02:21:57+02:00,50.0
2022-06-11 02:22:57+02:00,91.4
2022-06-11 02:23:57+02:00,91.2
2022-06-11 02:24:57+02:00,91.8
2022-06-11 02:25:57+02:00,50.0
2022-06-11 02:26:58+02:00,90.8
2022-06-11 02:27:58+02:00,90.0
2022-06-11 02:28:58+02:00,89.7
2022-06-11 02:29:58+02:00,89.9
2022-06-11 02:30:58+02:00,89.9
2022-06-11 02:31:58+02:00,90.1
2022-06-11 02:32:58+02:00,90.3
2022-06-11 02:33:59+02:00,90.5
2022-06-11 02:34:59+02:00,90.6
2022-06-11 02:35:59+02:00,91.1
2022-06-11 02:36:59+02:00,91.6
2022-06-11 02:37:59+02:00,91.7
2022-06-11 02:38:59+02:00,91.8
2022-06-11 02:39:59+02:00,91.8
2022-06-11 02:41:00+02:00,91.7
2022-06-11 02:42:00+02:00,91.8
2022-06-11 02:43:00+02:00,91.7
2022-06-11 02:44:00+02:00,91.7
2022-06-11 02:45:00+02:00,91.9
2022-06-11 02:46:00+02:00,92.1
2022-06-11 02:47:00+02:00,92.0
2022-06-11 02:48:00+02:00,92.2
2022-06-11 02:49:00+02:00,92.6
2022-06-11 02:50:00+02:00,92.5
2022-06-11 02:51:00+02:00,92.4
2022-06-11 02:52:01+02:00,92.3
2022-06-11 02:53:01+02:00,92.5
2022-06-11 02:54:01+02:00,92.6
2022-06-11 02:55:01+02:00,92.7
2022-06-11 02:56:01+02:00,92.6
2022-06-11 02:57:01+02:00,92.6
2022-06-11 02:58:01+02:00,92.4
2022-06-11 02:59:01+02:00,92.4
2022-06-11 03:00:01+02:00,92.3
2022-06-11 03:01:02+02:00,92.1
2022-06-11 03:02:02+02:00,92.0
2022-06-11 03:03:02+02:00,91.9
2022-06-11 03:04:02+02:00,92.2
2022-06-11 03:05:02+02:00,91.4
2022-06-11 03:06:02+02:00,91.6
2022-06-11 03:07:02+02:00,92.7
2022-06-11 03:08:02+02:00,93.3
2022-06-11 03:09:03+02:00,92.8
2022-06-11 03:10:03+02:00,92.1
2022-06-11 03:11:03+02:00,91.7
2022-06-11 03:12:03+02:00,90.8
2022-06-11 03:13:03+02:00,91.0
2022-06-11 03:14:03+02:00,90.9
2022-06-11 03:15:03+02:00,90.9
2022-06-11 03:16:03+02:00,91.2
2022-06-11 03:17:03+02:00,91.2
2022-06-11 03:18:04+02:00,90.9
2022-06-11 03:19:04+02:00,91.0
2022-06-11 03:20:04+02:00,90.8
2022-06-11 03:21:04+02:00,90.9
2022-06-11 03:22:04+02:00,90.9
2022-06-11 03:23:04+02:00,90.6
2022-06-11 03:24:04+02:00,50.0
2022-06-11 03:25:04+02:00,50.0
2022-06-11 03:26:04+02:00,92.3
2022-06-11 03:27:05+02:00,93.6
2022-06-11 03:28:05+02:00,95.9
2022-06-11 03:29:05+02:00,96.9
2022-06-11 03:30:05+02:00,97.8
2022-06-11 03:31:05+02:00,98.2
2022-06-11 03:32:05+02:00,98.6
2022-06-11 03:33:05+02:00,98.4
2022-06-11 03:34:05+02:00,98.4
2022-06-11 03:35:05+02:00,97.7
2022-06-11 03:36:05+02:00,98.7
2022-06-11 03:37:06+02:00,98.9
2022-06-11 03:38:06+02:00,99.1
2022-06-11 03:39:06+02:00,99.5
2022-06-11 03:40:06+02:00,50.0
2022-06-11 03:41:06+02:00,98.4
2022-06-11 03:42:06+02:00,97.7
2022-06-11 03:43:06+02:00,96.9
2022-06-11 03:44:06+02:00,95.8
2022-06-11 03:45:07+02:00,94.9
2022-06-11 03:46:07+02:00,95.2
2022-06-11 03:47:07+02:00,94.9
2022-06-11 03:48:07+02:00,94.6
2022-06-11 03:49:07+02:00,94.5
2022-06-11 03:50:07+02:00,95.0
2022-06-11 03:51:07+02:00,95.5
2022-06-11 03:52:08+02:00,50.0
2022-06-11 03:53:08+02:00,94.0
2022-06-11 03:54:08+02:00,94.9
2022-06-11 03:55:08+02:00,93.9
2022-06-11 03:56:08+02:00,92.7
2022-06-11 03:57:08+02:00,91.9
2022-06-11 03:58:08+02:00,91.4
2022-06-11 03:59:08+02:00,90.5
2022-06-11 04:00:09+02:00,50.0
2022-06-11 04:01:09+02:00,91.0
2022-06-11 04:02:09+02:00,50.0
2022-06-11 04:03:09+02:00,50.0
2022-06-11 04:04:09+02:00,50.0
2022-06-11 04:05:09+02:00,93.7
2022-06-11 04:06:09+02:00,96.2
2022-06-11 04:07:10+02:00,50.0
2022-06-11 04:08:10+02:00,96.5
2022-06-11 04:09:10+02:00,96.7
2022-06-11 04:10:10+02:00,96.5
2022-06-11 04:11:10+02:00,50.0
2022-06-11 04:12:10+02:00,95.2
2022-06-11 04:13:10+02:00,94.1
2022-06-11 04:14:11+02:00,50.0
2022-06-11 04:15:11+02:00,93.2
2022-06-11 04:16:11+02:00,94.1
2022-06-11 04:17:11+02:00,94.3
2022-06-11 04:18:11+02:00,50.0
2022-06-11 04:19:11+02:00,95.0
2022-06-11 04:20:11+02:00,50.0
2022-06-11 04:21:12+02:00,94.8
2022-06-11 04:22:12+02:00,50.0
2022-06-11 04:23:12+02:00,94.4
2022-06-11 04:24:12+02:00,94.2
2022-06-11 04:25:12+02:00,50.0
2022-06-11 04:26:12+02:00,93.9
2022-06-11 04:27:13+02:00,93.5
2022-06-11 04:28:13+02:00,50.0
2022-06-11 04:29:13+02:00,93.0
2022-06-11 04:30:13+02:00,50.0
2022-06-11 04:31:13+02:00,50.0
2022-06-11 04:32:13+02:00,93.0
2022-06-11 04:33:13+02:00,93.0
2022-06-11 04:34:14+02:00,93.3
2022-06-11 04:35:14+02:00,93.6
2022-06-11 04:36:14+02:00,93.1
2022-06-11 04:37:14+02:00,92.4
2022-06-11 04:38:14+02:00,92.1
2022-06-11 04:39:14+02:00,91.9
2022-06-11 04:40:14+02:00,91.7
2022-06-11 04:41:15+02:00,91.6
2022-06-11 04:42:15+02:00,91.8
2022-06-11 04:43:15+02:00,91.8
2022-06-11 04:44:15+02:00,92.7
2022-06-11 04:45:15+02:00,50.0
2022-06-11 04:46:15+02:00,50.0
2022-06-11 04:47:15+02:00,93.0
2022-06-11 04:48:16+02:00,50.0
2022-06-11 04:49:16+02:00,94.6
2022-06-11 04:50:16+02:00,95.9
2022-06-11 04:51:16+02:00,50.0
2022-06-11 04:52:16+02:00,96.5
2022-06-11 04:53:16+02:00,94.0
2022-06-11 04:54:16+02:00,92.6
2022-06-11 04:55:17+02:00,92.5
2022-06-11 04:56:17+02:00,93.0
2022-06-11 04:57:17+02:00,50.0
2022-06-11 04:58:17+02:00,91.6
2022-06-11 04:59:17+02:00,50.0
2022-06-11 05:00:17+02:00,89.9
2022-06-11 05:01:17+02:00,50.0
2022-06-11 05:02:17+02:00,50.0
2022-06-11 05:03:18+02:00,50.0
2022-06-11 05:04:18+02:00,89.9
2022-06-11 05:05:18+02:00,89.2
2022-06-11 05:06:18+02:00,87.0
2022-06-11 05:07:18+02:00,87.6
2022-06-11 05:08:18+02:00,50.0
2022-06-11 05:09:19+02:00,89.0
2022-06-11 05:10:19+02:00,89.2
2022-06-11 05:11:19+02:00,89.6
2022-06-11 05:12:19+02:00,86.2
2022-06-11 05:13:19+02:00,76.6
2022-06-11 05:14:19+02:00,81.2
2022-06-11 05:15:19+02:00,82.0
2022-06-11 05:16:20+02:00,50.0
2022-06-11 05:17:20+02:00,50.0
2022-06-11 05:18:20+02:00,50.0
2022-06-11 05:19:20+02:00,50.0
2022-06-11 05:20:20+02:00,79.7
2022-06-11 05:21:20+02:00,76.8
2022-06-11 05:22:20+02:00,77.0
2022-06-11 05:23:21+02:00,50.0
2022-06-11 05:24:21+02:00,50.0
2022-06-11 05:25:21+02:00,78.2
2022-06-11 05:26:21+02:00,50.0
2022-06-11 05:27:21+02:00,50.0
2022-06-11 05:28:21+02:00,50.0
2022-06-11 05:29:21+02:00,50.0
2022-06-11 05:30:22+02:00,78.7
2022-06-11 05:31:22+02:00,80.6
2022-06-11 05:32:22+02:00,84.0
2022-06-11 05:33:22+02:00,87.2
2022-06-11 05:34:22+02:00,89.0
2022-06-11 05:35:22+02:00,90.0
2022-06-11 05:36:22+02:00,50.0
2022-06-11 05:37:23+02:00,92.5
2022-06-11 05:38:23+02:00,94.1
2022-06-11 05:39:23+02:00,50.0
2022-06-11 05:40:23+02:00,94.7
2022-06-11 05:41:23+02:00,95.5
2022-06-11 05:42:23+02:00,95.8
2022-06-11 05:43:23+02:00,95.6
2022-06-11 05:44:24+02:00,95.3
2022-06-11 05:45:24+02:00,94.9
2022-06-11 05:46:24+02:00,94.4
2022-06-11 05:47:24+02:00,94.3
2022-06-11 05:48:24+02:00,94.0
2022-06-11 05:49:24+02:00,93.9
2022-06-11 05:50:25+02:00,94.0
2022-06-11 05:51:25+02:00,50.0
2022-06-11 05:52:25+02:00,93.6
2022-06-11 05:53:25+02:00,91.8
2022-06-11 05:54:25+02:00,90.6
2022-06-11 05:55:25+02:00,89.4
2022-06-11 05:56:25+02:00,50.0
2022-06-11 05:57:26+02:00,89.1
2022-06-11 05:58:26+02:00,50.0
2022-06-11 05:59:26+02:00,90.6
2022-06-11 06:00:26+02:00,50.0
2022-06-11 06:01:26+02:00,50.0
2022-06-11 06:02:26+02:00,92.5
2022-06-11 06:03:26+02:00,94.2
2022-06-11 06:04:26+02:00,50.0
2022-06-11 06:05:27+02:00,93.7
2022-06-11 06:06:27+02:00,92.5
2022-06-11 06:07:27+02:00,92.2
2022-06-11 06:08:27+02:00,91.8
2022-06-11 06:09:27+02:00,92.1
2022-06-11 06:10:27+02:00,50.0
2022-06-11 06:11:28+02:00,93.6
2022-06-11 06:12:28+02:00,93.1
2022-06-11 06:13:28+02:00,92.9
2022-06-11 06:14:28+02:00,93.1
2022-06-11 06:15:28+02:00,92.9
2022-06-11 06:16:28+02:00,50.0
2022-06-11 06:17:28+02:00,93.0
2022-06-11 06:18:29+02:00,92.5
2022-06-11 06:19:29+02:00,92.0
2022-06-11 06:20:29+02:00,91.6
2022-06-11 06:21:29+02:00,91.1
2022-06-11 06:22:29+02:00,90.9
2022-06-11 06:23:29+02:00,91.0
2022-06-11 06:24:29+02:00,91.2
2022-06-11 06:25:30+02:00,91.0
2022-06-11 06:26:30+02:00,90.5
2022-06-11 06:27:30+02:00,50.0
2022-06-11 06:28:30+02:00,91.2
2022-06-11 06:29:30+02:00,91.8
2022-06-11 06:30:30+02:00,91.4
2022-06-11 06:31:30+02:00,90.9
2022-06-11 06:32:30+02:00,90.7
2022-06-11 06:33:30+02:00,88.7
2022-06-11 06:34:30+02:00,50.0
2022-06-11 06:35:31+02:00,90.2
2022-06-11 06:36:31+02:00,80.4
2022-06-11 06:37:31+02:00,50.0
2022-06-11 06:38:31+02:00,77.1
2022-06-11 06:39:31+02:00,77.7
2022-06-11 06:40:31+02:00,77.9
2022-06-11 06:41:31+02:00,78.0
2022-06-11 06:42:31+02:00,78.7
2022-06-11 06:43:31+02:00,78.6
2022-06-11 06:44:31+02:00,80.5
2022-06-11 06:45:31+02:00,82.4
2022-06-11 06:46:31+02:00,80.8
2022-06-11 06:47:32+02:00,80.5
2022-06-11 06:48:32+02:00,81.5
2022-06-11 06:49:32+02:00,82.8
2022-06-11 06:50:32+02:00,50.0
2022-06-11 06:51:32+02:00,82.8
2022-06-11 06:52:32+02:00,86.8
2022-06-11 06:53:32+02:00,89.6
2022-06-11 06:54:32+02:00,50.0
2022-06-11 06:55:32+02:00,91.6
2022-06-11 06:56:32+02:00,92.4
2022-06-11 06:57:33+02:00,93.2
2022-06-11 06:58:33+02:00,93.9
2022-06-11 06:59:33+02:00,94.4
2022-06-11 07:00:33+02:00,94.6
2022-06-11 07:01:33+02:00,94.3
2022-06-11 07:02:33+02:00,94.5
2022-06-11 07:03:33+02:00,95.0
2022-06-11 07:04:33+02:00,95.4
2022-06-11 07:05:33+02:00,95.6
2022-06-11 07:06:33+02:00,95.8
2022-06-11 07:07:33+02:00,95.6
2022-06-11 07:08:33+02:00,95.0
2022-06-11 07:09:34+02:00,94.3
2022-06-11 07:10:34+02:00,94.0
2022-06-11 07:11:34+02:00,93.6
2022-06-11 07:12:34+02:00,92.9
2022-06-11 07:13:34+02:00,92.8
2022-06-11 07:14:34+02:00,92.9
2022-06-11 07:15:34+02:00,93.1
2022-06-11 07:16:34+02:00,92.8
2022-06-11 07:17:34+02:00,50.0
2022-06-11 07:18:34+02:00,93.3
2022-06-11 07:19:34+02:00,93.3
2022-06-11 07:20:35+02:00,93.2
2022-06-11 07:21:35+02:00,50.0
2022-06-11 07:22:35+02:00,93.6
2022-06-11 07:23:35+02:00,93.9
2022-06-11 07:24:35+02:00,93.9
2022-06-11 07:25:35+02:00,94.3
2022-06-11 07:26:35+02:00,94.6
2022-06-11 07:27:35+02:00,94.6
2022-06-11 07:28:35+02:00,94.7
2022-06-11 07:29:35+02:00,94.7
2022-06-11 07:30:35+02:00,94.9
2022-06-11 07:31:35+02:00,94.5
2022-06-11 07:32:36+02:00,94.4
2022-06-11 07:33:36+02:00,94.4
2022-06-11 07:34:36+02:00,94.1
2022-06-11 07:35:36+02:00,93.8
2022-06-11 07:36:36+02:00,93.7
2022-06-11 07:37:36+02:00,93.6
2022-06-11 07:38:37+02:00,93.2
2022-06-11 07:39:37+02:00,93.1
2022-06-11 07:40:37+02:00,93.5
2022-06-11 07:41:37+02:00,93.6
2022-06-11 07:42:37+02:00,93.5
2022-06-11 07:43:37+02:00,93.3
2022-06-11 07:44:37+02:00,93.3
2022-06-11 07:45:38+02:00,92.9
2022-06-11 07:46:38+02:00,50.0
2022-06-11 07:47:38+02:00,92.5
2022-06-11 07:48:38+02:00,50.0
2022-06-11 07:49:38+02:00,93.9
2022-06-11 07:50:38+02:00,93.1
2022-06-11 07:51:38+02:00,92.7
2022-06-11 07:52:39+02:00,93.1
2022-06-11 07:53:39+02:00,93.0
2022-06-11 07:54:39+02:00,93.0
2022-06-11 07:55:39+02:00,93.1
2022-06-11 07:56:39+02:00,92.8
2022-06-11 07:57:39+02:00,93.1
2022-06-11 07:58:39+02:00,93.2
2022-06-11 07:59:40+02:00,93.0
2022-06-11 08:00:40+02:00,92.4
2022-06-11 08:01:40+02:00,50.0
2022-06-11 08:02:40+02:00,50.0
2022-06-11 08:03:40+02:00,50.0
2022-06-11 08:04:40+02:00,92.0
2022-06-11 08:05:41+02:00,50.0
2022-06-11 08:06:41+02:00,50.0
2022-06-11 08:07:41+02:00,50.0
2022-06-11 08:08:41+02:00,50.0
2022-06-11 08:09:41+02:00,91.9
2022-06-11 08:10:41+02:00,50.0
2022-06-11 08:11:41+02:00,50.0
2022-06-11 08:12:41+02:00,50.0
2022-06-11 08:13:41+02:00,50.0
2022-06-11 08:14:41+02:00,90.8
2022-06-11 08:15:42+02:00,91.0
2022-06-11 08:16:42+02:00,91.4
2022-06-11 08:17:42+02:00,91.9
2022-06-11 08:18:42+02:00,91.7
2022-06-11 08:19:42+02:00,50.0
2022-06-11 08:20:42+02:00,50.0
2022-06-11 08:21:43+02:00,50.0
2022-06-11 08:22:43+02:00,50.0
2022-06-11 08:23:43+02:00,50.0
2022-06-11 08:24:43+02:00,50.0
2022-06-11 08:25:43+02:00,50.0
2022-06-11 08:26:43+02:00,50.0
2022-06-11 08:27:43+02:00,50.0
2022-06-11 08:28:43+02:00,50.0
2022-06-11 08:29:43+02:00,50.0
2022-06-11 08:30:44+02:00,50.0
2022-06-11 08:31:44+02:00,50.0
2022-06-11 08:32:44+02:00,50.0
2022-06-11 08:33:44+02:00,50.0
2022-06-11 08:34:44+02:00,50.0
2022-06-11 08:35:44+02:00,50.0
2022-06-11 08:36:44+02:00,50.0
2022-06-11 08:37:45+02:00,50.0
2022-06-11 08:38:45+02:00,50.0
2022-06-11 08:39:45+02:00,50.0
2022-06-11 08:40:45+02:00,50.0
2022-06-11 08:41:45+02:00,50.0
2022-06-11 08:42:45+02:00,50.0
2022-06-11 08:43:45+02:00,50.0
2022-06-11 08:44:46+02:00,50.0
2022-06-11 08:45:46+02:00,50.0
2022-06-11 08:46:46+02:00,50.0
2022-06-11 08:47:46+02:00,50.0
2022-06-11 08:48:46+02:00,50.0
2022-06-11 08:49:46+02:00,50.0
2022-06-11 08:50:46+02:00,50.0
2022-06-11 08:51:47+02:00,50.0
2022-06-11 08:52:47+02:00,50.0
2022-06-11 08:53:47+02:00,50.0
2022-06-12 01:31:30+02:00,89.8
2022-06-12 01:32:30+02:00,89.9
2022-06-12 01:33:30+02:00,89.8
2022-06-12 01:34:30+02:00,50.0
2022-06-12 01:35:30+02:00,50.0
2022-06-12 01:36:30+02:00,50.0
2022-06-12 01:37:30+02:00,90.8
2022-06-12 01:38:30+02:00,90.4
2022-06-12 01:39:30+02:00,50.0
2022-06-12 01:40:30+02:00,89.7
2022-06-12 01:41:30+02:00,89.0
2022-06-12 01:42:31+02:00,50.0
2022-06-12 01:43:31+02:00,50.0
2022-06-12 01:44:31+02:00,50.0
2022-06-12 01:45:31+02:00,86.7
2022-06-12 01:46:31+02:00,87.0
2022-06-12 01:47:31+02:00,87.7
2022-06-12 01:48:31+02:00,87.8
2022-06-12 01:49:32+02:00,87.8
2022-06-12 01:50:32+02:00,86.2
2022-06-12 01:51:32+02:00,83.7
2022-06-12 01:52:32+02:00,82.8
2022-06-12 01:53:32+02:00,81.6
2022-06-12 01:54:32+02:00,80.6
2022-06-12 01:55:32+02:00,79.7
2022-06-12 01:56:33+02:00,78.6
2022-06-12 01:57:33+02:00,80.2
2022-06-12 01:58:33+02:00,79.1
2022-06-12 01:59:33+02:00,78.3
2022-06-12 02:00:33+02:00,77.8
2022-06-12 02:00:33+02:00,77.8
2022-06-12 02:01:33+02:00,77.4
2022-06-12 02:02:33+02:00,77.1
2022-06-12 02:03:34+02:00,76.8
2022-06-12 02:04:34+02:00,76.5
2022-06-12 02:05:34+02:00,76.2
2022-06-12 02:06:34+02:00,76.1
2022-06-12 02:07:34+02:00,50.0
2022-06-12 02:08:34+02:00,50.0
2022-06-12 02:09:35+02:00,79.2
2022-06-12 02:10:35+02:00,81.3
2022-06-12 02:11:35+02:00,82.6
2022-06-12 02:12:35+02:00,83.6
2022-06-12 02:13:35+02:00,50.0
2022-06-12 02:14:35+02:00,84.3
2022-06-12 02:15:35+02:00,83.9
2022-06-12 02:16:35+02:00,83.6
2022-06-12 02:17:36+02:00,83.3
2022-06-12 02:18:36+02:00,83.0
2022-06-12 02:19:36+02:00,82.6
2022-06-12 02:20:36+02:00,82.3
2022-06-12 02:21:36+02:00,82.4
2022-06-12 02:22:36+02:00,50.0
2022-06-12 02:23:37+02:00,84.0
2022-06-12 02:24:37+02:00,85.0
2022-06-12 02:25:37+02:00,85.7
2022-06-12 02:26:37+02:00,86.0
2022-06-12 02:27:37+02:00,86.9
2022-06-12 02:28:37+02:00,87.0
2022-06-12 02:29:37+02:00,86.9
2022-06-12 02:30:38+02:00,86.4
2022-06-12 02:31:38+02:00,85.9
2022-06-12 02:32:38+02:00,85.6
2022-06-12 02:33:38+02:00,85.5
2022-06-12 02:34:38+02:00,85.4
2022-06-12 02:35:38+02:00,85.5
2022-06-12 02:36:38+02:00,85.1
2022-06-12 02:37:39+02:00,84.2
2022-06-12 02:38:39+02:00,84.9
2022-06-12 02:39:39+02:00,85.2
2022-06-12 02:40:39+02:00,85.4
2022-06-12 02:41:39+02:00,85.2
2022-06-12 02:42:39+02:00,85.4
2022-06-12 02:43:39+02:00,50.0
2022-06-12 02:44:40+02:00,85.1
2022-06-12 02:45:40+02:00,50.0
2022-06-12 02:46:40+02:00,50.0
2022-06-12 02:47:40+02:00,87.1
2022-06-12 02:48:40+02:00,87.8
2022-06-12 02:49:40+02:00,88.3
2022-06-12 02:50:41+02:00,88.8
2022-06-12 02:51:41+02:00,50.0
2022-06-12 02:52:41+02:00,89.0
2022-06-12 02:53:41+02:00,50.0
2022-06-12 02:54:41+02:00,88.9
2022-06-12 02:55:41+02:00,88.7
2022-06-12 02:56:42+02:00,88.5
2022-06-12 02:57:42+02:00,88.3
2022-06-12 02:58:42+02:00,87.9
2022-06-12 02:59:42+02:00,87.8
2022-06-12 03:00:42+02:00,88.1
2022-06-12 03:01:42+02:00,88.0
2022-06-12 03:02:42+02:00,87.4
2022-06-12 03:03:43+02:00,87.6
2022-06-12 03:04:43+02:00,87.5
2022-06-12 03:05:43+02:00,86.9
2022-06-12 03:06:43+02:00,86.6
2022-06-12 03:07:43+02:00,87.1
2022-06-12 03:08:43+02:00,87.4
2022-06-12 03:09:43+02:00,87.3
2022-06-12 03:10:44+02:00,87.3
2022-06-12 03:11:44+02:00,87.3
2022-06-12 03:12:44+02:00,87.7
2022-06-12 03:13:44+02:00,87.9
2022-06-12 03:14:44+02:00,87.9
2022-06-12 03:15:44+02:00,88.1
2022-06-12 03:16:44+02:00,88.0
2022-06-12 03:17:45+02:00,87.9
2022-06-12 03:18:45+02:00,87.5
2022-06-12 03:19:45+02:00,86.9
2022-06-12 03:20:45+02:00,86.5
2022-06-12 03:21:45+02:00,86.1
2022-06-12 03:22:45+02:00,86.0
2022-06-12 03:23:45+02:00,85.8
2022-06-12 03:24:46+02:00,85.9
2022-06-12 03:25:46+02:00,86.2
2022-06-12 03:26:46+02:00,86.7
2022-06-12 03:27:46+02:00,87.1
2022-06-12 03:28:46+02:00,87.4
2022-06-12 03:29:46+02:00,87.2
2022-06-12 03:30:47+02:00,87.0
2022-06-12 03:31:47+02:00,86.6
2022-06-12 03:32:47+02:00,86.4
2022-06-12 03:33:47+02:00,86.1
2022-06-12 03:34:47+02:00,85.6
2022-06-12 03:35:47+02:00,85.0
2022-06-12 03:36:47+02:00,84.5
2022-06-12 03:37:48+02:00,84.8
2022-06-12 03:38:48+02:00,85.5
2022-06-12 03:39:48+02:00,50.0
2022-06-12 03:40:48+02:00,86.2
2022-06-12 03:41:48+02:00,87.0
2022-06-12 03:42:48+02:00,87.3
2022-06-12 03:43:48+02:00,87.4
2022-06-12 03:44:49+02:00,87.5
2022-06-12 03:45:49+02:00,87.0
2022-06-12 03:46:49+02:00,86.4
2022-06-12 03:47:49+02:00,86.9
2022-06-12 03:48:49+02:00,87.5
2022-06-12 03:49:49+02:00,87.8
2022-06-12 03:50:49+02:00,86.2
2022-06-12 03:51:50+02:00,85.8
2022-06-12 03:52:50+02:00,87.1
2022-06-12 03:53:50+02:00,88.4
2022-06-12 03:54:50+02:00,88.8
2022-06-12 03:55:50+02:00,88.8
2022-06-12 03:56:50+02:00,50.0
2022-06-12 03:57:51+02:00,89.5
2022-06-12 03:58:51+02:00,88.9
2022-06-12 03:59:51+02:00,88.8
2022-06-12 04:00:51+02:00,88.8
2022-06-12 04:01:51+02:00,88.3
2022-06-12 04:02:51+02:00,87.2
2022-06-12 04:03:51+02:00,86.7
2022-06-12 04:04:52+02:00,86.3
2022-06-12 04:05:52+02:00,85.5
2022-06-12 04:06:52+02:00,85.2
2022-06-12 04:07:52+02:00,85.8
2022-06-12 04:08:52+02:00,50.0
2022-06-12 04:09:52+02:00,50.0
2022-06-12 04:10:52+02:00,86.5
2022-06-12 04:11:53+02:00,50.0
2022-06-12 04:12:53+02:00,87.4
2022-06-12 04:13:53+02:00,88.3
2022-06-12 04:14:53+02:00,88.9
2022-06-12 04:15:53+02:00,50.0
2022-06-12 04:16:53+02:00,50.0
2022-06-12 04:17:53+02:00,88.7
2022-06-12 04:18:54+02:00,87.8
2022-06-12 04:19:54+02:00,50.0
2022-06-12 04:20:54+02:00,87.0
2022-06-12 04:21:54+02:00,85.8
2022-06-12 04:22:54+02:00,85.7
2022-06-12 04:23:54+02:00,84.8
2022-06-12 04:24:55+02:00,50.0
2022-06-12 04:25:55+02:00,86.1
2022-06-12 04:26:55+02:00,87.3
2022-06-12 04:27:55+02:00,87.9
2022-06-12 04:28:55+02:00,88.3
2022-06-12 04:29:55+02:00,88.5
2022-06-12 04:30:55+02:00,88.6
2022-06-12 04:31:56+02:00,88.9
2022-06-12 04:32:56+02:00,89.0
2022-06-12 04:33:56+02:00,89.2
2022-06-12 04:34:56+02:00,89.3
2022-06-12 04:35:56+02:00,89.5
2022-06-12 04:36:56+02:00,89.6
2022-06-12 04:37:56+02:00,89.7
2022-06-12 04:38:57+02:00,89.7
2022-06-12 04:39:57+02:00,89.6
2022-06-12 04:40:57+02:00,89.5
2022-06-12 04:41:57+02:00,89.5
2022-06-12 04:42:57+02:00,89.3
2022-06-12 04:43:57+02:00,89.1
2022-06-12 04:44:57+02:00,88.8
2022-06-12 04:45:58+02:00,88.6
2022-06-12 04:46:58+02:00,88.5
2022-06-12 04:47:58+02:00,88.5
2022-06-12 04:48:58+02:00,88.5
2022-06-12 04:49:58+02:00,88.3
2022-06-12 04:50:58+02:00,88.2
2022-06-12 04:51:59+02:00,88.1
2022-06-12 04:52:59+02:00,88.1
2022-06-12 04:53:59+02:00,88.2
2022-06-12 04:54:59+02:00,88.3
2022-06-12 04:55:59+02:00,88.4
2022-06-12 04:56:59+02:00,50.0
2022-06-12 04:57:59+02:00,88.3
2022-06-12 04:58:59+02:00,88.3
2022-06-12 04:59:59+02:00,88.2
2022-06-12 05:00:59+02:00,88.5
2022-06-12 05:01:59+02:00,89.1
2022-06-12 05:03:00+02:00,89.2
2022-06-12 05:04:00+02:00,89.4
2022-06-12 05:05:00+02:00,89.2
2022-06-12 05:06:00+02:00,89.1
2022-06-12 05:07:00+02:00,89.4
2022-06-12 05:08:00+02:00,89.7
2022-06-12 05:09:00+02:00,89.8
2022-06-12 05:10:00+02:00,90.2
2022-06-12 05:11:00+02:00,89.7
2022-06-12 05:12:00+02:00,90.3
2022-06-12 05:13:01+02:00,90.4
2022-06-12 05:14:01+02:00,90.5
2022-06-12 05:15:01+02:00,90.3
2022-06-12 05:16:01+02:00,90.3
2022-06-12 05:17:01+02:00,90.5
2022-06-12 05:18:01+02:00,90.1
2022-06-12 05:19:01+02:00,90.1
2022-06-12 05:20:01+02:00,90.0
2022-06-12 05:21:01+02:00,90.0
2022-06-12 05:22:01+02:00,50.0
2022-06-12 05:23:01+02:00,90.1
2022-06-12 05:24:02+02:00,89.4
2022-06-12 05:25:02+02:00,89.3
2022-06-12 05:26:02+02:00,87.8
2022-06-12 05:27:02+02:00,50.0
2022-06-12 05:28:02+02:00,86.6
2022-06-12 05:29:02+02:00,86.2
2022-06-12 05:30:02+02:00,86.0
2022-06-12 05:31:02+02:00,50.0
2022-06-12 05:32:02+02:00,87.3
2022-06-12 05:33:02+02:00,50.0
2022-06-12 05:34:03+02:00,50.0
2022-06-12 05:35:03+02:00,88.6
2022-06-12 05:36:03+02:00,50.0
2022-06-12 05:37:03+02:00,89.2
2022-06-12 05:38:03+02:00,50.0
2022-06-12 05:39:03+02:00,50.0
2022-06-12 05:40:03+02:00,50.0
2022-06-12 05:41:03+02:00,50.0
2022-06-12 05:42:03+02:00,50.0
2022-06-12 05:43:03+02:00,88.9
2022-06-12 05:44:03+02:00,88.6
2022-06-12 05:45:03+02:00,88.7
2022-06-12 05:46:03+02:00,88.8
2022-06-12 05:47:04+02:00,88.9
2022-06-12 05:48:04+02:00,89.1
2022-06-12 05:49:04+02:00,89.0
2022-06-12 05:50:04+02:00,89.3
2022-06-12 05:51:04+02:00,89.6
2022-06-12 05:52:04+02:00,89.7
2022-06-12 05:53:04+02:00,89.9
2022-06-12 05:54:04+02:00,50.0
2022-06-12 05:55:04+02:00,91.9
2022-06-12 05:56:04+02:00,93.7
2022-06-12 05:57:05+02:00,50.0
2022-06-12 05:58:05+02:00,50.0
2022-06-12 05:59:05+02:00,93.4
2022-06-12 06:00:05+02:00,93.2
2022-06-12 06:01:05+02:00,93.5
2022-06-12 06:02:05+02:00,93.8
2022-06-12 06:03:05+02:00,94.3
2022-06-12 06:04:05+02:00,94.0
2022-06-12 06:05:05+02:00,94.3
2022-06-12 06:06:06+02:00,94.4
2022-06-12 06:07:06+02:00,94.1
2022-06-12 06:08:06+02:00,94.5
2022-06-12 06:09:06+02:00,94.3
2022-06-12 06:10:06+02:00,94.3
2022-06-12 06:11:06+02:00,94.1
2022-06-12 06:12:06+02:00,94.0
2022-06-12 06:13:07+02:00,93.7
2022-06-12 06:14:07+02:00,93.6
2022-06-12 06:15:07+02:00,93.5
2022-06-12 06:16:07+02:00,93.4
2022-06-12 06:17:07+02:00,50.0
2022-06-12 06:18:07+02:00,91.9
2022-06-12 06:19:07+02:00,91.0
2022-06-12 06:20:08+02:00,90.3
2022-06-12 06:21:08+02:00,89.7
2022-06-12 06:22:08+02:00,50.0
2022-06-12 06:23:08+02:00,91.9
2022-06-12 06:24:08+02:00,93.4
2022-06-12 06:25:08+02:00,93.7
2022-06-12 06:26:09+02:00,94.2
2022-06-12 06:27:09+02:00,94.4
2022-06-12 06:28:09+02:00,50.0
2022-06-12 06:29:09+02:00,92.9
2022-06-12 06:30:09+02:00,91.9
2022-06-12 06:31:09+02:00,91.2
2022-06-12 06:32:09+02:00,91.1
2022-06-12 06:33:10+02:00,90.8
2022-06-12 06:34:10+02:00,90.7
2022-06-12 06:35:10+02:00,90.3
2022-06-12 06:36:10+02:00,90.1
2022-06-12 06:37:10+02:00,89.7
2022-06-12 06:38:10+02:00,89.2
2022-06-12 06:39:10+02:00,88.2
2022-06-12 06:40:11+02:00,87.8
2022-06-12 06:41:11+02:00,87.4
2022-06-12 06:42:11+02:00,87.1
2022-06-12 06:43:11+02:00,87.2
2022-06-12 06:44:11+02:00,86.9
2022-06-12 06:45:11+02:00,87.3
2022-06-12 06:46:11+02:00,87.7
2022-06-12 06:47:12+02:00,87.9
2022-06-12 06:48:12+02:00,88.1
2022-06-12 06:49:12+02:00,88.1
2022-06-12 06:50:12+02:00,88.5
2022-06-12 06:51:12+02:00,88.6
2022-06-12 06:52:12+02:00,88.7
2022-06-12 06:53:13+02:00,88.8
2022-06-12 06:54:13+02:00,50.0
2022-06-12 06:55:13+02:00,89.2
2022-06-12 06:56:13+02:00,90.9
2022-06-12 06:57:13+02:00,50.0
2022-06-12 06:58:13+02:00,91.7
2022-06-12 06:59:13+02:00,91.9
2022-06-12 07:00:14+02:00,92.2
2022-06-12 07:01:14+02:00,92.3
2022-06-12 07:02:14+02:00,92.4
2022-06-12 07:03:14+02:00,50.0
2022-06-12 07:04:14+02:00,91.4
2022-06-12 07:05:14+02:00,90.3
2022-06-12 07:06:15+02:00,89.7
2022-06-12 07:07:15+02:00,89.2
2022-06-12 07:08:15+02:00,88.8
2022-06-12 07:09:15+02:00,89.0
2022-06-12 07:10:15+02:00,50.0
2022-06-12 07:11:15+02:00,89.6
2022-06-12 07:12:15+02:00,90.3
2022-06-12 07:13:16+02:00,90.7
2022-06-12 07:14:16+02:00,50.0
2022-06-12 07:15:16+02:00,91.7
2022-06-12 07:16:16+02:00,92.7
2022-06-12 07:17:16+02:00,93.5
2022-06-12 07:18:16+02:00,94.0
2022-06-12 07:19:16+02:00,50.0
2022-06-12 07:20:17+02:00,93.8
2022-06-12 07:21:17+02:00,92.6
2022-06-12 07:22:17+02:00,91.9
2022-06-12 07:23:17+02:00,91.4
2022-06-12 07:24:17+02:00,91.1
2022-06-12 07:25:17+02:00,90.7
2022-06-12 07:26:18+02:00,90.5
2022-06-12 07:27:18+02:00,90.2
2022-06-12 07:28:18+02:00,50.0
2022-06-12 07:29:18+02:00,90.5
2022-06-12 07:30:18+02:00,90.7
2022-06-12 07:31:18+02:00,90.9
2022-06-12 07:32:18+02:00,90.9
2022-06-12 07:33:19+02:00,91.1
2022-06-12 07:34:19+02:00,90.9
2022-06-12 07:35:19+02:00,50.0
2022-06-12 07:36:19+02:00,91.3
2022-06-12 07:37:19+02:00,92.0
2022-06-12 07:38:19+02:00,50.0
2022-06-12 07:39:19+02:00,50.0
2022-06-12 07:40:20+02:00,50.0
2022-06-12 07:41:20+02:00,50.0
2022-06-12 07:42:20+02:00,50.0
2022-06-12 07:43:20+02:00,91.6
2022-06-12 07:44:20+02:00,91.6
2022-06-12 07:45:20+02:00,50.0
2022-06-12 07:46:20+02:00,50.0
2022-06-12 07:47:20+02:00,50.0
2022-06-12 07:48:21+02:00,92.1
2022-06-12 07:49:21+02:00,91.4
2022-06-12 07:50:21+02:00,91.2
2022-06-12 07:51:21+02:00,91.0
2022-06-12 07:52:21+02:00,91.0
2022-06-12 07:53:21+02:00,50.0
2022-06-12 07:54:22+02:00,91.4
2022-06-12 07:55:22+02:00,92.1
2022-06-12 07:56:22+02:00,50.0
2022-06-12 07:57:22+02:00,92.2
2022-06-12 07:58:22+02:00,92.9
2022-06-12 07:59:22+02:00,93.7
2022-06-12 08:00:22+02:00,94.3
2022-06-12 08:01:23+02:00,95.0
2022-06-12 08:02:23+02:00,95.7
2022-06-12 08:03:23+02:00,97.2
2022-06-12 08:04:23+02:00,97.8
2022-06-12 08:05:23+02:00,98.4
2022-06-12 08:06:23+02:00,98.7
2022-06-12 08:07:24+02:00,98.9
2022-06-12 08:08:24+02:00,99.2
2022-06-12 08:09:24+02:00,50.0
2022-06-12 08:10:24+02:00,99.3
2022-06-12 08:11:24+02:00,97.9
2022-06-12 08:12:24+02:00,96.9
2022-06-12 08:13:24+02:00,96.2
2022-06-12 08:14:25+02:00,95.2
2022-06-12 08:15:25+02:00,94.3
2022-06-12 08:16:25+02:00,94.3
2022-06-12 08:17:25+02:00,93.7
2022-06-12 08:18:25+02:00,50.0
2022-06-12 08:19:25+02:00,94.1
2022-06-12 08:20:25+02:00,50.0
2022-06-12 08:21:26+02:00,95.4
2022-06-12 08:22:26+02:00,95.8
2022-06-12 08:23:26+02:00,50.0
2022-06-12 08:24:26+02:00,95.6
2022-06-12 08:25:26+02:00,95.3
2022-06-12 08:26:26+02:00,95.0
2022-06-12 08:27:27+02:00,50.0
2022-06-12 08:28:27+02:00,50.0
2022-06-12 08:29:27+02:00,94.6
2022-06-12 08:30:27+02:00,95.1
2022-06-12 08:31:27+02:00,50.0
2022-06-12 08:32:27+02:00,50.0
2022-06-12 08:33:27+02:00,94.4
2022-06-12 08:34:27+02:00,93.3
2022-06-12 08:35:28+02:00,91.4
2022-06-12 08:36:28+02:00,91.7
2022-06-12 08:37:28+02:00,91.6
2022-06-12 08:38:28+02:00,91.2
2022-06-12 08:39:28+02:00,50.0
2022-06-12 08:40:28+02:00,90.8
2022-06-12 08:41:29+02:00,91.4
2022-06-12 08:42:29+02:00,92.0
2022-06-12 08:43:29+02:00,92.8
2022-06-12 08:44:29+02:00,93.0
2022-06-12 08:45:29+02:00,93.5
2022-06-12 08:46:29+02:00,93.5
2022-06-12 08:47:29+02:00,93.9
2022-06-12 08:48:30+02:00,50.0
2022-06-12 08:49:30+02:00,93.4
2022-06-12 08:50:30+02:00,93.3
2022-06-12 08:51:30+02:00,93.6
2022-06-12 08:52:30+02:00,93.4
2022-06-12 08:53:30+02:00,93.2
2022-06-12 08:54:30+02:00,93.1
2022-06-12 08:55:31+02:00,93.0
2022-06-12 08:56:31+02:00,50.0
2022-06-12 08:57:31+02:00,91.5
2022-06-12 08:58:31+02:00,90.4
2022-06-12 08:59:31+02:00,89.7
2022-06-12 09:00:31+02:00,88.8
2022-06-12 09:01:31+02:00,88.6
2022-06-12 09:02:32+02:00,87.9
2022-06-12 09:03:32+02:00,50.0
2022-06-12 09:04:32+02:00,88.0
2022-06-12 09:05:32+02:00,50.0
2022-06-12 09:06:32+02:00,50.0
2022-06-12 09:07:32+02:00,50.0
2022-06-12 09:08:32+02:00,90.1
2022-06-12 09:09:33+02:00,89.4
2022-06-12 09:10:33+02:00,89.2
2022-06-12 09:11:33+02:00,89.9
2022-06-12 09:12:33+02:00,90.6
2022-06-12 09:13:33+02:00,91.0
2022-06-12 09:14:33+02:00,50.0
2022-06-12 09:15:33+02:00,50.0
2022-06-12 09:16:34+02:00,50.0
2022-06-12 09:17:34+02:00,50.0
2022-06-12 09:18:34+02:00,50.0
2022-06-12 09:19:34+02:00,50.0
2022-06-12 09:20:34+02:00,50.0
2022-06-12 09:21:34+02:00,50.0
2022-06-12 09:22:34+02:00,50.0
2022-06-12 09:23:35+02:00,50.0
2022-06-12 09:24:35+02:00,90.6
2022-06-12 09:25:35+02:00,50.0
2022-06-12 09:26:35+02:00,86.3
2022-06-12 09:27:35+02:00,87.4
2022-06-12 09:28:35+02:00,90.9
2022-06-12 09:29:35+02:00,92.7
2022-06-12 09:30:36+02:00,93.5
2022-06-12 09:31:36+02:00,94.3
2022-06-12 09:32:36+02:00,94.7
2022-06-12 09:33:36+02:00,50.0
2022-06-12 09:34:36+02:00,50.0
2022-06-12 09:35:36+02:00,50.0
2022-06-12 09:36:37+02:00,95.3
2022-06-12 09:37:37+02:00,93.7
2022-06-12 09:38:37+02:00,92.7
2022-06-12 09:39:37+02:00,93.1
2022-06-12 09:40:37+02:00,93.4
2022-06-12 09:41:37+02:00,92.9
2022-06-12 09:42:37+02:00,92.1
2022-06-12 09:43:38+02:00,50.0
2022-06-12 09:44:38+02:00,92.5
2022-06-12 09:45:38+02:00,92.9
2022-06-12 09:46:38+02:00,94.4
2022-06-12 09:47:38+02:00,95.8
2022-06-12 09:48:38+02:00,96.6
2022-06-12 09:49:38+02:00,50.0
2022-06-12 09:50:39+02:00,97.1
2022-06-12 09:51:39+02:00,95.8
2022-06-12 09:52:39+02:00,95.0
2022-06-12 09:53:39+02:00,93.8
2022-06-12 09:54:39+02:00,92.0
2022-06-12 09:55:39+02:00,91.3
2022-06-12 09:56:40+02:00,90.7
2022-06-12 09:57:40+02:00,90.3
2022-06-12 09:58:40+02:00,89.7
2022-06-12 09:59:40+02:00,89.1
2022-06-12 10:00:40+02:00,88.8
2022-06-12 10:01:40+02:00,88.6
2022-06-12 10:02:40+02:00,88.5
2022-06-12 10:03:41+02:00,88.7
2022-06-12 10:04:41+02:00,88.8
2022-06-12 10:05:41+02:00,50.0
2022-06-12 10:06:41+02:00,50.0
2022-06-12 10:07:41+02:00,87.6
2022-06-12 10:08:41+02:00,89.5
2022-06-12 10:09:42+02:00,92.7
2022-06-12 10:10:42+02:00,94.8
2022-06-12 10:11:42+02:00,95.4
2022-06-12 10:12:42+02:00,96.1
2022-06-12 10:13:42+02:00,96.0
2022-06-12 10:14:42+02:00,96.1
2022-06-12 10:15:42+02:00,96.0
2022-06-12 10:16:43+02:00,96.4
2022-06-12 10:17:43+02:00,95.8
2022-06-12 10:18:43+02:00,96.0
2022-06-12 10:19:43+02:00,96.5
2022-06-12 10:20:43+02:00,50.0
2022-06-12 10:21:43+02:00,95.9
2022-06-12 10:22:43+02:00,96.0
2022-06-12 10:23:44+02:00,96.8
2022-06-12 10:24:44+02:00,50.0
2022-06-12 10:25:44+02:00,96.7
2022-06-12 10:26:44+02:00,50.0
2022-06-12 10:27:44+02:00,96.4
2022-06-12 10:28:44+02:00,96.5
2022-06-12 10:29:44+02:00,96.1
2022-06-12 10:30:45+02:00,96.0
2022-06-12 10:31:45+02:00,50.0
2022-06-12 10:32:45+02:00,50.0
2022-06-12 10:33:45+02:00,94.8
2022-06-12 10:34:45+02:00,93.7
2022-06-12 10:35:45+02:00,92.2
2022-06-12 10:36:45+02:00,91.0
2022-06-12 10:37:46+02:00,50.0
2022-06-12 10:38:46+02:00,93.2
2022-06-12 10:39:46+02:00,50.0
2022-06-12 10:40:46+02:00,50.0
2022-06-12 10:41:46+02:00,94.0
2022-06-12 10:42:46+02:00,94.3
2022-06-12 10:43:46+02:00,94.4
2022-06-12 10:44:47+02:00,50.0
2022-06-12 10:45:47+02:00,50.0
2022-06-12 10:46:47+02:00,50.0
2022-06-12 10:47:47+02:00,93.0
2022-06-12 10:48:47+02:00,50.0
2022-06-12 10:49:47+02:00,50.0
2022-06-12 10:50:47+02:00,50.0
2022-06-12 10:51:47+02:00,50.0
2022-06-12 10:52:47+02:00,92.2
2022-06-12 10:53:47+02:00,92.6
2022-06-12 10:54:47+02:00,50.0
2022-06-12 10:55:48+02:00,91.6
2022-06-12 10:56:48+02:00,50.0
2022-06-12 10:57:48+02:00,50.0
2022-06-12 10:58:48+02:00,50.0
2022-06-12 10:59:48+02:00,50.0
2022-06-12 11:00:48+02:00,91.5
2022-06-12 11:01:48+02:00,50.0
2022-06-12 11:02:49+02:00,91.8
2022-06-12 11:03:49+02:00,50.0
2022-06-12 11:04:49+02:00,50.0
2022-06-12 11:05:49+02:00,50.0
2022-06-12 11:06:49+02:00,50.0
2022-06-12 11:07:49+02:00,50.0
2022-06-12 11:08:49+02:00,93.0
2022-06-12 11:09:50+02:00,50.0
2022-06-12 11:10:50+02:00,50.0
2022-06-12 11:11:50+02:00,50.0
2022-06-12 11:12:50+02:00,50.0
2022-06-12 11:13:50+02:00,93.7
2022-06-12 11:14:50+02:00,91.9
2022-06-12 11:15:50+02:00,92.2
2022-06-12 11:16:51+02:00,91.8
2022-06-12 11:17:51+02:00,50.0
2022-06-12 11:18:51+02:00,50.0
2022-06-12 11:19:51+02:00,89.6
2022-06-12 11:20:51+02:00,50.0
2022-06-12 11:21:51+02:00,50.0
2022-06-12 11:22:51+02:00,90.2
2022-06-12 11:23:51+02:00,89.4
2022-06-12 11:24:52+02:00,50.0
2022-06-13 00:37:30+02:00,50.0
2022-06-13 00:38:30+02:00,94.7
2022-06-13 00:39:30+02:00,50.0
2022-06-13 00:40:30+02:00,92.5
2022-06-13 00:41:30+02:00,91.6
2022-06-13 00:42:30+02:00,91.2
2022-06-13 00:43:30+02:00,90.9
2022-06-13 00:44:30+02:00,90.4
2022-06-13 00:45:30+02:00,90.1
2022-06-13 00:46:30+02:00,90.1
2022-06-13 00:47:30+02:00,90.0
2022-06-13 00:48:30+02:00,90.0
2022-06-13 00:49:31+02:00,90.1
2022-06-13 00:50:31+02:00,90.0
2022-06-13 00:51:31+02:00,90.0
2022-06-13 00:52:31+02:00,89.9
2022-06-13 00:53:31+02:00,89.9
2022-06-13 00:54:31+02:00,89.8
2022-06-13 00:55:32+02:00,89.9
2022-06-13 00:56:32+02:00,89.8
2022-06-13 00:57:32+02:00,50.0
2022-06-13 00:58:32+02:00,90.0
2022-06-13 00:59:32+02:00,90.1
2022-06-13 01:00:32+02:00,90.3
2022-06-13 01:01:32+02:00,90.5
2022-06-13 01:02:33+02:00,90.4
2022-06-13 01:03:33+02:00,90.3
2022-06-13 01:04:33+02:00,90.3
2022-06-13 01:05:33+02:00,90.4
2022-06-13 01:06:33+02:00,90.5
2022-06-13 01:07:33+02:00,50.0
2022-06-13 01:08:34+02:00,50.0
2022-06-13 01:09:34+02:00,90.8
2022-06-13 01:10:34+02:00,91.0
2022-06-13 01:11:34+02:00,91.0
2022-06-13 01:12:34+02:00,91.1
2022-06-13 01:13:34+02:00,91.0
2022-06-13 01:14:34+02:00,91.0
2022-06-13 01:15:35+02:00,90.9
2022-06-13 01:16:35+02:00,90.7
2022-06-13 01:17:35+02:00,90.1
2022-06-13 01:18:35+02:00,89.8
2022-06-13 01:19:35+02:00,89.3
2022-06-13 01:20:35+02:00,89.2
2022-06-13 01:21:35+02:00,89.4
2022-06-13 01:22:36+02:00,50.0
2022-06-13 01:23:36+02:00,89.6
2022-06-13 01:24:36+02:00,50.0
2022-06-13 01:25:36+02:00,90.3
2022-06-13 01:26:36+02:00,93.0
2022-06-13 01:27:36+02:00,94.0
2022-06-13 01:28:36+02:00,94.2
2022-06-13 01:29:37+02:00,94.3
2022-06-13 01:30:37+02:00,93.9
2022-06-13 01:31:37+02:00,94.4
2022-06-13 01:32:37+02:00,94.1
2022-06-13 01:33:37+02:00,94.1
2022-06-13 01:34:37+02:00,93.1
2022-06-13 01:35:37+02:00,92.6
2022-06-13 01:36:38+02:00,92.1
2022-06-13 01:37:38+02:00,91.9
2022-06-13 01:38:38+02:00,91.4
2022-06-13 01:39:38+02:00,90.8
2022-06-13 01:40:38+02:00,90.4
2022-06-13 01:41:38+02:00,90.3
2022-06-13 01:42:39+02:00,90.0
2022-06-13 01:43:39+02:00,89.5
2022-06-13 01:44:39+02:00,89.4
2022-06-13 01:45:39+02:00,90.0
2022-06-13 01:46:39+02:00,90.9
2022-06-13 01:47:39+02:00,91.5
2022-06-13 01:48:39+02:00,50.0
2022-06-13 01:49:39+02:00,91.6
2022-06-13 01:50:40+02:00,91.4
2022-06-13 01:51:40+02:00,90.4
2022-06-13 01:52:40+02:00,88.7
2022-06-13 01:53:40+02:00,88.9
2022-06-13 01:54:40+02:00,89.1
2022-06-13 01:55:40+02:00,89.0
2022-06-13 01:56:40+02:00,90.1
2022-06-13 01:57:41+02:00,90.9
2022-06-13 01:58:41+02:00,91.4
2022-06-13 01:59:41+02:00,92.3
2022-06-13 02:00:41+02:00,92.9
2022-06-13 02:00:41+02:00,92.9
2022-06-13 02:01:41+02:00,93.0
2022-06-13 02:02:41+02:00,93.3
2022-06-13 02:03:41+02:00,93.6
2022-06-13 02:04:42+02:00,93.5
2022-06-13 02:05:42+02:00,93.3
2022-06-13 02:06:42+02:00,93.6
2022-06-13 02:07:42+02:00,93.5
2022-06-13 02:08:42+02:00,93.3
2022-06-13 02:09:42+02:00,92.8
2022-06-13 02:10:43+02:00,93.4
2022-06-13 02:11:43+02:00,92.5
2022-06-13 02:12:43+02:00,91.3
2022-06-13 02:13:43+02:00,89.1
2022-06-13 02:14:43+02:00,89.9
2022-06-13 02:15:43+02:00,89.2
2022-06-13 02:16:43+02:00,88.5
2022-06-13 02:17:44+02:00,50.0
2022-06-13 02:18:44+02:00,50.0
2022-06-13 02:19:44+02:00,89.0
2022-06-13 02:20:44+02:00,90.4
2022-06-13 02:21:44+02:00,91.1
2022-06-13 02:22:44+02:00,91.8
2022-06-13 02:23:45+02:00,50.0
2022-06-13 02:24:45+02:00,92.1
2022-06-13 02:25:45+02:00,92.3
2022-06-13 02:26:45+02:00,92.1
2022-06-13 02:27:45+02:00,92.2
2022-06-13 02:28:45+02:00,92.0
2022-06-13 02:29:45+02:00,50.0
2022-06-13 02:30:46+02:00,92.2
2022-06-13 02:31:46+02:00,92.2
2022-06-13 02:32:46+02:00,50.0
2022-06-13 02:33:46+02:00,91.9
2022-06-13 02:34:46+02:00,91.6
2022-06-13 02:35:46+02:00,91.6
2022-06-13 02:36:47+02:00,91.2
2022-06-13 02:37:47+02:00,90.7
2022-06-13 02:38:47+02:00,90.5
2022-06-13 02:39:47+02:00,90.9
2022-06-13 02:40:47+02:00,90.7
2022-06-13 02:41:47+02:00,90.7
2022-06-13 02:42:47+02:00,50.0
2022-06-13 02:43:48+02:00,90.8
2022-06-13 02:44:48+02:00,91.3
2022-06-13 02:45:48+02:00,91.7
2022-06-13 02:46:48+02:00,91.5
2022-06-13 02:47:48+02:00,50.0
2022-06-13 02:48:48+02:00,91.6
2022-06-13 02:49:48+02:00,92.2
2022-06-13 02:50:49+02:00,92.3
2022-06-13 02:51:49+02:00,93.5
2022-06-13 02:52:49+02:00,93.3
2022-06-13 02:53:49+02:00,94.1
2022-06-13 02:54:49+02:00,94.0
2022-06-13 02:55:49+02:00,93.8
2022-06-13 02:56:49+02:00,50.0
2022-06-13 02:57:49+02:00,94.3
2022-06-13 02:58:50+02:00,95.9
2022-06-13 02:59:50+02:00,97.1
2022-06-13 03:00:50+02:00,97.8
2022-06-13 03:01:50+02:00,98.3
2022-06-13 03:02:50+02:00,98.5
2022-06-13 03:03:50+02:00,98.9
2022-06-13 03:04:50+02:00,98.9
2022-06-13 03:05:51+02:00,98.7
2022-06-13 03:06:51+02:00,99.3
2022-06-13 03:07:51+02:00,99.6
2022-06-13 03:08:51+02:00,99.7
2022-06-13 03:09:51+02:00,99.5
2022-06-13 03:10:51+02:00,99.9
2022-06-13 03:11:52+02:00,99.7
2022-06-13 03:12:52+02:00,98.5
2022-06-13 03:13:52+02:00,98.5
2022-06-13 03:14:52+02:00,98.7
2022-06-13 03:15:52+02:00,97.7
2022-06-13 03:16:52+02:00,97.2
2022-06-13 03:17:52+02:00,96.9
2022-06-13 03:18:53+02:00,95.8
2022-06-13 03:19:53+02:00,95.3
2022-06-13 03:20:53+02:00,95.6
2022-06-13 03:21:53+02:00,95.0
2022-06-13 03:22:53+02:00,95.1
2022-06-13 03:23:53+02:00,95.1
2022-06-13 03:24:53+02:00,94.8
2022-06-13 03:25:53+02:00,94.6
2022-06-13 03:26:53+02:00,94.7
2022-06-13 03:27:54+02:00,94.6
2022-06-13 03:28:54+02:00,50.0
2022-06-13 03:29:54+02:00,93.3
2022-06-13 03:30:54+02:00,92.3
2022-06-13 03:31:54+02:00,91.7
2022-06-13 03:32:54+02:00,50.0
2022-06-13 03:33:54+02:00,50.0
2022-06-13 03:34:54+02:00,91.8
2022-06-13 03:35:54+02:00,93.3
2022-06-13 03:36:55+02:00,50.0
2022-06-13 03:37:55+02:00,93.5
2022-06-13 03:38:55+02:00,50.0
2022-06-13 03:39:55+02:00,92.7
2022-06-13 03:40:55+02:00,92.1
2022-06-13 03:41:55+02:00,50.0
2022-06-13 03:42:55+02:00,91.8
2022-06-13 03:43:55+02:00,91.9
2022-06-13 03:44:56+02:00,92.1
2022-06-13 03:45:56+02:00,92.3
2022-06-13 03:46:56+02:00,92.6
2022-06-13 03:47:56+02:00,92.8
2022-06-13 03:48:56+02:00,93.2
2022-06-13 03:49:56+02:00,93.3
2022-06-13 03:50:56+02:00,93.4
2022-06-13 03:51:57+02:00,93.6
2022-06-13 03:52:57+02:00,93.6
2022-06-13 03:53:57+02:00,93.3
2022-06-13 03:54:57+02:00,93.2
2022-06-13 03:55:57+02:00,93.1
2022-06-13 03:56:57+02:00,93.1
2022-06-13 03:57:57+02:00,93.2
2022-06-13 03:58:57+02:00,93.3
2022-06-13 03:59:58+02:00,93.4
2022-06-13 04:00:58+02:00,93.4
2022-06-13 04:01:58+02:00,93.4
2022-06-13 04:02:58+02:00,93.4
2022-06-13 04:03:58+02:00,93.4
2022-06-13 04:04:58+02:00,93.4
2022-06-13 04:05:58+02:00,93.4
2022-06-13 04:06:58+02:00,93.5
2022-06-13 04:07:58+02:00,93.7
2022-06-13 04:08:59+02:00,93.8
2022-06-13 04:09:59+02:00,93.7
2022-06-13 04:10:59+02:00,93.7
2022-06-13 04:11:59+02:00,93.7
2022-06-13 04:12:59+02:00,93.6
2022-06-13 04:13:59+02:00,93.9
2022-06-13 04:15:00+02:00,94.0
2022-06-13 04:16:00+02:00,94.3
2022-06-13 04:17:00+02:00,94.4
2022-06-13 04:18:00+02:00,94.6
2022-06-13 04:19:00+02:00,94.7
2022-06-13 04:20:00+02:00,95.0
2022-06-13 04:21:00+02:00,95.2
2022-06-13 04:22:01+02:00,95.2
2022-06-13 04:23:01+02:00,95.2
2022-06-13 04:24:01+02:00,95.2
2022-06-13 04:25:01+02:00,95.2
2022-06-13 04:26:01+02:00,95.4
2022-06-13 04:27:01+02:00,95.5
2022-06-13 04:28:01+02:00,95.3
2022-06-13 04:29:02+02:00,95.5
2022-06-13 04:30:02+02:00,95.4
2022-06-13 04:31:02+02:00,94.8
2022-06-13 04:32:02+02:00,94.8
2022-06-13 04:33:02+02:00,94.7
2022-06-13 04:34:02+02:00,50.0
2022-06-13 04:35:02+02:00,94.1
2022-06-13 04:36:02+02:00,93.4
2022-06-13 04:37:03+02:00,50.0
2022-06-13 04:38:03+02:00,93.4
2022-06-13 04:39:03+02:00,93.5
2022-06-13 04:40:03+02:00,93.5
2022-06-13 04:41:03+02:00,93.3
2022-06-13 04:42:03+02:00,91.8
2022-06-13 04:43:04+02:00,92.1
2022-06-13 04:44:04+02:00,92.3
2022-06-13 04:45:04+02:00,91.5
2022-06-13 04:46:04+02:00,90.9
2022-06-13 04:47:04+02:00,89.3
2022-06-13 04:48:04+02:00,87.9
2022-06-13 04:49:04+02:00,50.0
2022-06-13 04:50:04+02:00,89.1
2022-06-13 04:51:05+02:00,90.4
2022-06-13 04:52:05+02:00,91.5
2022-06-13 04:53:05+02:00,91.8
2022-06-13 04:54:05+02:00,50.0
2022-06-13 04:55:05+02:00,92.2
2022-06-13 04:56:05+02:00,92.3
2022-06-13 04:57:06+02:00,92.4
2022-06-13 04:58:06+02:00,92.2
2022-06-13 04:59:06+02:00,92.2
2022-06-13 05:00:06+02:00,50.0
2022-06-13 05:01:06+02:00,92.2
2022-06-13 05:02:06+02:00,92.2
2022-06-13 05:03:06+02:00,92.2
2022-06-13 05:04:07+02:00,92.4
2022-06-13 05:05:07+02:00,92.4
2022-06-13 05:06:07+02:00,92.5
2022-06-13 05:07:07+02:00,92.5
2022-06-13 05:08:07+02:00,92.4
2022-06-13 05:09:07+02:00,92.3
2022-06-13 05:10:07+02:00,92.2
2022-06-13 05:11:08+02:00,92.1
2022-06-13 05:12:08+02:00,92.0
2022-06-13 05:13:08+02:00,92.0
2022-06-13 05:14:08+02:00,91.9
2022-06-13 05:15:08+02:00,91.9
2022-06-13 05:16:08+02:00,91.9
2022-06-13 05:17:09+02:00,91.9
2022-06-13 05:18:09+02:00,91.8
2022-06-13 05:19:09+02:00,91.8
2022-06-13 05:20:09+02:00,91.8
2022-06-13 05:21:09+02:00,91.8
2022-06-13 05:22:09+02:00,91.7
2022-06-13 05:23:09+02:00,50.0
2022-06-13 05:24:10+02:00,91.6
2022-06-13 05:25:10+02:00,91.5
2022-06-13 05:26:10+02:00,91.5
2022-06-13 05:27:10+02:00,50.0
2022-06-13 05:28:10+02:00,91.7
2022-06-13 05:29:10+02:00,91.8
2022-06-13 05:30:11+02:00,91.9
2022-06-13 05:31:11+02:00,92.5
2022-06-13 05:32:11+02:00,92.5
2022-06-13 05:33:11+02:00,92.9
2022-06-13 05:34:11+02:00,92.8
2022-06-13 05:35:12+02:00,92.9
2022-06-13 05:36:12+02:00,50.0
2022-06-13 05:37:12+02:00,92.8
2022-06-13 05:38:12+02:00,92.8
2022-06-13 05:39:12+02:00,92.8
2022-06-13 05:40:12+02:00,92.5
2022-06-13 05:41:12+02:00,50.0
2022-06-13 05:42:13+02:00,92.2
2022-06-13 05:43:13+02:00,92.3
2022-06-13 05:44:13+02:00,92.5
2022-06-13 05:45:13+02:00,92.5
2022-06-13 05:46:13+02:00,92.4
2022-06-13 05:47:13+02:00,92.4
2022-06-13 05:48:14+02:00,92.3
2022-06-13 05:49:14+02:00,92.4
2022-06-13 05:50:14+02:00,92.5
2022-06-13 05:51:14+02:00,92.5
2022-06-13 05:52:14+02:00,92.3
2022-06-13 05:53:14+02:00,92.2
2022-06-13 05:54:15+02:00,92.0
2022-06-13 05:55:15+02:00,90.7
2022-06-13 05:56:15+02:00,91.4
2022-06-13 05:57:15+02:00,91.4
2022-06-13 05:58:15+02:00,91.0
2022-06-13 05:59:15+02:00,91.0
2022-06-13 06:00:15+02:00,90.3
2022-06-13 06:01:16+02:00,89.9
2022-06-13 06:02:16+02:00,89.5
2022-06-13 06:03:16+02:00,89.4
2022-06-13 06:04:16+02:00,50.0
2022-06-13 06:05:16+02:00,89.2
2022-06-13 06:06:16+02:00,89.7
2022-06-13 06:07:17+02:00,90.3
2022-06-13 06:08:17+02:00,90.8
2022-06-13 06:09:17+02:00,91.1
2022-06-13 06:10:17+02:00,91.1
2022-06-13 06:11:17+02:00,91.0
2022-06-13 06:12:17+02:00,90.7
2022-06-13 06:13:17+02:00,92.2
2022-06-13 06:14:18+02:00,92.8
2022-06-13 06:15:18+02:00,50.0
2022-06-13 06:16:18+02:00,50.0
2022-06-13 06:17:18+02:00,50.0
2022-06-13 06:18:18+02:00,50.0
2022-06-13 06:19:18+02:00,50.0
2022-06-13 06:20:18+02:00,50.0
2022-06-13 06:21:18+02:00,50.0
2022-06-13 06:22:19+02:00,93.4
2022-06-13 06:23:19+02:00,94.0
2022-06-13 06:24:19+02:00,94.0
2022-06-13 06:25:19+02:00,93.9
2022-06-13 06:26:19+02:00,94.0
2022-06-13 06:27:19+02:00,93.9
2022-06-13 06:28:20+02:00,93.9
2022-06-13 06:29:20+02:00,94.1
2022-06-13 06:30:20+02:00,94.6
2022-06-13 06:31:20+02:00,94.7
2022-06-13 06:32:20+02:00,94.9
2022-06-13 06:33:20+02:00,95.0
2022-06-13 06:34:20+02:00,50.0
2022-06-13 06:35:21+02:00,50.0
2022-06-13 06:36:21+02:00,50.0
2022-06-13 06:37:21+02:00,92.2
2022-06-13 06:38:21+02:00,88.9
2022-06-13 06:39:21+02:00,86.4
2022-06-13 06:40:21+02:00,84.7
2022-06-13 06:41:22+02:00,84.2
2022-06-13 06:42:22+02:00,83.7
2022-06-13 06:43:22+02:00,84.0
2022-06-13 06:44:22+02:00,83.8
2022-06-13 06:45:22+02:00,83.1
2022-06-13 06:46:22+02:00,83.4
2022-06-13 06:47:22+02:00,50.0
2022-06-13 06:48:23+02:00,50.0
2022-06-13 06:49:23+02:00,50.0
2022-06-13 06:50:23+02:00,50.0
2022-06-13 06:51:23+02:00,50.0
2022-06-13 06:52:23+02:00,50.0
2022-06-13 06:53:23+02:00,50.0
2022-06-13 06:54:24+02:00,50.0
2022-06-13 06:55:24+02:00,50.0
2022-06-13 06:56:24+02:00,50.0
2022-06-13 06:57:24+02:00,50.0
2022-06-13 06:58:24+02:00,50.0
2022-06-13 06:59:24+02:00,50.0
2022-06-13 07:00:25+02:00,50.0
2022-06-13 07:01:25+02:00,50.0
2022-06-13 07:02:25+02:00,50.0
2022-06-13 07:03:25+02:00,50.0
2022-06-13 07:04:25+02:00,50.0
2022-06-13 07:05:25+02:00,50.0
2022-06-13 07:06:25+02:00,50.0
2022-06-13 07:07:25+02:00,50.0
2022-06-13 07:08:26+02:00,50.0
2022-06-13 07:09:26+02:00,50.0
2022-06-13 07:10:26+02:00,50.0
2022-06-13 07:11:26+02:00,50.0
2022-06-13 07:12:26+02:00,50.0
2022-06-13 07:13:26+02:00,50.0
2022-06-13 07:14:27+02:00,50.0
2022-06-13 07:15:27+02:00,50.0
2022-06-13 07:16:27+02:00,50.0
2022-06-13 07:17:27+02:00,50.0
2022-06-13 07:18:27+02:00,50.0
2022-06-13 07:19:27+02:00,50.0
2022-06-13 07:20:27+02:00,50.0
2022-06-13 07:21:28+02:00,50.0
2022-06-13 07:22:28+02:00,50.0
2022-06-13 07:23:28+02:00,50.0
2022-06-14 03:09:00+02:00,50.0
2022-06-14 03:10:00+02:00,86.4
2022-06-14 03:11:00+02:00,87.5
2022-06-14 03:12:00+02:00,88.8
2022-06-14 03:13:00+02:00,90.0
2022-06-14 03:14:00+02:00,90.9
2022-06-14 03:15:00+02:00,91.5
2022-06-14 03:16:00+02:00,92.4
2022-06-14 03:17:00+02:00,92.7
2022-06-14 03:18:00+02:00,91.4
2022-06-14 03:19:00+02:00,89.0
2022-06-14 03:20:00+02:00,87.4
2022-06-14 03:21:00+02:00,84.3
2022-06-14 03:22:01+02:00,83.3
2022-06-14 03:23:01+02:00,86.6
2022-06-14 03:24:01+02:00,88.3
2022-06-14 03:25:01+02:00,89.9
2022-06-14 03:26:01+02:00,89.8
2022-06-14 03:27:01+02:00,90.4
2022-06-14 03:28:01+02:00,91.1
2022-06-14 03:29:02+02:00,91.5
2022-06-14 03:30:02+02:00,91.6
2022-06-14 03:31:02+02:00,91.4
2022-06-14 03:32:02+02:00,92.3
2022-06-14 03:33:02+02:00,92.7
2022-06-14 03:34:02+02:00,92.3
2022-06-14 03:35:02+02:00,91.6
2022-06-14 03:36:03+02:00,91.7
2022-06-14 03:37:03+02:00,92.6
2022-06-14 03:38:03+02:00,92.8
2022-06-14 03:39:03+02:00,92.8
2022-06-14 03:40:03+02:00,92.8
2022-06-14 03:41:03+02:00,93.0
2022-06-14 03:42:03+02:00,93.0
2022-06-14 03:43:04+02:00,92.8
2022-06-14 03:44:04+02:00,92.8
2022-06-14 03:45:04+02:00,92.8
2022-06-14 03:46:04+02:00,92.8
2022-06-14 03:47:04+02:00,50.0
2022-06-14 03:48:04+02:00,92.6
2022-06-14 03:49:04+02:00,92.2
2022-06-14 03:50:04+02:00,91.8
2022-06-14 03:51:04+02:00,91.0
2022-06-14 03:52:05+02:00,90.5
2022-06-14 03:53:05+02:00,90.2
2022-06-14 03:54:05+02:00,90.1
2022-06-14 03:55:05+02:00,90.3
2022-06-14 03:56:05+02:00,90.5
2022-06-14 03:57:05+02:00,90.7
2022-06-14 03:58:05+02:00,50.0
2022-06-14 03:59:05+02:00,91.5
2022-06-14 04:00:05+02:00,92.3
2022-06-14 04:01:06+02:00,50.0
2022-06-14 04:02:06+02:00,92.0
2022-06-14 04:03:06+02:00,90.9
2022-06-14 04:04:06+02:00,90.1
2022-06-14 04:05:06+02:00,89.5
2022-06-14 04:06:06+02:00,88.9
2022-06-14 04:07:06+02:00,88.4
2022-06-14 04:08:07+02:00,88.1
2022-06-14 04:09:07+02:00,87.8
2022-06-14 04:10:07+02:00,87.7
2022-06-14 04:11:07+02:00,87.6
2022-06-14 04:12:07+02:00,87.4
2022-06-14 04:13:07+02:00,87.4
2022-06-14 04:14:07+02:00,87.2
2022-06-14 04:15:08+02:00,87.1
2022-06-14 04:16:08+02:00,86.9
2022-06-14 04:17:08+02:00,86.7
2022-06-14 04:18:08+02:00,86.7
2022-06-14 04:19:08+02:00,86.6
2022-06-14 04:20:08+02:00,86.5
2022-06-14 04:21:08+02:00,86.5
2022-06-14 04:22:09+02:00,86.4
2022-06-14 04:23:09+02:00,86.4
2022-06-14 04:24:09+02:00,86.3
2022-06-14 04:25:09+02:00,50.0
2022-06-14 04:26:09+02:00,86.9
2022-06-14 04:27:09+02:00,88.5
2022-06-14 04:28:09+02:00,89.7
2022-06-14 04:29:10+02:00,90.5
2022-06-14 04:30:10+02:00,91.2
2022-06-14 04:31:10+02:00,91.5
2022-06-14 04:32:10+02:00,50.0
2022-06-14 04:33:10+02:00,91.9
2022-06-14 04:34:10+02:00,50.0
2022-06-14 04:35:10+02:00,91.2
2022-06-14 04:36:10+02:00,90.8
2022-06-14 04:37:11+02:00,90.3
2022-06-14 04:38:11+02:00,90.1
2022-06-14 04:39:11+02:00,90.2
2022-06-14 04:40:11+02:00,90.3
2022-06-14 04:41:11+02:00,90.3
2022-06-14 04:42:11+02:00,90.4
2022-06-14 04:43:12+02:00,90.3
2022-06-14 04:44:12+02:00,90.4
2022-06-14 04:45:12+02:00,50.0
2022-06-14 04:46:12+02:00,90.1
2022-06-14 04:47:12+02:00,90.6
2022-06-14 04:48:12+02:00,90.6
2022-06-14 04:49:12+02:00,90.6
2022-06-14 04:50:13+02:00,89.3
2022-06-14 04:51:13+02:00,90.4
2022-06-14 04:52:13+02:00,90.6
2022-06-14 04:53:13+02:00,90.1
2022-06-14 04:54:13+02:00,90.3
2022-06-14 04:55:13+02:00,91.0
2022-06-14 04:56:13+02:00,91.2
2022-06-14 04:57:14+02:00,90.7
2022-06-14 04:58:14+02:00,89.2
2022-06-14 04:59:14+02:00,89.7
2022-06-14 05:00:14+02:00,90.5
2022-06-14 05:01:14+02:00,90.9
2022-06-14 05:02:14+02:00,91.0
2022-06-14 05:03:14+02:00,91.3
2022-06-14 05:04:15+02:00,91.1
2022-06-14 05:05:15+02:00,92.0
2022-06-14 05:06:15+02:00,92.1
2022-06-14 05:07:15+02:00,92.1
2022-06-14 05:08:15+02:00,91.7
2022-06-14 05:09:15+02:00,91.8
2022-06-14 05:10:15+02:00,91.6
2022-06-14 05:11:16+02:00,50.0
2022-06-14 05:12:16+02:00,92.0
2022-06-14 05:13:16+02:00,92.5
2022-06-14 05:14:16+02:00,50.0
2022-06-14 05:15:16+02:00,92.5
2022-06-14 05:16:16+02:00,50.0
2022-06-14 05:17:16+02:00,50.0
2022-06-14 05:18:16+02:00,50.0
2022-06-14 05:19:17+02:00,50.0
2022-06-14 05:20:17+02:00,50.0
2022-06-14 05:21:17+02:00,50.0
2022-06-14 05:22:17+02:00,92.8
2022-06-14 05:23:17+02:00,93.6
2022-06-14 05:24:17+02:00,93.7
2022-06-14 05:25:17+02:00,94.1
2022-06-14 05:26:18+02:00,94.1
2022-06-14 05:27:18+02:00,94.3
2022-06-14 05:28:18+02:00,50.0
2022-06-14 05:29:18+02:00,93.7
2022-06-14 05:30:18+02:00,88.8
2022-06-14 05:31:18+02:00,81.6
2022-06-14 05:32:18+02:00,77.6
2022-06-14 05:33:18+02:00,76.0
2022-06-14 05:34:19+02:00,50.0
2022-06-14 05:35:19+02:00,77.1
2022-06-14 05:36:19+02:00,81.1
2022-06-14 05:37:19+02:00,84.5
2022-06-14 05:38:19+02:00,87.3
2022-06-14 05:39:19+02:00,89.0
2022-06-14 05:40:20+02:00,50.0
2022-06-14 05:41:20+02:00,91.0
2022-06-14 05:42:20+02:00,91.3
2022-06-14 05:43:20+02:00,91.6
2022-06-14 05:44:20+02:00,50.0
2022-06-14 05:45:20+02:00,92.3
2022-06-14 05:46:20+02:00,92.9
2022-06-14 05:47:21+02:00,93.2
2022-06-14 05:48:21+02:00,93.2
2022-06-14 05:49:21+02:00,93.5
2022-06-14 05:50:21+02:00,50.0
2022-06-14 05:51:21+02:00,93.5
2022-06-14 05:52:21+02:00,50.0
2022-06-14 05:53:21+02:00,93.2
2022-06-14 05:54:22+02:00,93.3
2022-06-14 05:55:22+02:00,93.3
2022-06-14 05:56:22+02:00,93.5
2022-06-14 05:57:22+02:00,93.4
2022-06-14 05:58:22+02:00,93.5
2022-06-14 05:59:22+02:00,93.6
2022-06-14 06:00:22+02:00,50.0
2022-06-14 06:01:22+02:00,50.0
2022-06-14 06:02:23+02:00,50.0
2022-06-14 06:03:23+02:00,90.9
2022-06-14 06:04:23+02:00,50.0
2022-06-14 06:05:23+02:00,50.0
2022-06-14 06:06:23+02:00,50.0
2022-06-14 06:07:23+02:00,88.4
2022-06-14 06:08:23+02:00,89.9
2022-06-14 06:09:24+02:00,90.9
2022-06-14 06:10:24+02:00,50.0
2022-06-14 06:11:24+02:00,50.0
2022-06-14 06:12:24+02:00,50.0
2022-06-14 06:13:24+02:00,50.0
2022-06-14 06:14:24+02:00,90.4
2022-06-14 06:15:24+02:00,88.9
2022-06-14 06:16:24+02:00,50.0
2022-06-14 06:17:25+02:00,50.0
2022-06-14 06:18:25+02:00,87.8
2022-06-14 06:19:25+02:00,50.0
2022-06-14 06:20:25+02:00,50.0
2022-06-14 06:21:25+02:00,50.0
2022-06-14 06:22:25+02:00,50.0
2022-06-14 06:23:25+02:00,83.7
2022-06-14 06:24:26+02:00,50.0
2022-06-14 06:25:26+02:00,82.3
2022-06-14 06:26:26+02:00,81.0
2022-06-14 06:27:26+02:00,81.4
2022-06-14 06:28:26+02:00,83.8
2022-06-14 06:29:26+02:00,90.1
2022-06-14 06:30:27+02:00,92.8
2022-06-14 06:31:27+02:00,95.4
2022-06-14 06:32:27+02:00,50.0
2022-06-14 06:33:27+02:00,96.5
2022-06-14 06:34:27+02:00,98.1
2022-06-14 06:35:27+02:00,50.0
2022-06-14 06:36:27+02:00,50.0
2022-06-14 06:37:28+02:00,87.7
2022-06-14 06:38:28+02:00,78.5
2022-06-14 06:39:28+02:00,76.3
2022-06-14 06:40:28+02:00,78.8
2022-06-14 06:41:28+02:00,81.0
2022-06-14 06:42:28+02:00,81.3
2022-06-14 06:43:28+02:00,50.0
2022-06-14 06:44:29+02:00,50.0
2022-06-14 06:45:29+02:00,50.0
2022-06-14 06:46:29+02:00,50.0
2022-06-14 06:47:29+02:00,50.0
2022-06-14 06:48:29+02:00,50.0
2022-06-14 06:49:29+02:00,50.0
2022-06-14 06:50:29+02:00,50.0
2022-06-14 06:51:30+02:00,50.0
2022-06-14 06:52:30+02:00,50.0
2022-06-14 06:53:30+02:00,50.0
2022-06-14 06:54:30+02:00,50.0
2022-06-14 06:55:30+02:00,50.0
2022-06-14 06:56:30+02:00,50.0
2022-06-14 06:57:30+02:00,50.0
2022-06-14 06:58:31+02:00,50.0
2022-06-14 06:59:31+02:00,50.0
2022-06-14 07:00:31+02:00,50.0
2022-06-14 07:01:31+02:00,50.0
2022-06-14 07:02:31+02:00,50.0
2022-06-14 07:03:31+02:00,50.0
2022-06-14 07:04:31+02:00,50.0
2022-06-14 07:05:32+02:00,50.0
2022-06-14 07:06:32+02:00,50.0
2022-06-14 07:07:32+02:00,50.0
2022-06-14 07:08:32+02:00,50.0
2022-06-14 07:09:32+02:00,50.0
2022-06-14 07:10:32+02:00,50.0
2022-06-14 07:11:32+02:00,50.0
2022-06-14 07:12:33+02:00,50.0
2022-06-14 07:13:33+02:00,50.0
2022-06-14 07:14:33+02:00,50.0
2022-06-14 07:15:33+02:00,50.0
2022-06-14 07:16:33+02:00,50.0
2022-06-14 07:17:33+02:00,50.0
2022-06-14 07:18:33+02:00,50.0
2022-06-14 23:59:00+02:00,50.0
2022-06-15 00:00:00+02:00,89.9
2022-06-15 00:01:00+02:00,50.0
2022-06-15 00:02:00+02:00,89.8
2022-06-15 00:03:00+02:00,91.2
2022-06-15 00:04:00+02:00,91.2
2022-06-15 00:05:00+02:00,91.2
2022-06-15 00:06:00+02:00,91.0
2022-06-15 00:07:00+02:00,90.9
2022-06-15 00:08:00+02:00,90.3
2022-06-15 00:09:00+02:00,50.0
2022-06-15 00:10:01+02:00,91.1
2022-06-15 00:11:01+02:00,90.5
2022-06-15 00:12:01+02:00,90.4
2022-06-15 00:13:01+02:00,50.0
2022-06-15 00:14:01+02:00,90.4
2022-06-15 00:15:01+02:00,50.0
2022-06-15 00:16:01+02:00,91.6
2022-06-15 00:17:01+02:00,91.8
2022-06-15 00:18:01+02:00,50.0
2022-06-15 00:19:02+02:00,50.0
2022-06-15 00:20:02+02:00,94.6
2022-06-15 00:21:02+02:00,95.0
2022-06-15 00:22:02+02:00,94.9
2022-06-15 00:23:02+02:00,95.0
2022-06-15 00:24:02+02:00,50.0
2022-06-15 00:25:02+02:00,94.5
2022-06-15 00:26:03+02:00,92.4
2022-06-15 00:27:03+02:00,90.0
2022-06-15 00:28:03+02:00,87.5
2022-06-15 00:29:03+02:00,85.2
2022-06-15 00:30:03+02:00,83.5
2022-06-15 00:31:03+02:00,84.1
2022-06-15 00:32:03+02:00,84.6
2022-06-15 00:33:04+02:00,83.1
2022-06-15 00:34:04+02:00,82.5
2022-06-15 00:35:04+02:00,81.7
2022-06-15 00:36:04+02:00,80.6
2022-06-15 00:37:04+02:00,81.7
2022-06-15 00:38:04+02:00,80.7
2022-06-15 00:39:04+02:00,80.0
2022-06-15 00:40:05+02:00,80.3
2022-06-15 00:41:05+02:00,50.0
2022-06-15 00:42:05+02:00,81.7
2022-06-15 00:43:05+02:00,84.6
2022-06-15 00:44:05+02:00,50.0
2022-06-15 00:45:05+02:00,87.9
2022-06-15 00:46:05+02:00,89.3
2022-06-15 00:47:05+02:00,90.0
2022-06-15 00:48:06+02:00,90.3
2022-06-15 00:49:06+02:00,90.4
2022-06-15 00:50:06+02:00,90.5
2022-06-15 00:51:06+02:00,90.4
2022-06-15 00:52:06+02:00,90.3
2022-06-15 00:53:06+02:00,90.4
2022-06-15 00:54:06+02:00,90.4
2022-06-15 00:55:07+02:00,90.3
2022-06-15 00:56:07+02:00,90.3
2022-06-15 00:57:07+02:00,90.5
2022-06-15 00:58:07+02:00,90.7
2022-06-15 00:59:07+02:00,90.6
2022-06-15 01:00:07+02:00,50.0
2022-06-15 01:01:08+02:00,50.0
2022-06-15 01:02:08+02:00,91.4
2022-06-15 01:03:08+02:00,90.9
2022-06-15 01:04:08+02:00,91.6
2022-06-15 01:05:08+02:00,91.8
2022-06-15 01:06:08+02:00,50.0
2022-06-15 01:07:08+02:00,50.0
2022-06-15 01:08:08+02:00,90.4
2022-06-15 01:09:09+02:00,89.0
2022-06-15 01:10:09+02:00,89.2
2022-06-15 01:11:09+02:00,50.0
2022-06-15 01:12:09+02:00,89.0
2022-06-15 01:13:09+02:00,89.6
2022-06-15 01:14:09+02:00,90.0
2022-06-15 01:15:10+02:00,90.2
2022-06-15 01:16:10+02:00,90.3
2022-06-15 01:17:10+02:00,90.1
2022-06-15 01:18:10+02:00,90.0
2022-06-15 01:19:10+02:00,89.8
2022-06-15 01:20:10+02:00,90.1
2022-06-15 01:21:10+02:00,89.2
2022-06-15 01:22:11+02:00,89.0
2022-06-15 01:23:11+02:00,89.7
2022-06-15 01:24:11+02:00,90.3
2022-06-15 01:25:11+02:00,90.4
2022-06-15 01:26:11+02:00,90.6
2022-06-15 01:27:11+02:00,90.8
2022-06-15 01:28:11+02:00,91.3
2022-06-15 01:29:12+02:00,90.5
2022-06-15 01:30:12+02:00,90.5
2022-06-15 01:31:12+02:00,90.2
2022-06-15 01:32:12+02:00,88.6
2022-06-15 01:33:12+02:00,89.5
2022-06-15 01:34:12+02:00,89.4
2022-06-15 01:35:12+02:00,89.3
2022-06-15 01:36:13+02:00,89.7
2022-06-15 01:37:13+02:00,89.5
2022-06-15 01:38:13+02:00,89.9
2022-06-15 01:39:13+02:00,89.5
2022-06-15 01:40:13+02:00,89.2
2022-06-15 01:41:13+02:00,90.1
2022-06-15 01:42:14+02:00,89.8
2022-06-15 01:43:14+02:00,89.5
2022-06-15 01:44:14+02:00,89.7
2022-06-15 01:45:14+02:00,90.1
2022-06-15 01:46:14+02:00,90.3
2022-06-15 01:47:14+02:00,90.9
2022-06-15 01:48:14+02:00,91.0
2022-06-15 01:49:15+02:00,91.1
2022-06-15 01:50:15+02:00,91.5
2022-06-15 01:51:15+02:00,50.0
2022-06-15 01:52:15+02:00,91.5
2022-06-15 01:53:15+02:00,91.6
2022-06-15 01:54:15+02:00,91.7
2022-06-15 01:55:15+02:00,91.7
2022-06-15 01:56:16+02:00,91.9
2022-06-15 01:57:16+02:00,92.0
2022-06-15 01:58:16+02:00,91.9
2022-06-15 01:59:16+02:00,91.9
2022-06-15 02:00:16+02:00,91.9
2022-06-15 02:00:16+02:00,91.9
2022-06-15 02:01:16+02:00,91.9
2022-06-15 02:02:16+02:00,92.0
2022-06-15 02:03:17+02:00,92.1
2022-06-15 02:04:17+02:00,92.1
2022-06-15 02:05:17+02:00,92.2
2022-06-15 02:06:17+02:00,92.2
2022-06-15 02:07:17+02:00,92.2
2022-06-15 02:08:17+02:00,92.2
2022-06-15 02:09:18+02:00,92.2
2022-06-15 02:10:18+02:00,92.2
2022-06-15 02:11:18+02:00,92.1
2022-06-15 02:12:18+02:00,50.0
2022-06-15 02:13:18+02:00,91.8
2022-06-15 02:14:18+02:00,91.5
2022-06-15 02:15:18+02:00,91.4
2022-06-15 02:16:19+02:00,91.2
2022-06-15 02:17:19+02:00,91.4
2022-06-15 02:18:19+02:00,91.4
2022-06-15 02:19:19+02:00,91.3
2022-06-15 02:20:19+02:00,91.5
2022-06-15 02:21:19+02:00,91.1
2022-06-15 02:22:19+02:00,90.6
2022-06-15 02:23:20+02:00,90.2
2022-06-15 02:24:20+02:00,50.0
2022-06-15 02:25:20+02:00,90.0
2022-06-15 02:26:20+02:00,90.2
2022-06-15 02:27:20+02:00,50.0
2022-06-15 02:28:20+02:00,90.5
2022-06-15 02:29:21+02:00,90.8
2022-06-15 02:30:21+02:00,91.1
2022-06-15 02:31:21+02:00,91.1
2022-06-15 02:32:21+02:00,91.0
2022-06-15 02:33:21+02:00,90.4
2022-06-15 02:34:22+02:00,90.1
2022-06-15 02:35:22+02:00,89.7
2022-06-15 02:36:22+02:00,89.7
2022-06-15 02:37:22+02:00,89.3
2022-06-15 02:38:22+02:00,89.3
2022-06-15 02:39:22+02:00,89.2
2022-06-15 02:40:23+02:00,50.0
2022-06-15 02:41:23+02:00,89.4
2022-06-15 02:42:23+02:00,89.1
2022-06-15 02:43:23+02:00,89.2
2022-06-15 02:44:23+02:00,89.1
2022-06-15 02:45:23+02:00,88.9
2022-06-15 02:46:23+02:00,89.2
2022-06-15 02:47:23+02:00,89.1
2022-06-15 02:48:24+02:00,89.1
2022-06-15 02:49:24+02:00,89.7
2022-06-15 02:50:24+02:00,89.6
2022-06-15 02:51:24+02:00,89.3
2022-06-15 02:52:24+02:00,89.4
2022-06-15 02:53:24+02:00,89.5
2022-06-15 02:54:25+02:00,89.5
2022-06-15 02:55:25+02:00,89.5
2022-06-15 02:56:25+02:00,89.8
2022-06-15 02:57:25+02:00,50.0
2022-06-15 02:58:25+02:00,89.3
2022-06-15 02:59:25+02:00,87.9
2022-06-15 03:00:25+02:00,84.1
2022-06-15 03:01:26+02:00,81.3
2022-06-15 03:02:26+02:00,80.0
2022-06-15 03:03:26+02:00,80.2
2022-06-15 03:04:26+02:00,80.3
2022-06-15 03:05:26+02:00,79.1
2022-06-15 03:06:26+02:00,78.4
2022-06-15 03:07:26+02:00,50.0
2022-06-15 03:08:27+02:00,81.5
2022-06-15 03:09:27+02:00,84.9
2022-06-15 03:10:27+02:00,86.0
2022-06-15 03:11:27+02:00,86.5
2022-06-15 03:12:27+02:00,87.3
2022-06-15 03:13:27+02:00,50.0
2022-06-15 03:14:28+02:00,86.9
2022-06-15 03:15:28+02:00,87.7
2022-06-15 03:16:28+02:00,88.7
2022-06-15 03:17:28+02:00,88.7
2022-06-15 03:18:28+02:00,88.8
2022-06-15 03:19:28+02:00,89.1
2022-06-15 03:20:28+02:00,89.8
2022-06-15 03:21:29+02:00,89.5
2022-06-15 03:22:29+02:00,88.0
2022-06-15 03:23:29+02:00,86.7
2022-06-15 03:24:29+02:00,87.4
2022-06-15 03:25:29+02:00,88.8
2022-06-15 03:26:29+02:00,89.7
2022-06-15 03:27:29+02:00,90.6
2022-06-15 03:28:30+02:00,90.2
2022-06-15 03:29:30+02:00,90.1
2022-06-15 03:30:30+02:00,90.1
2022-06-15 03:31:30+02:00,89.3
2022-06-15 03:32:30+02:00,88.8
2022-06-15 03:33:30+02:00,89.2
2022-06-15 03:34:30+02:00,89.9
2022-06-15 03:35:31+02:00,90.8
2022-06-15 03:36:31+02:00,91.1
2022-06-15 03:37:31+02:00,91.0
2022-06-15 03:38:31+02:00,91.8
2022-06-15 03:39:31+02:00,91.8
2022-06-15 03:40:31+02:00,92.0
2022-06-15 03:41:32+02:00,92.1
2022-06-15 03:42:32+02:00,91.5
2022-06-15 03:43:32+02:00,92.4
2022-06-15 03:44:32+02:00,92.2
2022-06-15 03:45:32+02:00,93.2
2022-06-15 03:46:32+02:00,92.1
2022-06-15 03:47:32+02:00,90.5
2022-06-15 03:48:33+02:00,91.9
2022-06-15 03:49:33+02:00,92.3
2022-06-15 03:50:33+02:00,92.5
2022-06-15 03:51:33+02:00,92.7
2022-06-15 03:52:33+02:00,92.5
2022-06-15 03:53:33+02:00,92.7
2022-06-15 03:54:33+02:00,92.8
2022-06-15 03:55:34+02:00,92.9
2022-06-15 03:56:34+02:00,50.0
2022-06-15 03:57:34+02:00,50.0
2022-06-15 03:58:34+02:00,50.0
2022-06-15 03:59:34+02:00,50.0
2022-06-15 04:00:34+02:00,50.0
2022-06-15 04:01:34+02:00,50.0
2022-06-15 04:02:34+02:00,93.2
2022-06-15 04:03:35+02:00,94.2
2022-06-15 04:04:35+02:00,93.8
2022-06-15 04:05:35+02:00,93.7
2022-06-15 04:06:35+02:00,93.5
2022-06-15 04:07:35+02:00,93.3
2022-06-15 04:08:35+02:00,93.3
2022-06-15 04:09:36+02:00,93.4
2022-06-15 04:10:36+02:00,94.0
2022-06-15 04:11:36+02:00,50.0
2022-06-15 04:12:36+02:00,94.1
2022-06-15 04:13:36+02:00,93.1
2022-06-15 04:14:36+02:00,92.3
2022-06-15 04:15:36+02:00,91.6
2022-06-15 04:16:36+02:00,50.0
2022-06-15 04:17:37+02:00,50.0
2022-06-15 04:18:37+02:00,91.1
2022-06-15 04:19:37+02:00,90.3
2022-06-15 04:20:37+02:00,89.8
2022-06-15 04:21:37+02:00,89.8
2022-06-15 04:22:37+02:00,50.0
2022-06-15 04:23:38+02:00,90.8
2022-06-15 04:24:38+02:00,91.3
2022-06-15 04:25:38+02:00,50.0
2022-06-15 04:26:38+02:00,50.0
2022-06-15 04:27:38+02:00,50.0
2022-06-15 04:28:38+02:00,50.0
2022-06-15 04:29:38+02:00,50.0
2022-06-15 04:30:38+02:00,91.3
2022-06-15 04:31:39+02:00,84.5
2022-06-15 04:32:39+02:00,50.0
2022-06-15 04:33:39+02:00,50.0
2022-06-15 04:34:39+02:00,84.4
2022-06-15 04:35:39+02:00,85.0
2022-06-15 04:36:39+02:00,81.4
2022-06-15 04:37:39+02:00,79.9
2022-06-15 04:38:40+02:00,81.5
2022-06-15 04:39:40+02:00,81.8
2022-06-15 04:40:40+02:00,81.2
2022-06-15 04:41:40+02:00,80.8
2022-06-15 04:42:40+02:00,50.0
2022-06-15 04:43:40+02:00,50.0
2022-06-15 04:44:41+02:00,82.9
2022-06-15 04:45:41+02:00,85.0
2022-06-15 04:46:41+02:00,50.0
2022-06-15 04:47:41+02:00,50.0
2022-06-15 04:48:41+02:00,85.5
2022-06-15 04:49:41+02:00,87.1
2022-06-15 04:50:41+02:00,87.3
2022-06-15 04:51:41+02:00,88.8
2022-06-15 04:52:42+02:00,89.7
2022-06-15 04:53:42+02:00,90.5
2022-06-15 04:54:42+02:00,91.3
2022-06-15 04:55:42+02:00,89.0
2022-06-15 04:56:42+02:00,50.0
2022-06-15 04:57:42+02:00,50.0
2022-06-15 04:58:43+02:00,85.8
2022-06-15 04:59:43+02:00,87.9
2022-06-15 05:00:43+02:00,90.0
2022-06-15 05:01:43+02:00,90.4
2022-06-15 05:02:43+02:00,50.0
2022-06-15 05:03:43+02:00,89.2
2022-06-15 05:04:43+02:00,50.0
2022-06-15 05:05:44+02:00,89.0
2022-06-15 05:06:44+02:00,89.9
2022-06-15 05:07:44+02:00,90.6
2022-06-15 05:08:44+02:00,91.1
2022-06-15 05:09:44+02:00,91.0
2022-06-15 05:10:44+02:00,90.9
2022-06-15 05:11:44+02:00,50.0
2022-06-15 05:12:45+02:00,91.2
2022-06-15 05:13:45+02:00,50.0
2022-06-15 05:14:45+02:00,91.2
2022-06-15 05:15:45+02:00,91.6
2022-06-15 05:16:45+02:00,50.0
2022-06-15 05:17:45+02:00,50.0
2022-06-15 05:18:45+02:00,50.0
2022-06-15 05:19:46+02:00,50.0
2022-06-15 05:20:46+02:00,50.0
2022-06-15 05:21:46+02:00,50.0
2022-06-15 05:22:46+02:00,91.4
2022-06-15 05:23:46+02:00,92.0
2022-06-15 05:24:46+02:00,93.0
2022-06-15 05:25:46+02:00,93.8
2022-06-15 05:26:47+02:00,94.4
2022-06-15 05:27:47+02:00,93.9
2022-06-15 05:28:47+02:00,90.8
2022-06-15 05:29:47+02:00,89.0
2022-06-15 05:30:47+02:00,88.0
2022-06-15 05:31:47+02:00,87.3
2022-06-15 05:32:47+02:00,86.9
2022-06-15 05:33:48+02:00,86.5
2022-06-15 05:34:48+02:00,86.6
2022-06-15 05:35:48+02:00,86.7
2022-06-15 05:36:48+02:00,50.0
2022-06-15 05:37:48+02:00,86.9
2022-06-15 05:38:48+02:00,87.2
2022-06-15 05:39:48+02:00,87.0
2022-06-15 05:40:49+02:00,87.9
2022-06-15 05:41:49+02:00,89.1
2022-06-15 05:42:49+02:00,89.5
2022-06-15 05:43:49+02:00,90.0
2022-06-15 05:44:49+02:00,90.4
2022-06-15 05:45:49+02:00,90.6
2022-06-15 05:46:50+02:00,90.9
2022-06-15 05:47:50+02:00,91.1
2022-06-15 05:48:50+02:00,91.1
2022-06-15 05:49:50+02:00,91.1
2022-06-15 05:50:50+02:00,91.1
2022-06-15 05:51:50+02:00,91.2
2022-06-15 05:52:50+02:00,50.0
2022-06-15 05:53:51+02:00,92.1
2022-06-15 05:54:51+02:00,93.8
2022-06-15 05:55:51+02:00,95.0
2022-06-15 05:56:51+02:00,50.0
2022-06-15 05:57:51+02:00,95.1
2022-06-15 05:58:51+02:00,50.0
2022-06-15 05:59:51+02:00,94.4
2022-06-15 06:00:52+02:00,94.1
2022-06-15 06:01:52+02:00,93.7
2022-06-15 06:02:52+02:00,92.8
2022-06-15 06:03:52+02:00,92.7
2022-06-15 06:04:52+02:00,91.9
2022-06-15 06:05:52+02:00,90.1
2022-06-15 06:06:52+02:00,90.4
2022-06-15 06:07:53+02:00,89.8
2022-06-15 06:08:53+02:00,90.8
2022-06-15 06:09:53+02:00,91.6
2022-06-15 06:10:53+02:00,91.9
2022-06-15 06:11:53+02:00,91.9
2022-06-15 06:12:53+02:00,91.4
2022-06-15 06:13:53+02:00,91.6
2022-06-15 06:14:53+02:00,91.2
2022-06-15 06:15:54+02:00,91.2
2022-06-15 06:16:54+02:00,91.4
2022-06-15 06:17:54+02:00,93.4
2022-06-15 06:18:54+02:00,95.8
2022-06-15 06:19:54+02:00,50.0
2022-06-15 06:20:54+02:00,96.6
2022-06-15 06:21:54+02:00,97.1
2022-06-15 06:22:54+02:00,97.2
2022-06-15 06:23:54+02:00,96.2
2022-06-15 06:24:55+02:00,96.4
2022-06-15 06:25:55+02:00,97.1
2022-06-15 06:26:55+02:00,97.3
2022-06-15 06:27:55+02:00,50.0
2022-06-15 06:28:55+02:00,50.0
2022-06-15 06:29:55+02:00,50.0
2022-06-15 06:30:55+02:00,50.0
2022-06-15 06:31:55+02:00,50.0
2022-06-15 06:32:55+02:00,50.0
2022-06-15 06:33:56+02:00,50.0
2022-06-15 06:34:56+02:00,50.0
2022-06-15 06:35:56+02:00,50.0
2022-06-15 06:36:56+02:00,50.0
2022-06-15 06:37:56+02:00,50.0
2022-06-15 06:38:56+02:00,50.0
2022-06-15 06:39:56+02:00,50.0
2022-06-15 06:40:56+02:00,50.0
2022-06-15 06:41:56+02:00,50.0
2022-06-15 06:42:56+02:00,50.0
2022-06-15 06:43:56+02:00,50.0
2022-06-15 06:44:57+02:00,50.0
2022-06-15 06:45:57+02:00,50.0
2022-06-15 06:46:57+02:00,50.0
2022-06-15 06:47:57+02:00,50.0
2022-06-15 06:48:57+02:00,50.0
2022-06-15 06:49:57+02:00,50.0
2022-06-15 06:50:57+02:00,50.0
2022-06-15 06:51:57+02:00,50.0
2022-06-15 06:52:57+02:00,50.0
2022-06-15 06:53:58+02:00,50.0
2022-06-15 06:54:58+02:00,50.0
2022-06-15 06:55:58+02:00,50.0
2022-06-15 06:56:58+02:00,50.0
2022-06-15 06:57:58+02:00,50.0
2022-06-15 06:58:58+02:00,50.0
2022-06-15 06:59:58+02:00,50.0
2022-06-15 07:00:58+02:00,50.0
2022-06-15 07:01:59+02:00,50.0
2022-06-15 07:02:59+02:00,50.0
2022-06-15 07:03:59+02:00,50.0
2022-06-15 23:48:00+02:00,50.0
2022-06-15 23:49:00+02:00,84.6
2022-06-15 23:50:00+02:00,86.9
2022-06-15 23:51:00+02:00,88.5
2022-06-15 23:52:00+02:00,89.4
2022-06-15 23:53:00+02:00,89.8
2022-06-15 23:54:00+02:00,90.5
2022-06-15 23:55:00+02:00,93.4
2022-06-15 23:56:00+02:00,94.0
2022-06-15 23:57:00+02:00,94.8
2022-06-15 23:58:00+02:00,95.2
2022-06-15 23:59:01+02:00,95.7
2022-06-16 00:00:01+02:00,96.3
2022-06-16 00:01:01+02:00,96.1
2022-06-16 00:02:01+02:00,96.5
2022-06-16 00:03:01+02:00,97.0
2022-06-16 00:04:01+02:00,50.0
2022-06-16 00:05:01+02:00,96.9
2022-06-16 00:06:01+02:00,96.5
2022-06-16 00:07:01+02:00,97.2
2022-06-16 00:08:01+02:00,97.8
2022-06-16 00:09:02+02:00,98.7
2022-06-16 00:10:02+02:00,99.4
2022-06-16 00:11:02+02:00,99.8
2022-06-16 00:12:02+02:00,100.0
2022-06-16 00:13:02+02:00,100.0
2022-06-16 00:14:02+02:00,100.0
2022-06-16 00:15:02+02:00,100.0
2022-06-16 00:16:02+02:00,100.0
2022-06-16 00:17:03+02:00,100.0
2022-06-16 00:18:03+02:00,100.0
2022-06-16 00:19:03+02:00,100.0
2022-06-16 00:20:03+02:00,100.0
2022-06-16 00:21:03+02:00,100.0
2022-06-16 00:22:03+02:00,100.0
2022-06-16 00:23:03+02:00,100.0
2022-06-16 00:24:04+02:00,100.0
2022-06-16 00:25:04+02:00,100.0
2022-06-16 00:26:04+02:00,50.0
2022-06-16 00:27:04+02:00,50.0
2022-06-16 00:28:04+02:00,98.0
2022-06-16 00:29:04+02:00,95.7
2022-06-16 00:30:04+02:00,50.0
2022-06-16 00:31:04+02:00,92.9
2022-06-16 00:32:04+02:00,92.4
2022-06-16 00:33:05+02:00,50.0
2022-06-16 00:34:05+02:00,92.8
2022-06-16 00:35:05+02:00,91.7
2022-06-16 00:36:05+02:00,91.5
2022-06-16 00:37:05+02:00,92.2
2022-06-16 00:38:05+02:00,92.6
2022-06-16 00:39:05+02:00,92.6
2022-06-16 00:40:06+02:00,50.0
2022-06-16 00:41:06+02:00,92.2
2022-06-16 00:42:06+02:00,90.3
2022-06-16 00:43:06+02:00,91.6
2022-06-16 00:44:06+02:00,87.7
2022-06-16 00:45:06+02:00,86.0
2022-06-16 00:46:07+02:00,84.3
2022-06-16 00:47:07+02:00,81.2
2022-06-16 00:48:07+02:00,81.1
2022-06-16 00:49:07+02:00,50.0
2022-06-16 00:50:07+02:00,82.4
2022-06-16 00:51:07+02:00,85.7
2022-06-16 00:52:07+02:00,90.2
2022-06-16 00:53:08+02:00,93.0
2022-06-16 00:54:08+02:00,94.8
2022-06-16 00:55:08+02:00,50.0
2022-06-16 00:56:08+02:00,96.0
2022-06-16 00:57:08+02:00,95.9
2022-06-16 00:58:08+02:00,95.6
2022-06-16 00:59:08+02:00,95.4
2022-06-16 01:00:09+02:00,95.5
2022-06-16 01:01:09+02:00,96.4
2022-06-16 01:02:09+02:00,96.4
2022-06-16 01:03:09+02:00,94.6
2022-06-16 01:04:09+02:00,94.9
2022-06-16 01:05:09+02:00,50.0
2022-06-16 01:06:09+02:00,95.4
2022-06-16 01:07:10+02:00,95.4
2022-06-16 01:08:10+02:00,50.0
2022-06-16 01:09:10+02:00,92.7
2022-06-16 01:10:10+02:00,88.3
2022-06-16 01:11:10+02:00,50.0
2022-06-16 01:12:10+02:00,89.4
2022-06-16 01:13:11+02:00,92.7
2022-06-16 01:14:11+02:00,94.7
2022-06-16 01:15:11+02:00,95.7
2022-06-16 01:16:11+02:00,96.1
2022-06-16 01:17:11+02:00,96.7
2022-06-16 01:18:11+02:00,96.9
2022-06-16 01:19:11+02:00,97.2
2022-06-16 01:20:12+02:00,97.5
2022-06-16 01:21:12+02:00,97.5
2022-06-16 01:22:12+02:00,92.3
2022-06-16 01:23:12+02:00,89.5
2022-06-16 01:24:12+02:00,84.3
2022-06-16 01:25:12+02:00,80.5
2022-06-16 01:26:13+02:00,78.6
2022-06-16 01:27:13+02:00,78.2
2022-06-16 01:28:13+02:00,78.4
2022-06-16 01:29:13+02:00,77.6
2022-06-16 01:30:13+02:00,78.1
2022-06-16 01:31:13+02:00,50.0
2022-06-16 01:32:13+02:00,50.0
2022-06-16 01:33:13+02:00,50.0
2022-06-16 01:34:14+02:00,50.0
2022-06-16 01:35:14+02:00,50.0
2022-06-16 01:36:14+02:00,82.1
2022-06-16 01:37:14+02:00,84.7
2022-06-16 01:38:14+02:00,50.0
2022-06-16 01:39:14+02:00,85.8
2022-06-16 01:40:15+02:00,87.8
2022-06-16 01:41:15+02:00,89.2
2022-06-16 01:42:15+02:00,90.3
2022-06-16 01:43:15+02:00,91.1
2022-06-16 01:44:15+02:00,91.5
2022-06-16 01:45:15+02:00,50.0
2022-06-16 01:46:15+02:00,92.2
2022-06-16 01:47:16+02:00,92.7
2022-06-16 01:48:16+02:00,92.8
2022-06-16 01:49:16+02:00,92.7
2022-06-16 01:50:16+02:00,92.5
2022-06-16 01:51:16+02:00,92.7
2022-06-16 01:52:16+02:00,92.7
2022-06-16 01:53:17+02:00,92.8
2022-06-16 01:54:17+02:00,50.0
2022-06-16 01:55:17+02:00,93.6
2022-06-16 01:56:17+02:00,93.1
2022-06-16 01:57:17+02:00,93.0
2022-06-16 01:58:17+02:00,93.6
2022-06-16 01:59:17+02:00,95.2
2022-06-16 02:00:18+02:00,95.7
2022-06-16 02:00:18+02:00,95.7
2022-06-16 02:01:18+02:00,50.0
2022-06-16 02:02:18+02:00,95.3
2022-06-16 02:03:18+02:00,95.3
2022-06-16 02:04:18+02:00,97.1
2022-06-16 02:05:18+02:00,98.6
2022-06-16 02:06:18+02:00,98.8
2022-06-16 02:07:19+02:00,98.7
2022-06-16 02:08:19+02:00,98.9
2022-06-16 02:09:19+02:00,98.6
2022-06-16 02:10:19+02:00,50.0
2022-06-16 02:11:19+02:00,97.5
2022-06-16 02:12:19+02:00,50.0
2022-06-16 02:13:20+02:00,94.6
2022-06-16 02:14:20+02:00,50.0
2022-06-16 02:15:20+02:00,93.6
2022-06-16 02:16:20+02:00,91.8
2022-06-16 02:17:20+02:00,90.5
2022-06-16 02:18:20+02:00,88.6
2022-06-16 02:19:20+02:00,87.9
2022-06-16 02:20:21+02:00,87.8
2022-06-16 02:21:21+02:00,50.0
2022-06-16 02:22:21+02:00,88.3
2022-06-16 02:23:21+02:00,88.9
2022-06-16 02:24:21+02:00,89.4
2022-06-16 02:25:21+02:00,89.7
2022-06-16 02:26:21+02:00,92.7
2022-06-16 02:27:22+02:00,93.7
2022-06-16 02:28:22+02:00,94.3
2022-06-16 02:29:22+02:00,93.4
2022-06-16 02:30:22+02:00,89.7
2022-06-16 02:31:22+02:00,88.7
2022-06-16 02:32:22+02:00,87.9
2022-06-16 02:33:22+02:00,85.5
2022-06-16 02:34:23+02:00,85.0
2022-06-16 02:35:23+02:00,83.6
2022-06-16 02:36:23+02:00,83.5
2022-06-16 02:37:23+02:00,84.0
2022-06-16 02:38:23+02:00,84.6
2022-06-16 02:39:23+02:00,83.9
2022-06-16 02:40:24+02:00,83.9
2022-06-16 02:41:24+02:00,83.8
2022-06-16 02:42:24+02:00,84.1
2022-06-16 02:43:24+02:00,84.4
2022-06-16 02:44:24+02:00,82.9
2022-06-16 02:45:24+02:00,83.5
2022-06-16 02:46:24+02:00,83.6
2022-06-16 02:47:25+02:00,84.1
2022-06-16 02:48:25+02:00,84.5
2022-06-16 02:49:25+02:00,84.9
2022-06-16 02:50:25+02:00,84.8
2022-06-16 02:51:25+02:00,85.3
2022-06-16 02:52:25+02:00,50.0
2022-06-16 02:53:25+02:00,84.1
2022-06-16 02:54:26+02:00,86.7
2022-06-16 02:55:26+02:00,50.0
2022-06-16 02:56:26+02:00,89.0
2022-06-16 02:57:26+02:00,90.7
2022-06-16 02:58:26+02:00,91.4
2022-06-16 02:59:26+02:00,50.0
2022-06-16 03:00:27+02:00,92.0
2022-06-16 03:01:27+02:00,92.4
2022-06-16 03:02:27+02:00,92.5
2022-06-16 03:03:27+02:00,92.6
2022-06-16 03:04:27+02:00,92.7
2022-06-16 03:05:27+02:00,92.7
2022-06-16 03:06:27+02:00,50.0
2022-06-16 03:07:28+02:00,92.7
2022-06-16 03:08:28+02:00,93.0
2022-06-16 03:09:28+02:00,50.0
2022-06-16 03:10:28+02:00,92.7
2022-06-16 03:11:28+02:00,92.8
2022-06-16 03:12:28+02:00,50.0
2022-06-16 03:13:29+02:00,92.9
2022-06-16 03:14:29+02:00,92.6
2022-06-16 03:15:29+02:00,92.9
2022-06-16 03:16:29+02:00,50.0
2022-06-16 03:17:29+02:00,50.0
2022-06-16 03:18:29+02:00,92.7
2022-06-16 03:19:29+02:00,91.8
2022-06-16 03:20:30+02:00,94.2
2022-06-16 03:21:30+02:00,50.0
2022-06-16 03:22:30+02:00,50.0
2022-06-16 03:23:30+02:00,95.2
2022-06-16 03:24:30+02:00,50.0
2022-06-16 03:25:30+02:00,94.4
2022-06-16 03:26:30+02:00,50.0
2022-06-16 03:27:30+02:00,50.0
2022-06-16 03:28:31+02:00,50.0
2022-06-16 03:29:31+02:00,50.0
2022-06-16 03:30:31+02:00,50.0
2022-06-16 03:31:31+02:00,50.0
2022-06-16 03:32:31+02:00,50.0
2022-06-16 03:33:31+02:00,50.0
2022-06-16 03:34:31+02:00,92.0
2022-06-16 03:35:32+02:00,91.9
2022-06-16 03:36:32+02:00,50.0
2022-06-16 03:37:32+02:00,92.1
2022-06-16 03:38:32+02:00,92.3
2022-06-16 03:39:32+02:00,50.0
2022-06-16 03:40:32+02:00,92.8
2022-06-16 03:41:32+02:00,50.0
2022-06-16 03:42:33+02:00,93.2
2022-06-16 03:43:33+02:00,93.1
2022-06-16 03:44:33+02:00,93.4
2022-06-16 03:45:33+02:00,94.0
2022-06-16 03:46:33+02:00,94.4
2022-06-16 03:47:33+02:00,94.6
2022-06-16 03:48:33+02:00,50.0
2022-06-16 03:49:34+02:00,94.8
2022-06-16 03:50:34+02:00,95.2
2022-06-16 03:51:34+02:00,50.0
2022-06-16 03:52:34+02:00,94.6
2022-06-16 03:53:34+02:00,95.6
2022-06-16 03:54:34+02:00,95.6
2022-06-16 03:55:34+02:00,50.0
2022-06-16 03:56:35+02:00,95.6
2022-06-16 03:57:35+02:00,95.3
2022-06-16 03:58:35+02:00,93.2
2022-06-16 03:59:35+02:00,92.5
2022-06-16 04:00:35+02:00,92.7
2022-06-16 04:01:35+02:00,92.5
2022-06-16 04:02:35+02:00,92.0
2022-06-16 04:03:36+02:00,91.7
2022-06-16 04:04:36+02:00,50.0
2022-06-16 04:05:36+02:00,50.0
2022-06-16 04:06:36+02:00,91.0
2022-06-16 04:07:36+02:00,90.9
2022-06-16 04:08:36+02:00,92.0
2022-06-16 04:09:37+02:00,50.0
2022-06-16 04:10:37+02:00,50.0
2022-06-16 04:11:37+02:00,50.0
2022-06-16 04:12:37+02:00,94.1
2022-06-16 04:13:37+02:00,94.8
2022-06-16 04:14:37+02:00,95.1
2022-06-16 04:15:37+02:00,95.6
2022-06-16 04:16:38+02:00,95.7
2022-06-16 04:17:38+02:00,95.9
2022-06-16 04:18:38+02:00,95.7
2022-06-16 04:19:38+02:00,50.0
2022-06-16 04:20:38+02:00,95.3
2022-06-16 04:21:38+02:00,94.5
2022-06-16 04:22:38+02:00,94.1
2022-06-16 04:23:39+02:00,93.7
2022-06-16 04:24:39+02:00,93.7
2022-06-16 04:25:39+02:00,50.0
2022-06-16 04:26:39+02:00,93.2
2022-06-16 04:27:39+02:00,93.0
2022-06-16 04:28:39+02:00,93.1
2022-06-16 04:29:39+02:00,93.0
2022-06-16 04:30:40+02:00,50.0
2022-06-16 04:31:40+02:00,93.6
2022-06-16 04:32:40+02:00,94.0
2022-06-16 04:33:40+02:00,94.5
2022-06-16 04:34:40+02:00,94.5
2022-06-16 04:35:40+02:00,94.5
2022-06-16 04:36:41+02:00,94.5
2022-06-16 04:37:41+02:00,94.3
2022-06-16 04:38:41+02:00,94.3
2022-06-16 04:39:41+02:00,94.1
2022-06-16 04:40:41+02:00,94.2
2022-06-16 04:41:41+02:00,94.3
2022-06-16 04:42:41+02:00,94.7
2022-06-16 04:43:42+02:00,94.6
2022-06-16 04:44:42+02:00,94.6
2022-06-16 04:45:42+02:00,94.5
2022-06-16 04:46:42+02:00,94.4
2022-06-16 04:47:42+02:00,94.1
2022-06-16 04:48:42+02:00,94.0
2022-06-16 04:49:42+02:00,93.9
2022-06-16 04:50:43+02:00,93.7
2022-06-16 04:51:43+02:00,50.0
2022-06-16 04:52:43+02:00,93.6
2022-06-16 04:53:43+02:00,92.8
2022-06-16 04:54:43+02:00,91.6
2022-06-16 04:55:43+02:00,90.6
2022-06-16 04:56:43+02:00,90.0
2022-06-16 04:57:44+02:00,89.0
2022-06-16 04:58:44+02:00,88.1
2022-06-16 04:59:44+02:00,87.6
2022-06-16 05:00:44+02:00,50.0
2022-06-16 05:01:44+02:00,88.7
2022-06-16 05:02:44+02:00,91.1
2022-06-16 05:03:45+02:00,50.0
2022-06-16 05:04:45+02:00,91.0
2022-06-16 05:05:45+02:00,90.0
2022-06-16 05:06:45+02:00,89.1
2022-06-16 05:07:45+02:00,88.6
2022-06-16 05:08:45+02:00,88.1
2022-06-16 05:09:45+02:00,90.4
2022-06-16 05:10:46+02:00,91.8
2022-06-16 05:11:46+02:00,93.1
2022-06-16 05:12:46+02:00,93.5
2022-06-16 05:13:46+02:00,94.3
2022-06-16 05:14:46+02:00,93.6
2022-06-16 05:15:46+02:00,93.0
2022-06-16 05:16:46+02:00,92.1
2022-06-16 05:17:47+02:00,91.2
2022-06-16 05:18:47+02:00,91.6
2022-06-16 05:19:47+02:00,50.0
2022-06-16 05:20:47+02:00,91.4
2022-06-16 05:21:47+02:00,91.2
2022-06-16 05:22:47+02:00,91.0
2022-06-16 05:23:48+02:00,90.4
2022-06-16 05:24:48+02:00,89.8
2022-06-16 05:25:48+02:00,90.2
2022-06-16 05:26:48+02:00,90.5
2022-06-16 05:27:48+02:00,90.8
2022-06-16 05:28:48+02:00,91.1
2022-06-16 05:29:49+02:00,91.1
2022-06-16 05:30:49+02:00,91.3
2022-06-16 05:31:49+02:00,91.4
2022-06-16 05:32:49+02:00,91.0
2022-06-16 05:33:49+02:00,90.9
2022-06-16 05:34:49+02:00,91.1
2022-06-16 05:35:49+02:00,91.1
2022-06-16 05:36:50+02:00,90.7
2022-06-16 05:37:50+02:00,89.8
2022-06-16 05:38:50+02:00,88.8
2022-06-16 05:39:50+02:00,89.4
2022-06-16 05:40:50+02:00,89.5
2022-06-16 05:41:50+02:00,50.0
2022-06-16 05:42:50+02:00,90.3
2022-06-16 05:43:51+02:00,50.0
2022-06-16 05:44:51+02:00,91.1
2022-06-16 05:45:51+02:00,92.1
2022-06-16 05:46:51+02:00,92.5
2022-06-16 05:47:51+02:00,92.9
2022-06-16 05:48:51+02:00,93.2
2022-06-16 05:49:52+02:00,93.6
2022-06-16 05:50:52+02:00,94.0
2022-06-16 05:51:52+02:00,94.2
2022-06-16 05:52:52+02:00,94.4
2022-06-16 05:53:52+02:00,94.6
2022-06-16 05:54:52+02:00,50.0
2022-06-16 05:55:52+02:00,94.2
2022-06-16 05:56:53+02:00,93.5
2022-06-16 05:57:53+02:00,93.2
2022-06-16 05:58:53+02:00,50.0
2022-06-16 05:59:53+02:00,94.1
2022-06-16 06:00:53+02:00,94.9
2022-06-16 06:01:53+02:00,95.6
2022-06-16 06:02:53+02:00,96.3
2022-06-16 06:03:53+02:00,96.5
2022-06-16 06:04:53+02:00,96.7
2022-06-16 06:05:53+02:00,96.9
2022-06-16 06:06:53+02:00,97.1
2022-06-16 06:07:54+02:00,97.0
2022-06-16 06:08:54+02:00,96.8
2022-06-16 06:09:54+02:00,97.0
2022-06-16 06:10:54+02:00,97.1
2022-06-16 06:11:54+02:00,97.2
2022-06-16 06:12:54+02:00,97.2
2022-06-16 06:13:54+02:00,97.2
2022-06-16 06:14:54+02:00,97.1
2022-06-16 06:15:54+02:00,96.8
2022-06-16 06:16:54+02:00,96.9
2022-06-16 06:17:55+02:00,97.0
2022-06-16 06:18:55+02:00,96.6
2022-06-16 06:19:55+02:00,96.8
2022-06-16 06:20:55+02:00,96.7
2022-06-16 06:21:55+02:00,50.0
2022-06-16 06:22:55+02:00,96.3
2022-06-16 06:23:55+02:00,95.2
2022-06-16 06:24:55+02:00,93.8
2022-06-16 06:25:55+02:00,92.9
2022-06-16 06:26:55+02:00,91.7
2022-06-16 06:27:55+02:00,90.8
2022-06-16 06:28:55+02:00,90.0
2022-06-16 06:29:56+02:00,89.6
2022-06-16 06:30:56+02:00,50.0
2022-06-16 06:31:56+02:00,50.0
2022-06-16 06:32:56+02:00,89.6
2022-06-16 06:33:56+02:00,90.5
2022-06-16 06:34:56+02:00,50.0
2022-06-16 06:35:56+02:00,91.7
2022-06-16 06:36:56+02:00,92.2
2022-06-16 06:37:56+02:00,92.3
2022-06-16 06:38:56+02:00,92.4
2022-06-16 06:39:57+02:00,92.5
2022-06-16 06:40:57+02:00,92.3
2022-06-16 06:41:57+02:00,92.2
2022-06-16 06:42:57+02:00,92.3
2022-06-16 06:43:57+02:00,92.0
2022-06-16 06:44:57+02:00,91.6
2022-06-16 06:45:57+02:00,91.5
2022-06-16 06:46:57+02:00,91.4
2022-06-16 06:47:57+02:00,91.3
2022-06-16 06:48:57+02:00,91.0
2022-06-16 06:49:57+02:00,91.0
2022-06-16 06:50:57+02:00,50.0
2022-06-16 06:51:58+02:00,91.3
2022-06-16 06:52:58+02:00,91.1
2022-06-16 06:53:58+02:00,91.0
2022-06-16 06:54:58+02:00,91.0
2022-06-16 06:55:58+02:00,91.6
2022-06-16 06:56:58+02:00,91.2
2022-06-16 06:57:58+02:00,91.1
2022-06-16 06:58:58+02:00,91.8
2022-06-16 06:59:58+02:00,91.9
2022-06-16 07:00:59+02:00,50.0
2022-06-16 07:01:59+02:00,50.0
2022-06-16 07:02:59+02:00,92.2
2022-06-16 07:03:59+02:00,92.5
2022-06-16 07:04:59+02:00,50.0
2022-06-16 07:05:59+02:00,50.0
2022-06-16 07:06:59+02:00,50.0
2022-06-16 07:07:59+02:00,50.0
2022-06-16 07:09:00+02:00,50.0
2022-06-16 07:10:00+02:00,50.0
2022-06-16 07:11:00+02:00,50.0
2022-06-16 07:12:00+02:00,91.0
2022-06-16 07:13:00+02:00,50.0
2022-06-16 07:14:00+02:00,50.0
2022-06-16 07:15:01+02:00,50.0
2022-06-16 07:16:01+02:00,50.0
2022-06-16 07:17:01+02:00,93.5
2022-06-16 07:18:01+02:00,95.0
2022-06-16 07:19:01+02:00,50.0
2022-06-16 07:20:01+02:00,94.7
2022-06-16 07:21:01+02:00,93.4
2022-06-16 07:22:01+02:00,92.6
2022-06-16 07:23:02+02:00,90.6
2022-06-16 07:24:02+02:00,88.5
2022-06-16 07:25:02+02:00,86.6
2022-06-16 07:26:02+02:00,85.3
2022-06-16 07:27:02+02:00,50.0
2022-06-16 07:28:02+02:00,87.7
2022-06-16 07:29:02+02:00,50.0
2022-06-16 07:30:03+02:00,50.0
2022-06-16 07:31:03+02:00,50.0
2022-06-16 07:32:03+02:00,50.0
2022-06-16 07:33:03+02:00,50.0
2022-06-16 07:34:03+02:00,50.0
2022-06-16 07:35:03+02:00,50.0
2022-06-16 07:36:03+02:00,50.0
2022-06-16 07:37:04+02:00,50.0
2022-06-16 07:38:04+02:00,50.0
2022-06-16 07:39:04+02:00,50.0
2022-06-16 07:40:04+02:00,50.0
2022-06-17 00:04:00+02:00,50.0
2022-06-17 00:05:00+02:00,81.4
2022-06-17 00:06:00+02:00,50.0
2022-06-17 00:07:00+02:00,83.7
2022-06-17 00:08:00+02:00,50.0
2022-06-17 00:09:00+02:00,50.0
2022-06-17 00:10:00+02:00,87.0
2022-06-17 00:11:00+02:00,90.6
2022-06-17 00:12:00+02:00,50.0
2022-06-17 00:13:00+02:00,93.0
2022-06-17 00:14:00+02:00,50.0
2022-06-17 00:15:01+02:00,93.2
2022-06-17 00:16:01+02:00,93.1
2022-06-17 00:17:01+02:00,92.9
2022-06-17 00:18:01+02:00,92.7
2022-06-17 00:19:01+02:00,50.0
2022-06-17 00:20:01+02:00,93.0
2022-06-17 00:21:01+02:00,93.0
2022-06-17 00:22:01+02:00,92.9
2022-06-17 00:23:01+02:00,93.1
2022-06-17 00:24:01+02:00,94.0
2022-06-17 00:25:02+02:00,50.0
2022-06-17 00:26:02+02:00,50.0
2022-06-17 00:27:02+02:00,95.0
2022-06-17 00:28:02+02:00,50.0
2022-06-17 00:29:02+02:00,94.9
2022-06-17 00:30:02+02:00,93.9
2022-06-17 00:31:03+02:00,92.9
2022-06-17 00:32:03+02:00,89.0
2022-06-17 00:33:03+02:00,50.0
2022-06-17 00:34:03+02:00,50.0
2022-06-17 00:35:03+02:00,89.2
2022-06-17 00:36:03+02:00,50.0
2022-06-17 00:37:03+02:00,91.4
2022-06-17 00:38:03+02:00,50.0
2022-06-17 00:39:03+02:00,50.0
2022-06-17 00:40:04+02:00,50.0
2022-06-17 00:41:04+02:00,91.9
2022-06-17 00:42:04+02:00,91.8
2022-06-17 00:43:04+02:00,91.9
2022-06-17 00:44:04+02:00,50.0
2022-06-17 00:45:04+02:00,92.3
2022-06-17 00:46:04+02:00,93.1
2022-06-17 00:47:04+02:00,93.5
2022-06-17 00:48:05+02:00,93.4
2022-06-17 00:49:05+02:00,50.0
2022-06-17 00:50:05+02:00,93.6
2022-06-17 00:51:05+02:00,50.0
2022-06-17 00:52:05+02:00,93.4
2022-06-17 00:53:05+02:00,94.3
2022-06-17 00:54:05+02:00,95.0
2022-06-17 00:55:05+02:00,50.0
2022-06-17 00:56:06+02:00,94.2
2022-06-17 00:57:06+02:00,93.7
2022-06-17 00:58:06+02:00,93.3
2022-06-17 00:59:06+02:00,92.8
2022-06-17 01:00:06+02:00,92.1
2022-06-17 01:01:06+02:00,92.0
2022-06-17 01:02:06+02:00,91.5
2022-06-17 01:03:07+02:00,90.8
2022-06-17 01:04:07+02:00,90.7
2022-06-17 01:05:07+02:00,90.6
2022-06-17 01:06:07+02:00,90.6
2022-06-17 01:07:07+02:00,90.5
2022-06-17 01:08:07+02:00,90.6
2022-06-17 01:09:08+02:00,90.7
2022-06-17 01:10:08+02:00,90.5
2022-06-17 01:11:08+02:00,90.4
2022-06-17 01:12:08+02:00,90.6
2022-06-17 01:13:08+02:00,90.7
2022-06-17 01:14:08+02:00,90.8
2022-06-17 01:15:09+02:00,90.7
2022-06-17 01:16:09+02:00,90.7
2022-06-17 01:17:09+02:00,91.1
2022-06-17 01:18:09+02:00,91.0
2022-06-17 01:19:09+02:00,90.9
2022-06-17 01:20:09+02:00,90.7
2022-06-17 01:21:10+02:00,90.7
2022-06-17 01:22:10+02:00,90.6
2022-06-17 01:23:10+02:00,90.6
2022-06-17 01:24:10+02:00,90.7
2022-06-17 01:25:10+02:00,50.0
2022-06-17 01:26:10+02:00,90.5
2022-06-17 01:27:11+02:00,92.0
2022-06-17 01:28:11+02:00,93.0
2022-06-17 01:29:11+02:00,92.5
2022-06-17 01:30:11+02:00,91.9
2022-06-17 01:31:11+02:00,91.0
2022-06-17 01:32:11+02:00,90.6
2022-06-17 01:33:12+02:00,89.8
2022-06-17 01:34:12+02:00,50.0
2022-06-17 01:35:12+02:00,50.0
2022-06-17 01:36:12+02:00,50.0
2022-06-17 01:37:12+02:00,50.0
2022-06-17 01:38:12+02:00,91.4
2022-06-17 01:39:13+02:00,50.0
2022-06-17 01:40:13+02:00,50.0
2022-06-17 01:41:13+02:00,50.0
2022-06-17 01:42:13+02:00,50.0
2022-06-17 01:43:13+02:00,93.3
2022-06-17 01:44:13+02:00,93.3
2022-06-17 01:45:14+02:00,93.6
2022-06-17 01:46:14+02:00,93.5
2022-06-17 01:47:14+02:00,50.0
2022-06-17 01:48:14+02:00,92.3
2022-06-17 01:49:14+02:00,91.3
2022-06-17 01:50:14+02:00,90.9
2022-06-17 01:51:14+02:00,90.7
2022-06-17 01:52:15+02:00,50.0
2022-06-17 01:53:15+02:00,90.7
2022-06-17 01:54:15+02:00,90.6
2022-06-17 01:55:15+02:00,90.0
2022-06-17 01:56:15+02:00,89.5
2022-06-17 01:57:15+02:00,89.6
2022-06-17 01:58:16+02:00,89.5
2022-06-17 01:59:16+02:00,89.9
2022-06-17 02:00:16+02:00,90.4
2022-06-17 02:00:16+02:00,90.4
2022-06-17 02:01:16+02:00,90.4
2022-06-17 02:02:16+02:00,90.4
2022-06-17 02:03:16+02:00,91.1
2022-06-17 02:04:17+02:00,90.9
2022-06-17 02:05:17+02:00,90.6
2022-06-17 02:06:17+02:00,90.7
2022-06-17 02:07:17+02:00,90.7
2022-06-17 02:08:17+02:00,90.8
2022-06-17 02:09:17+02:00,90.8
2022-06-17 02:10:18+02:00,50.0
2022-06-17 02:11:18+02:00,91.3
2022-06-17 02:12:18+02:00,91.9
2022-06-17 02:13:18+02:00,50.0
2022-06-17 02:14:18+02:00,91.9
2022-06-17 02:15:18+02:00,91.9
2022-06-17 02:16:18+02:00,50.0
2022-06-17 02:17:18+02:00,92.3
2022-06-17 02:18:19+02:00,50.0
2022-06-17 02:19:19+02:00,50.0
2022-06-17 02:20:19+02:00,50.0
2022-06-17 02:21:19+02:00,50.0
2022-06-17 02:22:19+02:00,91.1
2022-06-17 02:23:19+02:00,90.4
2022-06-17 02:24:19+02:00,90.6
2022-06-17 02:25:20+02:00,90.8
2022-06-17 02:26:20+02:00,91.7
2022-06-17 02:27:20+02:00,92.7
2022-06-17 02:28:20+02:00,50.0
2022-06-17 02:29:20+02:00,92.9
2022-06-17 02:30:20+02:00,93.1
2022-06-17 02:31:20+02:00,92.9
2022-06-17 02:32:21+02:00,50.0
2022-06-17 02:33:21+02:00,92.8
2022-06-17 02:34:21+02:00,92.7
2022-06-17 02:35:21+02:00,92.2
2022-06-17 02:36:21+02:00,91.8
2022-06-17 02:37:22+02:00,91.0
2022-06-17 02:38:22+02:00,50.0
2022-06-17 02:39:22+02:00,91.7
2022-06-17 02:40:22+02:00,92.8
2022-06-17 02:41:22+02:00,50.0
2022-06-17 02:42:22+02:00,93.4
2022-06-17 02:43:22+02:00,93.6
2022-06-17 02:44:23+02:00,93.8
2022-06-17 02:45:23+02:00,94.1
2022-06-17 02:46:23+02:00,50.0
2022-06-17 02:47:23+02:00,94.1
2022-06-17 02:48:23+02:00,93.7
2022-06-17 02:49:23+02:00,50.0
2022-06-17 02:50:24+02:00,93.6
2022-06-17 02:51:24+02:00,50.0
2022-06-17 02:52:24+02:00,93.2
2022-06-17 02:53:24+02:00,92.3
2022-06-17 02:54:24+02:00,91.4
2022-06-17 02:55:24+02:00,91.1
2022-06-17 02:56:24+02:00,91.0
2022-06-17 02:57:25+02:00,50.0
2022-06-17 02:58:25+02:00,91.5
2022-06-17 02:59:25+02:00,91.5
2022-06-17 03:00:25+02:00,50.0
2022-06-17 03:01:25+02:00,91.8
2022-06-17 03:02:25+02:00,92.7
2022-06-17 03:03:26+02:00,93.7
2022-06-17 03:04:26+02:00,94.6
2022-06-17 03:05:26+02:00,50.0
2022-06-17 03:06:26+02:00,50.0
2022-06-17 03:07:26+02:00,95.0
2022-06-17 03:08:26+02:00,50.0
2022-06-17 03:09:27+02:00,93.9
2022-06-17 03:10:27+02:00,93.5
2022-06-17 03:11:27+02:00,92.8
2022-06-17 03:12:27+02:00,91.3
2022-06-17 03:13:27+02:00,50.0
2022-06-17 03:14:27+02:00,50.0
2022-06-17 03:15:28+02:00,50.0
2022-06-17 03:16:28+02:00,91.3
2022-06-17 03:17:28+02:00,91.6
2022-06-17 03:18:28+02:00,91.8
2022-06-17 03:19:28+02:00,91.9
2022-06-17 03:20:28+02:00,50.0
2022-06-17 03:21:29+02:00,92.5
2022-06-17 03:22:29+02:00,93.3
2022-06-17 03:23:29+02:00,93.8
2022-06-17 03:24:29+02:00,50.0
2022-06-17 03:25:29+02:00,93.8
2022-06-17 03:26:29+02:00,93.6
2022-06-17 03:27:30+02:00,50.0
2022-06-17 03:28:30+02:00,93.8
2022-06-17 03:29:30+02:00,93.2
2022-06-17 03:30:30+02:00,92.7
2022-06-17 03:31:30+02:00,92.6
2022-06-17 03:32:30+02:00,92.7
2022-06-17 03:33:30+02:00,92.4
2022-06-17 03:34:31+02:00,50.0
2022-06-17 03:35:31+02:00,91.0
2022-06-17 03:36:31+02:00,50.0
2022-06-17 03:37:31+02:00,50.0
2022-06-17 03:38:31+02:00,91.1
2022-06-17 03:39:31+02:00,91.2
2022-06-17 03:40:31+02:00,91.7
2022-06-17 03:41:32+02:00,92.4
2022-06-17 03:42:32+02:00,50.0
2022-06-17 03:43:32+02:00,93.5
2022-06-17 03:44:32+02:00,50.0
2022-06-17 03:45:32+02:00,50.0
2022-06-17 03:46:32+02:00,92.6
2022-06-17 03:47:32+02:00,91.8
2022-06-17 03:48:32+02:00,91.6
2022-06-17 03:49:33+02:00,91.5
2022-06-17 03:50:33+02:00,91.5
2022-06-17 03:51:33+02:00,91.9
2022-06-17 03:52:33+02:00,92.2
2022-06-17 03:53:33+02:00,92.2
2022-06-17 03:54:33+02:00,92.1
2022-06-17 03:55:33+02:00,50.0
2022-06-17 03:56:34+02:00,92.0
2022-06-17 03:57:34+02:00,92.0
2022-06-17 03:58:34+02:00,92.2
2022-06-17 03:59:34+02:00,92.4
2022-06-17 04:00:34+02:00,93.1
2022-06-17 04:01:34+02:00,50.0
2022-06-17 04:02:34+02:00,93.9
2022-06-17 04:03:35+02:00,93.5
2022-06-17 04:04:35+02:00,93.7
2022-06-17 04:05:35+02:00,94.5
2022-06-17 04:06:35+02:00,95.3
2022-06-17 04:07:35+02:00,50.0
2022-06-17 04:08:35+02:00,95.4
2022-06-17 04:09:35+02:00,95.6
2022-06-17 04:10:35+02:00,95.1
2022-06-17 04:11:36+02:00,95.3
2022-06-17 04:12:36+02:00,50.0
2022-06-17 04:13:36+02:00,50.0
2022-06-17 04:14:36+02:00,95.4
2022-06-17 04:15:36+02:00,93.8
2022-06-17 04:16:36+02:00,92.4
2022-06-17 04:17:36+02:00,91.2
2022-06-17 04:18:37+02:00,91.1
2022-06-17 04:19:37+02:00,92.4
2022-06-17 04:20:37+02:00,92.3
2022-06-17 04:21:37+02:00,91.8
2022-06-17 04:22:37+02:00,90.9
2022-06-17 04:23:37+02:00,50.0
2022-06-17 04:24:37+02:00,50.0
2022-06-17 04:25:38+02:00,91.0
2022-06-17 04:26:38+02:00,92.2
2022-06-17 04:27:38+02:00,92.6
2022-06-17 04:28:38+02:00,92.9
2022-06-17 04:29:38+02:00,93.1
2022-06-17 04:30:38+02:00,93.4
2022-06-17 04:31:38+02:00,93.6
2022-06-17 04:32:38+02:00,93.5
2022-06-17 04:33:39+02:00,93.5
2022-06-17 04:34:39+02:00,93.3
2022-06-17 04:35:39+02:00,93.3
2022-06-17 04:36:39+02:00,93.3
2022-06-17 04:37:39+02:00,50.0
2022-06-17 04:38:39+02:00,93.1
2022-06-17 04:39:39+02:00,93.1
2022-06-17 04:40:40+02:00,50.0
2022-06-17 04:41:40+02:00,93.4
2022-06-17 04:42:40+02:00,93.7
2022-06-17 04:43:40+02:00,94.0
2022-06-17 04:44:40+02:00,93.8
2022-06-17 04:45:40+02:00,93.8
2022-06-17 04:46:40+02:00,93.9
2022-06-17 04:47:41+02:00,93.8
2022-06-17 04:48:41+02:00,93.7
2022-06-17 04:49:41+02:00,93.7
2022-06-17 04:50:41+02:00,93.6
2022-06-17 04:51:41+02:00,93.7
2022-06-17 04:52:41+02:00,93.8
2022-06-17 04:53:41+02:00,94.2
2022-06-17 04:54:42+02:00,94.5
2022-06-17 04:55:42+02:00,94.4
2022-06-17 04:56:42+02:00,94.7
2022-06-17 04:57:42+02:00,95.2
2022-06-17 04:58:42+02:00,96.1
2022-06-17 04:59:42+02:00,97.0
2022-06-17 05:00:42+02:00,97.1
2022-06-17 05:01:43+02:00,97.4
2022-06-17 05:02:43+02:00,97.9
2022-06-17 05:03:43+02:00,98.1
2022-06-17 05:04:43+02:00,97.9
2022-06-17 05:05:43+02:00,98.0
2022-06-17 05:06:43+02:00,98.1
2022-06-17 05:07:43+02:00,98.5
2022-06-17 05:08:44+02:00,98.7
2022-06-17 05:09:44+02:00,99.0
2022-06-17 05:10:44+02:00,99.2
2022-06-17 05:11:44+02:00,99.2
2022-06-17 05:12:44+02:00,98.3
2022-06-17 05:13:44+02:00,97.7
2022-06-17 05:14:44+02:00,96.8
2022-06-17 05:15:45+02:00,97.5
2022-06-17 05:16:45+02:00,97.6
2022-06-17 05:17:45+02:00,97.5
2022-06-17 05:18:45+02:00,50.0
2022-06-17 05:19:45+02:00,96.4
2022-06-17 05:20:45+02:00,95.3
2022-06-17 05:21:45+02:00,50.0
2022-06-17 05:22:45+02:00,93.3
2022-06-17 05:23:46+02:00,50.0
2022-06-17 05:24:46+02:00,93.9
2022-06-17 05:25:46+02:00,92.3
2022-06-17 05:26:46+02:00,50.0
2022-06-17 05:27:46+02:00,90.1
2022-06-17 05:28:46+02:00,89.1
2022-06-17 05:29:47+02:00,91.3
2022-06-17 05:30:47+02:00,91.9
2022-06-17 05:31:47+02:00,90.8
2022-06-17 05:32:47+02:00,90.0
2022-06-17 05:33:47+02:00,50.0
2022-06-17 05:34:47+02:00,88.1
2022-06-17 05:35:47+02:00,50.0
2022-06-17 05:36:47+02:00,88.9
2022-06-17 05:37:48+02:00,91.6
2022-06-17 05:38:48+02:00,94.1
2022-06-17 05:39:48+02:00,95.8
2022-06-17 05:40:48+02:00,96.5
2022-06-17 05:41:48+02:00,50.0
2022-06-17 05:42:48+02:00,95.9
2022-06-17 05:43:48+02:00,95.2
2022-06-17 05:44:49+02:00,50.0
2022-06-17 05:45:49+02:00,95.5
2022-06-17 05:46:49+02:00,96.2
2022-06-17 05:47:49+02:00,50.0
2022-06-17 05:48:49+02:00,95.2
2022-06-17 05:49:49+02:00,50.0
2022-06-17 05:50:49+02:00,93.7
2022-06-17 05:51:49+02:00,92.1
2022-06-17 05:52:50+02:00,50.0
2022-06-17 05:53:50+02:00,91.7
2022-06-17 05:54:50+02:00,50.0
2022-06-17 05:55:50+02:00,92.6
2022-06-17 05:56:50+02:00,94.0
2022-06-17 05:57:50+02:00,50.0
2022-06-17 05:58:51+02:00,94.7
2022-06-17 05:59:51+02:00,95.0
2022-06-17 06:00:51+02:00,94.9
2022-06-17 06:01:51+02:00,95.2
2022-06-17 06:02:51+02:00,95.3
2022-06-17 06:03:51+02:00,95.2
2022-06-17 06:04:51+02:00,50.0
2022-06-17 06:05:51+02:00,94.5
2022-06-17 06:06:52+02:00,93.4
2022-06-17 06:07:52+02:00,93.4
2022-06-17 06:08:52+02:00,94.2
2022-06-17 06:09:52+02:00,94.6
2022-06-17 06:10:52+02:00,93.8
2022-06-17 06:11:52+02:00,93.7
2022-06-17 06:12:53+02:00,91.7
2022-06-17 06:13:53+02:00,90.9
2022-06-17 06:14:53+02:00,90.5
2022-06-17 06:15:53+02:00,86.1
2022-06-17 06:16:53+02:00,83.9
2022-06-17 06:17:53+02:00,85.7
2022-06-17 06:18:53+02:00,83.5
2022-06-17 06:19:53+02:00,50.0
2022-06-17 06:20:53+02:00,50.0
2022-06-17 06:21:53+02:00,50.0
2022-06-17 06:22:53+02:00,50.0
2022-06-17 06:23:54+02:00,50.0
2022-06-17 06:24:54+02:00,50.0
2022-06-17 06:25:54+02:00,83.7
2022-06-17 06:26:54+02:00,50.0
2022-06-17 06:27:54+02:00,50.0
2022-06-17 06:28:54+02:00,50.0
2022-06-17 06:29:54+02:00,50.0
2022-06-17 06:30:54+02:00,50.0
2022-06-17 06:31:54+02:00,50.0
2022-06-17 06:32:54+02:00,50.0
2022-06-17 06:33:55+02:00,50.0
2022-06-17 06:34:55+02:00,50.0
2022-06-17 06:35:55+02:00,50.0
2022-06-17 06:36:55+02:00,50.0
2022-06-17 06:37:55+02:00,50.0
2022-06-17 06:38:55+02:00,50.0
2022-06-17 06:39:55+02:00,50.0
2022-06-17 06:40:55+02:00,50.0
2022-06-17 06:41:55+02:00,50.0
2022-06-17 06:42:55+02:00,50.0
2022-06-17 06:43:56+02:00,50.0
2022-06-17 06:44:56+02:00,50.0
2022-06-17 06:45:56+02:00,50.0
2022-06-17 06:46:56+02:00,50.0
2022-06-17 06:47:56+02:00,50.0
2022-06-17 06:48:56+02:00,50.0
2022-06-17 06:49:56+02:00,50.0
2022-06-17 06:50:56+02:00,50.0
2022-06-17 06:51:56+02:00,50.0
2022-06-17 06:52:56+02:00,50.0
2022-06-17 06:53:57+02:00,50.0
2022-06-17 06:54:57+02:00,50.0
2022-06-17 06:55:57+02:00,50.0
2022-06-17 06:56:57+02:00,50.0
2022-06-17 06:57:57+02:00,50.0
2022-06-17 06:58:57+02:00,50.0
2022-06-17 06:59:57+02:00,50.0
2022-06-17 07:00:57+02:00,50.0
2022-06-17 07:01:57+02:00,50.0
2022-06-17 07:02:58+02:00,50.0
2022-06-17 07:03:58+02:00,50.0
2022-06-17 07:04:58+02:00,50.0
2022-06-17 07:05:58+02:00,50.0
2022-06-17 07:06:58+02:00,50.0
2022-06-17 07:07:58+02:00,50.0
2022-06-17 07:08:58+02:00,50.0
2022-06-17 07:09:58+02:00,50.0
2022-06-17 07:10:59+02:00,50.0
2022-06-17 07:11:59+02:00,50.0
2022-06-17 07:12:59+02:00,50.0
2022-06-17 07:13:59+02:00,50.0
2022-06-17 07:14:59+02:00,50.0
2022-06-17 07:15:59+02:00,50.0
2022-06-17 07:16:59+02:00,50.0
2022-06-17 07:18:00+02:00,50.0
2022-06-17 07:19:00+02:00,50.0
2022-06-17 07:20:00+02:00,50.0
2022-06-17 07:21:00+02:00,50.0
2022-06-17 07:22:00+02:00,50.0
2022-06-17 07:23:00+02:00,50.0
2022-06-17 07:24:00+02:00,50.0
2022-06-17 22:51:00+02:00,88.4
2022-06-17 22:52:00+02:00,88.2
2022-06-17 22:53:00+02:00,88.0
2022-06-17 22:54:00+02:00,87.7
2022-06-17 22:55:00+02:00,87.6
2022-06-17 22:56:00+02:00,87.5
2022-06-17 22:57:00+02:00,87.1
2022-06-17 22:58:00+02:00,87.6
2022-06-17 22:59:00+02:00,87.8
2022-06-17 23:00:00+02:00,87.9
2022-06-17 23:01:00+02:00,88.5
2022-06-17 23:02:00+02:00,89.3
2022-06-17 23:03:00+02:00,89.7
2022-06-17 23:04:01+02:00,89.7
2022-06-17 23:05:01+02:00,91.5
2022-06-17 23:06:01+02:00,92.8
2022-06-17 23:07:01+02:00,93.5
2022-06-17 23:08:01+02:00,94.1
2022-06-17 23:09:01+02:00,94.4
2022-06-17 23:10:01+02:00,50.0
2022-06-17 23:11:02+02:00,93.1
2022-06-17 23:12:02+02:00,91.9
2022-06-17 23:13:02+02:00,91.2
2022-06-17 23:14:02+02:00,90.7
2022-06-17 23:15:02+02:00,90.6
2022-06-17 23:16:02+02:00,90.9
2022-06-17 23:17:02+02:00,90.8
2022-06-17 23:18:02+02:00,90.9
2022-06-17 23:19:02+02:00,91.4
2022-06-17 23:20:03+02:00,91.4
2022-06-17 23:21:03+02:00,91.3
2022-06-17 23:22:04+02:00,91.3
2022-06-17 23:23:04+02:00,91.3
2022-06-17 23:24:04+02:00,91.5
2022-06-17 23:25:04+02:00,91.7
2022-06-17 23:26:04+02:00,91.4
2022-06-17 23:27:04+02:00,91.7
2022-06-17 23:28:04+02:00,91.7
2022-06-17 23:29:04+02:00,91.6
2022-06-17 23:30:05+02:00,91.2
2022-06-17 23:31:05+02:00,91.2
2022-06-17 23:32:05+02:00,91.0
2022-06-17 23:33:05+02:00,50.0
2022-06-17 23:34:05+02:00,91.4
2022-06-17 23:35:05+02:00,91.8
2022-06-17 23:36:06+02:00,92.1
2022-06-17 23:37:06+02:00,50.0
2022-06-17 23:38:06+02:00,92.5
2022-06-17 23:39:06+02:00,92.9
2022-06-17 23:40:06+02:00,93.2
2022-06-17 23:41:06+02:00,93.6
2022-06-17 23:42:06+02:00,94.0
2022-06-17 23:43:07+02:00,94.4
2022-06-17 23:44:07+02:00,94.7
2022-06-17 23:45:07+02:00,94.8
2022-06-17 23:46:07+02:00,95.1
2022-06-17 23:47:07+02:00,95.2
2022-06-17 23:48:07+02:00,95.3
2022-06-17 23:49:07+02:00,95.3
2022-06-17 23:50:08+02:00,95.3
2022-06-17 23:51:08+02:00,95.2
2022-06-17 23:52:08+02:00,95.1
2022-06-17 23:53:08+02:00,95.0
2022-06-17 23:54:08+02:00,50.0
2022-06-17 23:55:08+02:00,92.7
2022-06-17 23:56:09+02:00,90.6
2022-06-17 23:57:09+02:00,89.3
2022-06-17 23:58:09+02:00,88.5
2022-06-17 23:59:09+02:00,88.4
2022-06-18 00:00:09+02:00,88.3
2022-06-18 00:01:09+02:00,88.3
2022-06-18 00:02:09+02:00,88.2
2022-06-18 00:03:10+02:00,88.6
2022-06-18 00:04:10+02:00,50.0
2022-06-18 00:05:10+02:00,89.5
2022-06-18 00:06:10+02:00,89.9
2022-06-18 00:07:10+02:00,90.3
2022-06-18 00:08:10+02:00,90.3
2022-06-18 00:09:11+02:00,90.4
2022-06-18 00:10:11+02:00,90.4
2022-06-18 00:11:11+02:00,90.5
2022-06-18 00:12:11+02:00,90.6
2022-06-18 00:13:11+02:00,90.6
2022-06-18 00:14:11+02:00,90.6
2022-06-18 00:15:11+02:00,50.0
2022-06-18 00:16:12+02:00,89.6
2022-06-18 00:17:12+02:00,50.0
2022-06-18 00:18:12+02:00,89.7
2022-06-18 00:19:12+02:00,90.2
2022-06-18 00:20:12+02:00,90.5
2022-06-18 00:21:12+02:00,90.6
2022-06-18 00:22:12+02:00,90.8
2022-06-18 00:23:13+02:00,90.8
2022-06-18 00:24:13+02:00,91.1
2022-06-18 00:25:13+02:00,50.0
2022-06-18 00:26:13+02:00,50.0
2022-06-18 00:27:13+02:00,91.6
2022-06-18 00:28:13+02:00,89.4
2022-06-18 00:29:14+02:00,50.0
2022-06-18 00:30:14+02:00,88.7
2022-06-18 00:31:14+02:00,88.3
2022-06-18 00:32:14+02:00,89.4
2022-06-18 00:33:14+02:00,89.4
2022-06-18 00:34:14+02:00,89.6
2022-06-18 00:35:14+02:00,89.7
2022-06-18 00:36:15+02:00,89.3
2022-06-18 00:37:15+02:00,89.2
2022-06-18 00:38:15+02:00,89.1
2022-06-18 00:39:15+02:00,89.4
2022-06-18 00:40:15+02:00,89.7
2022-06-18 00:41:15+02:00,89.7
2022-06-18 00:42:15+02:00,89.7
2022-06-18 00:43:16+02:00,89.9
2022-06-18 00:44:16+02:00,89.8
2022-06-18 00:45:16+02:00,90.2
2022-06-18 00:46:16+02:00,90.2
2022-06-18 00:47:16+02:00,90.0
2022-06-18 00:48:16+02:00,89.1
2022-06-18 00:49:16+02:00,89.1
2022-06-18 00:50:17+02:00,89.3
2022-06-18 00:51:17+02:00,89.7
2022-06-18 00:52:17+02:00,89.9
2022-06-18 00:53:17+02:00,89.9
2022-06-18 00:54:17+02:00,89.9
2022-06-18 00:55:17+02:00,89.6
2022-06-18 00:56:18+02:00,89.5
2022-06-18 00:57:18+02:00,89.4
2022-06-18 00:58:18+02:00,89.4
2022-06-18 00:59:18+02:00,89.2
2022-06-18 01:00:18+02:00,89.0
2022-06-18 01:01:18+02:00,88.8
2022-06-18 01:02:18+02:00,88.9
2022-06-18 01:03:19+02:00,88.6
2022-06-18 01:04:19+02:00,88.2
2022-06-18 01:05:19+02:00,88.2
2022-06-18 01:06:19+02:00,86.5
2022-06-18 01:07:19+02:00,85.0
2022-06-18 01:08:19+02:00,84.3
2022-06-18 01:09:20+02:00,83.2
2022-06-18 01:10:20+02:00,86.4
2022-06-18 01:11:20+02:00,87.0
2022-06-18 01:12:20+02:00,87.5
2022-06-18 01:13:20+02:00,87.9
2022-06-18 01:14:20+02:00,89.0
2022-06-18 01:15:20+02:00,89.2
2022-06-18 01:16:21+02:00,88.8
2022-06-18 01:17:21+02:00,88.7
2022-06-18 01:18:21+02:00,88.2
2022-06-18 01:19:21+02:00,88.3
2022-06-18 01:20:21+02:00,87.9
2022-06-18 01:21:21+02:00,88.4
2022-06-18 01:22:21+02:00,88.2
2022-06-18 01:23:22+02:00,89.0
2022-06-18 01:24:22+02:00,88.4
2022-06-18 01:25:22+02:00,88.5
2022-06-18 01:26:22+02:00,88.6
2022-06-18 01:27:22+02:00,88.8
2022-06-18 01:28:22+02:00,88.9
2022-06-18 01:29:23+02:00,89.3
2022-06-18 01:30:23+02:00,89.6
2022-06-18 01:31:23+02:00,89.6
2022-06-18 01:32:23+02:00,89.9
2022-06-18 01:33:23+02:00,50.0
2022-06-18 01:34:23+02:00,91.0
2022-06-18 01:35:23+02:00,91.0
2022-06-18 01:36:24+02:00,50.0
2022-06-18 01:37:24+02:00,91.7
2022-06-18 01:38:24+02:00,91.8
2022-06-18 01:39:24+02:00,91.9
2022-06-18 01:40:24+02:00,91.9
2022-06-18 01:41:24+02:00,91.9
2022-06-18 01:42:24+02:00,92.1
2022-06-18 01:43:25+02:00,92.0
2022-06-18 01:44:25+02:00,91.6
2022-06-18 01:45:25+02:00,90.9
2022-06-18 01:46:25+02:00,90.9
2022-06-18 01:47:25+02:00,91.3
2022-06-18 01:48:25+02:00,91.4
2022-06-18 01:49:26+02:00,91.7
2022-06-18 01:50:26+02:00,92.0
2022-06-18 01:51:26+02:00,92.2
2022-06-18 01:52:26+02:00,92.1
2022-06-18 01:53:26+02:00,92.0
2022-06-18 01:54:26+02:00,92.0
2022-06-18 01:55:27+02:00,91.8
2022-06-18 01:56:27+02:00,92.0
2022-06-18 01:57:27+02:00,92.0
2022-06-18 01:58:27+02:00,91.9
2022-06-18 01:59:27+02:00,91.8
2022-06-18 02:00:27+02:00,50.0
2022-06-18 02:00:27+02:00,50.0
2022-06-18 02:01:27+02:00,92.0
2022-06-18 02:02:27+02:00,92.5
2022-06-18 02:03:28+02:00,92.9
2022-06-18 02:04:28+02:00,93.4
2022-06-18 02:05:28+02:00,93.1
2022-06-18 02:06:28+02:00,93.8
2022-06-18 02:07:28+02:00,50.0
2022-06-18 02:08:28+02:00,94.1
2022-06-18 02:09:29+02:00,93.2
2022-06-18 02:10:29+02:00,50.0
2022-06-18 02:11:29+02:00,92.3
2022-06-18 02:12:29+02:00,91.6
2022-06-18 02:13:29+02:00,50.0
2022-06-18 02:14:29+02:00,91.1
2022-06-18 02:15:29+02:00,50.0
2022-06-18 02:16:30+02:00,91.2
2022-06-18 02:17:30+02:00,91.2
2022-06-18 02:18:30+02:00,91.4
2022-06-18 02:19:30+02:00,91.4
2022-06-18 02:20:30+02:00,91.3
2022-06-18 02:21:30+02:00,91.2
2022-06-18 02:22:30+02:00,50.0
2022-06-18 02:23:31+02:00,91.5
2022-06-18 02:24:31+02:00,91.9
2022-06-18 02:25:31+02:00,92.2
2022-06-18 02:26:31+02:00,92.4
2022-06-18 02:27:31+02:00,92.5
2022-06-18 02:28:31+02:00,92.2
2022-06-18 02:29:31+02:00,92.2
2022-06-18 02:30:32+02:00,92.3
2022-06-18 02:31:32+02:00,50.0
2022-06-18 02:32:32+02:00,91.7
2022-06-18 02:33:32+02:00,91.7
2022-06-18 02:34:32+02:00,91.8
2022-06-18 02:35:32+02:00,91.6
2022-06-18 02:36:33+02:00,50.0
2022-06-18 02:37:33+02:00,91.7
2022-06-18 02:38:33+02:00,91.7
2022-06-18 02:39:33+02:00,91.5
2022-06-18 02:40:33+02:00,91.3
2022-06-18 02:41:33+02:00,91.2
2022-06-18 02:42:33+02:00,91.6
2022-06-18 02:43:34+02:00,91.3
2022-06-18 02:44:34+02:00,91.1
2022-06-18 02:45:34+02:00,91.0
2022-06-18 02:46:34+02:00,91.0
2022-06-18 02:47:34+02:00,91.1
2022-06-18 02:48:34+02:00,91.0
2022-06-18 02:49:34+02:00,50.0
2022-06-18 02:50:35+02:00,50.0
2022-06-18 02:51:35+02:00,91.0
2022-06-18 02:52:35+02:00,90.9
2022-06-18 02:53:35+02:00,91.0
2022-06-18 02:54:35+02:00,91.0
2022-06-18 02:55:35+02:00,90.8
2022-06-18 02:56:36+02:00,90.8
2022-06-18 02:57:36+02:00,90.8
2022-06-18 02:58:36+02:00,90.7
2022-06-18 02:59:36+02:00,90.8
2022-06-18 03:00:36+02:00,90.7
2022-06-18 03:01:36+02:00,90.6
2022-06-18 03:02:37+02:00,90.6
2022-06-18 03:03:37+02:00,90.6
2022-06-18 03:04:37+02:00,90.6
2022-06-18 03:05:37+02:00,90.6
2022-06-18 03:06:37+02:00,90.7
2022-06-18 03:07:37+02:00,90.7
2022-06-18 03:08:38+02:00,90.8
2022-06-18 03:09:38+02:00,50.0
2022-06-18 03:10:38+02:00,90.2
2022-06-18 03:11:38+02:00,89.3
2022-06-18 03:12:38+02:00,89.4
2022-06-18 03:13:38+02:00,90.1
2022-06-18 03:14:38+02:00,90.5
2022-06-18 03:15:39+02:00,90.7
2022-06-18 03:16:39+02:00,90.7
2022-06-18 03:17:39+02:00,90.7
2022-06-18 03:18:39+02:00,90.7
2022-06-18 03:19:39+02:00,90.7
2022-06-18 03:20:39+02:00,90.4
2022-06-18 03:21:39+02:00,90.2
2022-06-18 03:22:40+02:00,90.0
2022-06-18 03:23:40+02:00,89.9
2022-06-18 03:24:40+02:00,90.0
2022-06-18 03:25:40+02:00,90.0
2022-06-18 03:26:40+02:00,89.9
2022-06-18 03:27:40+02:00,89.7
2022-06-18 03:28:41+02:00,89.6
2022-06-18 03:29:41+02:00,89.4
2022-06-18 03:30:41+02:00,89.5
2022-06-18 03:31:41+02:00,89.4
2022-06-18 03:32:41+02:00,88.9
2022-06-18 03:33:41+02:00,88.6
2022-06-18 03:34:41+02:00,88.3
2022-06-18 03:35:42+02:00,88.4
2022-06-18 03:36:42+02:00,88.3
2022-06-18 03:37:42+02:00,88.4
2022-06-18 03:38:42+02:00,88.3
2022-06-18 03:39:42+02:00,87.9
2022-06-18 03:40:42+02:00,87.9
2022-06-18 03:41:42+02:00,88.0
2022-06-18 03:42:43+02:00,88.4
2022-06-18 03:43:43+02:00,88.3
2022-06-18 03:44:43+02:00,88.0
2022-06-18 03:45:43+02:00,88.0
2022-06-18 03:46:43+02:00,88.2
2022-06-18 03:47:43+02:00,88.2
2022-06-18 03:48:43+02:00,50.0
2022-06-18 03:49:44+02:00,87.9
2022-06-18 03:50:44+02:00,87.6
2022-06-18 03:51:44+02:00,86.4
2022-06-18 03:52:44+02:00,86.0
2022-06-18 03:53:44+02:00,85.9
2022-06-18 03:54:44+02:00,85.4
2022-06-18 03:55:45+02:00,85.2
2022-06-18 03:56:45+02:00,84.8
2022-06-18 03:57:45+02:00,84.4
2022-06-18 03:58:45+02:00,83.6
2022-06-18 03:59:45+02:00,50.0
2022-06-18 04:00:45+02:00,83.9
2022-06-18 04:01:45+02:00,50.0
2022-06-18 04:02:46+02:00,85.3
2022-06-18 04:03:46+02:00,50.0
2022-06-18 04:04:46+02:00,50.0
2022-06-18 04:05:46+02:00,50.0
2022-06-18 04:06:46+02:00,85.3
2022-06-18 04:07:46+02:00,87.8
2022-06-18 04:08:46+02:00,50.0
2022-06-18 04:09:47+02:00,89.5
2022-06-18 04:10:47+02:00,90.5
2022-06-18 04:11:47+02:00,91.4
2022-06-18 04:12:47+02:00,91.6
2022-06-18 04:13:47+02:00,91.7
2022-06-18 04:14:47+02:00,91.5
2022-06-18 04:15:48+02:00,50.0
2022-06-18 04:16:48+02:00,89.9
2022-06-18 04:17:48+02:00,88.1
2022-06-18 04:18:48+02:00,87.6
2022-06-18 04:19:48+02:00,50.0
2022-06-18 04:20:48+02:00,88.2
2022-06-18 04:21:48+02:00,91.8
2022-06-18 04:22:48+02:00,94.1
2022-06-18 04:23:49+02:00,95.6
2022-06-18 04:24:49+02:00,96.8
2022-06-18 04:25:49+02:00,50.0
2022-06-18 04:26:49+02:00,95.3
2022-06-18 04:27:49+02:00,50.0
2022-06-18 04:28:49+02:00,91.5
2022-06-18 04:29:50+02:00,92.4
2022-06-18 04:30:50+02:00,50.0
2022-06-18 04:31:50+02:00,92.8
2022-06-18 04:32:50+02:00,92.8
2022-06-18 04:33:50+02:00,50.0
2022-06-18 04:34:50+02:00,92.9
2022-06-18 04:35:51+02:00,92.6
2022-06-18 04:36:51+02:00,50.0
2022-06-18 04:37:51+02:00,92.1
2022-06-18 04:38:51+02:00,50.0
2022-06-18 04:39:51+02:00,91.5
2022-06-18 04:40:51+02:00,91.8
2022-06-18 04:41:51+02:00,50.0
2022-06-18 04:42:51+02:00,91.4
2022-06-18 04:43:52+02:00,89.7
2022-06-18 04:44:52+02:00,88.7
2022-06-18 04:45:52+02:00,89.1
2022-06-18 04:46:52+02:00,88.9
2022-06-18 04:47:52+02:00,89.0
2022-06-18 04:48:52+02:00,89.3
2022-06-18 04:49:52+02:00,88.5
2022-06-18 04:50:53+02:00,88.3
2022-06-18 04:51:53+02:00,88.6
2022-06-18 04:52:53+02:00,50.0
2022-06-18 04:53:53+02:00,88.8
2022-06-18 04:54:53+02:00,89.0
2022-06-18 04:55:53+02:00,50.0
2022-06-18 04:56:53+02:00,90.1
2022-06-18 04:57:53+02:00,91.3
2022-06-18 04:58:53+02:00,92.0
2022-06-18 04:59:53+02:00,92.5
2022-06-18 05:00:54+02:00,92.7
2022-06-18 05:01:54+02:00,92.5
2022-06-18 05:02:54+02:00,50.0
2022-06-18 05:03:54+02:00,92.9
2022-06-18 05:04:54+02:00,93.8
2022-06-18 05:05:54+02:00,94.4
2022-06-18 05:06:54+02:00,94.8
2022-06-18 05:07:54+02:00,94.8
2022-06-18 05:08:54+02:00,94.9
2022-06-18 05:09:55+02:00,94.8
2022-06-18 05:10:55+02:00,94.9
2022-06-18 05:11:55+02:00,95.0
2022-06-18 05:12:55+02:00,94.9
2022-06-18 05:13:55+02:00,94.9
2022-06-18 05:14:55+02:00,94.8
2022-06-18 05:15:55+02:00,94.7
2022-06-18 05:16:55+02:00,94.7
2022-06-18 05:17:55+02:00,94.6
2022-06-18 05:18:56+02:00,94.6
2022-06-18 05:19:56+02:00,94.6
2022-06-18 05:20:56+02:00,50.0
2022-06-18 05:21:56+02:00,93.4
2022-06-18 05:22:56+02:00,91.6
2022-06-18 05:23:56+02:00,90.7
2022-06-18 05:24:56+02:00,90.1
2022-06-18 05:25:56+02:00,90.4
2022-06-18 05:26:56+02:00,90.7
2022-06-18 05:27:57+02:00,90.8
2022-06-18 05:28:57+02:00,91.0
2022-06-18 05:29:57+02:00,90.4
2022-06-18 05:30:57+02:00,90.7
2022-06-18 05:31:57+02:00,90.6
2022-06-18 05:32:57+02:00,90.7
2022-06-18 05:33:57+02:00,90.6
2022-06-18 05:34:57+02:00,90.7
2022-06-18 05:35:58+02:00,90.7
2022-06-18 05:36:58+02:00,90.6
2022-06-18 05:37:58+02:00,90.7
2022-06-18 05:38:58+02:00,90.8
2022-06-18 05:39:58+02:00,90.6
2022-06-18 05:40:58+02:00,90.4
2022-06-18 05:41:58+02:00,90.1
2022-06-18 05:42:58+02:00,89.5
2022-06-18 05:43:58+02:00,88.7
2022-06-18 05:44:59+02:00,50.0
2022-06-18 05:45:59+02:00,88.1
2022-06-18 05:46:59+02:00,88.9
2022-06-18 05:47:59+02:00,50.0
2022-06-18 05:48:59+02:00,87.5
2022-06-18 05:49:59+02:00,87.2
2022-06-18 05:50:59+02:00,88.1
2022-06-18 05:52:00+02:00,88.3
2022-06-18 05:53:00+02:00,88.0
2022-06-18 05:54:00+02:00,87.8
2022-06-18 05:55:00+02:00,87.6
2022-06-18 05:56:00+02:00,87.2
2022-06-18 05:57:00+02:00,86.7
2022-06-18 05:58:01+02:00,87.8
2022-06-18 05:59:01+02:00,88.1
2022-06-18 06:00:01+02:00,87.7
2022-06-18 06:01:01+02:00,86.6
2022-06-18 06:02:01+02:00,87.2
2022-06-18 06:03:01+02:00,87.3
2022-06-18 06:04:01+02:00,87.4
2022-06-18 06:05:01+02:00,87.5
2022-06-18 06:06:02+02:00,87.4
2022-06-18 06:07:02+02:00,50.0
2022-06-18 06:08:02+02:00,88.7
2022-06-18 06:09:02+02:00,90.1
2022-06-18 06:10:02+02:00,50.0
2022-06-18 06:11:02+02:00,91.3
2022-06-18 06:12:02+02:00,92.1
2022-06-18 06:13:03+02:00,93.0
2022-06-18 06:14:03+02:00,93.9
2022-06-18 06:15:03+02:00,93.2
2022-06-18 06:16:03+02:00,93.6
2022-06-18 06:17:03+02:00,92.7
2022-06-18 06:18:03+02:00,93.0
2022-06-18 06:19:03+02:00,93.0
2022-06-18 06:20:03+02:00,93.6
2022-06-18 06:21:03+02:00,94.1
2022-06-18 06:22:04+02:00,94.6
2022-06-18 06:23:04+02:00,95.7
2022-06-18 06:24:04+02:00,93.7
2022-06-18 06:25:04+02:00,92.1
2022-06-18 06:26:04+02:00,92.3
2022-06-18 06:27:04+02:00,92.0
2022-06-18 06:28:05+02:00,91.1
2022-06-18 06:29:05+02:00,90.9
2022-06-18 06:30:05+02:00,91.8
2022-06-18 06:31:05+02:00,92.1
2022-06-18 06:32:05+02:00,91.8
2022-06-18 06:33:05+02:00,92.1
2022-06-18 06:34:05+02:00,91.4
2022-06-18 06:35:05+02:00,91.4
2022-06-18 06:36:06+02:00,90.7
2022-06-18 06:37:06+02:00,91.3
2022-06-18 06:38:06+02:00,91.8
2022-06-18 06:39:06+02:00,91.9
2022-06-18 06:40:06+02:00,91.4
2022-06-18 06:41:06+02:00,88.5
2022-06-18 06:42:07+02:00,50.0
2022-06-18 06:43:07+02:00,50.0
2022-06-18 06:44:07+02:00,88.7
2022-06-18 06:45:07+02:00,89.7
2022-06-18 06:46:07+02:00,90.2
2022-06-18 06:47:07+02:00,90.4
2022-06-18 06:48:07+02:00,90.8
2022-06-18 06:49:07+02:00,91.1
2022-06-18 06:50:08+02:00,91.4
2022-06-18 06:51:08+02:00,91.6
2022-06-18 06:52:08+02:00,50.0
2022-06-18 06:53:08+02:00,92.0
2022-06-18 06:54:08+02:00,92.3
2022-06-18 06:55:08+02:00,92.5
2022-06-18 06:56:09+02:00,92.6
2022-06-18 06:57:09+02:00,92.7
2022-06-18 06:58:09+02:00,92.7
2022-06-18 06:59:09+02:00,92.5
2022-06-18 07:00:09+02:00,92.3
2022-06-18 07:01:09+02:00,50.0
2022-06-18 07:02:09+02:00,92.0
2022-06-18 07:03:10+02:00,91.9
2022-06-18 07:04:10+02:00,50.0
2022-06-18 07:05:10+02:00,92.7
2022-06-18 07:06:10+02:00,93.5
2022-06-18 07:07:10+02:00,93.6
2022-06-18 07:08:10+02:00,93.9
2022-06-18 07:09:11+02:00,93.8
2022-06-18 07:10:11+02:00,93.4
2022-06-18 07:11:11+02:00,50.0
2022-06-18 07:12:11+02:00,93.2
2022-06-18 07:13:11+02:00,92.9
2022-06-18 07:14:11+02:00,92.8
2022-06-18 07:15:12+02:00,93.1
2022-06-18 07:16:12+02:00,93.0
2022-06-18 07:17:12+02:00,93.5
2022-06-18 07:18:12+02:00,93.6
2022-06-18 07:19:12+02:00,93.5
2022-06-18 07:20:12+02:00,93.9
2022-06-18 07:21:12+02:00,93.7
2022-06-18 07:22:13+02:00,93.5
2022-06-18 07:23:13+02:00,93.5
2022-06-18 07:24:13+02:00,93.5
2022-06-18 07:25:13+02:00,93.7
2022-06-18 07:26:13+02:00,93.5
2022-06-18 07:27:13+02:00,93.6
2022-06-18 07:28:14+02:00,93.6
2022-06-18 07:29:14+02:00,93.5
2022-06-18 07:30:14+02:00,93.4
2022-06-18 07:31:14+02:00,93.4
2022-06-18 07:32:14+02:00,93.5
2022-06-18 07:33:14+02:00,50.0
2022-06-18 07:34:15+02:00,93.3
2022-06-18 07:35:15+02:00,92.4
2022-06-18 07:36:15+02:00,92.1
2022-06-18 07:37:15+02:00,91.7
2022-06-18 07:38:15+02:00,91.0
2022-06-18 07:39:15+02:00,90.8
2022-06-18 07:40:15+02:00,90.4
2022-06-18 07:41:16+02:00,89.9
2022-06-18 07:42:16+02:00,88.9
2022-06-18 07:43:16+02:00,88.5
2022-06-18 07:44:16+02:00,88.4
2022-06-18 07:45:16+02:00,88.0
2022-06-18 07:46:16+02:00,87.6
2022-06-18 07:47:16+02:00,87.4
2022-06-18 07:48:17+02:00,87.2
2022-06-18 07:49:17+02:00,87.1
2022-06-18 07:50:17+02:00,86.9
2022-06-18 07:51:17+02:00,86.7
2022-06-18 07:52:17+02:00,88.2
2022-06-18 07:53:17+02:00,88.6
2022-06-18 07:54:18+02:00,50.0
2022-06-18 07:55:18+02:00,50.0
2022-06-18 07:56:18+02:00,89.9
2022-06-18 07:57:18+02:00,89.4
2022-06-18 07:58:18+02:00,50.0
2022-06-18 07:59:18+02:00,50.0
2022-06-18 08:00:18+02:00,50.0
2022-06-18 08:01:19+02:00,50.0
2022-06-18 08:02:19+02:00,50.0
2022-06-18 08:03:19+02:00,50.0
2022-06-18 08:04:19+02:00,50.0
2022-06-18 08:05:19+02:00,90.9
2022-06-18 08:06:19+02:00,50.0
2022-06-18 08:07:19+02:00,50.0
2022-06-18 08:08:19+02:00,50.0
2022-06-18 08:09:19+02:00,50.0
2022-06-18 08:10:20+02:00,50.0
2022-06-18 08:11:20+02:00,50.0
2022-06-18 08:12:20+02:00,50.0
2022-06-18 08:13:20+02:00,50.0
2022-06-18 08:14:20+02:00,50.0
2022-06-18 08:15:20+02:00,91.4
2022-06-18 08:16:20+02:00,50.0
2022-06-18 08:17:21+02:00,50.0
2022-06-18 08:18:21+02:00,50.0
2022-06-18 08:19:21+02:00,50.0
2022-06-18 08:20:21+02:00,50.0
2022-06-18 08:21:21+02:00,50.0
2022-06-18 08:22:21+02:00,50.0
2022-06-18 08:23:21+02:00,50.0
2022-06-18 08:24:22+02:00,50.0
2022-06-18 08:25:22+02:00,50.0
2022-06-18 08:26:22+02:00,86.5
2022-06-18 08:27:22+02:00,50.0
2022-06-18 08:28:22+02:00,50.0
2022-06-18 08:29:22+02:00,84.4
2022-06-18 08:30:23+02:00,50.0
2022-06-18 08:31:23+02:00,50.0
2022-06-18 08:32:23+02:00,50.0
2022-06-18 08:33:23+02:00,83.2
2022-06-18 08:34:23+02:00,50.0
2022-06-18 08:35:23+02:00,50.0
2022-06-18 14:23:00+02:00,80.0
2022-06-18 14:24:00+02:00,79.3
2022-06-18 14:25:00+02:00,78.7
2022-06-18 14:26:00+02:00,78.3
2022-06-18 14:27:00+02:00,78.0
2022-06-18 14:28:00+02:00,77.9
2022-06-18 14:29:00+02:00,77.9
2022-06-18 14:30:00+02:00,77.8
2022-06-18 14:31:00+02:00,78.1
2022-06-18 14:32:00+02:00,77.9
2022-06-18 14:33:00+02:00,78.0
2022-06-18 14:34:00+02:00,77.9
2022-06-18 14:35:01+02:00,78.0
2022-06-18 14:36:01+02:00,78.0
2022-06-18 14:37:01+02:00,78.0
2022-06-18 14:38:01+02:00,77.9
2022-06-18 14:39:01+02:00,78.1
2022-06-18 14:40:01+02:00,78.5
2022-06-18 14:41:02+02:00,78.4
2022-06-18 14:42:02+02:00,78.2
2022-06-18 14:43:02+02:00,77.9
2022-06-18 14:44:02+02:00,77.2
2022-06-18 14:45:02+02:00,77.2
2022-06-18 14:46:02+02:00,77.3
2022-06-18 14:47:02+02:00,79.1
2022-06-18 14:48:02+02:00,78.4
2022-06-18 14:49:03+02:00,78.3
2022-06-18 14:50:03+02:00,78.1
2022-06-18 14:51:03+02:00,78.3
2022-06-18 14:52:03+02:00,77.8
2022-06-18 14:53:03+02:00,78.0
2022-06-18 14:54:03+02:00,77.8
2022-06-18 14:55:04+02:00,77.8
2022-06-18 14:56:04+02:00,77.8
2022-06-18 14:57:04+02:00,78.3
2022-06-18 14:58:04+02:00,78.0
2022-06-18 14:59:04+02:00,77.6
2022-06-18 15:00:04+02:00,77.6
2022-06-18 15:01:04+02:00,77.5
2022-06-18 15:02:04+02:00,77.5
2022-06-18 15:03:04+02:00,77.4
2022-06-18 15:04:05+02:00,77.5
2022-06-18 15:05:05+02:00,77.6
2022-06-18 15:06:05+02:00,77.7
2022-06-18 15:07:05+02:00,77.5
2022-06-18 15:08:05+02:00,77.4
2022-06-18 15:09:06+02:00,77.5
2022-06-18 15:10:06+02:00,77.4
2022-06-18 15:11:06+02:00,77.6
2022-06-18 15:12:06+02:00,77.7
2022-06-18 15:13:06+02:00,78.0
2022-06-18 15:14:06+02:00,78.3
2022-06-18 15:15:06+02:00,78.3
2022-06-18 15:16:07+02:00,78.7
2022-06-18 15:17:07+02:00,78.9
2022-06-18 15:18:07+02:00,78.6
2022-06-18 15:19:07+02:00,78.1
2022-06-18 15:20:07+02:00,77.9
2022-06-18 15:21:07+02:00,77.9
2022-06-18 15:22:08+02:00,77.9
2022-06-18 15:23:08+02:00,78.4
2022-06-18 15:24:08+02:00,77.8
2022-06-18 15:25:08+02:00,77.9
2022-06-18 15:26:08+02:00,78.2
2022-06-18 15:27:08+02:00,78.4
2022-06-18 15:28:08+02:00,78.3
2022-06-18 15:29:09+02:00,78.2
2022-06-18 15:30:09+02:00,78.2
2022-06-18 15:31:09+02:00,77.9
2022-06-18 15:32:09+02:00,78.0
2022-06-18 15:33:09+02:00,78.0
2022-06-18 15:34:09+02:00,78.1
2022-06-18 15:35:09+02:00,78.0
2022-06-18 15:36:10+02:00,50.0
2022-06-18 15:37:10+02:00,50.0
2022-06-18 15:38:10+02:00,50.0
2022-06-18 15:39:10+02:00,77.9
2022-06-18 15:40:10+02:00,50.0
2022-06-18 15:41:10+02:00,79.2
2022-06-18 15:42:11+02:00,50.0
2022-06-18 15:43:11+02:00,50.0
2022-06-18 15:44:11+02:00,82.1
2022-06-18 15:45:11+02:00,86.8
2022-06-18 15:46:11+02:00,90.5
2022-06-18 15:47:11+02:00,93.1
2022-06-18 15:48:11+02:00,94.5
2022-06-18 15:49:11+02:00,96.5
2022-06-18 15:50:12+02:00,50.0
2022-06-18 15:51:12+02:00,50.0
2022-06-18 15:52:12+02:00,96.2
2022-06-18 15:53:12+02:00,50.0
2022-06-18 15:54:12+02:00,95.9
2022-06-18 15:55:12+02:00,94.1
2022-06-18 15:56:12+02:00,93.2
2022-06-18 15:57:13+02:00,50.0
2022-06-18 15:58:13+02:00,50.0
2022-06-18 15:59:13+02:00,93.7
2022-06-18 16:00:13+02:00,50.0
2022-06-18 16:01:13+02:00,50.0
2022-06-18 16:02:13+02:00,94.2
2022-06-18 16:03:13+02:00,94.4
2022-06-18 16:04:14+02:00,93.3
2022-06-18 16:05:14+02:00,50.0
2022-06-18 16:06:14+02:00,50.0
2022-06-18 16:07:14+02:00,92.5
2022-06-18 16:08:14+02:00,92.1
2022-06-18 16:09:14+02:00,91.5
2022-06-18 16:10:14+02:00,91.5
2022-06-18 16:11:15+02:00,50.0
2022-06-18 16:12:15+02:00,50.0
2022-06-18 16:13:15+02:00,50.0
2022-06-18 16:14:15+02:00,50.0
2022-06-18 16:15:15+02:00,92.4
2022-06-18 16:16:15+02:00,94.8
2022-06-18 16:17:15+02:00,96.6
2022-06-18 16:18:16+02:00,97.3
2022-06-18 16:19:16+02:00,50.0
2022-06-18 16:20:16+02:00,50.0
2022-06-18 16:21:16+02:00,50.0
2022-06-18 16:22:16+02:00,96.8
2022-06-18 16:23:16+02:00,94.5
2022-06-18 16:24:16+02:00,92.6
2022-06-18 16:25:17+02:00,91.4
2022-06-18 16:26:17+02:00,50.0
2022-06-18 16:27:17+02:00,89.5
2022-06-18 16:28:17+02:00,86.8
2022-06-18 16:29:17+02:00,50.0
2022-06-18 16:30:17+02:00,50.0
2022-06-18 16:31:17+02:00,87.8
2022-06-18 16:32:18+02:00,50.0
2022-06-18 16:33:18+02:00,50.0
2022-06-18 16:34:18+02:00,50.0
2022-06-18 16:35:18+02:00,50.0
2022-06-18 16:36:18+02:00,50.0
2022-06-18 16:37:18+02:00,50.0
2022-06-18 16:38:18+02:00,50.0
2022-06-18 16:39:19+02:00,50.0
2022-06-18 16:40:19+02:00,50.0
2022-06-18 16:41:19+02:00,50.0
2022-06-18 16:42:19+02:00,89.3
2022-06-18 16:43:19+02:00,89.7
2022-06-18 16:44:19+02:00,90.4
2022-06-18 16:45:20+02:00,91.0
2022-06-18 16:46:20+02:00,91.5
2022-06-18 16:47:20+02:00,91.9
2022-06-18 16:48:20+02:00,92.0
2022-06-18 16:49:20+02:00,92.2
2022-06-18 16:50:20+02:00,92.3
2022-06-18 16:51:20+02:00,92.2
2022-06-18 16:52:21+02:00,91.8
2022-06-18 16:53:21+02:00,90.9
2022-06-18 16:54:21+02:00,90.0
2022-06-18 16:55:21+02:00,90.5
2022-06-18 16:56:21+02:00,90.1
2022-06-18 16:57:21+02:00,89.4
2022-06-18 16:58:22+02:00,88.3
2022-06-18 16:59:22+02:00,87.6
2022-06-18 17:00:22+02:00,87.6
2022-06-18 17:01:22+02:00,87.7
2022-06-18 17:02:22+02:00,88.0
2022-06-18 17:03:22+02:00,88.4
2022-06-18 17:04:22+02:00,89.0
2022-06-18 17:05:23+02:00,89.1
2022-06-18 17:06:23+02:00,89.0
2022-06-18 17:07:23+02:00,89.1
2022-06-18 17:08:23+02:00,90.9
2022-06-18 17:09:23+02:00,50.0
2022-06-18 17:10:23+02:00,92.2
2022-06-18 17:11:24+02:00,92.5
2022-06-18 17:12:24+02:00,92.3
2022-06-18 17:13:24+02:00,92.5
2022-06-18 17:14:24+02:00,92.5
2022-06-18 17:15:24+02:00,92.3
2022-06-18 17:16:24+02:00,92.2
2022-06-18 17:17:24+02:00,92.2
2022-06-18 17:18:25+02:00,92.1
2022-06-18 17:19:25+02:00,92.0
2022-06-18 17:20:25+02:00,91.7
2022-06-18 17:21:25+02:00,50.0
2022-06-18 17:22:25+02:00,93.6
2022-06-18 17:23:25+02:00,96.0
2022-06-18 17:24:25+02:00,97.7
2022-06-18 17:25:26+02:00,98.7
2022-06-18 17:26:26+02:00,99.1
2022-06-18 17:27:26+02:00,99.6
2022-06-18 17:28:26+02:00,100.0
2022-06-18 17:29:26+02:00,100.0
2022-06-18 17:30:26+02:00,100.0
2022-06-18 17:31:26+02:00,100.0
2022-06-18 17:32:27+02:00,100.0
2022-06-18 17:33:27+02:00,100.0
2022-06-18 17:34:27+02:00,100.0
2022-06-18 17:35:27+02:00,100.0
2022-06-18 17:36:27+02:00,99.7
2022-06-18 17:37:27+02:00,99.6
2022-06-18 17:38:27+02:00,99.6
2022-06-18 17:39:28+02:00,99.4
2022-06-18 17:40:28+02:00,50.0
2022-06-18 17:41:28+02:00,50.0
2022-06-18 17:42:28+02:00,50.0
2022-06-18 17:43:28+02:00,50.0
2022-06-18 17:44:28+02:00,50.0
2022-06-18 17:45:29+02:00,50.0
2022-06-18 17:46:29+02:00,50.0
2022-06-18 17:47:29+02:00,50.0
2022-06-18 17:48:29+02:00,50.0
2022-06-18 17:49:29+02:00,50.0
2022-06-18 17:50:29+02:00,50.0
2022-06-18 17:51:29+02:00,95.8
2022-06-18 17:52:30+02:00,50.0
2022-06-18 17:53:30+02:00,94.0
2022-06-18 17:54:30+02:00,50.0
2022-06-18 17:55:30+02:00,50.0
2022-06-18 17:56:30+02:00,50.0
2022-06-18 17:57:30+02:00,50.0
2022-06-18 17:58:30+02:00,92.2
2022-06-18 17:59:31+02:00,88.7
2022-06-18 18:00:31+02:00,50.0
2022-06-18 18:01:31+02:00,50.0
2022-06-18 18:02:31+02:00,50.0
2022-06-18 18:03:31+02:00,50.0
2022-06-18 18:04:31+02:00,50.0
2022-06-18 18:05:31+02:00,50.0
2022-06-18 18:06:32+02:00,50.0
2022-06-18 18:07:32+02:00,50.0
2022-06-18 18:08:32+02:00,50.0
2022-06-18 18:09:32+02:00,50.0
2022-06-18 18:10:32+02:00,50.0
2022-06-18 18:11:32+02:00,50.0
2022-06-18 18:12:33+02:00,50.0
2022-06-18 18:13:33+02:00,50.0
2022-06-18 18:14:33+02:00,50.0
2022-06-18 18:15:33+02:00,50.0
2022-06-18 23:57:30+02:00,50.0
2022-06-18 23:58:30+02:00,93.9
2022-06-18 23:59:30+02:00,94.0
2022-06-19 00:00:30+02:00,94.1
2022-06-19 00:01:30+02:00,50.0
2022-06-19 00:02:30+02:00,50.0
2022-06-19 00:03:30+02:00,94.1
2022-06-19 00:04:30+02:00,92.5
2022-06-19 00:05:30+02:00,91.3
2022-06-19 00:06:30+02:00,50.0
2022-06-19 00:07:30+02:00,91.6
2022-06-19 00:08:31+02:00,91.0
2022-06-19 00:09:31+02:00,91.1
2022-06-19 00:10:31+02:00,91.2
2022-06-19 00:11:31+02:00,91.0
2022-06-19 00:12:31+02:00,50.0
2022-06-19 00:13:31+02:00,90.9
2022-06-19 00:14:32+02:00,91.0
2022-06-19 00:15:32+02:00,91.2
2022-06-19 00:16:32+02:00,91.2
2022-06-19 00:17:32+02:00,50.0
2022-06-19 00:18:32+02:00,90.8
2022-06-19 00:19:32+02:00,90.1
2022-06-19 00:20:32+02:00,89.4
2022-06-19 00:21:33+02:00,88.9
2022-06-19 00:22:33+02:00,88.0
2022-06-19 00:23:33+02:00,87.6
2022-06-19 00:24:33+02:00,87.3
2022-06-19 00:25:33+02:00,50.0
2022-06-19 00:26:33+02:00,88.7
2022-06-19 00:27:33+02:00,90.1
2022-06-19 00:28:34+02:00,50.0
2022-06-19 00:29:34+02:00,91.7
2022-06-19 00:30:34+02:00,92.6
2022-06-19 00:31:34+02:00,93.0
2022-06-19 00:32:34+02:00,50.0
2022-06-19 00:33:34+02:00,93.4
2022-06-19 00:34:34+02:00,93.2
2022-06-19 00:35:35+02:00,92.9
2022-06-19 00:36:35+02:00,92.6
2022-06-19 00:37:35+02:00,92.5
2022-06-19 00:38:35+02:00,92.3
2022-06-19 00:39:35+02:00,92.1
2022-06-19 00:40:35+02:00,91.7
2022-06-19 00:41:35+02:00,91.3
2022-06-19 00:42:36+02:00,91.4
2022-06-19 00:43:36+02:00,91.6
2022-06-19 00:44:36+02:00,91.7
2022-06-19 00:45:36+02:00,91.7
2022-06-19 00:46:36+02:00,91.5
2022-06-19 00:47:36+02:00,91.6
2022-06-19 00:48:36+02:00,91.3
2022-06-19 00:49:37+02:00,91.5
2022-06-19 00:50:37+02:00,91.3
2022-06-19 00:51:37+02:00,91.7
2022-06-19 00:52:37+02:00,92.0
2022-06-19 00:53:37+02:00,91.9
2022-06-19 00:54:37+02:00,91.9
2022-06-19 00:55:38+02:00,91.8
2022-06-19 00:56:38+02:00,91.7
2022-06-19 00:57:38+02:00,91.4
2022-06-19 00:58:38+02:00,91.4
2022-06-19 00:59:38+02:00,91.2
2022-06-19 01:00:38+02:00,91.1
2022-06-19 01:01:38+02:00,91.1
2022-06-19 01:02:39+02:00,91.6
2022-06-19 01:03:39+02:00,92.5
2022-06-19 01:04:39+02:00,93.1
2022-06-19 01:05:39+02:00,92.8
2022-06-19 01:06:39+02:00,93.3
2022-06-19 01:07:39+02:00,93.7
2022-06-19 01:08:39+02:00,93.8
2022-06-19 01:09:40+02:00,93.6
2022-06-19 01:10:40+02:00,93.3
2022-06-19 01:11:40+02:00,93.2
2022-06-19 01:12:40+02:00,93.5
2022-06-19 01:13:40+02:00,94.4
2022-06-19 01:14:40+02:00,94.5
2022-06-19 01:15:41+02:00,95.2
2022-06-19 01:16:41+02:00,95.1
2022-06-19 01:17:41+02:00,95.0
2022-06-19 01:18:41+02:00,94.9
2022-06-19 01:19:41+02:00,95.2
2022-06-19 01:20:41+02:00,95.3
2022-06-19 01:21:41+02:00,94.9
2022-06-19 01:22:42+02:00,94.9
2022-06-19 01:23:42+02:00,95.5
2022-06-19 01:24:42+02:00,95.5
2022-06-19 01:25:42+02:00,95.4
2022-06-19 01:26:42+02:00,94.7
2022-06-19 01:27:42+02:00,94.7
2022-06-19 01:28:43+02:00,95.0
2022-06-19 01:29:43+02:00,50.0
2022-06-19 01:30:43+02:00,94.3
2022-06-19 01:31:43+02:00,93.4
2022-06-19 01:32:43+02:00,95.4
2022-06-19 01:33:43+02:00,95.5
2022-06-19 01:34:43+02:00,50.0
2022-06-19 01:35:44+02:00,94.7
2022-06-19 01:36:44+02:00,50.0
2022-06-19 01:37:44+02:00,50.0
2022-06-19 01:38:44+02:00,50.0
2022-06-19 01:39:44+02:00,50.0
2022-06-19 01:40:44+02:00,50.0
2022-06-19 01:41:44+02:00,50.0
2022-06-19 01:42:44+02:00,90.6
2022-06-19 01:43:45+02:00,50.0
2022-06-19 01:44:45+02:00,92.1
2022-06-19 01:45:45+02:00,90.4
2022-06-19 01:46:45+02:00,89.6
2022-06-19 01:47:45+02:00,88.8
2022-06-19 01:48:45+02:00,88.6
2022-06-19 01:49:46+02:00,88.3
2022-06-19 01:50:46+02:00,87.9
2022-06-19 01:51:46+02:00,87.9
2022-06-19 01:52:46+02:00,88.3
2022-06-19 01:53:46+02:00,88.5
2022-06-19 01:54:46+02:00,88.4
2022-06-19 01:55:46+02:00,88.4
2022-06-19 01:56:47+02:00,88.4
2022-06-19 01:57:47+02:00,88.4
2022-06-19 01:58:47+02:00,88.6
2022-06-19 01:59:47+02:00,88.6
2022-06-19 02:00:47+02:00,88.1
2022-06-19 02:00:47+02:00,88.1
2022-06-19 02:01:47+02:00,87.7
2022-06-19 02:02:47+02:00,87.8
2022-06-19 02:03:48+02:00,88.0
2022-06-19 02:04:48+02:00,88.0
2022-06-19 02:05:48+02:00,88.0
2022-06-19 02:06:48+02:00,87.9
2022-06-19 02:07:48+02:00,87.8
2022-06-19 02:08:48+02:00,88.7
2022-06-19 02:09:49+02:00,89.1
2022-06-19 02:10:49+02:00,89.6
2022-06-19 02:11:49+02:00,89.8
2022-06-19 02:12:49+02:00,89.7
2022-06-19 02:13:49+02:00,89.3
2022-06-19 02:14:49+02:00,89.4
2022-06-19 02:15:50+02:00,89.2
2022-06-19 02:16:50+02:00,89.5
2022-06-19 02:17:50+02:00,89.1
2022-06-19 02:18:50+02:00,89.2
2022-06-19 02:19:50+02:00,89.3
2022-06-19 02:20:50+02:00,89.3
2022-06-19 02:21:50+02:00,89.2
2022-06-19 02:22:51+02:00,89.4
2022-06-19 02:23:51+02:00,89.0
2022-06-19 02:24:51+02:00,88.6
2022-06-19 02:25:51+02:00,88.6
2022-06-19 02:26:51+02:00,88.3
2022-06-19 02:27:51+02:00,88.8
2022-06-19 02:28:51+02:00,89.4
2022-06-19 02:29:52+02:00,89.9
2022-06-19 02:30:52+02:00,90.0
2022-06-19 02:31:52+02:00,89.8
2022-06-19 02:32:52+02:00,89.8
2022-06-19 02:33:52+02:00,89.5
2022-06-19 02:34:52+02:00,89.8
2022-06-19 02:35:52+02:00,90.0
2022-06-19 02:36:53+02:00,90.2
2022-06-19 02:37:53+02:00,90.4
2022-06-19 02:38:53+02:00,90.5
2022-06-19 02:39:53+02:00,90.5
2022-06-19 02:40:53+02:00,90.6
2022-06-19 02:41:53+02:00,90.4
2022-06-19 02:42:53+02:00,90.5
2022-06-19 02:43:53+02:00,90.2
2022-06-19 02:44:53+02:00,90.6
2022-06-19 02:45:54+02:00,90.2
2022-06-19 02:46:54+02:00,90.2
2022-06-19 02:47:54+02:00,90.1
2022-06-19 02:48:54+02:00,90.5
2022-06-19 02:49:54+02:00,90.7
2022-06-19 02:50:54+02:00,91.1
2022-06-19 02:51:54+02:00,91.0
2022-06-19 02:52:54+02:00,91.5
2022-06-19 02:53:54+02:00,50.0
2022-06-19 02:54:54+02:00,89.3
2022-06-19 02:55:55+02:00,50.0
2022-06-19 02:56:55+02:00,90.8
2022-06-19 02:57:55+02:00,91.2
2022-06-19 02:58:55+02:00,91.5
2022-06-19 02:59:55+02:00,90.5
2022-06-19 03:00:55+02:00,89.9
2022-06-19 03:01:55+02:00,88.5
2022-06-19 03:02:55+02:00,88.8
2022-06-19 03:03:55+02:00,89.4
2022-06-19 03:04:55+02:00,90.5
2022-06-19 03:05:55+02:00,50.0
2022-06-19 03:06:56+02:00,89.6
2022-06-19 03:07:56+02:00,90.7
2022-06-19 03:08:56+02:00,89.0
2022-06-19 03:09:56+02:00,88.3
2022-06-19 03:10:56+02:00,88.8
2022-06-19 03:11:56+02:00,89.9
2022-06-19 03:12:56+02:00,89.7
2022-06-19 03:13:56+02:00,90.7
2022-06-19 03:14:56+02:00,91.6
2022-06-19 03:15:57+02:00,91.7
2022-06-19 03:16:57+02:00,91.4
2022-06-19 03:17:57+02:00,92.3
2022-06-19 03:18:57+02:00,92.0
2022-06-19 03:19:57+02:00,91.9
2022-06-19 03:20:57+02:00,90.5
2022-06-19 03:21:57+02:00,89.8
2022-06-19 03:22:57+02:00,88.3
2022-06-19 03:23:57+02:00,88.2
2022-06-19 03:24:58+02:00,83.6
2022-06-19 03:25:58+02:00,86.8
2022-06-19 03:26:58+02:00,91.7
2022-06-19 03:27:58+02:00,94.4
2022-06-19 03:28:58+02:00,95.2
2022-06-19 03:29:58+02:00,95.3
2022-06-19 03:30:58+02:00,50.0
2022-06-19 03:31:58+02:00,93.9
2022-06-19 03:32:58+02:00,92.5
2022-06-19 03:33:58+02:00,91.1
2022-06-19 03:34:58+02:00,89.6
2022-06-19 03:35:59+02:00,88.6
2022-06-19 03:36:59+02:00,87.6
2022-06-19 03:37:59+02:00,87.2
2022-06-19 03:38:59+02:00,86.7
2022-06-19 03:39:59+02:00,86.9
2022-06-19 03:40:59+02:00,87.1
2022-06-19 03:42:00+02:00,87.6
2022-06-19 03:43:00+02:00,88.6
2022-06-19 03:44:00+02:00,88.7
2022-06-19 03:45:00+02:00,88.7
2022-06-19 03:46:00+02:00,88.9
2022-06-19 03:47:00+02:00,50.0
2022-06-19 03:48:00+02:00,89.2
2022-06-19 03:49:00+02:00,89.4
2022-06-19 03:50:01+02:00,86.8
2022-06-19 03:51:01+02:00,86.6
2022-06-19 03:52:01+02:00,89.4
2022-06-19 03:53:01+02:00,89.9
2022-06-19 03:54:01+02:00,90.5
2022-06-19 03:55:02+02:00,92.7
2022-06-19 03:56:02+02:00,93.7
2022-06-19 03:57:02+02:00,93.8
2022-06-19 03:58:02+02:00,94.0
2022-06-19 03:59:02+02:00,95.3
2022-06-19 04:00:02+02:00,94.9
2022-06-19 04:01:02+02:00,96.0
2022-06-19 04:02:02+02:00,95.8
2022-06-19 04:03:03+02:00,96.5
2022-06-19 04:04:03+02:00,96.1
2022-06-19 04:05:03+02:00,95.7
2022-06-19 04:06:03+02:00,96.2
2022-06-19 04:07:03+02:00,96.5
2022-06-19 04:08:03+02:00,94.4
2022-06-19 04:09:03+02:00,93.3
2022-06-19 04:10:04+02:00,91.6
2022-06-19 04:11:04+02:00,90.3
2022-06-19 04:12:04+02:00,89.6
2022-06-19 04:13:04+02:00,88.9
2022-06-19 04:14:04+02:00,50.0
2022-06-19 04:15:04+02:00,87.5
2022-06-19 04:16:04+02:00,89.1
2022-06-19 04:17:04+02:00,90.6
2022-06-19 04:18:05+02:00,91.6
2022-06-19 04:19:05+02:00,92.3
2022-06-19 04:20:05+02:00,93.1
2022-06-19 04:21:05+02:00,93.8
2022-06-19 04:22:05+02:00,93.9
2022-06-19 04:23:05+02:00,94.3
2022-06-19 04:24:05+02:00,94.2
2022-06-19 04:25:06+02:00,94.4
2022-06-19 04:26:06+02:00,94.4
2022-06-19 04:27:06+02:00,94.6
2022-06-19 04:28:06+02:00,94.4
2022-06-19 04:29:06+02:00,94.5
2022-06-19 04:30:06+02:00,94.5
2022-06-19 04:31:07+02:00,94.6
2022-06-19 04:32:07+02:00,94.9
2022-06-19 04:33:07+02:00,95.1
2022-06-19 04:34:07+02:00,95.2
2022-06-19 04:35:07+02:00,95.2
2022-06-19 04:36:07+02:00,95.0
2022-06-19 04:37:07+02:00,50.0
2022-06-19 04:38:08+02:00,94.4
2022-06-19 04:39:08+02:00,93.3
2022-06-19 04:40:08+02:00,92.6
2022-06-19 04:41:08+02:00,92.3
2022-06-19 04:42:08+02:00,92.2
2022-06-19 04:43:08+02:00,50.0
2022-06-19 04:44:08+02:00,93.0
2022-06-19 04:45:09+02:00,93.3
2022-06-19 04:46:09+02:00,93.2
2022-06-19 04:47:09+02:00,93.2
2022-06-19 04:48:09+02:00,92.8
2022-06-19 04:49:09+02:00,92.6
2022-06-19 04:50:09+02:00,93.1
2022-06-19 04:51:10+02:00,93.5
2022-06-19 04:52:10+02:00,93.7
2022-06-19 04:53:10+02:00,93.6
2022-06-19 04:54:10+02:00,93.6
2022-06-19 04:55:10+02:00,93.6
2022-06-19 04:56:10+02:00,93.8
2022-06-19 04:57:10+02:00,93.8
2022-06-19 04:58:11+02:00,94.0
2022-06-19 04:59:11+02:00,93.9
2022-06-19 05:00:11+02:00,93.9
2022-06-19 05:01:11+02:00,93.7
2022-06-19 05:02:11+02:00,93.6
2022-06-19 05:03:11+02:00,93.7
2022-06-19 05:04:11+02:00,50.0
2022-06-19 05:05:12+02:00,94.3
2022-06-19 05:06:12+02:00,94.5
2022-06-19 05:07:12+02:00,94.9
2022-06-19 05:08:12+02:00,50.0
2022-06-19 05:09:12+02:00,50.0
2022-06-19 05:10:12+02:00,50.0
2022-06-19 05:11:12+02:00,50.0
2022-06-19 05:12:12+02:00,50.0
2022-06-19 05:13:13+02:00,94.6
2022-06-19 05:14:13+02:00,93.8
2022-06-19 05:15:13+02:00,93.9
2022-06-19 05:16:13+02:00,94.9
2022-06-19 05:17:13+02:00,95.6
2022-06-19 05:18:13+02:00,95.6
2022-06-19 05:19:14+02:00,95.8
2022-06-19 05:20:14+02:00,50.0
2022-06-19 05:21:14+02:00,96.7
2022-06-19 05:22:14+02:00,97.8
2022-06-19 05:23:14+02:00,98.2
2022-06-19 05:24:14+02:00,98.2
2022-06-19 05:25:14+02:00,97.9
2022-06-19 05:26:15+02:00,97.5
2022-06-19 05:27:15+02:00,97.0
2022-06-19 05:28:15+02:00,96.8
2022-06-19 05:29:15+02:00,50.0
2022-06-19 05:30:15+02:00,96.1
2022-06-19 05:31:15+02:00,96.4
2022-06-19 05:32:15+02:00,94.3
2022-06-19 05:33:16+02:00,50.0
2022-06-19 05:34:16+02:00,50.0
2022-06-19 05:35:16+02:00,93.7
2022-06-19 05:36:16+02:00,93.5
2022-06-19 05:37:16+02:00,92.0
2022-06-19 05:38:16+02:00,92.2
2022-06-19 05:39:16+02:00,90.8
2022-06-19 05:40:17+02:00,85.2
2022-06-19 05:41:17+02:00,83.6
2022-06-19 05:42:17+02:00,85.1
2022-06-19 05:43:17+02:00,85.6
2022-06-19 05:44:17+02:00,86.3
2022-06-19 05:45:17+02:00,86.8
2022-06-19 05:46:18+02:00,50.0
2022-06-19 05:47:18+02:00,50.0
2022-06-19 05:48:18+02:00,89.6
2022-06-19 05:49:18+02:00,91.0
2022-06-19 05:50:18+02:00,92.4
2022-06-19 05:51:18+02:00,93.4
2022-06-19 05:52:18+02:00,93.8
2022-06-19 05:53:19+02:00,93.6
2022-06-19 05:54:19+02:00,50.0
2022-06-19 05:55:19+02:00,50.0
2022-06-19 05:56:19+02:00,92.1
2022-06-19 05:57:19+02:00,91.6
2022-06-19 05:58:19+02:00,50.0
2022-06-19 05:59:20+02:00,90.7
2022-06-19 06:00:20+02:00,91.3
2022-06-19 06:01:20+02:00,91.6
2022-06-19 06:02:20+02:00,90.7
2022-06-19 06:03:20+02:00,90.2
2022-06-19 06:04:20+02:00,89.9
2022-06-19 06:05:20+02:00,90.5
2022-06-19 06:06:21+02:00,90.0
2022-06-19 06:07:21+02:00,89.9
2022-06-19 06:08:21+02:00,89.8
2022-06-19 06:09:21+02:00,89.8
2022-06-19 06:10:21+02:00,90.2
2022-06-19 06:11:21+02:00,90.1
2022-06-19 06:12:22+02:00,90.2
2022-06-19 06:13:22+02:00,90.5
2022-06-19 06:14:22+02:00,90.4
2022-06-19 06:15:22+02:00,90.6
2022-06-19 06:16:22+02:00,90.5
2022-06-19 06:17:22+02:00,90.5
2022-06-19 06:18:22+02:00,90.3
2022-06-19 06:19:23+02:00,91.4
2022-06-19 06:20:23+02:00,91.5
2022-06-19 06:21:23+02:00,91.2
2022-06-19 06:22:23+02:00,90.7
2022-06-19 06:23:23+02:00,90.5
2022-06-19 06:24:23+02:00,90.0
2022-06-19 06:25:23+02:00,90.9
2022-06-19 06:26:24+02:00,91.7
2022-06-19 06:27:24+02:00,92.1
2022-06-19 06:28:24+02:00,92.8
2022-06-19 06:29:24+02:00,92.2
2022-06-19 06:30:24+02:00,92.3
2022-06-19 06:31:24+02:00,92.4
2022-06-19 06:32:24+02:00,92.9
2022-06-19 06:33:25+02:00,93.3
2022-06-19 06:34:25+02:00,93.4
2022-06-19 06:35:25+02:00,93.7
2022-06-19 06:36:25+02:00,93.3
2022-06-19 06:37:25+02:00,93.0
2022-06-19 06:38:25+02:00,93.5
2022-06-19 06:39:26+02:00,93.9
2022-06-19 06:40:26+02:00,94.7
2022-06-19 06:41:26+02:00,94.2
2022-06-19 06:42:26+02:00,50.0
2022-06-19 06:43:26+02:00,93.4
2022-06-19 06:44:26+02:00,93.6
2022-06-19 06:45:26+02:00,50.0
2022-06-19 06:46:27+02:00,90.9
2022-06-19 06:47:27+02:00,89.2
2022-06-19 06:48:27+02:00,87.5
2022-06-19 06:49:27+02:00,86.6
2022-06-19 06:50:27+02:00,86.1
2022-06-19 06:51:27+02:00,85.8
2022-06-19 06:52:27+02:00,85.9
2022-06-19 06:53:28+02:00,85.3
2022-06-19 06:54:28+02:00,88.2
2022-06-19 06:55:28+02:00,50.0
2022-06-19 06:56:28+02:00,50.0
2022-06-19 06:57:28+02:00,87.9
2022-06-19 06:58:28+02:00,84.8
2022-06-19 06:59:29+02:00,84.7
2022-06-19 07:00:29+02:00,50.0
2022-06-19 07:01:29+02:00,83.2
2022-06-19 07:02:29+02:00,81.5
2022-06-19 07:03:29+02:00,81.1
2022-06-19 07:04:29+02:00,81.6
2022-06-19 07:05:29+02:00,81.2
2022-06-19 07:06:30+02:00,82.3
2022-06-19 07:07:30+02:00,82.3
2022-06-19 07:08:30+02:00,82.2
2022-06-19 07:09:30+02:00,82.7
2022-06-19 07:10:30+02:00,83.3
2022-06-19 07:11:30+02:00,82.4
2022-06-19 07:12:31+02:00,82.0
2022-06-19 07:13:31+02:00,82.8
2022-06-19 07:14:31+02:00,82.2
2022-06-19 07:15:31+02:00,82.4
2022-06-19 07:16:31+02:00,82.6
2022-06-19 07:17:31+02:00,83.6
2022-06-19 07:18:31+02:00,84.0
2022-06-19 07:19:32+02:00,84.5
2022-06-19 07:20:32+02:00,82.4
2022-06-19 07:21:32+02:00,83.3
2022-06-19 07:22:32+02:00,83.1
2022-06-19 07:23:32+02:00,83.4
2022-06-19 07:24:32+02:00,83.3
2022-06-19 07:25:32+02:00,88.5
2022-06-19 07:26:33+02:00,89.0
2022-06-19 07:27:33+02:00,87.6
2022-06-19 07:28:33+02:00,85.7
2022-06-19 07:29:33+02:00,85.4
2022-06-19 07:30:33+02:00,85.1
2022-06-19 07:31:33+02:00,85.8
2022-06-19 07:32:33+02:00,86.1
2022-06-19 07:33:34+02:00,85.8
2022-06-19 07:34:34+02:00,85.8
2022-06-19 07:35:34+02:00,85.6
2022-06-19 07:36:34+02:00,83.8
2022-06-19 07:37:34+02:00,83.6
2022-06-19 07:38:34+02:00,84.9
2022-06-19 07:39:35+02:00,85.5
2022-06-19 07:40:35+02:00,85.7
2022-06-19 07:41:35+02:00,85.5
2022-06-19 07:42:35+02:00,84.8
2022-06-19 07:43:35+02:00,84.4
2022-06-19 07:44:35+02:00,84.5
2022-06-19 07:45:36+02:00,84.9
2022-06-19 07:46:36+02:00,85.4
2022-06-19 07:47:36+02:00,84.7
2022-06-19 07:48:36+02:00,83.6
2022-06-19 07:49:36+02:00,85.5
2022-06-19 07:50:36+02:00,85.9
2022-06-19 07:51:36+02:00,85.3
2022-06-19 07:52:37+02:00,86.1
2022-06-19 07:53:37+02:00,85.4
2022-06-19 07:54:37+02:00,85.8
2022-06-19 07:55:37+02:00,86.5
2022-06-19 07:56:37+02:00,88.6
2022-06-19 07:57:37+02:00,91.1
2022-06-19 07:58:37+02:00,89.9
2022-06-19 07:59:38+02:00,89.6
2022-06-19 08:00:38+02:00,93.0
2022-06-19 08:01:38+02:00,93.6
2022-06-19 08:02:38+02:00,94.7
2022-06-19 08:03:38+02:00,94.6
2022-06-19 08:04:38+02:00,95.6
2022-06-19 08:05:38+02:00,95.1
2022-06-19 08:06:39+02:00,92.5
2022-06-19 08:07:39+02:00,89.5
2022-06-19 08:08:39+02:00,88.2
2022-06-19 08:09:39+02:00,86.9
2022-06-19 08:10:39+02:00,86.6
2022-06-19 08:11:39+02:00,85.5
2022-06-19 08:12:40+02:00,85.0
2022-06-19 08:13:40+02:00,84.8
2022-06-19 08:14:40+02:00,84.9
2022-06-19 08:15:40+02:00,50.0
2022-06-19 08:16:40+02:00,85.6
2022-06-19 08:17:40+02:00,50.0
2022-06-19 08:18:40+02:00,50.0
2022-06-19 08:19:41+02:00,88.7
2022-06-19 08:20:41+02:00,50.0
2022-06-19 08:21:41+02:00,90.3
2022-06-19 08:22:41+02:00,91.3
2022-06-19 08:23:41+02:00,92.4
2022-06-19 08:24:41+02:00,93.0
2022-06-19 08:25:41+02:00,50.0
2022-06-19 08:26:42+02:00,94.3
2022-06-19 08:27:42+02:00,50.0
2022-06-19 08:28:42+02:00,93.9
2022-06-19 08:29:42+02:00,93.3
2022-06-19 08:30:42+02:00,50.0
2022-06-19 08:31:42+02:00,50.0
2022-06-19 08:32:43+02:00,50.0
2022-06-19 08:33:43+02:00,50.0
2022-06-19 08:34:43+02:00,50.0
2022-06-19 08:35:43+02:00,50.0
2022-06-19 08:36:44+02:00,50.0
2022-06-19 08:37:44+02:00,90.8
2022-06-19 08:38:44+02:00,87.6
2022-06-19 08:39:44+02:00,85.2
2022-06-19 08:40:44+02:00,85.1
2022-06-19 08:41:44+02:00,86.1
2022-06-19 08:42:45+02:00,86.9
2022-06-19 08:43:45+02:00,85.6
2022-06-19 08:44:45+02:00,85.5
2022-06-19 08:45:45+02:00,84.2
2022-06-19 08:46:45+02:00,82.4
2022-06-19 08:47:45+02:00,78.9
2022-06-19 08:48:45+02:00,77.2
2022-06-19 08:49:46+02:00,76.1
2022-06-19 08:50:46+02:00,75.5
2022-06-19 08:51:46+02:00,75.2
2022-06-19 08:52:46+02:00,75.1
2022-06-19 08:53:46+02:00,50.0
2022-06-19 08:54:46+02:00,75.8
2022-06-19 08:55:47+02:00,50.0
2022-06-19 08:56:47+02:00,79.6
2022-06-19 08:57:47+02:00,83.1
2022-06-19 08:58:47+02:00,50.0
2022-06-19 08:59:47+02:00,86.7
2022-06-19 09:00:47+02:00,88.8
2022-06-19 09:01:47+02:00,50.0
2022-06-19 09:02:47+02:00,50.0
2022-06-19 09:03:48+02:00,87.9
2022-06-19 09:04:48+02:00,50.0
2022-06-19 09:05:48+02:00,50.0
2022-06-19 09:06:48+02:00,50.0
2022-06-19 09:07:48+02:00,50.0
2022-06-19 09:08:48+02:00,50.0
2022-06-19 09:09:48+02:00,50.0
2022-06-19 09:10:49+02:00,50.0
2022-06-19 09:11:49+02:00,50.0
2022-06-19 09:12:49+02:00,50.0
2022-06-19 09:13:49+02:00,50.0
2022-06-19 09:14:49+02:00,50.0
2022-06-19 09:15:49+02:00,50.0
2022-06-19 09:16:49+02:00,85.2
2022-06-19 09:17:50+02:00,50.0
2022-06-19 09:18:50+02:00,85.3
2022-06-19 09:19:50+02:00,50.0
2022-06-19 09:20:50+02:00,50.0
2022-06-19 09:21:50+02:00,50.0
2022-06-19 09:22:50+02:00,50.0
2022-06-19 09:23:50+02:00,50.0
2022-06-19 09:24:51+02:00,50.0
2022-06-19 09:25:51+02:00,50.0
2022-06-19 09:26:51+02:00,84.2
2022-06-19 09:27:51+02:00,84.5
2022-06-19 09:28:51+02:00,50.0
2022-06-19 09:29:51+02:00,50.0
2022-06-19 09:30:51+02:00,50.0
2022-06-19 09:31:52+02:00,50.0
2022-06-19 09:32:52+02:00,50.0
2022-06-19 09:33:52+02:00,86.6
2022-06-19 09:34:52+02:00,50.0
2022-06-19 09:35:52+02:00,50.0
2022-06-19 09:36:53+02:00,50.0
2022-06-19 09:37:53+02:00,50.0
2022-06-19 09:38:53+02:00,50.0
2022-06-19 09:39:53+02:00,86.8
2022-06-19 09:40:53+02:00,89.8
2022-06-20 00:11:00+02:00,50.0
2022-06-20 00:12:00+02:00,91.7
2022-06-20 00:13:00+02:00,91.9
2022-06-20 00:14:00+02:00,92.0
2022-06-20 00:15:00+02:00,91.8
2022-06-20 00:16:00+02:00,50.0
2022-06-20 00:17:00+02:00,92.5
2022-06-20 00:18:00+02:00,93.6
2022-06-20 00:19:00+02:00,50.0
2022-06-20 00:20:00+02:00,94.8
2022-06-20 00:21:00+02:00,95.1
2022-06-20 00:22:00+02:00,95.3
2022-06-20 00:23:00+02:00,95.3
2022-06-20 00:24:01+02:00,95.4
2022-06-20 00:25:01+02:00,95.7
2022-06-20 00:26:01+02:00,95.7
2022-06-20 00:27:01+02:00,95.7
2022-06-20 00:28:01+02:00,95.8
2022-06-20 00:29:01+02:00,95.8
2022-06-20 00:30:01+02:00,95.5
2022-06-20 00:31:01+02:00,95.6
2022-06-20 00:32:01+02:00,95.5
2022-06-20 00:33:02+02:00,95.4
2022-06-20 00:34:02+02:00,95.4
2022-06-20 00:35:02+02:00,95.3
2022-06-20 00:36:02+02:00,95.3
2022-06-20 00:37:02+02:00,95.3
2022-06-20 00:38:02+02:00,95.3
2022-06-20 00:39:02+02:00,95.4
2022-06-20 00:40:03+02:00,50.0
2022-06-20 00:41:03+02:00,96.3
2022-06-20 00:42:03+02:00,97.7
2022-06-20 00:43:03+02:00,50.0
2022-06-20 00:44:03+02:00,96.3
2022-06-20 00:45:03+02:00,95.1
2022-06-20 00:46:03+02:00,94.2
2022-06-20 00:47:03+02:00,93.6
2022-06-20 00:48:03+02:00,93.1
2022-06-20 00:49:04+02:00,50.0
2022-06-20 00:50:04+02:00,93.3
2022-06-20 00:51:04+02:00,93.4
2022-06-20 00:52:04+02:00,93.7
2022-06-20 00:53:04+02:00,50.0
2022-06-20 00:54:04+02:00,94.0
2022-06-20 00:55:04+02:00,93.9
2022-06-20 00:56:05+02:00,50.0
2022-06-20 00:57:05+02:00,94.2
2022-06-20 00:58:05+02:00,95.7
2022-06-20 00:59:05+02:00,96.7
2022-06-20 01:00:05+02:00,97.0
2022-06-20 01:01:05+02:00,96.9
2022-06-20 01:02:05+02:00,97.0
2022-06-20 01:03:05+02:00,97.0
2022-06-20 01:04:05+02:00,97.4
2022-06-20 01:05:06+02:00,97.1
2022-06-20 01:06:06+02:00,96.8
2022-06-20 01:07:06+02:00,96.4
2022-06-20 01:08:06+02:00,96.7
2022-06-20 01:09:06+02:00,96.5
2022-06-20 01:10:06+02:00,95.8
2022-06-20 01:11:06+02:00,95.1
2022-06-20 01:12:07+02:00,94.8
2022-06-20 01:13:07+02:00,50.0
2022-06-20 01:14:07+02:00,93.5
2022-06-20 01:15:07+02:00,93.7
2022-06-20 01:16:07+02:00,93.6
2022-06-20 01:17:07+02:00,93.3
2022-06-20 01:18:07+02:00,93.2
2022-06-20 01:19:08+02:00,93.3
2022-06-20 01:20:08+02:00,93.8
2022-06-20 01:21:08+02:00,94.0
2022-06-20 01:22:08+02:00,93.9
2022-06-20 01:23:08+02:00,93.8
2022-06-20 01:24:08+02:00,94.3
2022-06-20 01:25:09+02:00,94.5
2022-06-20 01:26:09+02:00,94.1
2022-06-20 01:27:09+02:00,93.8
2022-06-20 01:28:09+02:00,92.6
2022-06-20 01:29:09+02:00,91.6
2022-06-20 01:30:09+02:00,92.4
2022-06-20 01:31:10+02:00,93.5
2022-06-20 01:32:10+02:00,93.4
2022-06-20 01:33:10+02:00,92.7
2022-06-20 01:34:10+02:00,92.4
2022-06-20 01:35:10+02:00,50.0
2022-06-20 01:36:10+02:00,92.3
2022-06-20 01:37:10+02:00,93.1
2022-06-20 01:38:11+02:00,93.3
2022-06-20 01:39:11+02:00,50.0
2022-06-20 01:40:11+02:00,95.0
2022-06-20 01:41:11+02:00,96.7
2022-06-20 01:42:11+02:00,97.4
2022-06-20 01:43:11+02:00,97.7
2022-06-20 01:44:11+02:00,97.7
2022-06-20 01:45:12+02:00,97.6
2022-06-20 01:46:12+02:00,97.6
2022-06-20 01:47:12+02:00,97.1
2022-06-20 01:48:12+02:00,96.6
2022-06-20 01:49:12+02:00,50.0
2022-06-20 01:50:12+02:00,97.7
2022-06-20 01:51:12+02:00,97.2
2022-06-20 01:52:13+02:00,50.0
2022-06-20 01:53:13+02:00,96.4
2022-06-20 01:54:13+02:00,96.1
2022-06-20 01:55:13+02:00,95.7
2022-06-20 01:56:13+02:00,95.7
2022-06-20 01:57:13+02:00,95.5
2022-06-20 01:58:14+02:00,95.1
2022-06-20 01:59:14+02:00,94.9
2022-06-20 02:00:14+02:00,94.9
2022-06-20 02:00:14+02:00,94.9
2022-06-20 02:01:14+02:00,94.7
2022-06-20 02:02:14+02:00,94.5
2022-06-20 02:03:14+02:00,94.6
2022-06-20 02:04:14+02:00,94.7
2022-06-20 02:05:15+02:00,94.6
2022-06-20 02:06:15+02:00,94.9
2022-06-20 02:07:15+02:00,94.9
2022-06-20 02:08:15+02:00,95.0
2022-06-20 02:09:15+02:00,95.4
2022-06-20 02:10:15+02:00,95.4
2022-06-20 02:11:15+02:00,95.3
2022-06-20 02:12:16+02:00,95.4
2022-06-20 02:13:16+02:00,95.5
2022-06-20 02:14:16+02:00,95.5
2022-06-20 02:15:16+02:00,95.8
2022-06-20 02:16:16+02:00,95.9
2022-06-20 02:17:16+02:00,96.6
2022-06-20 02:18:16+02:00,96.5
2022-06-20 02:19:17+02:00,96.3
2022-06-20 02:20:17+02:00,95.7
2022-06-20 02:21:17+02:00,95.7
2022-06-20 02:22:17+02:00,95.3
2022-06-20 02:23:17+02:00,95.2
2022-06-20 02:24:17+02:00,95.1
2022-06-20 02:25:18+02:00,94.9
2022-06-20 02:26:18+02:00,94.8
2022-06-20 02:27:18+02:00,94.8
2022-06-20 02:28:18+02:00,94.8
2022-06-20 02:29:18+02:00,94.9
2022-06-20 02:30:18+02:00,94.7
2022-06-20 02:31:19+02:00,94.6
2022-06-20 02:32:19+02:00,94.4
2022-06-20 02:33:19+02:00,94.4
2022-06-20 02:34:19+02:00,93.9
2022-06-20 02:35:19+02:00,94.3
2022-06-20 02:36:19+02:00,94.7
2022-06-20 02:37:19+02:00,94.4
2022-06-20 02:38:20+02:00,94.5
2022-06-20 02:39:20+02:00,94.4
2022-06-20 02:40:20+02:00,94.3
2022-06-20 02:41:20+02:00,94.5
2022-06-20 02:42:20+02:00,94.1
2022-06-20 02:43:20+02:00,93.6
2022-06-20 02:44:20+02:00,93.5
2022-06-20 02:45:21+02:00,93.4
2022-06-20 02:46:21+02:00,93.2
2022-06-20 02:47:21+02:00,93.4
2022-06-20 02:48:21+02:00,93.5
2022-06-20 02:49:21+02:00,93.5
2022-06-20 02:50:21+02:00,93.4
2022-06-20 02:51:21+02:00,93.8
2022-06-20 02:52:22+02:00,93.9
2022-06-20 02:53:22+02:00,93.9
2022-06-20 02:54:22+02:00,93.8
2022-06-20 02:55:22+02:00,93.6
2022-06-20 02:56:22+02:00,93.4
2022-06-20 02:57:22+02:00,93.5
2022-06-20 02:58:23+02:00,93.7
2022-06-20 02:59:23+02:00,93.6
2022-06-20 03:00:23+02:00,93.7
2022-06-20 03:01:23+02:00,93.5
2022-06-20 03:02:23+02:00,93.5
2022-06-20 03:03:23+02:00,93.8
2022-06-20 03:04:23+02:00,94.0
2022-06-20 03:05:24+02:00,94.2
2022-06-20 03:06:24+02:00,94.5
2022-06-20 03:07:24+02:00,94.4
2022-06-20 03:08:24+02:00,94.6
2022-06-20 03:09:24+02:00,50.0
2022-06-20 03:10:24+02:00,94.5
2022-06-20 03:11:24+02:00,50.0
2022-06-20 03:12:25+02:00,95.0
2022-06-20 03:13:25+02:00,94.6
2022-06-20 03:14:25+02:00,94.6
2022-06-20 03:15:25+02:00,94.7
2022-06-20 03:16:25+02:00,94.7
2022-06-20 03:17:25+02:00,94.6
2022-06-20 03:18:25+02:00,94.4
2022-06-20 03:19:26+02:00,94.1
2022-06-20 03:20:26+02:00,93.7
2022-06-20 03:21:26+02:00,93.5
2022-06-20 03:22:26+02:00,93.0
2022-06-20 03:23:26+02:00,93.6
2022-06-20 03:24:26+02:00,93.6
2022-06-20 03:25:27+02:00,94.5
2022-06-20 03:26:27+02:00,94.9
2022-06-20 03:27:27+02:00,95.1
2022-06-20 03:28:27+02:00,95.3
2022-06-20 03:29:27+02:00,95.3
2022-06-20 03:30:27+02:00,95.1
2022-06-20 03:31:27+02:00,94.8
2022-06-20 03:32:28+02:00,94.9
2022-06-20 03:33:28+02:00,95.1
2022-06-20 03:34:28+02:00,94.9
2022-06-20 03:35:28+02:00,95.0
2022-06-20 03:36:28+02:00,94.9
2022-06-20 03:37:28+02:00,95.1
2022-06-20 03:38:28+02:00,94.9
2022-06-20 03:39:29+02:00,94.8
2022-06-20 03:40:29+02:00,94.6
2022-06-20 03:41:29+02:00,94.8
2022-06-20 03:42:29+02:00,94.7
2022-06-20 03:43:29+02:00,94.8
2022-06-20 03:44:29+02:00,94.7
2022-06-20 03:45:30+02:00,94.4
2022-06-20 03:46:30+02:00,50.0
2022-06-20 03:47:30+02:00,50.0
2022-06-20 03:48:30+02:00,95.5
2022-06-20 03:49:30+02:00,50.0
2022-06-20 03:50:30+02:00,96.0
2022-06-20 03:51:30+02:00,96.7
2022-06-20 03:52:31+02:00,97.0
2022-06-20 03:53:31+02:00,50.0
2022-06-20 03:54:31+02:00,96.1
2022-06-20 03:55:31+02:00,95.2
2022-06-20 03:56:31+02:00,94.2
2022-06-20 03:57:31+02:00,93.6
2022-06-20 03:58:32+02:00,93.4
2022-06-20 03:59:32+02:00,93.2
2022-06-20 04:00:32+02:00,93.1
2022-06-20 04:01:32+02:00,93.0
2022-06-20 04:02:32+02:00,92.7
2022-06-20 04:03:32+02:00,50.0
2022-06-20 04:04:32+02:00,92.8
2022-06-20 04:05:33+02:00,50.0
2022-06-20 04:06:33+02:00,50.0
2022-06-20 04:07:33+02:00,50.0
2022-06-20 04:08:33+02:00,94.3
2022-06-20 04:09:33+02:00,94.2
2022-06-20 04:10:33+02:00,50.0
2022-06-20 04:11:33+02:00,50.0
2022-06-20 04:12:34+02:00,94.9
2022-06-20 04:13:34+02:00,95.5
2022-06-20 04:14:34+02:00,50.0
2022-06-20 04:15:34+02:00,50.0
2022-06-20 04:16:34+02:00,50.0
2022-06-20 04:17:34+02:00,50.0
2022-06-20 04:18:34+02:00,50.0
2022-06-20 04:19:34+02:00,50.0
2022-06-20 04:20:35+02:00,94.5
2022-06-20 04:21:35+02:00,93.1
2022-06-20 04:22:35+02:00,94.7
2022-06-20 04:23:35+02:00,94.9
2022-06-20 04:24:35+02:00,94.6
2022-06-20 04:25:35+02:00,50.0
2022-06-20 04:26:35+02:00,92.1
2022-06-20 04:27:36+02:00,94.0
2022-06-20 04:28:36+02:00,50.0
2022-06-20 04:29:36+02:00,50.0
2022-06-20 04:30:36+02:00,50.0
2022-06-20 04:31:36+02:00,50.0
2022-06-20 04:32:36+02:00,93.7
2022-06-20 04:33:36+02:00,50.0
2022-06-20 04:34:37+02:00,50.0
2022-06-20 04:35:37+02:00,91.3
2022-06-20 04:36:37+02:00,50.0
2022-06-20 04:37:37+02:00,50.0
2022-06-20 04:38:37+02:00,90.8
2022-06-20 04:39:37+02:00,90.7
2022-06-20 04:40:37+02:00,91.5
2022-06-20 04:41:38+02:00,91.8
2022-06-20 04:42:38+02:00,50.0
2022-06-20 04:43:38+02:00,92.8
2022-06-20 04:44:38+02:00,50.0
2022-06-20 04:45:38+02:00,50.0
2022-06-20 04:46:38+02:00,92.6
2022-06-20 04:47:38+02:00,50.0
2022-06-20 04:48:39+02:00,91.8
2022-06-20 04:49:39+02:00,50.0
2022-06-20 04:50:39+02:00,50.0
2022-06-20 04:51:39+02:00,92.1
2022-06-20 04:52:39+02:00,92.0
2022-06-20 04:53:39+02:00,92.0
2022-06-20 04:54:40+02:00,92.1
2022-06-20 04:55:40+02:00,92.2
2022-06-20 04:56:40+02:00,92.0
2022-06-20 04:57:40+02:00,92.3
2022-06-20 04:58:40+02:00,50.0
2022-06-20 04:59:40+02:00,50.0
2022-06-20 05:00:40+02:00,91.9
2022-06-20 05:01:41+02:00,50.0
2022-06-20 05:02:41+02:00,50.0
2022-06-20 05:03:41+02:00,90.9
2022-06-20 05:04:41+02:00,50.0
2022-06-20 05:05:41+02:00,50.0
2022-06-20 05:06:41+02:00,50.0
