timestamp,oxygen_saturation_by_minute
2022-06-01 01:39:30+02:00,93.1
2022-06-01 01:40:30+02:00,93.5
2022-06-01 01:41:30+02:00,94.6
2022-06-01 01:42:30+02:00,95.2
2022-06-01 01:43:30+02:00,95.3
2022-06-01 01:44:30+02:00,95.6
2022-06-01 01:45:30+02:00,95.5
2022-06-01 01:46:30+02:00,95.6
2022-06-01 01:47:30+02:00,95.9
2022-06-01 01:48:30+02:00,95.8
2022-06-01 01:49:30+02:00,96.7
2022-06-01 01:50:30+02:00,96.9
2022-06-01 01:51:30+02:00,96.9
2022-06-01 01:52:30+02:00,96.9
2022-06-01 01:53:31+02:00,97.1
2022-06-01 01:54:31+02:00,95.4
2022-06-01 01:55:31+02:00,96.5
2022-06-01 01:56:31+02:00,97.6
2022-06-01 01:57:31+02:00,96.6
2022-06-01 01:58:31+02:00,96.8
2022-06-01 01:59:32+02:00,97.0
2022-06-01 02:00:32+02:00,97.6
2022-06-01 02:00:32+02:00,97.6
2022-06-01 02:01:32+02:00,98.1
2022-06-01 02:02:32+02:00,97.2
2022-06-01 02:03:32+02:00,96.7
2022-06-01 02:04:32+02:00,96.5
2022-06-01 02:05:32+02:00,96.2
2022-06-01 02:06:32+02:00,95.3
2022-06-01 02:07:33+02:00,95.8
2022-06-01 02:08:33+02:00,96.6
2022-06-01 02:09:33+02:00,95.9
2022-06-01 02:10:33+02:00,95.6
2022-06-01 02:11:33+02:00,50.0
2022-06-01 02:12:33+02:00,93.9
2022-06-01 02:13:33+02:00,93.5
2022-06-01 02:14:34+02:00,94.0
2022-06-01 02:15:34+02:00,93.5
2022-06-01 02:16:34+02:00,93.1
2022-06-01 02:17:34+02:00,92.2
2022-06-01 02:18:34+02:00,91.3
2022-06-01 02:19:34+02:00,93.3
2022-06-01 02:20:34+02:00,92.5
2022-06-01 02:21:35+02:00,91.8
2022-06-01 02:22:35+02:00,90.6
2022-06-01 02:23:35+02:00,90.6
2022-06-01 02:24:35+02:00,90.3
2022-06-01 02:25:35+02:00,89.9
2022-06-01 02:26:35+02:00,89.3
2022-06-01 02:27:36+02:00,89.5
2022-06-01 02:28:36+02:00,88.8
2022-06-01 02:29:36+02:00,88.5
2022-06-01 02:30:36+02:00,88.3
2022-06-01 02:31:36+02:00,89.0
2022-06-01 02:32:36+02:00,89.2
2022-06-01 02:33:36+02:00,89.6
2022-06-01 02:34:37+02:00,90.4
2022-06-01 02:35:37+02:00,90.6
2022-06-01 02:36:37+02:00,50.0
2022-06-01 02:37:37+02:00,91.6
2022-06-01 02:38:37+02:00,91.8
2022-06-01 02:39:37+02:00,91.2
2022-06-01 02:40:37+02:00,90.1
2022-06-01 02:41:38+02:00,90.5
2022-06-01 02:42:38+02:00,89.8
2022-06-01 02:43:38+02:00,89.5
2022-06-01 02:44:38+02:00,89.1
2022-06-01 02:45:38+02:00,89.5
2022-06-01 02:46:38+02:00,89.1
2022-06-01 02:47:38+02:00,89.7
2022-06-01 02:48:39+02:00,88.9
2022-06-01 02:49:39+02:00,88.7
2022-06-01 02:50:39+02:00,89.6
2022-06-01 02:51:39+02:00,89.2
2022-06-01 02:52:39+02:00,88.9
2022-06-01 02:53:39+02:00,88.6
2022-06-01 02:54:39+02:00,88.4
2022-06-01 02:55:40+02:00,88.1
2022-06-01 02:56:40+02:00,88.1
2022-06-01 02:57:40+02:00,87.8
2022-06-01 02:58:40+02:00,87.8
2022-06-01 02:59:40+02:00,87.5
2022-06-01 03:00:40+02:00,87.6
2022-06-01 03:01:40+02:00,87.9
2022-06-01 03:02:41+02:00,88.2
2022-06-01 03:03:41+02:00,88.4
2022-06-01 03:04:41+02:00,88.7
2022-06-01 03:05:41+02:00,88.8
2022-06-01 03:06:41+02:00,89.2
2022-06-01 03:07:41+02:00,89.8
2022-06-01 03:08:41+02:00,90.1
2022-06-01 03:09:42+02:00,90.3
2022-06-01 03:10:42+02:00,90.4
2022-06-01 03:11:42+02:00,90.5
2022-06-01 03:12:42+02:00,90.3
2022-06-01 03:13:42+02:00,90.1
2022-06-01 03:14:42+02:00,89.9
2022-06-01 03:15:43+02:00,89.8
2022-06-01 03:16:43+02:00,89.6
2022-06-01 03:17:43+02:00,89.5
2022-06-01 03:18:43+02:00,50.0
2022-06-01 03:19:43+02:00,91.0
2022-06-01 03:20:43+02:00,50.0
2022-06-01 03:21:43+02:00,92.6
2022-06-01 03:22:44+02:00,93.4
2022-06-01 03:23:44+02:00,94.6
2022-06-01 03:24:44+02:00,95.0
2022-06-01 03:25:44+02:00,94.7
2022-06-01 03:26:44+02:00,94.3
2022-06-01 03:27:44+02:00,94.2
2022-06-01 03:28:44+02:00,94.1
2022-06-01 03:29:45+02:00,94.5
2022-06-01 03:30:45+02:00,94.6
2022-06-01 03:31:45+02:00,94.7
2022-06-01 03:32:45+02:00,95.0
2022-06-01 03:33:45+02:00,95.2
2022-06-01 03:34:45+02:00,95.2
2022-06-01 03:35:45+02:00,95.3
2022-06-01 03:36:46+02:00,95.2
2022-06-01 03:37:46+02:00,95.1
2022-06-01 03:38:46+02:00,95.1
2022-06-01 03:39:46+02:00,95.2
2022-06-01 03:40:46+02:00,95.4
2022-06-01 03:41:46+02:00,95.6
2022-06-01 03:42:46+02:00,96.2
2022-06-01 03:43:47+02:00,96.2
2022-06-01 03:44:47+02:00,96.1
2022-06-01 03:45:47+02:00,96.1
2022-06-01 03:46:47+02:00,95.6
2022-06-01 03:47:47+02:00,95.4
2022-06-01 03:48:47+02:00,94.9
2022-06-01 03:49:47+02:00,50.0
2022-06-01 03:50:48+02:00,94.0
2022-06-01 03:51:48+02:00,94.8
2022-06-01 03:52:48+02:00,95.5
2022-06-01 03:53:48+02:00,95.9
2022-06-01 03:54:48+02:00,96.0
2022-06-01 03:55:48+02:00,96.1
2022-06-01 03:56:49+02:00,95.6
2022-06-01 03:57:49+02:00,95.4
2022-06-01 03:58:49+02:00,95.7
2022-06-01 03:59:49+02:00,95.7
2022-06-01 04:00:49+02:00,95.6
2022-06-01 04:01:49+02:00,95.6
2022-06-01 04:02:49+02:00,50.0
2022-06-01 04:03:49+02:00,50.0
2022-06-01 04:04:50+02:00,50.0
2022-06-01 04:05:50+02:00,93.9
2022-06-01 04:06:50+02:00,91.8
2022-06-01 04:07:50+02:00,91.3
2022-06-01 04:08:50+02:00,90.5
2022-06-01 04:09:50+02:00,89.8
2022-06-01 04:10:50+02:00,88.9
2022-06-01 04:11:51+02:00,88.3
2022-06-01 04:12:51+02:00,87.7
2022-06-01 04:13:51+02:00,87.0
2022-06-01 04:14:51+02:00,86.7
2022-06-01 04:15:51+02:00,86.8
2022-06-01 04:16:51+02:00,89.3
2022-06-01 04:17:52+02:00,90.6
2022-06-01 04:18:52+02:00,91.3
2022-06-01 04:19:52+02:00,50.0
2022-06-01 04:20:52+02:00,91.5
2022-06-01 04:21:52+02:00,92.4
2022-06-01 04:22:52+02:00,93.0
2022-06-01 04:23:52+02:00,93.5
2022-06-01 04:24:52+02:00,93.6
2022-06-01 04:25:53+02:00,93.8
2022-06-01 04:26:53+02:00,94.2
2022-06-01 04:27:53+02:00,94.5
2022-06-01 04:28:53+02:00,94.5
2022-06-01 04:29:53+02:00,94.5
2022-06-01 04:30:53+02:00,94.4
2022-06-01 04:31:53+02:00,94.2
2022-06-01 04:32:54+02:00,50.0
2022-06-01 04:33:54+02:00,94.3
2022-06-01 04:34:54+02:00,95.1
2022-06-01 04:35:54+02:00,95.8
2022-06-01 04:36:54+02:00,96.3
2022-06-01 04:37:54+02:00,96.7
2022-06-01 04:38:54+02:00,97.2
2022-06-01 04:39:55+02:00,97.0
2022-06-01 04:40:55+02:00,94.4
2022-06-01 04:41:55+02:00,93.5
2022-06-01 04:42:55+02:00,92.9
2022-06-01 04:43:55+02:00,92.4
2022-06-01 04:44:55+02:00,92.2
2022-06-01 04:45:55+02:00,92.2
2022-06-01 04:46:56+02:00,91.8
2022-06-01 04:47:56+02:00,91.8
2022-06-01 04:48:56+02:00,50.0
2022-06-01 04:49:56+02:00,50.0
2022-06-01 04:50:56+02:00,92.8
2022-06-01 04:51:56+02:00,92.9
2022-06-01 04:52:56+02:00,92.6
2022-06-01 04:53:57+02:00,92.4
2022-06-01 04:54:57+02:00,92.5
2022-06-01 04:55:57+02:00,92.6
2022-06-01 04:56:57+02:00,92.7
2022-06-01 04:57:57+02:00,93.0
2022-06-01 04:58:57+02:00,92.9
2022-06-01 04:59:57+02:00,92.9
2022-06-01 05:00:57+02:00,92.9
2022-06-01 05:01:58+02:00,92.8
2022-06-01 05:02:58+02:00,92.7
2022-06-01 05:03:58+02:00,92.7
2022-06-01 05:04:58+02:00,92.7
2022-06-01 05:05:58+02:00,92.6
2022-06-01 05:06:58+02:00,50.0
2022-06-01 05:07:58+02:00,92.6
2022-06-01 05:08:59+02:00,93.1
2022-06-01 05:09:59+02:00,50.0
2022-06-01 05:10:59+02:00,93.6
2022-06-01 05:11:59+02:00,92.5
2022-06-01 05:12:59+02:00,91.7
2022-06-01 05:13:59+02:00,91.2
2022-06-01 05:15:00+02:00,90.6
2022-06-01 05:16:00+02:00,90.1
2022-06-01 05:17:00+02:00,90.4
2022-06-01 05:18:00+02:00,91.1
2022-06-01 05:19:00+02:00,91.7
2022-06-01 05:20:00+02:00,91.7
2022-06-01 05:21:00+02:00,91.8
2022-06-01 05:22:00+02:00,92.0
2022-06-01 05:23:01+02:00,92.3
2022-06-01 05:24:01+02:00,92.4
2022-06-01 05:25:01+02:00,92.4
2022-06-01 05:26:01+02:00,92.3
2022-06-01 05:27:01+02:00,92.4
2022-06-01 05:28:01+02:00,92.6
2022-06-01 05:29:01+02:00,92.7
2022-06-01 05:30:02+02:00,92.5
2022-06-01 05:31:02+02:00,92.9
2022-06-01 05:32:02+02:00,92.4
2022-06-01 05:33:02+02:00,92.0
2022-06-01 05:34:02+02:00,91.6
2022-06-01 05:35:02+02:00,91.4
2022-06-01 05:36:02+02:00,91.1
2022-06-01 05:37:03+02:00,90.8
2022-06-01 05:38:03+02:00,90.6
2022-06-01 05:39:03+02:00,90.6
2022-06-01 05:40:03+02:00,90.6
2022-06-01 05:41:03+02:00,90.4
2022-06-01 05:42:03+02:00,90.2
2022-06-01 05:43:04+02:00,90.2
2022-06-01 05:44:04+02:00,90.2
2022-06-01 05:45:04+02:00,90.2
2022-06-01 05:46:04+02:00,50.0
2022-06-01 05:47:04+02:00,50.0
2022-06-01 05:48:04+02:00,90.1
2022-06-01 05:49:04+02:00,90.3
2022-06-01 05:50:04+02:00,90.4
2022-06-01 05:51:05+02:00,90.7
2022-06-01 05:52:05+02:00,90.9
2022-06-01 05:53:05+02:00,91.3
2022-06-01 05:54:05+02:00,91.6
2022-06-01 05:55:05+02:00,91.5
2022-06-01 05:56:05+02:00,91.7
2022-06-01 05:57:05+02:00,92.0
2022-06-01 05:58:06+02:00,92.3
2022-06-01 05:59:06+02:00,92.6
2022-06-01 06:00:06+02:00,92.8
2022-06-01 06:01:06+02:00,92.8
2022-06-01 06:02:06+02:00,93.1
2022-06-01 06:03:06+02:00,93.3
2022-06-01 06:04:06+02:00,93.5
2022-06-01 06:05:07+02:00,93.9
2022-06-01 06:06:07+02:00,94.0
2022-06-01 06:07:07+02:00,94.2
2022-06-01 06:08:07+02:00,94.2
2022-06-01 06:09:07+02:00,95.0
2022-06-01 06:10:07+02:00,95.0
2022-06-01 06:11:08+02:00,94.8
2022-06-01 06:12:08+02:00,94.9
2022-06-01 06:13:08+02:00,94.9
2022-06-01 06:14:08+02:00,95.2
2022-06-01 06:15:08+02:00,95.6
2022-06-01 06:16:08+02:00,95.6
2022-06-01 06:17:08+02:00,96.4
2022-06-01 06:18:09+02:00,96.8
2022-06-01 06:19:09+02:00,50.0
2022-06-01 06:20:09+02:00,95.9
2022-06-01 06:21:09+02:00,95.5
2022-06-01 06:22:09+02:00,95.2
2022-06-01 06:23:09+02:00,95.0
2022-06-01 06:24:09+02:00,95.0
2022-06-01 06:25:10+02:00,94.9
2022-06-01 06:26:10+02:00,50.0
2022-06-01 06:27:10+02:00,50.0
2022-06-01 06:28:10+02:00,93.7
2022-06-01 06:29:10+02:00,92.7
2022-06-01 06:30:10+02:00,92.0
2022-06-01 06:31:11+02:00,91.7
2022-06-01 06:32:11+02:00,91.5
2022-06-01 06:33:11+02:00,91.4
2022-06-01 06:34:11+02:00,91.5
2022-06-01 06:35:11+02:00,91.6
2022-06-01 06:36:11+02:00,91.7
2022-06-01 06:37:11+02:00,91.8
2022-06-01 06:38:12+02:00,91.9
2022-06-01 06:39:12+02:00,92.1
2022-06-01 06:40:12+02:00,92.3
2022-06-01 06:41:12+02:00,92.2
2022-06-01 06:42:12+02:00,92.5
2022-06-01 06:43:12+02:00,92.3
2022-06-01 06:44:13+02:00,92.4
2022-06-01 06:45:13+02:00,92.3
2022-06-01 06:46:13+02:00,92.6
2022-06-01 06:47:13+02:00,50.0
2022-06-01 06:48:13+02:00,92.7
2022-06-01 06:49:13+02:00,92.4
2022-06-01 06:50:13+02:00,92.4
2022-06-01 06:51:14+02:00,92.2
2022-06-01 06:52:14+02:00,91.9
2022-06-01 06:53:14+02:00,91.7
2022-06-01 06:54:14+02:00,91.8
2022-06-01 06:55:14+02:00,50.0
2022-06-01 06:56:14+02:00,92.1
2022-06-01 06:57:14+02:00,92.4
2022-06-01 06:58:15+02:00,92.3
2022-06-01 06:59:15+02:00,92.4
2022-06-01 07:00:15+02:00,92.4
2022-06-01 07:01:15+02:00,92.3
2022-06-01 07:02:15+02:00,92.5
2022-06-01 07:03:15+02:00,92.5
2022-06-01 07:04:15+02:00,92.3
2022-06-01 07:05:15+02:00,92.4
2022-06-01 07:06:16+02:00,92.7
2022-06-01 07:07:16+02:00,92.6
2022-06-01 07:08:16+02:00,92.3
2022-06-01 07:09:16+02:00,91.8
2022-06-01 07:10:16+02:00,91.4
2022-06-01 07:11:16+02:00,91.6
2022-06-01 07:12:17+02:00,91.5
2022-06-01 07:13:17+02:00,91.2
2022-06-01 07:14:17+02:00,91.3
2022-06-01 07:15:17+02:00,91.1
2022-06-01 07:16:17+02:00,91.0
2022-06-01 07:17:17+02:00,91.4
2022-06-01 07:18:18+02:00,91.7
2022-06-01 07:19:18+02:00,91.6
2022-06-01 07:20:18+02:00,91.6
2022-06-01 07:21:18+02:00,91.4
2022-06-01 07:22:18+02:00,91.5
2022-06-01 07:23:18+02:00,91.6
2022-06-01 07:24:18+02:00,50.0
2022-06-01 07:25:19+02:00,90.5
2022-06-01 07:26:19+02:00,91.3
2022-06-01 07:27:19+02:00,50.0
2022-06-01 07:28:19+02:00,50.0
2022-06-01 07:29:19+02:00,50.0
2022-06-01 07:30:19+02:00,50.0
2022-06-01 07:31:19+02:00,91.9
2022-06-01 07:32:20+02:00,50.0
2022-06-01 07:33:20+02:00,50.0
2022-06-01 07:34:20+02:00,50.0
2022-06-01 07:35:20+02:00,50.0
2022-06-01 07:36:20+02:00,92.5
2022-06-01 07:37:20+02:00,92.5
2022-06-01 07:38:20+02:00,92.2
2022-06-01 07:39:21+02:00,92.2
2022-06-01 07:40:21+02:00,91.8
2022-06-01 07:41:21+02:00,50.0
2022-06-01 07:42:21+02:00,92.4
2022-06-01 07:43:21+02:00,93.4
2022-06-01 07:44:21+02:00,92.8
2022-06-01 07:45:21+02:00,93.0
2022-06-01 07:46:22+02:00,92.6
2022-06-01 07:47:22+02:00,50.0
2022-06-01 07:48:22+02:00,92.4
2022-06-01 07:49:22+02:00,92.4
2022-06-01 07:50:22+02:00,91.7
2022-06-01 07:51:22+02:00,50.0
2022-06-01 07:52:22+02:00,50.0
2022-06-01 07:53:23+02:00,50.0
2022-06-01 07:54:23+02:00,93.0
2022-06-01 07:55:23+02:00,93.6
2022-06-01 07:56:23+02:00,94.6
2022-06-01 07:57:23+02:00,50.0
2022-06-01 07:58:23+02:00,93.3
2022-06-01 07:59:23+02:00,91.7
2022-06-01 08:00:24+02:00,50.0
2022-06-01 08:01:24+02:00,92.8
2022-06-01 08:02:24+02:00,50.0
2022-06-01 08:03:24+02:00,50.0
2022-06-01 08:04:24+02:00,50.0
2022-06-01 08:05:24+02:00,50.0
2022-06-01 08:06:24+02:00,93.6
2022-06-01 08:07:25+02:00,50.0
2022-06-01 08:08:25+02:00,50.0
2022-06-01 08:09:25+02:00,50.0
2022-06-01 08:10:25+02:00,50.0
2022-06-01 08:11:25+02:00,50.0
2022-06-01 08:12:25+02:00,90.5
2022-06-01 08:13:25+02:00,50.0
2022-06-01 08:14:25+02:00,50.0
2022-06-01 08:15:25+02:00,50.0
2022-06-01 08:16:25+02:00,90.8
2022-06-01 08:17:25+02:00,89.8
2022-06-01 08:18:25+02:00,90.3
2022-06-01 08:19:25+02:00,90.5
2022-06-01 08:20:25+02:00,90.8
2022-06-01 08:21:25+02:00,50.0
2022-06-01 08:22:25+02:00,50.0
2022-06-01 08:23:25+02:00,50.0
2022-06-01 08:24:25+02:00,50.0
2022-06-01 08:25:25+02:00,50.0
2022-06-01 08:26:26+02:00,50.0
2022-06-01 08:27:26+02:00,50.0
2022-06-01 08:28:26+02:00,50.0
2022-06-01 08:29:26+02:00,50.0
2022-06-01 08:30:27+02:00,50.0
2022-06-01 08:31:27+02:00,50.0
2022-06-01 08:32:27+02:00,50.0
2022-06-01 08:33:27+02:00,50.0
2022-06-01 08:34:27+02:00,90.6
2022-06-01 08:35:27+02:00,88.8
2022-06-01 08:36:27+02:00,50.0
2022-06-01 08:37:27+02:00,90.3
2022-06-01 08:38:27+02:00,91.0
2022-06-01 08:39:27+02:00,50.0
2022-06-01 08:40:28+02:00,90.8
2022-06-01 08:41:28+02:00,50.0
2022-06-02 00:18:30+02:00,50.0
2022-06-02 00:19:30+02:00,95.3
2022-06-02 00:20:30+02:00,95.6
2022-06-02 00:21:30+02:00,95.8
2022-06-02 00:22:30+02:00,95.7
2022-06-02 00:23:30+02:00,96.0
2022-06-02 00:24:30+02:00,95.3
2022-06-02 00:25:30+02:00,94.8
2022-06-02 00:26:30+02:00,94.4
2022-06-02 00:27:30+02:00,94.2
2022-06-02 00:28:30+02:00,94.0
2022-06-02 00:29:30+02:00,93.8
2022-06-02 00:30:30+02:00,93.8
2022-06-02 00:31:30+02:00,93.8
2022-06-02 00:32:30+02:00,93.8
2022-06-02 00:33:31+02:00,93.8
2022-06-02 00:34:31+02:00,93.7
2022-06-02 00:35:31+02:00,93.7
2022-06-02 00:36:31+02:00,93.6
2022-06-02 00:37:31+02:00,93.6
2022-06-02 00:38:31+02:00,93.6
2022-06-02 00:39:32+02:00,93.6
2022-06-02 00:40:32+02:00,93.6
2022-06-02 00:41:32+02:00,93.6
2022-06-02 00:42:32+02:00,93.6
2022-06-02 00:43:32+02:00,93.6
2022-06-02 00:44:32+02:00,93.7
2022-06-02 00:45:32+02:00,93.7
2022-06-02 00:46:33+02:00,93.8
2022-06-02 00:47:33+02:00,93.8
2022-06-02 00:48:33+02:00,93.8
2022-06-02 00:49:33+02:00,93.7
2022-06-02 00:50:33+02:00,93.7
2022-06-02 00:51:33+02:00,93.8
2022-06-02 00:52:33+02:00,93.8
2022-06-02 00:53:34+02:00,93.8
2022-06-02 00:54:34+02:00,93.8
2022-06-02 00:55:34+02:00,93.7
2022-06-02 00:56:34+02:00,93.7
2022-06-02 00:57:34+02:00,93.6
2022-06-02 00:58:34+02:00,93.6
2022-06-02 00:59:35+02:00,93.6
2022-06-02 01:00:35+02:00,93.7
2022-06-02 01:01:35+02:00,93.6
2022-06-02 01:02:35+02:00,93.6
2022-06-02 01:03:35+02:00,93.6
2022-06-02 01:04:35+02:00,93.6
2022-06-02 01:05:35+02:00,93.6
2022-06-02 01:06:36+02:00,93.6
2022-06-02 01:07:36+02:00,93.6
2022-06-02 01:08:36+02:00,93.7
2022-06-02 01:09:36+02:00,93.7
2022-06-02 01:10:36+02:00,93.7
2022-06-02 01:11:36+02:00,93.7
2022-06-02 01:12:36+02:00,93.5
2022-06-02 01:13:37+02:00,93.2
2022-06-02 01:14:37+02:00,93.1
2022-06-02 01:15:37+02:00,93.0
2022-06-02 01:16:37+02:00,93.0
2022-06-02 01:17:37+02:00,92.9
2022-06-02 01:18:37+02:00,92.8
2022-06-02 01:19:37+02:00,93.2
2022-06-02 01:20:38+02:00,93.8
2022-06-02 01:21:38+02:00,93.9
2022-06-02 01:22:38+02:00,93.9
2022-06-02 01:23:38+02:00,93.7
2022-06-02 01:24:38+02:00,93.5
2022-06-02 01:25:38+02:00,93.1
2022-06-02 01:26:39+02:00,93.1
2022-06-02 01:27:39+02:00,93.1
2022-06-02 01:28:39+02:00,93.0
2022-06-02 01:29:39+02:00,93.0
2022-06-02 01:30:39+02:00,92.8
2022-06-02 01:31:39+02:00,92.8
2022-06-02 01:32:39+02:00,92.9
2022-06-02 01:33:40+02:00,92.8
2022-06-02 01:34:40+02:00,92.8
2022-06-02 01:35:40+02:00,92.8
2022-06-02 01:36:40+02:00,92.8
2022-06-02 01:37:40+02:00,93.0
2022-06-02 01:38:40+02:00,93.2
2022-06-02 01:39:40+02:00,93.1
2022-06-02 01:40:41+02:00,93.0
2022-06-02 01:41:41+02:00,92.8
2022-06-02 01:42:41+02:00,92.9
2022-06-02 01:43:41+02:00,92.9
2022-06-02 01:44:41+02:00,93.1
2022-06-02 01:45:41+02:00,50.0
2022-06-02 01:46:41+02:00,50.0
2022-06-02 01:47:42+02:00,50.0
2022-06-02 01:48:42+02:00,50.0
2022-06-02 01:49:42+02:00,50.0
2022-06-02 01:50:42+02:00,50.0
2022-06-02 01:51:42+02:00,50.0
2022-06-02 01:52:42+02:00,93.0
2022-06-02 01:53:43+02:00,89.8
2022-06-02 01:54:43+02:00,50.0
2022-06-02 01:55:43+02:00,50.0
2022-06-02 01:56:43+02:00,50.0
2022-06-02 01:57:43+02:00,50.0
2022-06-02 01:58:43+02:00,50.0
2022-06-02 01:59:44+02:00,50.0
2022-06-02 02:00:44+02:00,88.7
2022-06-02 02:00:44+02:00,88.7
2022-06-02 02:01:44+02:00,89.2
2022-06-02 02:02:44+02:00,50.0
2022-06-02 02:03:44+02:00,89.9
2022-06-02 02:04:44+02:00,90.1
2022-06-02 02:05:44+02:00,90.1
2022-06-02 02:06:45+02:00,90.2
2022-06-02 02:07:45+02:00,90.3
2022-06-02 02:08:45+02:00,90.3
2022-06-02 02:09:45+02:00,90.2
2022-06-02 02:10:45+02:00,50.0
2022-06-02 02:11:45+02:00,90.2
2022-06-02 02:12:45+02:00,90.1
2022-06-02 02:13:45+02:00,90.0
2022-06-02 02:14:46+02:00,89.7
2022-06-02 02:15:46+02:00,89.1
2022-06-02 02:16:46+02:00,89.1
2022-06-02 02:17:46+02:00,89.3
2022-06-02 02:18:46+02:00,89.3
2022-06-02 02:19:46+02:00,89.4
2022-06-02 02:20:47+02:00,50.0
2022-06-02 02:21:47+02:00,50.0
2022-06-02 02:22:47+02:00,90.4
2022-06-02 02:23:47+02:00,50.0
2022-06-02 02:24:47+02:00,50.0
2022-06-02 02:25:47+02:00,90.0
2022-06-02 02:26:47+02:00,89.9
2022-06-02 02:27:48+02:00,89.8
2022-06-02 02:28:48+02:00,89.8
2022-06-02 02:29:48+02:00,89.8
2022-06-02 02:30:48+02:00,89.9
2022-06-02 02:31:48+02:00,89.9
2022-06-02 02:32:48+02:00,90.0
2022-06-02 02:33:48+02:00,90.2
2022-06-02 02:34:49+02:00,90.3
2022-06-02 02:35:49+02:00,90.3
2022-06-02 02:36:49+02:00,90.4
2022-06-02 02:37:49+02:00,90.4
2022-06-02 02:38:49+02:00,90.5
2022-06-02 02:39:49+02:00,90.5
2022-06-02 02:40:50+02:00,90.7
2022-06-02 02:41:50+02:00,90.8
2022-06-02 02:42:50+02:00,91.0
2022-06-02 02:43:50+02:00,91.0
2022-06-02 02:44:50+02:00,50.0
2022-06-02 02:45:51+02:00,91.7
2022-06-02 02:46:51+02:00,93.0
2022-06-02 02:47:51+02:00,50.0
2022-06-02 02:48:51+02:00,50.0
2022-06-02 02:49:51+02:00,92.6
2022-06-02 02:50:51+02:00,91.5
2022-06-02 02:51:51+02:00,90.8
2022-06-02 02:52:51+02:00,90.0
2022-06-02 02:53:52+02:00,89.5
2022-06-02 02:54:52+02:00,89.1
2022-06-02 02:55:52+02:00,89.0
2022-06-02 02:56:52+02:00,89.0
2022-06-02 02:57:52+02:00,89.0
2022-06-02 02:58:52+02:00,88.9
2022-06-02 02:59:53+02:00,89.2
2022-06-02 03:00:53+02:00,89.3
2022-06-02 03:01:53+02:00,89.3
2022-06-02 03:02:53+02:00,89.2
2022-06-02 03:03:53+02:00,88.9
2022-06-02 03:04:53+02:00,88.7
2022-06-02 03:05:53+02:00,88.6
2022-06-02 03:06:54+02:00,88.6
2022-06-02 03:07:54+02:00,88.6
2022-06-02 03:08:54+02:00,88.6
2022-06-02 03:09:54+02:00,88.5
2022-06-02 03:10:54+02:00,50.0
2022-06-02 03:11:54+02:00,50.0
2022-06-02 03:12:55+02:00,88.3
2022-06-02 03:13:55+02:00,87.5
2022-06-02 03:14:55+02:00,87.4
2022-06-02 03:15:55+02:00,87.3
2022-06-02 03:16:55+02:00,87.5
2022-06-02 03:17:55+02:00,87.7
2022-06-02 03:18:55+02:00,87.7
2022-06-02 03:19:55+02:00,87.9
2022-06-02 03:20:56+02:00,88.0
2022-06-02 03:21:56+02:00,88.0
2022-06-02 03:22:56+02:00,88.0
2022-06-02 03:23:56+02:00,88.2
2022-06-02 03:24:56+02:00,88.0
2022-06-02 03:25:56+02:00,88.3
2022-06-02 03:26:57+02:00,88.3
2022-06-02 03:27:57+02:00,88.6
2022-06-02 03:28:57+02:00,88.8
2022-06-02 03:29:57+02:00,88.9
2022-06-02 03:30:57+02:00,88.9
2022-06-02 03:31:57+02:00,89.1
2022-06-02 03:32:57+02:00,89.2
2022-06-02 03:33:58+02:00,88.1
2022-06-02 03:34:58+02:00,88.5
2022-06-02 03:35:58+02:00,88.9
2022-06-02 03:36:58+02:00,89.5
2022-06-02 03:37:58+02:00,89.5
2022-06-02 03:38:58+02:00,89.3
2022-06-02 03:39:59+02:00,89.5
2022-06-02 03:40:59+02:00,89.5
2022-06-02 03:41:59+02:00,50.0
2022-06-02 03:42:59+02:00,90.3
2022-06-02 03:43:59+02:00,90.1
2022-06-02 03:44:59+02:00,50.0
2022-06-02 03:45:59+02:00,89.9
2022-06-02 03:46:59+02:00,89.5
2022-06-02 03:48:00+02:00,89.5
2022-06-02 03:49:00+02:00,89.5
2022-06-02 03:50:00+02:00,89.6
2022-06-02 03:51:00+02:00,89.5
2022-06-02 03:52:00+02:00,89.3
2022-06-02 03:53:00+02:00,89.5
2022-06-02 03:54:00+02:00,89.4
2022-06-02 03:55:00+02:00,89.7
2022-06-02 03:56:01+02:00,89.9
2022-06-02 03:57:01+02:00,89.9
2022-06-02 03:58:01+02:00,89.8
2022-06-02 03:59:01+02:00,89.7
2022-06-02 04:00:01+02:00,50.0
2022-06-02 04:01:01+02:00,89.0
2022-06-02 04:02:01+02:00,89.9
2022-06-02 04:03:02+02:00,50.0
2022-06-02 04:04:02+02:00,90.6
2022-06-02 04:05:02+02:00,90.6
2022-06-02 04:06:02+02:00,90.6
2022-06-02 04:07:02+02:00,90.8
2022-06-02 04:08:02+02:00,90.6
2022-06-02 04:09:02+02:00,90.5
2022-06-02 04:10:03+02:00,90.1
2022-06-02 04:11:03+02:00,89.8
2022-06-02 04:12:03+02:00,90.1
2022-06-02 04:13:03+02:00,89.6
2022-06-02 04:14:03+02:00,89.1
2022-06-02 04:15:03+02:00,50.0
2022-06-02 04:16:04+02:00,89.3
2022-06-02 04:17:04+02:00,90.4
2022-06-02 04:18:04+02:00,90.8
2022-06-02 04:19:04+02:00,91.1
2022-06-02 04:20:04+02:00,91.5
2022-06-02 04:21:04+02:00,91.7
2022-06-02 04:22:04+02:00,92.0
2022-06-02 04:23:04+02:00,92.5
2022-06-02 04:24:05+02:00,92.8
2022-06-02 04:25:05+02:00,92.9
2022-06-02 04:26:05+02:00,93.2
2022-06-02 04:27:05+02:00,93.4
2022-06-02 04:28:05+02:00,93.4
2022-06-02 04:29:05+02:00,93.5
2022-06-02 04:30:05+02:00,93.5
2022-06-02 04:31:06+02:00,93.7
2022-06-02 04:32:06+02:00,93.8
2022-06-02 04:33:06+02:00,50.0
2022-06-02 04:34:06+02:00,50.0
2022-06-02 04:35:06+02:00,92.7
2022-06-02 04:36:06+02:00,92.3
2022-06-02 04:37:06+02:00,91.9
2022-06-02 04:38:07+02:00,50.0
2022-06-02 04:39:07+02:00,91.9
2022-06-02 04:40:07+02:00,91.8
2022-06-02 04:41:07+02:00,92.0
2022-06-02 04:42:07+02:00,50.0
2022-06-02 04:43:07+02:00,91.7
2022-06-02 04:44:07+02:00,91.7
2022-06-02 04:45:08+02:00,50.0
2022-06-02 04:46:08+02:00,91.7
2022-06-02 04:47:08+02:00,91.7
2022-06-02 04:48:08+02:00,91.6
2022-06-02 04:49:08+02:00,91.7
2022-06-02 04:50:08+02:00,91.8
2022-06-02 04:51:08+02:00,91.9
2022-06-02 04:52:09+02:00,92.0
2022-06-02 04:53:09+02:00,92.1
2022-06-02 04:54:09+02:00,92.2
2022-06-02 04:55:09+02:00,92.3
2022-06-02 04:56:09+02:00,92.3
2022-06-02 04:57:09+02:00,92.4
2022-06-02 04:58:10+02:00,92.4
2022-06-02 04:59:10+02:00,92.4
2022-06-02 05:00:10+02:00,50.0
2022-06-02 05:01:10+02:00,92.9
2022-06-02 05:02:10+02:00,92.9
2022-06-02 05:03:10+02:00,50.0
2022-06-02 05:04:10+02:00,92.9
2022-06-02 05:05:11+02:00,92.7
2022-06-02 05:06:11+02:00,93.1
2022-06-02 05:07:11+02:00,93.0
2022-06-02 05:08:11+02:00,92.9
2022-06-02 05:09:11+02:00,50.0
2022-06-02 05:10:11+02:00,92.1
2022-06-02 05:11:11+02:00,92.0
2022-06-02 05:12:12+02:00,92.2
2022-06-02 05:13:12+02:00,92.3
2022-06-02 05:14:12+02:00,92.5
2022-06-02 05:15:12+02:00,92.5
2022-06-02 05:16:12+02:00,92.6
2022-06-02 05:17:12+02:00,92.7
2022-06-02 05:18:13+02:00,92.7
2022-06-02 05:19:13+02:00,92.8
2022-06-02 05:20:13+02:00,92.7
2022-06-02 05:21:13+02:00,92.9
2022-06-02 05:22:13+02:00,92.9
2022-06-02 05:23:13+02:00,92.8
2022-06-02 05:24:13+02:00,92.7
2022-06-02 05:25:14+02:00,92.6
2022-06-02 05:26:14+02:00,93.0
2022-06-02 05:27:14+02:00,93.1
2022-06-02 05:28:14+02:00,93.1
2022-06-02 05:29:14+02:00,93.1
2022-06-02 05:30:14+02:00,93.3
2022-06-02 05:31:14+02:00,93.4
2022-06-02 05:32:15+02:00,93.5
2022-06-02 05:33:15+02:00,50.0
2022-06-02 05:34:15+02:00,94.0
2022-06-02 05:35:15+02:00,50.0
2022-06-02 05:36:15+02:00,93.6
2022-06-02 05:37:15+02:00,93.2
2022-06-02 05:38:15+02:00,92.9
2022-06-02 05:39:16+02:00,92.8
2022-06-02 05:40:16+02:00,92.8
2022-06-02 05:41:16+02:00,93.1
2022-06-02 05:42:16+02:00,93.2
2022-06-02 05:43:16+02:00,92.9
2022-06-02 05:44:16+02:00,92.8
2022-06-02 05:45:16+02:00,92.9
2022-06-02 05:46:17+02:00,92.9
2022-06-02 05:47:17+02:00,93.0
2022-06-02 05:48:17+02:00,92.8
2022-06-02 05:49:17+02:00,92.6
2022-06-02 05:50:17+02:00,92.2
2022-06-02 05:51:17+02:00,92.1
2022-06-02 05:52:17+02:00,92.0
2022-06-02 05:53:18+02:00,92.4
2022-06-02 05:54:18+02:00,91.5
2022-06-02 05:55:18+02:00,91.0
2022-06-02 05:56:18+02:00,91.3
2022-06-02 05:57:18+02:00,90.3
2022-06-02 05:58:18+02:00,91.1
2022-06-02 05:59:19+02:00,50.0
2022-06-02 06:00:19+02:00,91.3
2022-06-02 06:01:19+02:00,50.0
2022-06-02 06:02:19+02:00,92.5
2022-06-02 06:03:19+02:00,50.0
2022-06-02 06:04:19+02:00,92.4
2022-06-02 06:05:19+02:00,92.0
2022-06-02 06:06:20+02:00,91.5
2022-06-02 06:07:20+02:00,50.0
2022-06-02 06:08:20+02:00,91.6
2022-06-02 06:09:20+02:00,91.8
2022-06-02 06:10:20+02:00,91.8
2022-06-02 06:11:20+02:00,91.6
2022-06-02 06:12:21+02:00,91.8
2022-06-02 06:13:21+02:00,92.0
2022-06-02 06:14:21+02:00,92.1
2022-06-02 06:15:21+02:00,92.1
2022-06-02 06:16:21+02:00,92.3
2022-06-02 06:17:21+02:00,92.3
2022-06-02 06:18:21+02:00,92.4
2022-06-02 06:19:22+02:00,92.4
2022-06-02 06:20:22+02:00,92.5
2022-06-02 06:21:22+02:00,92.6
2022-06-02 06:22:22+02:00,92.5
2022-06-02 06:23:22+02:00,92.5
2022-06-02 06:24:22+02:00,92.5
2022-06-02 06:25:22+02:00,92.6
2022-06-02 06:26:23+02:00,92.4
2022-06-02 06:27:23+02:00,92.5
2022-06-02 06:28:23+02:00,92.3
2022-06-02 06:29:23+02:00,92.1
2022-06-02 06:30:23+02:00,91.9
2022-06-02 06:31:23+02:00,92.0
2022-06-02 06:32:23+02:00,91.8
2022-06-02 06:33:24+02:00,91.9
2022-06-02 06:34:24+02:00,92.2
2022-06-02 06:35:24+02:00,91.9
2022-06-02 06:36:24+02:00,91.6
2022-06-02 06:37:24+02:00,91.6
2022-06-02 06:38:24+02:00,91.4
2022-06-02 06:39:25+02:00,91.0
2022-06-02 06:40:25+02:00,91.0
2022-06-02 06:41:25+02:00,91.1
2022-06-02 06:42:25+02:00,91.4
2022-06-02 06:43:25+02:00,91.5
2022-06-02 06:44:25+02:00,91.6
2022-06-02 06:45:25+02:00,91.5
2022-06-02 06:46:25+02:00,91.7
2022-06-02 06:47:25+02:00,92.0
2022-06-02 06:48:25+02:00,92.1
2022-06-02 06:49:25+02:00,92.1
2022-06-02 06:50:26+02:00,92.0
2022-06-02 06:51:26+02:00,50.0
2022-06-02 06:52:26+02:00,50.0
2022-06-02 06:53:26+02:00,92.0
2022-06-02 06:54:26+02:00,92.2
2022-06-02 06:55:26+02:00,92.3
2022-06-02 06:56:26+02:00,50.0
2022-06-02 06:57:26+02:00,50.0
2022-06-02 06:58:26+02:00,50.0
2022-06-02 06:59:26+02:00,50.0
2022-06-02 07:00:26+02:00,50.0
2022-06-02 07:01:26+02:00,50.0
2022-06-02 07:02:26+02:00,50.0
2022-06-02 07:03:26+02:00,91.9
2022-06-02 07:04:26+02:00,50.0
2022-06-02 07:05:27+02:00,50.0
2022-06-02 07:06:27+02:00,50.0
2022-06-02 07:07:27+02:00,50.0
2022-06-02 07:08:27+02:00,50.0
2022-06-02 07:09:27+02:00,50.0
2022-06-02 07:10:27+02:00,50.0
2022-06-02 07:11:27+02:00,50.0
2022-06-02 07:12:27+02:00,50.0
2022-06-02 07:13:27+02:00,50.0
2022-06-02 07:14:28+02:00,50.0
2022-06-02 07:15:28+02:00,50.0
2022-06-02 07:16:28+02:00,50.0
2022-06-02 07:17:28+02:00,50.0
2022-06-02 07:18:28+02:00,50.0
2022-06-02 07:19:28+02:00,50.0
2022-06-02 07:20:28+02:00,50.0
2022-06-02 07:21:28+02:00,50.0
2022-06-02 07:22:28+02:00,50.0
2022-06-02 07:23:29+02:00,50.0
2022-06-02 07:24:29+02:00,50.0
2022-06-02 07:25:29+02:00,50.0
2022-06-02 07:26:29+02:00,50.0
2022-06-02 07:27:29+02:00,50.0
2022-06-02 07:28:29+02:00,50.0
2022-06-02 07:29:29+02:00,50.0
2022-06-02 07:30:29+02:00,50.0
2022-06-03 01:26:00+02:00,50.0
2022-06-03 01:27:00+02:00,88.8
2022-06-03 01:28:00+02:00,89.2
2022-06-03 01:29:00+02:00,89.3
2022-06-03 01:30:00+02:00,89.6
2022-06-03 01:31:00+02:00,89.8
2022-06-03 01:32:00+02:00,89.9
2022-06-03 01:33:00+02:00,90.0
2022-06-03 01:34:00+02:00,90.1
2022-06-03 01:35:00+02:00,90.1
2022-06-03 01:36:00+02:00,90.2
2022-06-03 01:37:00+02:00,90.5
2022-06-03 01:38:01+02:00,90.8
2022-06-03 01:39:01+02:00,91.0
2022-06-03 01:40:01+02:00,91.1
2022-06-03 01:41:01+02:00,91.0
2022-06-03 01:42:01+02:00,90.6
2022-06-03 01:43:01+02:00,90.5
2022-06-03 01:44:01+02:00,90.6
2022-06-03 01:45:02+02:00,90.5
2022-06-03 01:46:02+02:00,50.0
2022-06-03 01:47:02+02:00,91.5
2022-06-03 01:48:02+02:00,50.0
2022-06-03 01:49:02+02:00,50.0
2022-06-03 01:50:02+02:00,92.8
2022-06-03 01:51:02+02:00,92.9
2022-06-03 01:52:02+02:00,93.1
2022-06-03 01:53:03+02:00,93.5
2022-06-03 01:54:03+02:00,93.5
2022-06-03 01:55:03+02:00,93.7
2022-06-03 01:56:03+02:00,93.5
2022-06-03 01:57:03+02:00,93.6
2022-06-03 01:58:03+02:00,93.8
2022-06-03 01:59:03+02:00,93.9
2022-06-03 02:00:04+02:00,93.6
2022-06-03 02:00:04+02:00,93.6
2022-06-03 02:01:04+02:00,93.6
2022-06-03 02:02:04+02:00,93.9
2022-06-03 02:03:04+02:00,93.8
2022-06-03 02:04:04+02:00,93.9
2022-06-03 02:05:04+02:00,95.8
2022-06-03 02:06:04+02:00,97.6
2022-06-03 02:07:04+02:00,50.0
2022-06-03 02:08:05+02:00,96.3
2022-06-03 02:09:05+02:00,50.0
2022-06-03 02:10:05+02:00,95.3
2022-06-03 02:11:05+02:00,94.4
2022-06-03 02:12:05+02:00,93.4
2022-06-03 02:13:05+02:00,92.7
2022-06-03 02:14:05+02:00,92.3
2022-06-03 02:15:06+02:00,91.8
2022-06-03 02:16:06+02:00,91.7
2022-06-03 02:17:06+02:00,91.4
2022-06-03 02:18:06+02:00,91.2
2022-06-03 02:19:06+02:00,91.1
2022-06-03 02:20:06+02:00,91.3
2022-06-03 02:21:06+02:00,91.2
2022-06-03 02:22:07+02:00,91.1
2022-06-03 02:23:07+02:00,91.1
2022-06-03 02:24:07+02:00,91.2
2022-06-03 02:25:07+02:00,91.3
2022-06-03 02:26:07+02:00,91.2
2022-06-03 02:27:07+02:00,91.2
2022-06-03 02:28:07+02:00,91.3
2022-06-03 02:29:08+02:00,91.3
2022-06-03 02:30:08+02:00,91.3
2022-06-03 02:31:08+02:00,91.5
2022-06-03 02:32:08+02:00,91.4
2022-06-03 02:33:08+02:00,91.5
2022-06-03 02:34:08+02:00,91.4
2022-06-03 02:35:08+02:00,91.6
2022-06-03 02:36:09+02:00,91.5
2022-06-03 02:37:09+02:00,91.5
2022-06-03 02:38:09+02:00,91.5
2022-06-03 02:39:09+02:00,91.4
2022-06-03 02:40:09+02:00,91.3
2022-06-03 02:41:09+02:00,50.0
2022-06-03 02:42:10+02:00,93.6
2022-06-03 02:43:10+02:00,50.0
2022-06-03 02:44:10+02:00,50.0
2022-06-03 02:45:10+02:00,94.1
2022-06-03 02:46:10+02:00,93.7
2022-06-03 02:47:10+02:00,92.9
2022-06-03 02:48:10+02:00,92.8
2022-06-03 02:49:10+02:00,92.8
2022-06-03 02:50:11+02:00,92.7
2022-06-03 02:51:11+02:00,92.9
2022-06-03 02:52:11+02:00,93.0
2022-06-03 02:53:11+02:00,93.0
2022-06-03 02:54:11+02:00,92.9
2022-06-03 02:55:11+02:00,93.1
2022-06-03 02:56:12+02:00,93.1
2022-06-03 02:57:12+02:00,93.0
2022-06-03 02:58:12+02:00,92.5
2022-06-03 02:59:12+02:00,92.5
2022-06-03 03:00:12+02:00,92.4
2022-06-03 03:01:12+02:00,92.4
2022-06-03 03:02:12+02:00,50.0
2022-06-03 03:03:13+02:00,92.6
2022-06-03 03:04:13+02:00,50.0
2022-06-03 03:05:13+02:00,50.0
2022-06-03 03:06:13+02:00,91.4
2022-06-03 03:07:13+02:00,90.3
2022-06-03 03:08:13+02:00,89.7
2022-06-03 03:09:13+02:00,89.5
2022-06-03 03:10:13+02:00,88.8
2022-06-03 03:11:14+02:00,88.6
2022-06-03 03:12:14+02:00,88.3
2022-06-03 03:13:14+02:00,88.5
2022-06-03 03:14:14+02:00,88.7
2022-06-03 03:15:14+02:00,88.8
2022-06-03 03:16:14+02:00,89.3
2022-06-03 03:17:15+02:00,89.5
2022-06-03 03:18:15+02:00,89.4
2022-06-03 03:19:15+02:00,89.9
2022-06-03 03:20:15+02:00,90.7
2022-06-03 03:21:15+02:00,91.2
2022-06-03 03:22:15+02:00,92.0
2022-06-03 03:23:15+02:00,92.2
2022-06-03 03:24:16+02:00,92.4
2022-06-03 03:25:16+02:00,92.5
2022-06-03 03:26:16+02:00,92.7
2022-06-03 03:27:16+02:00,92.6
2022-06-03 03:28:16+02:00,92.9
2022-06-03 03:29:16+02:00,92.6
2022-06-03 03:30:17+02:00,92.5
2022-06-03 03:31:17+02:00,92.4
2022-06-03 03:32:17+02:00,92.2
2022-06-03 03:33:17+02:00,92.1
2022-06-03 03:34:17+02:00,92.2
2022-06-03 03:35:17+02:00,92.2
2022-06-03 03:36:17+02:00,91.9
2022-06-03 03:37:18+02:00,91.4
2022-06-03 03:38:18+02:00,91.1
2022-06-03 03:39:18+02:00,90.9
2022-06-03 03:40:18+02:00,91.2
2022-06-03 03:41:18+02:00,91.8
2022-06-03 03:42:18+02:00,91.9
2022-06-03 03:43:18+02:00,92.1
2022-06-03 03:44:19+02:00,92.3
2022-06-03 03:45:19+02:00,92.3
2022-06-03 03:46:19+02:00,92.5
2022-06-03 03:47:19+02:00,92.1
2022-06-03 03:48:19+02:00,91.8
2022-06-03 03:49:19+02:00,91.4
2022-06-03 03:50:19+02:00,91.3
2022-06-03 03:51:20+02:00,91.4
2022-06-03 03:52:20+02:00,91.5
2022-06-03 03:53:20+02:00,91.7
2022-06-03 03:54:20+02:00,92.0
2022-06-03 03:55:20+02:00,50.0
2022-06-03 03:56:20+02:00,91.7
2022-06-03 03:57:20+02:00,91.9
2022-06-03 03:58:21+02:00,91.5
2022-06-03 03:59:21+02:00,91.7
2022-06-03 04:00:21+02:00,91.6
2022-06-03 04:01:21+02:00,91.8
2022-06-03 04:02:21+02:00,91.9
2022-06-03 04:03:21+02:00,50.0
2022-06-03 04:04:22+02:00,92.3
2022-06-03 04:05:22+02:00,92.6
2022-06-03 04:06:22+02:00,92.8
2022-06-03 04:07:22+02:00,50.0
2022-06-03 04:08:22+02:00,93.4
2022-06-03 04:09:22+02:00,92.9
2022-06-03 04:10:22+02:00,92.7
2022-06-03 04:11:23+02:00,92.2
2022-06-03 04:12:23+02:00,91.9
2022-06-03 04:13:23+02:00,92.0
2022-06-03 04:14:23+02:00,92.8
2022-06-03 04:15:23+02:00,92.9
2022-06-03 04:16:23+02:00,93.7
2022-06-03 04:17:24+02:00,50.0
2022-06-03 04:18:24+02:00,93.6
2022-06-03 04:19:24+02:00,93.4
2022-06-03 04:20:24+02:00,94.1
2022-06-03 04:21:24+02:00,94.0
2022-06-03 04:22:24+02:00,92.6
2022-06-03 04:23:24+02:00,92.2
2022-06-03 04:24:25+02:00,91.5
2022-06-03 04:25:25+02:00,90.6
2022-06-03 04:26:25+02:00,90.2
2022-06-03 04:27:25+02:00,90.2
2022-06-03 04:28:25+02:00,90.4
2022-06-03 04:29:25+02:00,90.4
2022-06-03 04:30:25+02:00,90.4
2022-06-03 04:31:25+02:00,90.6
2022-06-03 04:32:25+02:00,91.0
2022-06-03 04:33:26+02:00,90.6
2022-06-03 04:34:26+02:00,50.0
2022-06-03 04:35:26+02:00,50.0
2022-06-03 04:36:26+02:00,50.0
2022-06-03 04:37:26+02:00,50.0
2022-06-03 04:38:26+02:00,50.0
2022-06-03 04:39:26+02:00,50.0
2022-06-03 04:40:26+02:00,50.0
2022-06-03 04:41:26+02:00,50.0
2022-06-03 04:42:26+02:00,50.0
2022-06-03 04:43:26+02:00,50.0
2022-06-03 04:44:27+02:00,50.0
2022-06-03 04:45:27+02:00,50.0
2022-06-03 04:46:27+02:00,50.0
2022-06-03 04:47:27+02:00,89.7
2022-06-03 04:48:27+02:00,50.0
2022-06-03 04:49:27+02:00,90.1
2022-06-03 04:50:27+02:00,50.0
2022-06-03 04:51:27+02:00,50.0
2022-06-03 04:52:27+02:00,50.0
2022-06-03 04:53:27+02:00,50.0
2022-06-03 04:54:28+02:00,50.0
2022-06-03 04:55:28+02:00,50.0
2022-06-03 04:56:28+02:00,50.0
2022-06-03 04:57:28+02:00,50.0
2022-06-03 04:58:28+02:00,50.0
2022-06-03 04:59:28+02:00,90.0
2022-06-03 05:00:28+02:00,50.0
2022-06-03 05:01:28+02:00,50.0
2022-06-03 05:02:28+02:00,50.0
2022-06-03 05:03:29+02:00,50.0
2022-06-03 05:04:29+02:00,50.0
2022-06-03 05:05:29+02:00,50.0
2022-06-03 05:06:29+02:00,50.0
2022-06-03 05:07:29+02:00,50.0
2022-06-03 05:08:29+02:00,50.0
2022-06-03 05:09:29+02:00,50.0
2022-06-03 05:10:29+02:00,89.2
2022-06-03 05:11:29+02:00,88.9
2022-06-03 05:12:29+02:00,50.0
2022-06-03 05:13:29+02:00,50.0
2022-06-03 05:14:30+02:00,88.3
2022-06-03 05:15:30+02:00,50.0
2022-06-03 05:16:30+02:00,50.0
2022-06-03 05:17:30+02:00,87.3
2022-06-03 05:18:30+02:00,50.0
2022-06-03 05:19:30+02:00,50.0
2022-06-03 05:20:30+02:00,87.8
2022-06-03 05:21:30+02:00,50.0
2022-06-03 05:22:31+02:00,91.1
2022-06-03 07:48:00+02:00,50.0
2022-06-03 07:49:00+02:00,96.7
2022-06-03 07:50:00+02:00,96.0
2022-06-03 07:51:00+02:00,50.0
2022-06-03 07:52:00+02:00,95.7
2022-06-03 07:53:00+02:00,95.4
2022-06-03 07:54:00+02:00,95.3
2022-06-03 07:55:00+02:00,94.9
2022-06-03 07:56:00+02:00,94.8
2022-06-03 07:57:00+02:00,95.0
2022-06-03 07:58:00+02:00,95.2
2022-06-03 07:59:00+02:00,94.6
2022-06-03 08:00:00+02:00,94.9
2022-06-03 08:01:01+02:00,94.8
2022-06-03 08:02:01+02:00,95.0
2022-06-03 08:03:01+02:00,95.4
2022-06-03 08:04:01+02:00,95.0
2022-06-03 08:05:01+02:00,94.9
2022-06-03 08:06:01+02:00,94.7
2022-06-03 08:07:01+02:00,94.3
2022-06-03 08:08:01+02:00,94.2
2022-06-03 08:09:02+02:00,94.7
2022-06-03 08:10:02+02:00,95.0
2022-06-03 08:11:02+02:00,95.1
2022-06-03 08:12:02+02:00,94.8
2022-06-03 08:13:02+02:00,94.4
2022-06-03 08:14:02+02:00,94.8
2022-06-03 08:15:02+02:00,94.9
2022-06-03 08:16:03+02:00,94.7
2022-06-03 08:17:03+02:00,94.5
2022-06-03 08:18:03+02:00,93.8
2022-06-03 08:19:03+02:00,93.9
2022-06-03 08:20:03+02:00,93.9
2022-06-03 08:21:03+02:00,94.0
2022-06-03 08:22:03+02:00,94.1
2022-06-03 08:23:03+02:00,94.0
2022-06-03 08:24:04+02:00,94.2
2022-06-03 08:25:04+02:00,94.1
2022-06-03 08:26:04+02:00,93.9
2022-06-03 08:27:04+02:00,94.0
2022-06-03 08:28:04+02:00,94.0
2022-06-03 08:29:04+02:00,94.1
2022-06-03 08:30:04+02:00,93.9
2022-06-03 08:31:04+02:00,50.0
2022-06-03 08:32:05+02:00,93.5
2022-06-03 08:33:05+02:00,92.2
2022-06-03 08:34:05+02:00,91.0
2022-06-03 08:35:05+02:00,90.2
2022-06-03 08:36:05+02:00,89.5
2022-06-03 08:37:05+02:00,88.8
2022-06-03 08:38:05+02:00,88.2
2022-06-03 08:39:05+02:00,87.8
2022-06-03 08:40:06+02:00,87.6
2022-06-03 08:41:06+02:00,87.4
2022-06-03 08:42:06+02:00,87.4
2022-06-03 08:43:06+02:00,87.4
2022-06-03 08:44:06+02:00,87.3
2022-06-03 08:45:06+02:00,87.2
2022-06-03 08:46:07+02:00,87.3
2022-06-03 08:47:07+02:00,87.3
2022-06-03 08:48:07+02:00,87.2
2022-06-03 08:49:07+02:00,87.6
2022-06-03 08:50:07+02:00,87.8
2022-06-03 08:51:07+02:00,87.9
2022-06-03 08:52:07+02:00,88.0
2022-06-03 08:53:08+02:00,88.0
2022-06-03 08:54:08+02:00,88.0
2022-06-03 08:55:08+02:00,88.1
2022-06-03 08:56:08+02:00,88.2
2022-06-03 08:57:08+02:00,88.3
2022-06-03 08:58:08+02:00,88.4
2022-06-03 08:59:08+02:00,88.5
2022-06-03 09:00:09+02:00,88.5
2022-06-03 09:01:09+02:00,88.6
2022-06-03 09:02:09+02:00,88.6
2022-06-03 09:03:09+02:00,88.6
2022-06-03 09:04:09+02:00,50.0
2022-06-03 09:05:09+02:00,88.9
2022-06-03 09:06:09+02:00,89.0
2022-06-03 09:07:10+02:00,50.0
2022-06-03 09:08:10+02:00,89.1
2022-06-03 09:09:10+02:00,89.1
2022-06-03 09:10:10+02:00,88.9
2022-06-03 09:11:10+02:00,88.8
2022-06-03 09:12:10+02:00,88.9
2022-06-03 09:13:11+02:00,89.0
2022-06-03 09:14:11+02:00,89.1
2022-06-03 09:15:11+02:00,89.2
2022-06-03 09:16:11+02:00,89.2
2022-06-03 09:17:11+02:00,89.2
2022-06-03 09:18:11+02:00,89.5
2022-06-03 09:19:11+02:00,89.5
2022-06-03 09:20:12+02:00,89.7
2022-06-03 09:21:12+02:00,89.8
2022-06-03 09:22:12+02:00,90.0
2022-06-03 09:23:12+02:00,90.1
2022-06-03 09:24:12+02:00,90.0
2022-06-03 09:25:12+02:00,90.0
2022-06-03 09:26:12+02:00,90.3
2022-06-03 09:27:12+02:00,90.1
2022-06-03 09:28:13+02:00,90.1
2022-06-03 09:29:13+02:00,90.3
2022-06-03 09:30:13+02:00,90.3
2022-06-03 09:31:13+02:00,90.4
2022-06-03 09:32:13+02:00,90.4
2022-06-03 09:33:13+02:00,90.5
2022-06-03 09:34:14+02:00,91.2
2022-06-03 09:35:14+02:00,91.6
2022-06-03 09:36:14+02:00,91.9
2022-06-03 09:37:14+02:00,92.3
2022-06-03 09:38:14+02:00,50.0
2022-06-03 09:39:14+02:00,92.4
2022-06-03 09:40:14+02:00,92.4
2022-06-03 09:41:15+02:00,92.8
2022-06-03 09:42:15+02:00,93.4
2022-06-03 09:43:15+02:00,93.9
2022-06-03 09:44:15+02:00,93.7
2022-06-03 09:45:15+02:00,93.9
2022-06-03 09:46:15+02:00,94.3
2022-06-03 09:47:15+02:00,94.1
2022-06-03 09:48:16+02:00,93.9
2022-06-03 09:49:16+02:00,94.1
2022-06-03 09:50:16+02:00,94.0
2022-06-03 09:51:16+02:00,93.7
2022-06-03 09:52:16+02:00,93.7
2022-06-03 09:53:16+02:00,94.2
2022-06-03 09:54:16+02:00,94.1
2022-06-03 09:55:17+02:00,93.3
2022-06-03 09:56:17+02:00,93.7
2022-06-03 09:57:17+02:00,93.5
2022-06-03 09:58:17+02:00,50.0
2022-06-03 09:59:17+02:00,94.5
2022-06-03 10:00:17+02:00,94.2
2022-06-03 10:01:17+02:00,94.0
2022-06-03 10:02:17+02:00,93.4
2022-06-03 10:03:18+02:00,93.7
2022-06-03 10:04:18+02:00,93.7
2022-06-03 10:05:18+02:00,94.1
2022-06-03 10:06:18+02:00,94.9
2022-06-03 10:07:18+02:00,95.2
2022-06-03 10:08:18+02:00,95.3
2022-06-03 10:09:19+02:00,95.5
2022-06-03 10:10:19+02:00,95.6
2022-06-03 10:11:19+02:00,95.9
2022-06-03 10:12:19+02:00,96.0
2022-06-03 10:13:19+02:00,95.7
2022-06-03 10:14:19+02:00,95.8
2022-06-03 10:15:19+02:00,95.2
2022-06-03 10:16:20+02:00,94.9
2022-06-03 10:17:20+02:00,94.7
2022-06-03 10:18:20+02:00,94.7
2022-06-03 10:19:20+02:00,94.6
2022-06-03 10:20:20+02:00,94.5
2022-06-03 10:21:20+02:00,94.5
2022-06-03 10:22:20+02:00,94.4
2022-06-03 10:23:21+02:00,50.0
2022-06-03 10:24:21+02:00,50.0
2022-06-03 10:25:21+02:00,93.6
2022-06-03 10:26:21+02:00,50.0
2022-06-03 10:27:21+02:00,50.0
2022-06-03 10:28:21+02:00,50.0
2022-06-03 10:29:21+02:00,50.0
2022-06-03 10:30:21+02:00,50.0
2022-06-03 10:31:22+02:00,50.0
2022-06-03 10:32:22+02:00,50.0
2022-06-03 10:33:22+02:00,50.0
2022-06-03 10:34:22+02:00,50.0
2022-06-03 10:35:22+02:00,50.0
2022-06-03 10:36:22+02:00,50.0
2022-06-03 10:37:22+02:00,50.0
2022-06-03 10:38:23+02:00,50.0
2022-06-03 10:39:23+02:00,50.0
2022-06-03 10:40:23+02:00,50.0
2022-06-03 10:41:23+02:00,50.0
2022-06-03 10:42:23+02:00,93.6
2022-06-03 10:43:23+02:00,50.0
2022-06-03 10:44:24+02:00,50.0
2022-06-03 10:45:24+02:00,50.0
2022-06-03 10:46:24+02:00,50.0
2022-06-03 10:47:24+02:00,50.0
2022-06-03 10:48:24+02:00,50.0
2022-06-03 10:49:24+02:00,50.0
2022-06-03 10:50:24+02:00,50.0
2022-06-03 10:51:24+02:00,50.0
2022-06-03 10:52:25+02:00,50.0
2022-06-03 10:53:25+02:00,50.0
2022-06-03 10:54:25+02:00,93.2
2022-06-03 10:55:25+02:00,92.4
2022-06-03 10:56:25+02:00,50.0
2022-06-03 10:57:25+02:00,50.0
2022-06-03 10:58:25+02:00,89.2
2022-06-03 10:59:25+02:00,50.0
2022-06-03 11:00:25+02:00,50.0
2022-06-03 11:01:25+02:00,50.0
2022-06-03 11:02:25+02:00,50.0
2022-06-04 01:30:30+02:00,50.0
2022-06-04 01:31:30+02:00,90.4
2022-06-04 01:32:30+02:00,90.5
2022-06-04 01:33:30+02:00,90.9
2022-06-04 01:34:30+02:00,50.0
2022-06-04 01:35:30+02:00,50.0
2022-06-04 01:36:30+02:00,93.0
2022-06-04 01:37:30+02:00,93.4
2022-06-04 01:38:30+02:00,93.8
2022-06-04 01:39:30+02:00,94.1
2022-06-04 01:40:30+02:00,94.1
2022-06-04 01:41:30+02:00,94.4
2022-06-04 01:42:30+02:00,95.0
2022-06-04 01:43:30+02:00,95.5
2022-06-04 01:44:31+02:00,95.8
2022-06-04 01:45:31+02:00,95.4
2022-06-04 01:46:31+02:00,95.2
2022-06-04 01:47:31+02:00,95.4
2022-06-04 01:48:31+02:00,95.7
2022-06-04 01:49:31+02:00,95.7
2022-06-04 01:50:31+02:00,95.0
2022-06-04 01:51:32+02:00,95.4
2022-06-04 01:52:32+02:00,95.3
2022-06-04 01:53:32+02:00,95.9
2022-06-04 01:54:32+02:00,95.9
2022-06-04 01:55:32+02:00,95.2
2022-06-04 01:56:32+02:00,94.9
2022-06-04 01:57:32+02:00,94.3
2022-06-04 01:58:33+02:00,95.2
2022-06-04 01:59:33+02:00,96.1
2022-06-04 02:00:33+02:00,96.5
2022-06-04 02:00:33+02:00,96.5
2022-06-04 02:01:33+02:00,97.8
2022-06-04 02:02:33+02:00,97.0
2022-06-04 02:03:33+02:00,97.7
2022-06-04 02:04:33+02:00,97.0
2022-06-04 02:05:34+02:00,96.6
2022-06-04 02:06:34+02:00,96.3
2022-06-04 02:07:34+02:00,95.9
2022-06-04 02:08:34+02:00,95.4
2022-06-04 02:09:34+02:00,94.0
2022-06-04 02:10:34+02:00,94.5
2022-06-04 02:11:35+02:00,50.0
2022-06-04 02:12:35+02:00,92.9
2022-06-04 02:13:35+02:00,91.3
2022-06-04 02:14:35+02:00,90.3
2022-06-04 02:15:35+02:00,89.4
2022-06-04 02:16:35+02:00,89.4
2022-06-04 02:17:35+02:00,89.2
2022-06-04 02:18:36+02:00,88.8
2022-06-04 02:19:36+02:00,88.6
2022-06-04 02:20:36+02:00,88.5
2022-06-04 02:21:36+02:00,88.6
2022-06-04 02:22:36+02:00,88.4
2022-06-04 02:23:36+02:00,88.5
2022-06-04 02:24:36+02:00,88.4
2022-06-04 02:25:37+02:00,88.5
2022-06-04 02:26:37+02:00,88.5
2022-06-04 02:27:37+02:00,88.6
2022-06-04 02:28:37+02:00,88.5
2022-06-04 02:29:37+02:00,88.9
2022-06-04 02:30:37+02:00,89.2
2022-06-04 02:31:38+02:00,89.3
2022-06-04 02:32:38+02:00,89.4
2022-06-04 02:33:38+02:00,89.4
2022-06-04 02:34:38+02:00,89.3
2022-06-04 02:35:38+02:00,89.4
2022-06-04 02:36:38+02:00,89.4
2022-06-04 02:37:38+02:00,89.5
2022-06-04 02:38:39+02:00,89.6
2022-06-04 02:39:39+02:00,89.7
2022-06-04 02:40:39+02:00,89.8
2022-06-04 02:41:39+02:00,89.9
2022-06-04 02:42:40+02:00,90.1
2022-06-04 02:43:40+02:00,90.3
2022-06-04 02:44:40+02:00,90.3
2022-06-04 02:45:40+02:00,90.4
2022-06-04 02:46:40+02:00,90.4
2022-06-04 02:47:40+02:00,90.6
2022-06-04 02:48:40+02:00,90.6
2022-06-04 02:49:41+02:00,90.7
2022-06-04 02:50:41+02:00,90.8
2022-06-04 02:51:41+02:00,90.9
2022-06-04 02:52:41+02:00,90.9
2022-06-04 02:53:41+02:00,91.0
2022-06-04 02:54:41+02:00,50.0
2022-06-04 02:55:41+02:00,91.3
2022-06-04 02:56:42+02:00,91.9
2022-06-04 02:57:42+02:00,50.0
2022-06-04 02:58:42+02:00,92.0
2022-06-04 02:59:42+02:00,92.0
2022-06-04 03:00:42+02:00,92.5
2022-06-04 03:01:42+02:00,92.6
2022-06-04 03:02:42+02:00,92.5
2022-06-04 03:03:43+02:00,92.7
2022-06-04 03:04:43+02:00,92.8
2022-06-04 03:05:43+02:00,92.9
2022-06-04 03:06:43+02:00,93.1
2022-06-04 03:07:43+02:00,93.3
2022-06-04 03:08:43+02:00,93.5
2022-06-04 03:09:44+02:00,93.6
2022-06-04 03:10:44+02:00,93.7
2022-06-04 03:11:44+02:00,93.7
2022-06-04 03:12:44+02:00,93.8
2022-06-04 03:13:44+02:00,93.7
2022-06-04 03:14:44+02:00,93.7
2022-06-04 03:15:44+02:00,50.0
2022-06-04 03:16:45+02:00,93.6
2022-06-04 03:17:45+02:00,93.4
2022-06-04 03:18:45+02:00,93.1
2022-06-04 03:19:45+02:00,50.0
2022-06-04 03:20:45+02:00,50.0
2022-06-04 03:21:45+02:00,92.8
2022-06-04 03:22:45+02:00,92.5
2022-06-04 03:23:46+02:00,50.0
2022-06-04 03:24:46+02:00,92.6
2022-06-04 03:25:46+02:00,92.8
2022-06-04 03:26:46+02:00,92.8
2022-06-04 03:27:46+02:00,93.0
2022-06-04 03:28:46+02:00,93.1
2022-06-04 03:29:46+02:00,93.3
2022-06-04 03:30:47+02:00,93.6
2022-06-04 03:31:47+02:00,93.6
2022-06-04 03:32:47+02:00,93.7
2022-06-04 03:33:47+02:00,93.8
2022-06-04 03:34:47+02:00,93.9
2022-06-04 03:35:47+02:00,93.9
2022-06-04 03:36:47+02:00,93.8
2022-06-04 03:37:48+02:00,93.9
2022-06-04 03:38:48+02:00,94.1
2022-06-04 03:39:48+02:00,94.1
2022-06-04 03:40:48+02:00,94.2
2022-06-04 03:41:48+02:00,94.2
2022-06-04 03:42:48+02:00,94.5
2022-06-04 03:43:49+02:00,94.5
2022-06-04 03:44:49+02:00,94.3
2022-06-04 03:45:49+02:00,94.3
2022-06-04 03:46:49+02:00,94.4
2022-06-04 03:47:49+02:00,94.5
2022-06-04 03:48:49+02:00,50.0
2022-06-04 03:49:49+02:00,94.3
2022-06-04 03:50:50+02:00,94.3
2022-06-04 03:51:50+02:00,94.4
2022-06-04 03:52:50+02:00,94.5
2022-06-04 03:53:50+02:00,94.4
2022-06-04 03:54:50+02:00,94.7
2022-06-04 03:55:50+02:00,94.7
2022-06-04 03:56:50+02:00,94.7
2022-06-04 03:57:51+02:00,94.7
2022-06-04 03:58:51+02:00,94.8
2022-06-04 03:59:51+02:00,94.9
2022-06-04 04:00:51+02:00,94.9
2022-06-04 04:01:51+02:00,95.0
2022-06-04 04:02:51+02:00,50.0
2022-06-04 04:03:51+02:00,94.9
2022-06-04 04:04:52+02:00,94.9
2022-06-04 04:05:52+02:00,94.9
2022-06-04 04:06:52+02:00,94.8
2022-06-04 04:07:52+02:00,95.0
2022-06-04 04:08:52+02:00,94.7
2022-06-04 04:09:52+02:00,94.8
2022-06-04 04:10:53+02:00,94.9
2022-06-04 04:11:53+02:00,95.0
2022-06-04 04:12:53+02:00,94.8
2022-06-04 04:13:53+02:00,94.7
2022-06-04 04:14:53+02:00,94.1
2022-06-04 04:15:53+02:00,94.1
2022-06-04 04:16:53+02:00,94.2
2022-06-04 04:17:54+02:00,94.1
2022-06-04 04:18:54+02:00,94.0
2022-06-04 04:19:54+02:00,94.1
2022-06-04 04:20:54+02:00,94.0
2022-06-04 04:21:54+02:00,94.3
2022-06-04 04:22:54+02:00,94.3
2022-06-04 04:23:54+02:00,94.3
2022-06-04 04:24:55+02:00,94.3
2022-06-04 04:25:55+02:00,94.3
2022-06-04 04:26:55+02:00,94.2
2022-06-04 04:27:55+02:00,50.0
2022-06-04 04:28:55+02:00,93.9
2022-06-04 04:29:55+02:00,94.3
2022-06-04 04:30:55+02:00,94.6
2022-06-04 04:31:56+02:00,50.0
2022-06-04 04:32:56+02:00,94.4
2022-06-04 04:33:56+02:00,50.0
2022-06-04 04:34:56+02:00,50.0
2022-06-04 04:35:56+02:00,95.1
2022-06-04 04:36:56+02:00,96.4
2022-06-04 04:37:56+02:00,96.6
2022-06-04 04:38:57+02:00,97.0
2022-06-04 04:39:57+02:00,97.3
2022-06-04 04:40:57+02:00,97.3
2022-06-04 04:41:57+02:00,97.4
2022-06-04 04:42:57+02:00,97.3
2022-06-04 04:43:57+02:00,97.5
2022-06-04 04:44:58+02:00,50.0
2022-06-04 04:45:58+02:00,96.8
2022-06-04 04:46:58+02:00,94.8
2022-06-04 04:47:58+02:00,50.0
2022-06-04 04:48:58+02:00,94.1
2022-06-04 04:49:58+02:00,94.8
2022-06-04 04:50:58+02:00,95.5
2022-06-04 04:51:59+02:00,95.7
2022-06-04 04:52:59+02:00,95.2
2022-06-04 04:53:59+02:00,50.0
2022-06-04 04:54:59+02:00,95.1
2022-06-04 04:55:59+02:00,50.0
2022-06-04 04:56:59+02:00,95.1
2022-06-04 04:58:00+02:00,95.1
2022-06-04 04:59:00+02:00,95.2
2022-06-04 05:00:00+02:00,95.3
2022-06-04 05:01:00+02:00,95.4
2022-06-04 05:02:00+02:00,95.3
2022-06-04 05:03:00+02:00,95.1
2022-06-04 05:04:00+02:00,95.2
2022-06-04 05:05:00+02:00,95.3
2022-06-04 05:06:00+02:00,95.4
2022-06-04 05:07:01+02:00,95.2
2022-06-04 05:08:01+02:00,50.0
2022-06-04 05:09:01+02:00,94.9
2022-06-04 05:10:01+02:00,95.3
2022-06-04 05:11:01+02:00,94.8
2022-06-04 05:12:01+02:00,95.0
2022-06-04 05:13:01+02:00,95.0
2022-06-04 05:14:01+02:00,95.4
2022-06-04 05:15:02+02:00,95.1
2022-06-04 05:16:02+02:00,95.3
2022-06-04 05:17:02+02:00,95.5
2022-06-04 05:18:02+02:00,95.7
2022-06-04 05:19:02+02:00,96.0
2022-06-04 05:20:02+02:00,96.8
2022-06-04 05:21:02+02:00,97.1
2022-06-04 05:22:02+02:00,97.5
2022-06-04 05:23:02+02:00,97.7
2022-06-04 05:24:03+02:00,97.9
2022-06-04 05:25:03+02:00,98.1
2022-06-04 05:26:03+02:00,98.2
2022-06-04 05:27:03+02:00,98.2
2022-06-04 05:28:03+02:00,96.7
2022-06-04 05:29:03+02:00,95.9
2022-06-04 05:30:03+02:00,95.3
2022-06-04 05:31:04+02:00,94.9
2022-06-04 05:32:04+02:00,94.7
2022-06-04 05:33:04+02:00,94.3
2022-06-04 05:34:04+02:00,94.4
2022-06-04 05:35:04+02:00,94.6
2022-06-04 05:36:04+02:00,94.1
2022-06-04 05:37:04+02:00,93.0
2022-06-04 05:38:04+02:00,93.6
2022-06-04 05:39:05+02:00,94.3
2022-06-04 05:40:05+02:00,94.3
2022-06-04 05:41:05+02:00,94.1
2022-06-04 05:42:05+02:00,94.0
2022-06-04 05:43:05+02:00,94.3
2022-06-04 05:44:05+02:00,93.8
2022-06-04 05:45:05+02:00,93.7
2022-06-04 05:46:06+02:00,93.2
2022-06-04 05:47:06+02:00,92.9
2022-06-04 05:48:06+02:00,92.7
2022-06-04 05:49:06+02:00,92.1
2022-06-04 05:50:06+02:00,50.0
2022-06-04 05:51:06+02:00,92.1
2022-06-04 05:52:06+02:00,50.0
2022-06-04 05:53:07+02:00,92.4
2022-06-04 05:54:07+02:00,93.1
2022-06-04 05:55:07+02:00,93.7
2022-06-04 05:56:07+02:00,94.5
2022-06-04 05:57:07+02:00,94.4
2022-06-04 05:58:07+02:00,94.6
2022-06-04 05:59:07+02:00,94.5
2022-06-04 06:00:08+02:00,94.3
2022-06-04 06:01:08+02:00,94.3
2022-06-04 06:02:08+02:00,94.2
2022-06-04 06:03:08+02:00,94.2
2022-06-04 06:04:08+02:00,94.3
2022-06-04 06:05:08+02:00,94.2
2022-06-04 06:06:08+02:00,94.3
2022-06-04 06:07:09+02:00,94.7
2022-06-04 06:08:09+02:00,94.5
2022-06-04 06:09:09+02:00,94.6
2022-06-04 06:10:09+02:00,94.5
2022-06-04 06:11:09+02:00,50.0
2022-06-04 06:12:09+02:00,50.0
2022-06-04 06:13:10+02:00,94.2
2022-06-04 06:14:10+02:00,93.2
2022-06-04 06:15:10+02:00,92.2
2022-06-04 06:16:10+02:00,91.6
2022-06-04 06:17:10+02:00,50.0
2022-06-04 06:18:10+02:00,50.0
2022-06-04 06:19:10+02:00,50.0
2022-06-04 06:20:11+02:00,50.0
2022-06-04 06:21:11+02:00,50.0
2022-06-04 06:22:11+02:00,50.0
2022-06-04 06:23:11+02:00,50.0
2022-06-04 06:24:11+02:00,91.1
2022-06-04 06:25:11+02:00,91.4
2022-06-04 06:26:11+02:00,91.8
2022-06-04 06:27:12+02:00,91.7
2022-06-04 06:28:12+02:00,91.8
2022-06-04 06:29:12+02:00,92.4
2022-06-04 06:30:12+02:00,92.6
2022-06-04 06:31:12+02:00,50.0
2022-06-04 06:32:12+02:00,92.6
2022-06-04 06:33:13+02:00,92.4
2022-06-04 06:34:13+02:00,92.2
2022-06-04 06:35:13+02:00,92.0
2022-06-04 06:36:13+02:00,92.0
2022-06-04 06:37:13+02:00,92.0
2022-06-04 06:38:13+02:00,92.4
2022-06-04 06:39:13+02:00,92.7
2022-06-04 06:40:14+02:00,93.0
2022-06-04 06:41:14+02:00,93.5
2022-06-04 06:42:14+02:00,93.5
2022-06-04 06:43:14+02:00,93.6
2022-06-04 06:44:14+02:00,93.6
2022-06-04 06:45:14+02:00,93.7
2022-06-04 06:46:14+02:00,93.7
2022-06-04 06:47:15+02:00,93.7
2022-06-04 06:48:15+02:00,93.5
2022-06-04 06:49:15+02:00,93.7
2022-06-04 06:50:15+02:00,93.8
2022-06-04 06:51:15+02:00,93.8
2022-06-04 06:52:15+02:00,94.0
2022-06-04 06:53:16+02:00,94.0
2022-06-04 06:54:16+02:00,93.8
2022-06-04 06:55:16+02:00,93.9
2022-06-04 06:56:16+02:00,93.9
2022-06-04 06:57:16+02:00,93.9
2022-06-04 06:58:16+02:00,93.6
2022-06-04 06:59:16+02:00,93.8
2022-06-04 07:00:17+02:00,93.9
2022-06-04 07:01:17+02:00,94.0
2022-06-04 07:02:17+02:00,94.0
2022-06-04 07:03:17+02:00,94.2
2022-06-04 07:04:17+02:00,94.1
2022-06-04 07:05:17+02:00,94.1
2022-06-04 07:06:17+02:00,94.1
2022-06-04 07:07:18+02:00,94.1
2022-06-04 07:08:18+02:00,94.1
2022-06-04 07:09:18+02:00,93.8
2022-06-04 07:10:18+02:00,93.9
2022-06-04 07:11:18+02:00,93.8
2022-06-04 07:12:18+02:00,93.9
2022-06-04 07:13:19+02:00,93.7
2022-06-04 07:14:19+02:00,93.7
2022-06-04 07:15:19+02:00,93.5
2022-06-04 07:16:19+02:00,50.0
2022-06-04 07:17:19+02:00,94.0
2022-06-04 07:18:19+02:00,50.0
2022-06-04 07:19:19+02:00,93.4
2022-06-04 07:20:20+02:00,93.4
2022-06-04 07:21:20+02:00,93.3
2022-06-04 07:22:20+02:00,93.0
2022-06-04 07:23:20+02:00,93.0
2022-06-04 07:24:20+02:00,93.1
2022-06-04 07:25:20+02:00,93.1
2022-06-04 07:26:21+02:00,92.9
2022-06-04 07:27:21+02:00,92.6
2022-06-04 07:28:21+02:00,92.5
2022-06-04 07:29:21+02:00,92.6
2022-06-04 07:30:21+02:00,92.5
2022-06-04 07:31:21+02:00,92.5
2022-06-04 07:32:21+02:00,92.1
2022-06-04 07:33:22+02:00,92.2
2022-06-04 07:34:22+02:00,92.5
2022-06-04 07:35:22+02:00,92.5
2022-06-04 07:36:22+02:00,92.8
2022-06-04 07:37:22+02:00,92.8
2022-06-04 07:38:22+02:00,50.0
2022-06-04 07:39:22+02:00,50.0
2022-06-04 07:40:23+02:00,92.8
2022-06-04 07:41:23+02:00,92.6
2022-06-04 07:42:23+02:00,92.4
2022-06-04 07:43:23+02:00,92.2
2022-06-04 07:44:23+02:00,92.0
2022-06-04 07:45:23+02:00,92.0
2022-06-04 07:46:24+02:00,92.1
2022-06-04 07:47:24+02:00,92.1
2022-06-04 07:48:24+02:00,92.1
2022-06-04 07:49:24+02:00,92.2
2022-06-04 07:50:24+02:00,92.0
2022-06-04 07:51:24+02:00,50.0
2022-06-04 07:52:24+02:00,92.9
2022-06-04 07:53:25+02:00,94.1
2022-06-04 07:54:25+02:00,95.0
2022-06-04 07:55:25+02:00,95.2
2022-06-04 07:56:25+02:00,95.2
2022-06-04 07:57:25+02:00,50.0
2022-06-04 07:58:25+02:00,95.3
2022-06-04 07:59:25+02:00,94.6
2022-06-04 08:00:25+02:00,94.1
2022-06-04 08:01:25+02:00,50.0
2022-06-04 08:02:25+02:00,94.0
2022-06-04 08:03:26+02:00,50.0
2022-06-04 08:04:26+02:00,50.0
2022-06-04 08:05:26+02:00,50.0
2022-06-04 08:06:26+02:00,50.0
2022-06-04 08:07:26+02:00,50.0
2022-06-04 08:08:26+02:00,50.0
2022-06-04 08:09:26+02:00,50.0
2022-06-04 08:10:26+02:00,93.4
2022-06-04 08:11:26+02:00,93.1
2022-06-04 08:12:26+02:00,50.0
2022-06-04 08:13:27+02:00,50.0
2022-06-04 08:14:27+02:00,50.0
2022-06-04 08:15:27+02:00,50.0
2022-06-04 08:16:27+02:00,50.0
2022-06-04 08:17:27+02:00,50.0
2022-06-04 08:18:27+02:00,50.0
2022-06-04 08:19:27+02:00,50.0
2022-06-04 08:20:27+02:00,50.0
2022-06-04 08:21:27+02:00,50.0
2022-06-04 08:22:27+02:00,50.0
2022-06-04 08:23:27+02:00,50.0
2022-06-04 08:24:27+02:00,50.0
2022-06-04 08:25:27+02:00,50.0
2022-06-04 08:26:28+02:00,50.0
2022-06-04 08:27:28+02:00,50.0
2022-06-04 08:28:28+02:00,50.0
2022-06-04 08:29:28+02:00,50.0
2022-06-04 08:30:28+02:00,50.0
2022-06-04 08:31:28+02:00,50.0
2022-06-04 08:32:28+02:00,50.0
2022-06-04 08:33:28+02:00,50.0
2022-06-04 08:34:28+02:00,50.0
2022-06-04 08:35:28+02:00,50.0
2022-06-04 08:36:29+02:00,50.0
2022-06-04 08:37:29+02:00,50.0
2022-06-04 08:38:29+02:00,50.0
2022-06-04 08:39:29+02:00,50.0
2022-06-04 08:40:29+02:00,50.0
2022-06-04 08:41:29+02:00,50.0
2022-06-04 08:42:29+02:00,50.0
2022-06-05 01:08:00+02:00,50.0
2022-06-05 01:09:00+02:00,92.4
2022-06-05 01:10:00+02:00,92.3
2022-06-05 01:11:00+02:00,92.1
2022-06-05 01:12:00+02:00,92.5
2022-06-05 01:13:00+02:00,92.5
2022-06-05 01:14:00+02:00,92.4
2022-06-05 01:15:00+02:00,92.2
2022-06-05 01:16:00+02:00,92.4
2022-06-05 01:17:00+02:00,92.7
2022-06-05 01:18:00+02:00,92.4
2022-06-05 01:19:00+02:00,92.7
2022-06-05 01:20:00+02:00,92.8
2022-06-05 01:21:01+02:00,92.7
2022-06-05 01:22:01+02:00,92.7
2022-06-05 01:23:01+02:00,50.0
2022-06-05 01:24:01+02:00,50.0
2022-06-05 01:25:01+02:00,92.8
2022-06-05 01:26:01+02:00,50.0
2022-06-05 01:27:02+02:00,93.1
2022-06-05 01:28:02+02:00,93.5
2022-06-05 01:29:02+02:00,93.3
2022-06-05 01:30:02+02:00,50.0
2022-06-05 01:31:02+02:00,93.6
2022-06-05 01:32:02+02:00,93.7
2022-06-05 01:33:02+02:00,93.6
2022-06-05 01:34:02+02:00,93.6
2022-06-05 01:35:02+02:00,94.0
2022-06-05 01:36:03+02:00,94.4
2022-06-05 01:37:03+02:00,50.0
2022-06-05 01:38:03+02:00,94.3
2022-06-05 01:39:03+02:00,93.3
2022-06-05 01:40:03+02:00,92.5
2022-06-05 01:41:03+02:00,91.8
2022-06-05 01:42:03+02:00,91.5
2022-06-05 01:43:04+02:00,91.4
2022-06-05 01:44:04+02:00,91.2
2022-06-05 01:45:04+02:00,91.2
2022-06-05 01:46:04+02:00,91.1
2022-06-05 01:47:04+02:00,91.2
2022-06-05 01:48:04+02:00,91.4
2022-06-05 01:49:04+02:00,50.0
2022-06-05 01:50:04+02:00,91.5
2022-06-05 01:51:04+02:00,50.0
2022-06-05 01:52:04+02:00,91.6
2022-06-05 01:53:05+02:00,91.1
2022-06-05 01:54:05+02:00,90.7
2022-06-05 01:55:05+02:00,90.5
2022-06-05 01:56:05+02:00,90.6
2022-06-05 01:57:05+02:00,90.7
2022-06-05 01:58:05+02:00,90.6
2022-06-05 01:59:05+02:00,90.6
2022-06-05 02:00:05+02:00,90.6
2022-06-05 02:00:05+02:00,90.6
2022-06-05 02:01:06+02:00,90.5
2022-06-05 02:02:06+02:00,90.7
2022-06-05 02:03:06+02:00,90.7
2022-06-05 02:04:06+02:00,90.7
2022-06-05 02:05:06+02:00,90.7
2022-06-05 02:06:06+02:00,90.9
2022-06-05 02:07:06+02:00,91.1
2022-06-05 02:08:07+02:00,91.2
2022-06-05 02:09:07+02:00,91.2
2022-06-05 02:10:07+02:00,91.3
2022-06-05 02:11:07+02:00,91.3
2022-06-05 02:12:07+02:00,91.2
2022-06-05 02:13:07+02:00,50.0
2022-06-05 02:14:08+02:00,50.0
2022-06-05 02:15:08+02:00,92.0
2022-06-05 02:16:08+02:00,92.2
2022-06-05 02:17:08+02:00,50.0
2022-06-05 02:18:08+02:00,92.4
2022-06-05 02:19:08+02:00,91.9
2022-06-05 02:20:08+02:00,91.5
2022-06-05 02:21:09+02:00,91.5
2022-06-05 02:22:09+02:00,91.5
2022-06-05 02:23:09+02:00,91.6
2022-06-05 02:24:09+02:00,91.6
2022-06-05 02:25:09+02:00,91.8
2022-06-05 02:26:09+02:00,91.8
2022-06-05 02:27:10+02:00,92.0
2022-06-05 02:28:10+02:00,92.1
2022-06-05 02:29:10+02:00,92.0
2022-06-05 02:30:10+02:00,92.0
2022-06-05 02:31:10+02:00,92.1
2022-06-05 02:32:10+02:00,92.1
2022-06-05 02:33:11+02:00,92.1
2022-06-05 02:34:11+02:00,92.2
2022-06-05 02:35:11+02:00,92.2
2022-06-05 02:36:11+02:00,92.2
2022-06-05 02:37:11+02:00,92.2
2022-06-05 02:38:11+02:00,92.3
2022-06-05 02:39:11+02:00,93.1
2022-06-05 02:40:12+02:00,93.3
2022-06-05 02:41:12+02:00,93.6
2022-06-05 02:42:12+02:00,93.7
2022-06-05 02:43:12+02:00,93.9
2022-06-05 02:44:12+02:00,94.0
2022-06-05 02:45:12+02:00,94.1
2022-06-05 02:46:13+02:00,94.2
2022-06-05 02:47:13+02:00,94.2
2022-06-05 02:48:13+02:00,94.2
2022-06-05 02:49:13+02:00,94.2
2022-06-05 02:50:13+02:00,94.2
2022-06-05 02:51:13+02:00,94.2
2022-06-05 02:52:13+02:00,94.2
2022-06-05 02:53:13+02:00,94.2
2022-06-05 02:54:14+02:00,94.1
2022-06-05 02:55:14+02:00,94.0
2022-06-05 02:56:14+02:00,93.8
2022-06-05 02:57:14+02:00,93.8
2022-06-05 02:58:14+02:00,93.8
2022-06-05 02:59:14+02:00,93.8
2022-06-05 03:00:15+02:00,50.0
2022-06-05 03:01:15+02:00,93.6
2022-06-05 03:02:15+02:00,93.4
2022-06-05 03:03:15+02:00,93.1
2022-06-05 03:04:15+02:00,92.8
2022-06-05 03:05:15+02:00,92.8
2022-06-05 03:06:15+02:00,92.7
2022-06-05 03:07:16+02:00,92.6
2022-06-05 03:08:16+02:00,92.7
2022-06-05 03:09:16+02:00,92.7
2022-06-05 03:10:16+02:00,92.9
2022-06-05 03:11:16+02:00,93.1
2022-06-05 03:12:16+02:00,93.0
2022-06-05 03:13:17+02:00,93.0
2022-06-05 03:14:17+02:00,93.0
2022-06-05 03:15:17+02:00,93.2
2022-06-05 03:16:17+02:00,93.5
2022-06-05 03:17:17+02:00,93.4
2022-06-05 03:18:17+02:00,93.4
2022-06-05 03:19:17+02:00,93.3
2022-06-05 03:20:17+02:00,93.0
2022-06-05 03:21:18+02:00,92.7
2022-06-05 03:22:18+02:00,92.5
2022-06-05 03:23:18+02:00,92.4
2022-06-05 03:24:18+02:00,92.3
2022-06-05 03:25:18+02:00,92.1
2022-06-05 03:26:18+02:00,92.1
2022-06-05 03:27:18+02:00,92.0
2022-06-05 03:28:19+02:00,50.0
2022-06-05 03:29:19+02:00,92.1
2022-06-05 03:30:19+02:00,92.3
2022-06-05 03:31:19+02:00,50.0
2022-06-05 03:32:19+02:00,91.7
2022-06-05 03:33:19+02:00,91.2
2022-06-05 03:34:20+02:00,90.9
2022-06-05 03:35:20+02:00,90.8
2022-06-05 03:36:20+02:00,90.7
2022-06-05 03:37:20+02:00,90.8
2022-06-05 03:38:20+02:00,90.9
2022-06-05 03:39:20+02:00,90.9
2022-06-05 03:40:21+02:00,90.9
2022-06-05 03:41:21+02:00,91.1
2022-06-05 03:42:21+02:00,91.3
2022-06-05 03:43:21+02:00,91.4
2022-06-05 03:44:21+02:00,91.4
2022-06-05 03:45:21+02:00,91.4
2022-06-05 03:46:21+02:00,91.5
2022-06-05 03:47:22+02:00,91.5
2022-06-05 03:48:22+02:00,91.6
2022-06-05 03:49:22+02:00,91.6
2022-06-05 03:50:22+02:00,91.6
2022-06-05 03:51:22+02:00,91.9
2022-06-05 03:52:22+02:00,50.0
2022-06-05 03:53:22+02:00,50.0
2022-06-05 03:54:23+02:00,50.0
2022-06-05 03:55:23+02:00,50.0
2022-06-05 03:56:23+02:00,50.0
2022-06-05 03:57:23+02:00,50.0
2022-06-05 03:58:23+02:00,50.0
2022-06-05 03:59:23+02:00,50.0
2022-06-05 04:00:24+02:00,50.0
2022-06-05 04:01:24+02:00,93.2
2022-06-05 04:02:24+02:00,50.0
2022-06-05 04:03:24+02:00,50.0
2022-06-05 04:04:24+02:00,94.0
2022-06-05 04:05:24+02:00,50.0
2022-06-05 04:06:24+02:00,94.2
2022-06-05 04:07:25+02:00,94.6
2022-06-05 04:08:25+02:00,92.4
2022-06-05 04:09:25+02:00,91.0
2022-06-05 04:10:25+02:00,90.4
2022-06-05 04:11:25+02:00,90.3
2022-06-05 04:12:25+02:00,90.4
2022-06-05 04:13:25+02:00,90.7
2022-06-05 04:14:25+02:00,90.9
2022-06-05 04:15:26+02:00,91.1
2022-06-05 04:16:26+02:00,50.0
2022-06-05 04:17:26+02:00,91.2
2022-06-05 04:18:26+02:00,91.0
2022-06-05 04:19:26+02:00,90.8
2022-06-05 04:20:26+02:00,91.0
2022-06-05 04:21:26+02:00,91.4
2022-06-05 04:22:26+02:00,91.8
2022-06-05 04:23:26+02:00,91.9
2022-06-05 04:24:26+02:00,91.8
2022-06-05 04:25:26+02:00,91.9
2022-06-05 04:26:27+02:00,92.1
2022-06-05 04:27:27+02:00,92.5
2022-06-05 04:28:27+02:00,92.6
2022-06-05 04:29:27+02:00,92.6
2022-06-05 04:30:27+02:00,50.0
2022-06-05 04:31:27+02:00,50.0
2022-06-05 04:32:27+02:00,92.5
2022-06-05 04:33:28+02:00,91.9
2022-06-05 04:34:28+02:00,91.4
2022-06-05 04:35:28+02:00,91.2
2022-06-05 04:36:28+02:00,91.1
2022-06-05 04:37:28+02:00,91.1
2022-06-05 04:38:28+02:00,91.3
2022-06-05 04:39:28+02:00,50.0
2022-06-05 04:40:28+02:00,91.9
2022-06-05 04:41:28+02:00,50.0
2022-06-05 04:42:29+02:00,92.7
2022-06-05 04:43:29+02:00,50.0
2022-06-05 04:44:29+02:00,93.0
2022-06-05 04:45:29+02:00,92.6
2022-06-05 04:46:29+02:00,50.0
2022-06-05 04:47:29+02:00,92.4
2022-06-05 04:48:29+02:00,50.0
2022-06-05 04:49:29+02:00,92.4
2022-06-05 04:50:29+02:00,92.2
2022-06-05 04:51:30+02:00,92.1
2022-06-05 04:52:30+02:00,92.4
2022-06-05 04:53:30+02:00,92.3
2022-06-05 04:54:30+02:00,92.8
2022-06-05 04:55:30+02:00,93.4
2022-06-05 04:56:30+02:00,93.7
2022-06-05 04:57:30+02:00,93.8
2022-06-05 04:58:30+02:00,94.2
2022-06-05 04:59:30+02:00,94.2
2022-06-05 05:00:31+02:00,93.9
2022-06-05 05:01:31+02:00,94.1
2022-06-05 05:02:31+02:00,94.3
2022-06-05 05:03:31+02:00,94.5
2022-06-05 05:04:31+02:00,94.6
2022-06-05 05:05:31+02:00,94.8
2022-06-05 05:06:31+02:00,94.6
2022-06-05 05:07:32+02:00,94.3
2022-06-05 05:08:32+02:00,94.8
2022-06-05 05:09:32+02:00,94.9
2022-06-05 05:10:32+02:00,94.7
2022-06-05 05:11:32+02:00,95.2
2022-06-05 05:12:32+02:00,94.8
2022-06-05 05:13:33+02:00,94.8
2022-06-05 05:14:33+02:00,94.6
2022-06-05 05:15:33+02:00,94.7
2022-06-05 05:16:33+02:00,95.0
2022-06-05 05:17:33+02:00,94.9
2022-06-05 05:18:33+02:00,94.9
2022-06-05 05:19:33+02:00,94.9
2022-06-05 05:20:34+02:00,95.0
2022-06-05 05:21:34+02:00,94.9
2022-06-05 05:22:34+02:00,94.9
2022-06-05 05:23:34+02:00,50.0
2022-06-05 05:24:35+02:00,94.8
2022-06-05 05:25:35+02:00,94.8
2022-06-05 05:26:35+02:00,94.5
2022-06-05 05:27:35+02:00,94.1
2022-06-05 05:28:35+02:00,93.7
2022-06-05 05:29:35+02:00,93.8
2022-06-05 05:30:36+02:00,93.7
2022-06-05 05:31:36+02:00,94.1
2022-06-05 05:32:36+02:00,94.4
2022-06-05 05:33:36+02:00,94.6
2022-06-05 05:34:36+02:00,94.5
2022-06-05 05:35:36+02:00,94.2
2022-06-05 05:36:36+02:00,94.1
2022-06-05 05:37:37+02:00,94.3
2022-06-05 05:38:37+02:00,94.4
2022-06-05 05:39:37+02:00,94.6
2022-06-05 05:40:37+02:00,94.7
2022-06-05 05:41:37+02:00,94.6
2022-06-05 05:42:37+02:00,94.4
2022-06-05 05:43:37+02:00,94.2
2022-06-05 05:44:38+02:00,94.1
2022-06-05 05:45:38+02:00,94.0
2022-06-05 05:46:38+02:00,93.9
2022-06-05 05:47:38+02:00,50.0
2022-06-05 05:48:38+02:00,50.0
2022-06-05 05:49:38+02:00,93.9
2022-06-05 05:50:38+02:00,93.9
2022-06-05 05:51:38+02:00,93.6
2022-06-05 05:52:38+02:00,93.4
2022-06-05 05:53:39+02:00,93.3
2022-06-05 05:54:39+02:00,93.4
2022-06-05 05:55:39+02:00,93.6
2022-06-05 05:56:39+02:00,93.5
2022-06-05 05:57:39+02:00,93.8
2022-06-05 05:58:39+02:00,94.0
2022-06-05 05:59:39+02:00,94.1
2022-06-05 06:00:40+02:00,93.7
2022-06-05 06:01:40+02:00,93.7
2022-06-05 06:02:40+02:00,93.9
2022-06-05 06:03:40+02:00,94.3
2022-06-05 06:04:40+02:00,94.2
2022-06-05 06:05:40+02:00,94.3
2022-06-05 06:06:40+02:00,94.2
2022-06-05 06:07:40+02:00,50.0
2022-06-05 06:08:41+02:00,94.1
2022-06-05 06:09:41+02:00,93.4
2022-06-05 06:10:41+02:00,92.6
2022-06-05 06:11:41+02:00,92.1
2022-06-05 06:12:42+02:00,91.7
2022-06-05 06:13:42+02:00,91.5
2022-06-05 06:14:42+02:00,91.3
2022-06-05 06:15:42+02:00,50.0
2022-06-05 06:16:42+02:00,50.0
2022-06-05 06:17:42+02:00,50.0
2022-06-05 06:18:42+02:00,50.0
2022-06-05 06:19:42+02:00,50.0
2022-06-05 06:20:43+02:00,50.0
2022-06-05 06:21:43+02:00,50.0
2022-06-05 06:22:43+02:00,50.0
2022-06-05 06:23:43+02:00,50.0
2022-06-05 06:24:43+02:00,50.0
2022-06-05 06:25:43+02:00,50.0
2022-06-05 06:26:43+02:00,50.0
2022-06-05 06:27:43+02:00,50.0
2022-06-05 06:28:44+02:00,50.0
2022-06-05 06:29:44+02:00,50.0
2022-06-05 06:30:44+02:00,50.0
2022-06-05 06:31:44+02:00,50.0
2022-06-05 06:32:44+02:00,91.3
2022-06-05 06:33:44+02:00,50.0
2022-06-05 06:34:44+02:00,94.2
2022-06-05 06:35:44+02:00,50.0
2022-06-05 06:36:45+02:00,50.0
2022-06-05 06:37:45+02:00,50.0
2022-06-05 06:38:45+02:00,94.3
2022-06-05 06:39:45+02:00,94.0
2022-06-05 06:40:45+02:00,94.5
2022-06-05 06:41:45+02:00,94.7
2022-06-05 06:42:45+02:00,50.0
2022-06-05 06:43:46+02:00,95.1
2022-06-05 06:44:46+02:00,94.8
2022-06-05 06:45:46+02:00,94.5
2022-06-05 06:46:46+02:00,50.0
2022-06-05 06:47:46+02:00,50.0
2022-06-05 06:48:46+02:00,93.1
2022-06-05 06:49:46+02:00,88.7
2022-06-05 06:50:47+02:00,50.0
2022-06-06 01:50:30+02:00,50.0
2022-06-06 01:51:30+02:00,92.2
2022-06-06 01:52:30+02:00,92.4
2022-06-06 01:53:30+02:00,92.6
2022-06-06 01:54:30+02:00,92.7
2022-06-06 01:55:30+02:00,92.8
2022-06-06 01:56:30+02:00,92.9
2022-06-06 01:57:30+02:00,92.9
2022-06-06 01:58:30+02:00,93.1
2022-06-06 01:59:30+02:00,93.2
2022-06-06 02:00:30+02:00,93.2
2022-06-06 02:00:30+02:00,93.2
2022-06-06 02:01:31+02:00,93.4
2022-06-06 02:02:31+02:00,93.3
2022-06-06 02:03:31+02:00,93.3
2022-06-06 02:04:31+02:00,93.0
2022-06-06 02:05:31+02:00,93.3
2022-06-06 02:06:31+02:00,93.2
2022-06-06 02:07:31+02:00,93.0
2022-06-06 02:08:32+02:00,92.8
2022-06-06 02:09:32+02:00,92.9
2022-06-06 02:10:32+02:00,92.9
2022-06-06 02:11:32+02:00,92.9
2022-06-06 02:12:32+02:00,92.9
2022-06-06 02:13:32+02:00,93.0
2022-06-06 02:14:32+02:00,92.9
2022-06-06 02:15:32+02:00,93.0
2022-06-06 02:16:32+02:00,93.0
2022-06-06 02:17:32+02:00,93.1
2022-06-06 02:18:33+02:00,93.1
2022-06-06 02:19:33+02:00,93.2
2022-06-06 02:20:33+02:00,50.0
2022-06-06 02:21:33+02:00,92.8
2022-06-06 02:22:33+02:00,87.8
2022-06-06 02:23:33+02:00,84.2
2022-06-06 02:24:33+02:00,82.5
2022-06-06 02:25:33+02:00,81.2
2022-06-06 02:26:33+02:00,80.4
2022-06-06 02:27:33+02:00,80.0
2022-06-06 02:28:33+02:00,79.7
2022-06-06 02:29:34+02:00,79.7
2022-06-06 02:30:34+02:00,80.0
2022-06-06 02:31:34+02:00,80.2
2022-06-06 02:32:34+02:00,80.2
2022-06-06 02:33:34+02:00,80.8
2022-06-06 02:34:34+02:00,80.8
2022-06-06 02:35:34+02:00,80.6
2022-06-06 02:36:34+02:00,80.9
2022-06-06 02:37:35+02:00,80.9
2022-06-06 02:38:35+02:00,81.1
2022-06-06 02:39:35+02:00,83.3
2022-06-06 02:40:35+02:00,88.0
2022-06-06 02:41:35+02:00,90.8
2022-06-06 02:42:35+02:00,92.0
2022-06-06 02:43:35+02:00,93.2
2022-06-06 02:44:35+02:00,94.3
2022-06-06 02:45:35+02:00,95.3
2022-06-06 02:46:35+02:00,95.8
2022-06-06 02:47:35+02:00,95.8
2022-06-06 02:48:36+02:00,95.9
2022-06-06 02:49:36+02:00,93.8
2022-06-06 02:50:36+02:00,92.6
2022-06-06 02:51:36+02:00,91.1
2022-06-06 02:52:36+02:00,90.6
2022-06-06 02:53:36+02:00,90.3
2022-06-06 02:54:36+02:00,90.0
2022-06-06 02:55:36+02:00,90.3
2022-06-06 02:56:36+02:00,50.0
2022-06-06 02:57:36+02:00,90.6
2022-06-06 02:58:36+02:00,91.4
2022-06-06 02:59:37+02:00,92.0
2022-06-06 03:00:37+02:00,92.3
2022-06-06 03:01:37+02:00,92.5
2022-06-06 03:02:37+02:00,92.7
2022-06-06 03:03:37+02:00,50.0
2022-06-06 03:04:37+02:00,93.1
2022-06-06 03:05:37+02:00,93.1
2022-06-06 03:06:37+02:00,93.3
2022-06-06 03:07:37+02:00,92.8
2022-06-06 03:08:37+02:00,92.5
2022-06-06 03:09:38+02:00,92.2
2022-06-06 03:10:38+02:00,91.9
2022-06-06 03:11:38+02:00,91.8
2022-06-06 03:12:38+02:00,91.6
2022-06-06 03:13:38+02:00,91.5
2022-06-06 03:14:38+02:00,91.3
2022-06-06 03:15:39+02:00,91.3
2022-06-06 03:16:39+02:00,50.0
2022-06-06 03:17:39+02:00,91.7
2022-06-06 03:18:39+02:00,91.9
2022-06-06 03:19:39+02:00,91.8
2022-06-06 03:20:39+02:00,91.8
2022-06-06 03:21:39+02:00,50.0
2022-06-06 03:22:40+02:00,50.0
2022-06-06 03:23:40+02:00,50.0
2022-06-06 03:24:40+02:00,92.0
2022-06-06 03:25:40+02:00,91.6
2022-06-06 03:26:40+02:00,50.0
2022-06-06 03:27:40+02:00,91.8
2022-06-06 03:28:40+02:00,91.9
2022-06-06 03:29:41+02:00,91.8
2022-06-06 03:30:41+02:00,50.0
2022-06-06 03:31:41+02:00,91.3
2022-06-06 03:32:41+02:00,91.0
2022-06-06 03:33:41+02:00,91.0
2022-06-06 03:34:41+02:00,91.0
2022-06-06 03:35:42+02:00,91.1
2022-06-06 03:36:42+02:00,91.2
2022-06-06 03:37:42+02:00,91.4
2022-06-06 03:38:42+02:00,91.4
2022-06-06 03:39:42+02:00,91.4
2022-06-06 03:40:42+02:00,91.5
2022-06-06 03:41:42+02:00,91.6
2022-06-06 03:42:43+02:00,91.7
2022-06-06 03:43:43+02:00,91.8
2022-06-06 03:44:43+02:00,91.8
2022-06-06 03:45:43+02:00,91.8
2022-06-06 03:46:43+02:00,91.8
2022-06-06 03:47:43+02:00,91.9
2022-06-06 03:48:44+02:00,92.0
2022-06-06 03:49:44+02:00,92.0
2022-06-06 03:50:44+02:00,92.2
2022-06-06 03:51:44+02:00,50.0
2022-06-06 03:52:44+02:00,50.0
2022-06-06 03:53:44+02:00,92.2
2022-06-06 03:54:44+02:00,92.0
2022-06-06 03:55:45+02:00,91.8
2022-06-06 03:56:45+02:00,91.7
2022-06-06 03:57:45+02:00,91.7
2022-06-06 03:58:45+02:00,91.8
2022-06-06 03:59:45+02:00,91.9
2022-06-06 04:00:45+02:00,92.3
2022-06-06 04:01:45+02:00,92.9
2022-06-06 04:02:46+02:00,93.1
2022-06-06 04:03:46+02:00,93.1
2022-06-06 04:04:46+02:00,93.3
2022-06-06 04:05:46+02:00,93.4
2022-06-06 04:06:46+02:00,93.5
2022-06-06 04:07:46+02:00,93.7
2022-06-06 04:08:46+02:00,93.6
2022-06-06 04:09:47+02:00,93.7
2022-06-06 04:10:47+02:00,94.0
2022-06-06 04:11:47+02:00,94.0
2022-06-06 04:12:47+02:00,94.0
2022-06-06 04:13:47+02:00,94.2
2022-06-06 04:14:47+02:00,94.3
2022-06-06 04:15:48+02:00,94.3
2022-06-06 04:16:48+02:00,94.3
2022-06-06 04:17:48+02:00,94.3
2022-06-06 04:18:48+02:00,94.4
2022-06-06 04:19:48+02:00,94.2
2022-06-06 04:20:48+02:00,94.4
2022-06-06 04:21:48+02:00,94.3
2022-06-06 04:22:49+02:00,94.1
2022-06-06 04:23:49+02:00,94.1
2022-06-06 04:24:49+02:00,94.4
2022-06-06 04:25:49+02:00,94.5
2022-06-06 04:26:49+02:00,94.4
2022-06-06 04:27:49+02:00,94.4
2022-06-06 04:28:49+02:00,94.4
2022-06-06 04:29:50+02:00,94.4
2022-06-06 04:30:50+02:00,94.5
2022-06-06 04:31:50+02:00,94.4
2022-06-06 04:32:50+02:00,94.3
2022-06-06 04:33:50+02:00,94.3
2022-06-06 04:34:50+02:00,94.4
2022-06-06 04:35:50+02:00,94.7
2022-06-06 04:36:51+02:00,94.8
2022-06-06 04:37:51+02:00,94.8
2022-06-06 04:38:51+02:00,94.6
2022-06-06 04:39:51+02:00,94.6
2022-06-06 04:40:51+02:00,94.8
2022-06-06 04:41:51+02:00,95.0
2022-06-06 04:42:52+02:00,50.0
2022-06-06 04:43:52+02:00,95.1
2022-06-06 04:44:52+02:00,93.8
2022-06-06 04:45:52+02:00,93.2
2022-06-06 04:46:52+02:00,92.8
2022-06-06 04:47:52+02:00,92.4
2022-06-06 04:48:52+02:00,92.3
2022-06-06 04:49:52+02:00,92.1
2022-06-06 04:50:53+02:00,92.1
2022-06-06 04:51:53+02:00,91.8
2022-06-06 04:52:53+02:00,91.6
2022-06-06 04:53:53+02:00,91.8
2022-06-06 04:54:53+02:00,91.9
2022-06-06 04:55:53+02:00,91.9
2022-06-06 04:56:54+02:00,91.8
2022-06-06 04:57:54+02:00,92.0
2022-06-06 04:58:54+02:00,92.2
2022-06-06 04:59:54+02:00,92.9
2022-06-06 05:00:54+02:00,93.5
2022-06-06 05:01:54+02:00,94.0
2022-06-06 05:02:54+02:00,94.3
2022-06-06 05:03:55+02:00,94.8
2022-06-06 05:04:55+02:00,95.3
2022-06-06 05:05:55+02:00,95.6
2022-06-06 05:06:55+02:00,50.0
2022-06-06 05:07:55+02:00,95.3
2022-06-06 05:08:55+02:00,96.2
2022-06-06 05:09:55+02:00,96.7
2022-06-06 05:10:56+02:00,96.5
2022-06-06 05:11:56+02:00,96.5
2022-06-06 05:12:56+02:00,96.5
2022-06-06 05:13:56+02:00,95.8
2022-06-06 05:14:56+02:00,94.1
2022-06-06 05:15:56+02:00,90.6
2022-06-06 05:16:56+02:00,90.2
2022-06-06 05:17:57+02:00,90.4
2022-06-06 05:18:57+02:00,50.0
2022-06-06 05:19:57+02:00,50.0
2022-06-06 05:20:57+02:00,50.0
2022-06-06 05:21:57+02:00,90.8
2022-06-06 05:22:57+02:00,50.0
2022-06-06 05:23:57+02:00,92.2
2022-06-06 05:24:58+02:00,91.6
2022-06-06 05:25:58+02:00,90.5
2022-06-06 05:26:58+02:00,89.4
2022-06-06 05:27:58+02:00,88.6
2022-06-06 05:28:58+02:00,88.6
2022-06-06 05:29:58+02:00,89.4
2022-06-06 05:30:58+02:00,89.5
2022-06-06 05:31:59+02:00,88.7
2022-06-06 05:32:59+02:00,89.2
2022-06-06 05:33:59+02:00,88.6
2022-06-06 05:34:59+02:00,88.8
2022-06-06 05:35:59+02:00,88.2
2022-06-06 05:36:59+02:00,88.2
2022-06-06 05:37:59+02:00,88.2
2022-06-06 05:39:00+02:00,87.8
2022-06-06 05:40:00+02:00,89.4
2022-06-06 05:41:00+02:00,90.8
2022-06-06 05:42:00+02:00,90.7
2022-06-06 05:43:00+02:00,90.8
2022-06-06 05:44:00+02:00,91.4
2022-06-06 05:45:00+02:00,91.5
2022-06-06 05:46:01+02:00,92.2
2022-06-06 05:47:01+02:00,92.5
2022-06-06 05:48:01+02:00,50.0
2022-06-06 05:49:01+02:00,92.3
2022-06-06 05:50:01+02:00,50.0
2022-06-06 05:51:01+02:00,94.3
2022-06-06 05:52:01+02:00,93.8
2022-06-06 05:53:01+02:00,93.1
2022-06-06 05:54:01+02:00,92.7
2022-06-06 05:55:02+02:00,92.9
2022-06-06 05:56:02+02:00,93.2
2022-06-06 05:57:02+02:00,93.3
2022-06-06 05:58:02+02:00,93.4
2022-06-06 05:59:02+02:00,93.5
2022-06-06 06:00:02+02:00,93.5
2022-06-06 06:01:02+02:00,93.4
2022-06-06 06:02:02+02:00,93.6
2022-06-06 06:03:02+02:00,93.7
2022-06-06 06:04:02+02:00,93.9
2022-06-06 06:05:03+02:00,94.2
2022-06-06 06:06:03+02:00,94.4
2022-06-06 06:07:03+02:00,94.4
2022-06-06 06:08:03+02:00,94.4
2022-06-06 06:09:03+02:00,94.4
2022-06-06 06:10:03+02:00,94.3
2022-06-06 06:11:03+02:00,94.1
2022-06-06 06:12:03+02:00,93.8
2022-06-06 06:13:04+02:00,94.0
2022-06-06 06:14:04+02:00,93.8
2022-06-06 06:15:04+02:00,93.7
2022-06-06 06:16:04+02:00,93.6
2022-06-06 06:17:04+02:00,93.9
2022-06-06 06:18:05+02:00,93.9
2022-06-06 06:19:05+02:00,94.2
2022-06-06 06:20:05+02:00,94.2
2022-06-06 06:21:05+02:00,92.8
2022-06-06 06:22:05+02:00,91.7
2022-06-06 06:23:05+02:00,91.2
2022-06-06 06:24:05+02:00,90.8
2022-06-06 06:25:05+02:00,50.0
2022-06-06 06:26:05+02:00,90.7
2022-06-06 06:27:05+02:00,91.6
2022-06-06 06:28:06+02:00,92.0
2022-06-06 06:29:06+02:00,92.1
2022-06-06 06:30:06+02:00,92.1
2022-06-06 06:31:06+02:00,92.2
2022-06-06 06:32:06+02:00,92.4
2022-06-06 06:33:06+02:00,92.0
2022-06-06 06:34:06+02:00,50.0
2022-06-06 06:35:07+02:00,92.4
2022-06-06 06:36:07+02:00,92.2
2022-06-06 06:37:07+02:00,92.0
2022-06-06 06:38:07+02:00,91.9
2022-06-06 06:39:07+02:00,91.9
2022-06-06 06:40:07+02:00,91.7
2022-06-06 06:41:08+02:00,91.7
2022-06-06 06:42:08+02:00,91.6
2022-06-06 06:43:08+02:00,91.5
2022-06-06 06:44:08+02:00,91.4
2022-06-06 06:45:08+02:00,91.3
2022-06-06 06:46:08+02:00,91.2
2022-06-06 06:47:08+02:00,91.3
2022-06-06 06:48:09+02:00,91.2
2022-06-06 06:49:09+02:00,91.3
2022-06-06 06:50:09+02:00,91.4
2022-06-06 06:51:09+02:00,91.4
2022-06-06 06:52:09+02:00,91.4
2022-06-06 06:53:09+02:00,91.3
2022-06-06 06:54:09+02:00,91.2
2022-06-06 06:55:10+02:00,91.2
2022-06-06 06:56:10+02:00,91.0
2022-06-06 06:57:10+02:00,50.0
2022-06-06 06:58:10+02:00,91.1
2022-06-06 06:59:10+02:00,50.0
2022-06-06 07:00:10+02:00,90.1
2022-06-06 07:01:11+02:00,89.4
2022-06-06 07:02:11+02:00,89.6
2022-06-06 07:03:11+02:00,50.0
2022-06-06 07:04:11+02:00,50.0
2022-06-06 07:05:11+02:00,50.0
2022-06-06 07:06:11+02:00,50.0
2022-06-06 07:07:11+02:00,50.0
2022-06-06 07:08:12+02:00,90.0
2022-06-06 07:09:12+02:00,90.4
2022-06-06 07:10:12+02:00,90.8
2022-06-06 07:11:12+02:00,90.3
2022-06-06 07:12:12+02:00,90.7
2022-06-06 07:13:12+02:00,50.0
2022-06-06 07:14:13+02:00,50.0
2022-06-06 07:15:13+02:00,50.0
2022-06-06 07:16:13+02:00,50.0
2022-06-06 07:17:13+02:00,50.0
2022-06-06 07:18:13+02:00,50.0
2022-06-06 07:19:13+02:00,50.0
2022-06-06 07:20:13+02:00,50.0
2022-06-06 07:21:14+02:00,89.7
2022-06-06 07:22:14+02:00,50.0
2022-06-06 07:23:14+02:00,89.5
2022-06-06 07:24:14+02:00,88.9
2022-06-06 07:25:14+02:00,50.0
2022-06-06 07:26:14+02:00,50.0
2022-06-06 07:27:15+02:00,50.0
2022-06-06 07:28:15+02:00,50.0
2022-06-06 07:29:15+02:00,50.0
2022-06-06 07:30:15+02:00,50.0
2022-06-06 07:31:15+02:00,50.0
2022-06-06 07:32:15+02:00,88.1
2022-06-06 07:33:15+02:00,88.7
2022-06-06 07:34:15+02:00,50.0
2022-06-06 07:35:15+02:00,50.0
2022-06-06 07:36:15+02:00,50.0
2022-06-06 07:37:15+02:00,90.7
2022-06-06 07:38:15+02:00,50.0
2022-06-06 07:39:15+02:00,50.0
2022-06-06 07:40:16+02:00,50.0
2022-06-06 07:41:16+02:00,91.4
2022-06-06 07:42:16+02:00,91.9
2022-06-07 23:48:00+02:00,94.0
2022-06-07 23:49:00+02:00,94.5
2022-06-07 23:50:00+02:00,92.5
2022-06-07 23:51:00+02:00,91.4
2022-06-07 23:52:00+02:00,90.4
2022-06-07 23:53:00+02:00,90.2
2022-06-07 23:54:00+02:00,89.9
2022-06-07 23:55:00+02:00,89.5
2022-06-07 23:56:00+02:00,89.6
2022-06-07 23:57:00+02:00,89.3
2022-06-07 23:58:00+02:00,88.9
2022-06-07 23:59:01+02:00,89.0
2022-06-08 00:00:01+02:00,88.6
2022-06-08 00:01:01+02:00,89.1
2022-06-08 00:02:01+02:00,89.0
2022-06-08 00:03:01+02:00,89.0
2022-06-08 00:04:01+02:00,88.7
2022-06-08 00:05:01+02:00,88.3
2022-06-08 00:06:01+02:00,87.9
2022-06-08 00:07:01+02:00,87.4
2022-06-08 00:08:01+02:00,86.9
2022-06-08 00:09:02+02:00,50.0
2022-06-08 00:10:02+02:00,89.7
2022-06-08 00:11:02+02:00,91.1
2022-06-08 00:12:02+02:00,50.0
2022-06-08 00:13:02+02:00,91.8
2022-06-08 00:14:02+02:00,93.1
2022-06-08 00:15:02+02:00,94.1
2022-06-08 00:16:02+02:00,94.5
2022-06-08 00:17:03+02:00,95.0
2022-06-08 00:18:03+02:00,95.8
2022-06-08 00:19:03+02:00,96.9
2022-06-08 00:20:03+02:00,97.5
2022-06-08 00:21:03+02:00,97.9
2022-06-08 00:22:03+02:00,98.2
2022-06-08 00:23:03+02:00,98.5
2022-06-08 00:24:03+02:00,98.7
2022-06-08 00:25:04+02:00,98.7
2022-06-08 00:26:04+02:00,98.6
2022-06-08 00:27:04+02:00,98.8
2022-06-08 00:28:04+02:00,98.8
2022-06-08 00:29:04+02:00,98.5
2022-06-08 00:30:04+02:00,98.6
2022-06-08 00:31:04+02:00,98.5
2022-06-08 00:32:05+02:00,98.5
2022-06-08 00:33:05+02:00,98.5
2022-06-08 00:34:05+02:00,98.6
2022-06-08 00:35:05+02:00,98.3
2022-06-08 00:36:05+02:00,98.2
2022-06-08 00:37:05+02:00,98.3
2022-06-08 00:38:05+02:00,50.0
2022-06-08 00:39:05+02:00,98.0
2022-06-08 00:40:06+02:00,98.1
2022-06-08 00:41:06+02:00,97.7
2022-06-08 00:42:06+02:00,98.2
2022-06-08 00:43:06+02:00,98.0
2022-06-08 00:44:06+02:00,98.1
2022-06-08 00:45:06+02:00,97.3
2022-06-08 00:46:06+02:00,97.1
2022-06-08 00:47:07+02:00,97.6
2022-06-08 00:48:07+02:00,97.7
2022-06-08 00:49:07+02:00,50.0
2022-06-08 00:50:07+02:00,92.4
2022-06-08 00:51:07+02:00,90.2
2022-06-08 00:52:07+02:00,88.9
2022-06-08 00:53:07+02:00,88.4
2022-06-08 00:54:08+02:00,87.6
2022-06-08 00:55:08+02:00,87.4
2022-06-08 00:56:08+02:00,86.7
2022-06-08 00:57:08+02:00,83.7
2022-06-08 00:58:08+02:00,81.9
2022-06-08 00:59:08+02:00,81.0
2022-06-08 01:00:09+02:00,80.1
2022-06-08 01:01:09+02:00,79.8
2022-06-08 01:02:09+02:00,79.7
2022-06-08 01:03:09+02:00,79.6
2022-06-08 01:04:09+02:00,79.3
2022-06-08 01:05:09+02:00,79.6
2022-06-08 01:06:09+02:00,79.9
2022-06-08 01:07:10+02:00,80.2
2022-06-08 01:08:10+02:00,80.5
2022-06-08 01:09:10+02:00,80.1
2022-06-08 01:10:10+02:00,80.1
2022-06-08 01:11:10+02:00,80.2
2022-06-08 01:12:10+02:00,80.5
2022-06-08 01:13:11+02:00,80.8
2022-06-08 01:14:11+02:00,81.2
2022-06-08 01:15:11+02:00,81.1
2022-06-08 01:16:11+02:00,81.3
2022-06-08 01:17:11+02:00,81.6
2022-06-08 01:18:11+02:00,81.4
2022-06-08 01:19:11+02:00,81.5
2022-06-08 01:20:11+02:00,81.8
2022-06-08 01:21:12+02:00,50.0
2022-06-08 01:22:12+02:00,50.0
2022-06-08 01:23:12+02:00,82.6
2022-06-08 01:24:12+02:00,50.0
2022-06-08 01:25:12+02:00,50.0
2022-06-08 01:26:12+02:00,82.3
2022-06-08 01:27:13+02:00,50.0
2022-06-08 01:28:13+02:00,50.0
2022-06-08 01:29:13+02:00,50.0
2022-06-08 01:30:13+02:00,50.0
2022-06-08 01:31:13+02:00,50.0
2022-06-08 01:32:13+02:00,50.0
2022-06-08 01:33:13+02:00,86.2
2022-06-08 01:34:14+02:00,88.7
2022-06-08 01:35:14+02:00,50.0
2022-06-08 01:36:14+02:00,90.5
2022-06-08 01:37:14+02:00,91.2
2022-06-08 01:38:14+02:00,92.1
2022-06-08 01:39:14+02:00,92.9
2022-06-08 01:40:15+02:00,50.0
2022-06-08 01:41:15+02:00,93.7
2022-06-08 01:42:15+02:00,94.4
2022-06-08 01:43:15+02:00,50.0
2022-06-08 01:44:15+02:00,94.4
2022-06-08 01:45:15+02:00,50.0
2022-06-08 01:46:15+02:00,50.0
2022-06-08 01:47:16+02:00,50.0
2022-06-08 01:48:16+02:00,50.0
2022-06-08 01:49:16+02:00,94.2
2022-06-08 01:50:16+02:00,93.4
2022-06-08 01:51:16+02:00,92.9
2022-06-08 01:52:16+02:00,92.7
2022-06-08 01:53:17+02:00,92.3
2022-06-08 01:54:17+02:00,92.2
2022-06-08 01:55:17+02:00,92.1
2022-06-08 01:56:17+02:00,92.0
2022-06-08 01:57:17+02:00,92.1
2022-06-08 01:58:17+02:00,92.1
2022-06-08 01:59:18+02:00,92.1
2022-06-08 02:00:18+02:00,92.0
2022-06-08 02:00:18+02:00,92.0
2022-06-08 02:01:18+02:00,91.9
2022-06-08 02:02:18+02:00,91.9
2022-06-08 02:03:18+02:00,91.9
2022-06-08 02:04:18+02:00,91.8
2022-06-08 02:05:18+02:00,91.8
2022-06-08 02:06:19+02:00,91.9
2022-06-08 02:07:19+02:00,92.2
2022-06-08 02:08:19+02:00,92.3
2022-06-08 02:09:19+02:00,92.3
2022-06-08 02:10:19+02:00,92.2
2022-06-08 02:11:19+02:00,92.2
2022-06-08 02:12:19+02:00,92.2
2022-06-08 02:13:20+02:00,92.1
2022-06-08 02:14:20+02:00,92.2
2022-06-08 02:15:20+02:00,92.3
2022-06-08 02:16:20+02:00,92.1
2022-06-08 02:17:20+02:00,92.2
2022-06-08 02:18:20+02:00,92.2
2022-06-08 02:19:20+02:00,92.3
2022-06-08 02:20:21+02:00,92.1
2022-06-08 02:21:21+02:00,92.1
2022-06-08 02:22:21+02:00,92.0
2022-06-08 02:23:21+02:00,92.0
2022-06-08 02:24:21+02:00,92.3
2022-06-08 02:25:21+02:00,50.0
2022-06-08 02:26:22+02:00,50.0
2022-06-08 02:27:22+02:00,92.9
2022-06-08 02:28:22+02:00,92.1
2022-06-08 02:29:22+02:00,50.0
2022-06-08 02:30:22+02:00,91.8
2022-06-08 02:31:22+02:00,91.1
2022-06-08 02:32:23+02:00,90.4
2022-06-08 02:33:23+02:00,90.0
2022-06-08 02:34:23+02:00,90.1
2022-06-08 02:35:23+02:00,90.2
2022-06-08 02:36:23+02:00,90.4
2022-06-08 02:37:23+02:00,90.2
2022-06-08 02:38:23+02:00,90.4
2022-06-08 02:39:24+02:00,90.2
2022-06-08 02:40:24+02:00,90.2
2022-06-08 02:41:24+02:00,90.4
2022-06-08 02:42:24+02:00,90.5
2022-06-08 02:43:24+02:00,90.5
2022-06-08 02:44:24+02:00,90.7
2022-06-08 02:45:25+02:00,90.8
2022-06-08 02:46:25+02:00,90.8
2022-06-08 02:47:25+02:00,90.5
2022-06-08 02:48:25+02:00,90.6
2022-06-08 02:49:25+02:00,90.5
2022-06-08 02:50:25+02:00,90.7
2022-06-08 02:51:25+02:00,90.6
2022-06-08 02:52:26+02:00,90.6
2022-06-08 02:53:26+02:00,90.5
2022-06-08 02:54:26+02:00,90.7
2022-06-08 02:55:26+02:00,90.5
2022-06-08 02:56:26+02:00,90.4
2022-06-08 02:57:26+02:00,90.3
2022-06-08 02:58:27+02:00,90.3
2022-06-08 02:59:27+02:00,90.3
2022-06-08 03:00:27+02:00,90.4
2022-06-08 03:01:27+02:00,90.9
2022-06-08 03:02:27+02:00,91.0
2022-06-08 03:03:27+02:00,91.0
2022-06-08 03:04:27+02:00,90.9
2022-06-08 03:05:28+02:00,90.8
2022-06-08 03:06:28+02:00,90.8
2022-06-08 03:07:28+02:00,90.8
2022-06-08 03:08:28+02:00,90.6
2022-06-08 03:09:28+02:00,90.6
2022-06-08 03:10:28+02:00,90.6
2022-06-08 03:11:28+02:00,90.7
2022-06-08 03:12:29+02:00,90.7
2022-06-08 03:13:29+02:00,90.7
2022-06-08 03:14:29+02:00,90.7
2022-06-08 03:15:29+02:00,90.7
2022-06-08 03:16:29+02:00,90.6
2022-06-08 03:17:29+02:00,90.7
2022-06-08 03:18:30+02:00,90.7
2022-06-08 03:19:30+02:00,90.8
2022-06-08 03:20:30+02:00,90.8
2022-06-08 03:21:30+02:00,90.7
2022-06-08 03:22:30+02:00,90.8
2022-06-08 03:23:30+02:00,90.9
2022-06-08 03:24:30+02:00,90.9
2022-06-08 03:25:31+02:00,90.8
2022-06-08 03:26:31+02:00,90.8
2022-06-08 03:27:31+02:00,90.9
2022-06-08 03:28:31+02:00,91.0
2022-06-08 03:29:31+02:00,90.9
2022-06-08 03:30:31+02:00,90.9
2022-06-08 03:31:32+02:00,90.8
2022-06-08 03:32:32+02:00,90.7
2022-06-08 03:33:32+02:00,50.0
2022-06-08 03:34:32+02:00,50.0
2022-06-08 03:35:32+02:00,90.9
2022-06-08 03:36:32+02:00,50.0
2022-06-08 03:37:32+02:00,91.9
2022-06-08 03:38:32+02:00,93.0
2022-06-08 03:39:32+02:00,93.4
2022-06-08 03:40:32+02:00,93.6
2022-06-08 03:41:33+02:00,93.6
2022-06-08 03:42:33+02:00,93.7
2022-06-08 03:43:33+02:00,93.7
2022-06-08 03:44:33+02:00,93.7
2022-06-08 03:45:33+02:00,93.6
2022-06-08 03:46:33+02:00,93.6
2022-06-08 03:47:33+02:00,93.4
2022-06-08 03:48:33+02:00,93.4
2022-06-08 03:49:33+02:00,93.1
2022-06-08 03:50:33+02:00,50.0
2022-06-08 03:51:34+02:00,50.0
2022-06-08 03:52:34+02:00,92.8
2022-06-08 03:53:34+02:00,91.8
2022-06-08 03:54:34+02:00,91.6
2022-06-08 03:55:34+02:00,91.4
2022-06-08 03:56:34+02:00,91.4
2022-06-08 03:57:34+02:00,91.3
2022-06-08 03:58:34+02:00,91.4
2022-06-08 03:59:34+02:00,91.6
2022-06-08 04:00:35+02:00,91.6
2022-06-08 04:01:35+02:00,91.7
2022-06-08 04:02:35+02:00,91.7
2022-06-08 04:03:35+02:00,91.9
2022-06-08 04:04:35+02:00,91.8
2022-06-08 04:05:35+02:00,50.0
2022-06-08 04:06:35+02:00,90.2
2022-06-08 04:07:35+02:00,89.5
2022-06-08 04:08:35+02:00,89.8
2022-06-08 04:09:35+02:00,90.1
2022-06-08 04:10:35+02:00,90.6
2022-06-08 04:11:35+02:00,91.0
2022-06-08 04:12:36+02:00,91.3
2022-06-08 04:13:36+02:00,91.4
2022-06-08 04:14:36+02:00,91.5
2022-06-08 04:15:36+02:00,91.0
2022-06-08 04:16:36+02:00,90.7
2022-06-08 04:17:36+02:00,91.5
2022-06-08 04:18:36+02:00,92.0
2022-06-08 04:19:36+02:00,91.6
2022-06-08 04:20:36+02:00,91.9
2022-06-08 04:21:36+02:00,92.2
2022-06-08 04:22:37+02:00,92.5
2022-06-08 04:23:37+02:00,92.8
2022-06-08 04:24:37+02:00,92.9
2022-06-08 04:25:37+02:00,92.6
2022-06-08 04:26:37+02:00,50.0
2022-06-08 04:27:37+02:00,92.5
2022-06-08 04:28:37+02:00,50.0
2022-06-08 04:29:37+02:00,50.0
2022-06-08 04:30:37+02:00,50.0
2022-06-08 04:31:37+02:00,50.0
2022-06-08 04:32:37+02:00,50.0
2022-06-08 04:33:37+02:00,50.0
2022-06-08 04:34:37+02:00,50.0
2022-06-08 04:35:38+02:00,50.0
2022-06-08 04:36:38+02:00,50.0
2022-06-08 04:37:38+02:00,92.3
2022-06-08 04:38:38+02:00,90.8
2022-06-08 04:39:38+02:00,50.0
2022-06-08 04:40:38+02:00,50.0
2022-06-08 04:41:38+02:00,50.0
2022-06-08 04:42:38+02:00,50.0
2022-06-08 04:43:39+02:00,50.0
2022-06-08 04:44:39+02:00,90.5
2022-06-08 04:45:39+02:00,91.5
2022-06-08 04:46:39+02:00,92.0
2022-06-08 04:47:39+02:00,50.0
2022-06-08 04:48:39+02:00,50.0
2022-06-08 04:49:39+02:00,50.0
2022-06-08 04:50:40+02:00,50.0
2022-06-08 04:51:40+02:00,50.0
2022-06-08 04:52:40+02:00,50.0
2022-06-08 04:53:40+02:00,50.0
2022-06-08 04:54:40+02:00,50.0
2022-06-08 04:55:40+02:00,50.0
2022-06-08 04:56:41+02:00,50.0
2022-06-08 04:57:41+02:00,50.0
2022-06-08 04:58:41+02:00,50.0
2022-06-08 04:59:41+02:00,50.0
2022-06-08 05:00:41+02:00,50.0
2022-06-08 05:01:41+02:00,50.0
2022-06-08 05:02:41+02:00,50.0
2022-06-08 05:03:42+02:00,50.0
2022-06-08 05:04:42+02:00,50.0
2022-06-08 05:05:42+02:00,90.0
2022-06-08 05:06:42+02:00,50.0
2022-06-08 05:07:42+02:00,90.7
2022-06-08 05:08:42+02:00,50.0
2022-06-08 05:09:43+02:00,50.0
2022-06-08 05:10:43+02:00,50.0
2022-06-08 05:11:43+02:00,89.1
2022-06-08 05:12:43+02:00,88.6
2022-06-08 05:13:43+02:00,88.9
2022-06-08 05:14:43+02:00,90.7
2022-06-08 05:15:44+02:00,90.0
2022-06-08 05:16:44+02:00,89.7
2022-06-08 05:17:44+02:00,89.3
2022-06-08 05:18:44+02:00,90.4
2022-06-08 05:19:44+02:00,50.0
2022-06-08 05:20:44+02:00,50.0
2022-06-08 05:21:44+02:00,89.6
2022-06-08 05:22:45+02:00,90.3
2022-06-09 01:47:00+02:00,50.0
2022-06-09 01:48:00+02:00,91.5
2022-06-09 01:49:00+02:00,91.6
2022-06-09 01:50:00+02:00,91.2
2022-06-09 01:51:00+02:00,91.2
2022-06-09 01:52:00+02:00,91.0
2022-06-09 01:53:00+02:00,50.0
2022-06-09 01:54:00+02:00,91.6
2022-06-09 01:55:00+02:00,50.0
2022-06-09 01:56:00+02:00,91.7
2022-06-09 01:57:00+02:00,50.0
2022-06-09 01:58:00+02:00,91.3
2022-06-09 01:59:00+02:00,91.3
2022-06-09 02:00:00+02:00,90.7
2022-06-09 02:00:00+02:00,90.7
2022-06-09 02:01:01+02:00,90.5
2022-06-09 02:02:01+02:00,90.9
2022-06-09 02:03:01+02:00,91.1
2022-06-09 02:04:01+02:00,91.1
2022-06-09 02:05:01+02:00,91.2
2022-06-09 02:06:01+02:00,91.2
2022-06-09 02:07:01+02:00,91.2
2022-06-09 02:08:01+02:00,91.2
2022-06-09 02:09:01+02:00,91.3
2022-06-09 02:10:01+02:00,91.4
2022-06-09 02:11:02+02:00,91.4
2022-06-09 02:12:02+02:00,91.6
2022-06-09 02:13:02+02:00,91.7
2022-06-09 02:14:02+02:00,91.8
2022-06-09 02:15:02+02:00,91.6
2022-06-09 02:16:02+02:00,91.8
2022-06-09 02:17:02+02:00,91.7
2022-06-09 02:18:02+02:00,91.8
2022-06-09 02:19:03+02:00,91.8
2022-06-09 02:20:03+02:00,91.7
2022-06-09 02:21:03+02:00,91.7
2022-06-09 02:22:03+02:00,91.8
2022-06-09 02:23:03+02:00,91.8
2022-06-09 02:24:03+02:00,91.9
2022-06-09 02:25:03+02:00,91.9
2022-06-09 02:26:03+02:00,92.1
2022-06-09 02:27:04+02:00,92.2
2022-06-09 02:28:04+02:00,92.2
2022-06-09 02:29:04+02:00,92.2
2022-06-09 02:30:04+02:00,92.1
2022-06-09 02:31:04+02:00,92.1
2022-06-09 02:32:04+02:00,92.1
2022-06-09 02:33:04+02:00,92.1
2022-06-09 02:34:04+02:00,92.0
2022-06-09 02:35:04+02:00,92.0
2022-06-09 02:36:05+02:00,91.9
2022-06-09 02:37:05+02:00,91.9
2022-06-09 02:38:05+02:00,92.0
2022-06-09 02:39:05+02:00,91.9
2022-06-09 02:40:05+02:00,92.0
2022-06-09 02:41:05+02:00,92.0
2022-06-09 02:42:05+02:00,92.2
2022-06-09 02:43:06+02:00,92.4
2022-06-09 02:44:06+02:00,50.0
2022-06-09 02:45:06+02:00,50.0
2022-06-09 02:46:06+02:00,50.0
2022-06-09 02:47:06+02:00,93.4
2022-06-09 02:48:06+02:00,94.3
2022-06-09 02:49:07+02:00,95.0
2022-06-09 02:50:07+02:00,95.2
2022-06-09 02:51:07+02:00,95.4
2022-06-09 02:52:07+02:00,95.6
2022-06-09 02:53:07+02:00,95.8
2022-06-09 02:54:07+02:00,96.0
2022-06-09 02:55:07+02:00,96.0
2022-06-09 02:56:08+02:00,96.2
2022-06-09 02:57:08+02:00,96.4
2022-06-09 02:58:08+02:00,96.3
2022-06-09 02:59:08+02:00,96.1
2022-06-09 03:00:08+02:00,96.3
2022-06-09 03:01:08+02:00,96.3
2022-06-09 03:02:08+02:00,96.1
2022-06-09 03:03:09+02:00,96.1
2022-06-09 03:04:09+02:00,96.0
2022-06-09 03:05:09+02:00,95.9
2022-06-09 03:06:09+02:00,95.4
2022-06-09 03:07:09+02:00,95.4
2022-06-09 03:08:09+02:00,95.5
2022-06-09 03:09:09+02:00,95.6
2022-06-09 03:10:10+02:00,95.6
2022-06-09 03:11:10+02:00,95.5
2022-06-09 03:12:10+02:00,96.3
2022-06-09 03:13:10+02:00,96.3
2022-06-09 03:14:10+02:00,96.6
2022-06-09 03:15:10+02:00,96.9
2022-06-09 03:16:11+02:00,96.8
2022-06-09 03:17:11+02:00,96.9
2022-06-09 03:18:11+02:00,97.1
2022-06-09 03:19:11+02:00,97.2
2022-06-09 03:20:11+02:00,97.3
2022-06-09 03:21:11+02:00,97.5
2022-06-09 03:22:11+02:00,97.6
2022-06-09 03:23:12+02:00,97.2
2022-06-09 03:24:12+02:00,97.3
2022-06-09 03:25:12+02:00,97.6
2022-06-09 03:26:12+02:00,50.0
2022-06-09 03:27:12+02:00,97.2
2022-06-09 03:28:12+02:00,97.6
2022-06-09 03:29:12+02:00,97.7
2022-06-09 03:30:13+02:00,97.8
2022-06-09 03:31:13+02:00,98.6
2022-06-09 03:32:13+02:00,98.7
2022-06-09 03:33:13+02:00,98.7
2022-06-09 03:34:13+02:00,50.0
2022-06-09 03:35:13+02:00,97.6
2022-06-09 03:36:13+02:00,98.0
2022-06-09 03:37:14+02:00,97.9
2022-06-09 03:38:14+02:00,97.8
2022-06-09 03:39:14+02:00,97.9
2022-06-09 03:40:14+02:00,98.0
2022-06-09 03:41:14+02:00,98.3
2022-06-09 03:42:14+02:00,98.4
2022-06-09 03:43:15+02:00,98.5
2022-06-09 03:44:15+02:00,98.5
2022-06-09 03:45:15+02:00,98.2
2022-06-09 03:46:15+02:00,98.5
2022-06-09 03:47:15+02:00,50.0
2022-06-09 03:48:15+02:00,50.0
2022-06-09 03:49:15+02:00,50.0
2022-06-09 03:50:16+02:00,97.6
2022-06-09 03:51:16+02:00,94.7
2022-06-09 03:52:16+02:00,92.4
2022-06-09 03:53:16+02:00,92.1
2022-06-09 03:54:16+02:00,90.9
2022-06-09 03:55:16+02:00,89.9
2022-06-09 03:56:17+02:00,89.6
2022-06-09 03:57:17+02:00,89.7
2022-06-09 03:58:17+02:00,89.3
2022-06-09 03:59:17+02:00,89.2
2022-06-09 04:00:17+02:00,50.0
2022-06-09 04:01:17+02:00,90.1
2022-06-09 04:02:17+02:00,90.3
2022-06-09 04:03:18+02:00,89.8
2022-06-09 04:04:18+02:00,90.6
2022-06-09 04:05:18+02:00,90.8
2022-06-09 04:06:18+02:00,91.2
2022-06-09 04:07:18+02:00,91.1
2022-06-09 04:08:18+02:00,91.0
2022-06-09 04:09:19+02:00,91.5
2022-06-09 04:10:19+02:00,91.9
2022-06-09 04:11:19+02:00,91.5
2022-06-09 04:12:19+02:00,91.4
2022-06-09 04:13:19+02:00,91.7
2022-06-09 04:14:19+02:00,91.9
2022-06-09 04:15:19+02:00,92.0
2022-06-09 04:16:20+02:00,92.1
2022-06-09 04:17:20+02:00,50.0
2022-06-09 04:18:20+02:00,92.0
2022-06-09 04:19:20+02:00,91.7
2022-06-09 04:20:20+02:00,91.5
2022-06-09 04:21:20+02:00,91.4
2022-06-09 04:22:20+02:00,91.0
2022-06-09 04:23:21+02:00,91.2
2022-06-09 04:24:21+02:00,91.6
2022-06-09 04:25:21+02:00,91.4
2022-06-09 04:26:21+02:00,91.4
2022-06-09 04:27:21+02:00,91.1
2022-06-09 04:28:21+02:00,90.9
2022-06-09 04:29:22+02:00,90.9
2022-06-09 04:30:22+02:00,90.8
2022-06-09 04:31:22+02:00,90.8
2022-06-09 04:32:22+02:00,91.2
2022-06-09 04:33:22+02:00,90.8
2022-06-09 04:34:22+02:00,90.2
2022-06-09 04:35:22+02:00,90.4
2022-06-09 04:36:23+02:00,90.5
2022-06-09 04:37:23+02:00,50.0
2022-06-09 04:38:23+02:00,90.2
2022-06-09 04:39:23+02:00,50.0
2022-06-09 04:40:23+02:00,50.0
2022-06-09 04:41:23+02:00,90.8
2022-06-09 04:42:23+02:00,91.7
2022-06-09 04:43:24+02:00,92.1
2022-06-09 04:44:24+02:00,92.5
2022-06-09 04:45:24+02:00,92.1
2022-06-09 04:46:24+02:00,93.0
2022-06-09 04:47:24+02:00,93.8
2022-06-09 04:48:24+02:00,94.6
2022-06-09 04:49:24+02:00,94.9
2022-06-09 04:50:25+02:00,95.1
2022-06-09 04:51:25+02:00,95.8
2022-06-09 04:52:25+02:00,96.1
2022-06-09 04:53:25+02:00,96.2
2022-06-09 04:54:25+02:00,96.1
2022-06-09 04:55:25+02:00,95.9
2022-06-09 04:56:26+02:00,96.1
2022-06-09 04:57:26+02:00,96.5
2022-06-09 04:58:26+02:00,96.6
2022-06-09 04:59:26+02:00,96.2
2022-06-09 05:00:26+02:00,96.6
2022-06-09 05:01:26+02:00,96.7
2022-06-09 05:02:26+02:00,96.7
2022-06-09 05:03:27+02:00,97.0
2022-06-09 05:04:27+02:00,96.7
2022-06-09 05:05:27+02:00,96.7
2022-06-09 05:06:27+02:00,96.8
2022-06-09 05:07:27+02:00,96.6
2022-06-09 05:08:27+02:00,96.6
2022-06-09 05:09:28+02:00,50.0
2022-06-09 05:10:28+02:00,96.3
2022-06-09 05:11:28+02:00,95.6
2022-06-09 05:12:28+02:00,95.1
2022-06-09 05:13:28+02:00,94.9
2022-06-09 05:14:28+02:00,94.6
2022-06-09 05:15:28+02:00,94.5
2022-06-09 05:16:29+02:00,94.6
2022-06-09 05:17:29+02:00,94.9
2022-06-09 05:18:29+02:00,94.7
2022-06-09 05:19:29+02:00,94.8
2022-06-09 05:20:29+02:00,94.7
2022-06-09 05:21:29+02:00,94.8
2022-06-09 05:22:30+02:00,94.9
2022-06-09 05:23:30+02:00,94.9
2022-06-09 05:24:30+02:00,95.1
2022-06-09 05:25:30+02:00,94.9
2022-06-09 05:26:30+02:00,94.8
2022-06-09 05:27:30+02:00,50.0
2022-06-09 05:28:30+02:00,94.5
2022-06-09 05:29:31+02:00,93.5
2022-06-09 05:30:31+02:00,92.8
2022-06-09 05:31:31+02:00,92.4
2022-06-09 05:32:31+02:00,92.1
2022-06-09 05:33:31+02:00,91.8
2022-06-09 05:34:31+02:00,91.8
2022-06-09 05:35:31+02:00,91.9
2022-06-09 05:36:32+02:00,91.6
2022-06-09 05:37:32+02:00,91.6
2022-06-09 05:38:32+02:00,91.6
2022-06-09 05:39:32+02:00,91.7
2022-06-09 05:40:32+02:00,91.8
2022-06-09 05:41:32+02:00,91.8
2022-06-09 05:42:32+02:00,91.8
2022-06-09 05:43:32+02:00,91.7
2022-06-09 05:44:32+02:00,91.5
2022-06-09 05:45:33+02:00,91.6
2022-06-09 05:46:33+02:00,91.4
2022-06-09 05:47:33+02:00,91.4
2022-06-09 05:48:33+02:00,91.4
2022-06-09 05:49:33+02:00,50.0
2022-06-09 05:50:33+02:00,92.3
2022-06-09 05:51:33+02:00,92.5
2022-06-09 05:52:33+02:00,92.4
2022-06-09 05:53:33+02:00,92.2
2022-06-09 05:54:34+02:00,50.0
2022-06-09 05:55:34+02:00,50.0
2022-06-09 05:56:34+02:00,50.0
2022-06-09 05:57:34+02:00,92.8
2022-06-09 05:58:34+02:00,50.0
2022-06-09 05:59:34+02:00,93.3
2022-06-09 06:00:34+02:00,93.0
2022-06-09 06:01:34+02:00,92.8
2022-06-09 06:02:34+02:00,92.9
2022-06-09 06:03:34+02:00,92.6
2022-06-09 06:04:34+02:00,92.7
2022-06-09 06:05:35+02:00,92.6
2022-06-09 06:06:35+02:00,92.3
2022-06-09 06:07:35+02:00,92.5
2022-06-09 06:08:35+02:00,92.4
2022-06-09 06:09:35+02:00,92.6
2022-06-09 06:10:35+02:00,92.7
2022-06-09 06:11:35+02:00,92.8
2022-06-09 06:12:36+02:00,93.0
2022-06-09 06:13:36+02:00,92.9
2022-06-09 06:14:36+02:00,93.0
2022-06-09 06:15:36+02:00,92.9
2022-06-09 06:16:36+02:00,93.0
2022-06-09 06:17:36+02:00,93.0
2022-06-09 06:18:36+02:00,93.2
2022-06-09 06:19:36+02:00,93.1
2022-06-09 06:20:36+02:00,93.3
2022-06-09 06:21:37+02:00,93.5
2022-06-09 06:22:37+02:00,93.7
2022-06-09 06:23:37+02:00,93.6
2022-06-09 06:24:37+02:00,93.5
2022-06-09 06:25:37+02:00,93.5
2022-06-09 06:26:37+02:00,93.6
2022-06-09 06:27:37+02:00,93.8
2022-06-09 06:28:37+02:00,93.8
2022-06-09 06:29:37+02:00,93.9
2022-06-09 06:30:37+02:00,94.0
2022-06-09 06:31:38+02:00,94.0
2022-06-09 06:32:38+02:00,50.0
2022-06-09 06:33:38+02:00,94.3
2022-06-09 06:34:38+02:00,94.2
2022-06-09 06:35:38+02:00,94.1
2022-06-09 06:36:38+02:00,93.8
2022-06-09 06:37:38+02:00,93.5
2022-06-09 06:38:39+02:00,93.6
2022-06-09 06:39:39+02:00,50.0
2022-06-09 06:40:39+02:00,50.0
2022-06-09 06:41:39+02:00,50.0
2022-06-09 06:42:39+02:00,50.0
2022-06-09 06:43:39+02:00,50.0
2022-06-09 06:44:39+02:00,50.0
2022-06-09 06:45:39+02:00,92.3
2022-06-09 06:46:40+02:00,90.6
2022-06-09 06:47:40+02:00,90.3
2022-06-09 06:48:40+02:00,89.9
2022-06-09 06:49:40+02:00,50.0
2022-06-09 06:50:40+02:00,90.4
2022-06-09 06:51:40+02:00,50.0
2022-06-09 06:52:41+02:00,50.0
2022-06-09 06:53:41+02:00,90.7
2022-06-09 06:54:41+02:00,90.4
2022-06-09 06:55:41+02:00,90.3
2022-06-09 06:56:41+02:00,50.0
2022-06-09 06:57:41+02:00,90.4
2022-06-09 06:58:41+02:00,91.0
2022-06-09 06:59:42+02:00,50.0
2022-06-09 07:00:42+02:00,50.0
2022-06-09 07:01:42+02:00,50.0
2022-06-09 07:02:42+02:00,50.0
2022-06-09 07:03:42+02:00,50.0
2022-06-09 07:04:42+02:00,90.4
2022-06-09 07:05:42+02:00,50.0
2022-06-09 07:06:43+02:00,50.0
2022-06-09 07:07:43+02:00,50.0
2022-06-09 07:08:43+02:00,89.9
2022-06-09 07:09:43+02:00,89.1
2022-06-09 07:10:43+02:00,50.0
2022-06-09 07:11:43+02:00,50.0
2022-06-09 07:12:44+02:00,50.0
2022-06-09 07:13:44+02:00,89.8
2022-06-09 07:14:44+02:00,50.0
2022-06-09 07:15:44+02:00,50.0
2022-06-09 07:16:44+02:00,91.0
2022-06-09 07:17:44+02:00,91.7
2022-06-09 07:18:44+02:00,91.5
2022-06-09 07:19:44+02:00,92.0
2022-06-09 07:20:45+02:00,91.9
2022-06-09 07:21:45+02:00,92.1
2022-06-09 07:22:45+02:00,93.3
2022-06-09 07:23:45+02:00,93.9
2022-06-09 07:24:45+02:00,50.0
2022-06-09 07:25:45+02:00,50.0
2022-06-09 07:26:45+02:00,50.0
2022-06-09 07:27:46+02:00,50.0
2022-06-09 07:28:46+02:00,93.2
2022-06-09 07:29:46+02:00,93.2
2022-06-09 07:30:46+02:00,50.0
2022-06-09 07:31:46+02:00,50.0
2022-06-09 07:32:46+02:00,50.0
2022-06-09 07:33:46+02:00,50.0
2022-06-09 07:34:46+02:00,93.9
2022-06-09 07:35:46+02:00,50.0
2022-06-09 07:36:46+02:00,50.0
2022-06-09 07:37:46+02:00,50.0
2022-06-09 07:38:47+02:00,50.0
2022-06-09 07:39:47+02:00,93.3
2022-06-09 07:40:47+02:00,93.1
2022-06-09 07:41:47+02:00,93.0
2022-06-09 07:42:47+02:00,93.6
2022-06-09 07:43:47+02:00,50.0
2022-06-09 07:44:48+02:00,50.0
2022-06-09 07:45:48+02:00,50.0
2022-06-09 07:46:48+02:00,93.9
2022-06-09 07:47:48+02:00,93.6
2022-06-09 07:48:48+02:00,93.3
2022-06-09 23:48:30+02:00,50.0
2022-06-09 23:49:30+02:00,87.6
2022-06-09 23:50:30+02:00,50.0
2022-06-09 23:51:30+02:00,88.1
2022-06-09 23:52:30+02:00,87.8
2022-06-09 23:53:30+02:00,88.1
2022-06-09 23:54:30+02:00,88.4
2022-06-09 23:55:30+02:00,88.9
2022-06-09 23:56:30+02:00,88.9
2022-06-09 23:57:30+02:00,89.1
2022-06-09 23:58:30+02:00,89.4
2022-06-09 23:59:31+02:00,89.6
2022-06-10 00:00:31+02:00,89.9
2022-06-10 00:01:31+02:00,90.3
2022-06-10 00:02:31+02:00,90.3
2022-06-10 00:03:31+02:00,50.0
2022-06-10 00:04:31+02:00,50.0
2022-06-10 00:05:31+02:00,91.1
2022-06-10 00:06:32+02:00,91.0
2022-06-10 00:07:32+02:00,50.0
2022-06-10 00:08:32+02:00,90.7
2022-06-10 00:09:32+02:00,90.7
2022-06-10 00:10:32+02:00,90.3
2022-06-10 00:11:32+02:00,89.9
2022-06-10 00:12:32+02:00,89.7
2022-06-10 00:13:32+02:00,89.7
2022-06-10 00:14:32+02:00,89.7
2022-06-10 00:15:33+02:00,89.8
2022-06-10 00:16:33+02:00,89.9
2022-06-10 00:17:33+02:00,89.9
2022-06-10 00:18:33+02:00,50.0
2022-06-10 00:19:33+02:00,50.0
2022-06-10 00:20:33+02:00,50.0
2022-06-10 00:21:33+02:00,90.7
2022-06-10 00:22:33+02:00,90.7
2022-06-10 00:23:33+02:00,91.0
2022-06-10 00:24:34+02:00,91.2
2022-06-10 00:25:34+02:00,91.5
2022-06-10 00:26:34+02:00,91.9
2022-06-10 00:27:34+02:00,92.0
2022-06-10 00:28:34+02:00,92.3
2022-06-10 00:29:34+02:00,92.5
2022-06-10 00:30:34+02:00,92.8
2022-06-10 00:31:34+02:00,92.9
2022-06-10 00:32:34+02:00,93.0
2022-06-10 00:33:34+02:00,93.1
2022-06-10 00:34:34+02:00,93.4
2022-06-10 00:35:35+02:00,93.6
2022-06-10 00:36:35+02:00,93.6
2022-06-10 00:37:35+02:00,93.7
2022-06-10 00:38:35+02:00,93.8
2022-06-10 00:39:35+02:00,93.8
2022-06-10 00:40:35+02:00,93.9
2022-06-10 00:41:35+02:00,50.0
2022-06-10 00:42:35+02:00,92.7
2022-06-10 00:43:35+02:00,91.5
2022-06-10 00:44:36+02:00,90.8
2022-06-10 00:45:36+02:00,90.3
2022-06-10 00:46:36+02:00,89.9
2022-06-10 00:47:36+02:00,89.7
2022-06-10 00:48:36+02:00,89.6
2022-06-10 00:49:36+02:00,89.5
2022-06-10 00:50:36+02:00,89.4
2022-06-10 00:51:36+02:00,89.4
2022-06-10 00:52:36+02:00,89.4
2022-06-10 00:53:37+02:00,89.3
2022-06-10 00:54:37+02:00,50.0
2022-06-10 00:55:37+02:00,89.8
2022-06-10 00:56:37+02:00,50.0
2022-06-10 00:57:37+02:00,90.0
2022-06-10 00:58:37+02:00,90.2
2022-06-10 00:59:37+02:00,90.2
2022-06-10 01:00:37+02:00,90.2
2022-06-10 01:01:37+02:00,90.2
2022-06-10 01:02:38+02:00,90.3
2022-06-10 01:03:38+02:00,90.3
2022-06-10 01:04:38+02:00,90.4
2022-06-10 01:05:38+02:00,90.1
2022-06-10 01:06:38+02:00,89.9
2022-06-10 01:07:38+02:00,90.2
2022-06-10 01:08:38+02:00,90.3
2022-06-10 01:09:39+02:00,90.4
2022-06-10 01:10:39+02:00,90.5
2022-06-10 01:11:39+02:00,90.7
2022-06-10 01:12:39+02:00,90.7
2022-06-10 01:13:39+02:00,90.8
2022-06-10 01:14:39+02:00,91.0
2022-06-10 01:15:39+02:00,90.8
2022-06-10 01:16:40+02:00,90.7
2022-06-10 01:17:40+02:00,90.7
2022-06-10 01:18:40+02:00,90.7
2022-06-10 01:19:40+02:00,91.0
2022-06-10 01:20:40+02:00,91.2
2022-06-10 01:21:40+02:00,91.3
2022-06-10 01:22:40+02:00,91.4
2022-06-10 01:23:41+02:00,91.5
2022-06-10 01:24:41+02:00,91.6
2022-06-10 01:25:41+02:00,91.6
2022-06-10 01:26:41+02:00,91.6
2022-06-10 01:27:41+02:00,91.6
2022-06-10 01:28:41+02:00,50.0
2022-06-10 01:29:42+02:00,50.0
2022-06-10 01:30:42+02:00,89.0
2022-06-10 01:31:42+02:00,87.6
2022-06-10 01:32:42+02:00,86.9
2022-06-10 01:33:42+02:00,87.4
2022-06-10 01:34:42+02:00,87.8
2022-06-10 01:35:42+02:00,88.0
2022-06-10 01:36:43+02:00,88.1
2022-06-10 01:37:43+02:00,88.0
2022-06-10 01:38:43+02:00,50.0
2022-06-10 01:39:43+02:00,88.4
2022-06-10 01:40:43+02:00,88.2
2022-06-10 01:41:43+02:00,87.8
2022-06-10 01:42:44+02:00,87.3
2022-06-10 01:43:44+02:00,87.0
2022-06-10 01:44:44+02:00,86.6
2022-06-10 01:45:44+02:00,87.9
2022-06-10 01:46:44+02:00,88.8
2022-06-10 01:47:44+02:00,89.2
2022-06-10 01:48:44+02:00,89.5
2022-06-10 01:49:45+02:00,89.5
2022-06-10 01:50:45+02:00,89.7
2022-06-10 01:51:45+02:00,89.8
2022-06-10 01:52:45+02:00,90.0
2022-06-10 01:53:45+02:00,90.2
2022-06-10 01:54:45+02:00,90.4
2022-06-10 01:55:45+02:00,90.4
2022-06-10 01:56:46+02:00,90.4
2022-06-10 01:57:46+02:00,91.0
2022-06-10 01:58:46+02:00,91.0
2022-06-10 01:59:46+02:00,90.8
2022-06-10 02:00:46+02:00,91.0
2022-06-10 02:00:46+02:00,91.0
2022-06-10 02:01:46+02:00,90.8
2022-06-10 02:02:47+02:00,90.5
2022-06-10 02:03:47+02:00,89.9
2022-06-10 02:04:47+02:00,89.5
2022-06-10 02:05:47+02:00,89.3
2022-06-10 02:06:47+02:00,89.1
2022-06-10 02:07:47+02:00,88.9
2022-06-10 02:08:47+02:00,88.7
2022-06-10 02:09:48+02:00,88.6
2022-06-10 02:10:48+02:00,88.6
2022-06-10 02:11:48+02:00,88.7
2022-06-10 02:12:48+02:00,89.0
2022-06-10 02:13:48+02:00,89.2
2022-06-10 02:14:48+02:00,89.2
2022-06-10 02:15:48+02:00,89.0
2022-06-10 02:16:49+02:00,88.9
2022-06-10 02:17:49+02:00,88.9
2022-06-10 02:18:49+02:00,88.7
2022-06-10 02:19:49+02:00,88.1
2022-06-10 02:20:49+02:00,88.5
2022-06-10 02:21:49+02:00,88.5
2022-06-10 02:22:49+02:00,88.6
2022-06-10 02:23:50+02:00,50.0
2022-06-10 02:24:50+02:00,50.0
2022-06-10 02:25:50+02:00,89.3
2022-06-10 02:26:50+02:00,89.5
2022-06-10 02:27:50+02:00,50.0
2022-06-10 02:28:50+02:00,50.0
2022-06-10 02:29:51+02:00,89.6
2022-06-10 02:30:51+02:00,89.6
2022-06-10 02:31:51+02:00,89.6
2022-06-10 02:32:51+02:00,89.5
2022-06-10 02:33:51+02:00,89.6
2022-06-10 02:34:51+02:00,89.6
2022-06-10 02:35:51+02:00,89.4
2022-06-10 02:36:52+02:00,89.4
2022-06-10 02:37:52+02:00,89.4
2022-06-10 02:38:52+02:00,89.5
2022-06-10 02:39:52+02:00,89.5
2022-06-10 02:40:52+02:00,89.5
2022-06-10 02:41:52+02:00,89.6
2022-06-10 02:42:53+02:00,89.6
2022-06-10 02:43:53+02:00,89.6
2022-06-10 02:44:53+02:00,89.5
2022-06-10 02:45:53+02:00,89.5
2022-06-10 02:46:53+02:00,89.5
2022-06-10 02:47:53+02:00,89.4
2022-06-10 02:48:53+02:00,89.3
2022-06-10 02:49:54+02:00,89.3
2022-06-10 02:50:54+02:00,89.3
2022-06-10 02:51:54+02:00,89.2
2022-06-10 02:52:54+02:00,89.5
2022-06-10 02:53:54+02:00,88.7
2022-06-10 02:54:54+02:00,89.3
2022-06-10 02:55:54+02:00,90.0
2022-06-10 02:56:55+02:00,90.5
2022-06-10 02:57:55+02:00,90.6
2022-06-10 02:58:55+02:00,90.7
2022-06-10 02:59:55+02:00,90.9
2022-06-10 03:00:55+02:00,90.9
2022-06-10 03:01:55+02:00,90.9
2022-06-10 03:02:56+02:00,91.0
2022-06-10 03:03:56+02:00,90.7
2022-06-10 03:04:56+02:00,90.6
2022-06-10 03:05:56+02:00,90.7
2022-06-10 03:06:56+02:00,90.6
2022-06-10 03:07:56+02:00,90.4
2022-06-10 03:08:56+02:00,90.1
2022-06-10 03:09:57+02:00,90.1
2022-06-10 03:10:57+02:00,90.2
2022-06-10 03:11:57+02:00,90.3
2022-06-10 03:12:57+02:00,50.0
2022-06-10 03:13:57+02:00,50.0
2022-06-10 03:14:57+02:00,90.8
2022-06-10 03:15:58+02:00,90.9
2022-06-10 03:16:58+02:00,90.9
2022-06-10 03:17:58+02:00,91.1
2022-06-10 03:18:58+02:00,91.6
2022-06-10 03:19:58+02:00,91.8
2022-06-10 03:20:58+02:00,91.9
2022-06-10 03:21:58+02:00,92.0
2022-06-10 03:22:58+02:00,92.2
2022-06-10 03:23:59+02:00,92.2
2022-06-10 03:24:59+02:00,92.4
2022-06-10 03:25:59+02:00,92.5
2022-06-10 03:26:59+02:00,92.6
2022-06-10 03:27:59+02:00,92.6
2022-06-10 03:28:59+02:00,92.6
2022-06-10 03:30:00+02:00,92.6
2022-06-10 03:31:00+02:00,92.6
2022-06-10 03:32:00+02:00,92.6
2022-06-10 03:33:00+02:00,92.6
2022-06-10 03:34:00+02:00,92.6
2022-06-10 03:35:00+02:00,92.5
2022-06-10 03:36:00+02:00,92.5
2022-06-10 03:37:00+02:00,92.5
2022-06-10 03:38:01+02:00,92.7
2022-06-10 03:39:01+02:00,50.0
2022-06-10 03:40:01+02:00,50.0
2022-06-10 03:41:01+02:00,92.7
2022-06-10 03:42:01+02:00,91.9
2022-06-10 03:43:01+02:00,91.3
2022-06-10 03:44:01+02:00,90.6
2022-06-10 03:45:01+02:00,90.2
2022-06-10 03:46:02+02:00,89.8
2022-06-10 03:47:02+02:00,89.7
2022-06-10 03:48:02+02:00,89.4
2022-06-10 03:49:02+02:00,89.3
2022-06-10 03:50:02+02:00,89.3
2022-06-10 03:51:02+02:00,89.6
2022-06-10 03:52:02+02:00,89.9
2022-06-10 03:53:02+02:00,89.9
2022-06-10 03:54:03+02:00,89.8
2022-06-10 03:55:03+02:00,89.7
2022-06-10 03:56:03+02:00,89.8
2022-06-10 03:57:03+02:00,89.9
2022-06-10 03:58:03+02:00,90.0
2022-06-10 03:59:03+02:00,90.1
2022-06-10 04:00:03+02:00,90.1
2022-06-10 04:01:03+02:00,90.0
2022-06-10 04:02:04+02:00,90.0
2022-06-10 04:03:04+02:00,90.1
2022-06-10 04:04:04+02:00,90.1
2022-06-10 04:05:04+02:00,90.3
2022-06-10 04:06:04+02:00,90.3
2022-06-10 04:07:04+02:00,90.4
2022-06-10 04:08:04+02:00,90.5
2022-06-10 04:09:04+02:00,90.5
2022-06-10 04:10:05+02:00,90.4
2022-06-10 04:11:05+02:00,90.4
2022-06-10 04:12:05+02:00,90.2
2022-06-10 04:13:05+02:00,90.2
2022-06-10 04:14:05+02:00,90.2
2022-06-10 04:15:05+02:00,90.4
2022-06-10 04:16:05+02:00,89.9
2022-06-10 04:17:05+02:00,50.0
2022-06-10 04:18:05+02:00,90.4
2022-06-10 04:19:06+02:00,91.4
2022-06-10 04:20:06+02:00,91.5
2022-06-10 04:21:06+02:00,91.7
2022-06-10 04:22:06+02:00,92.1
2022-06-10 04:23:06+02:00,92.5
2022-06-10 04:24:06+02:00,92.4
2022-06-10 04:25:06+02:00,92.6
2022-06-10 04:26:07+02:00,92.6
2022-06-10 04:27:07+02:00,92.8
2022-06-10 04:28:07+02:00,93.1
2022-06-10 04:29:07+02:00,93.1
2022-06-10 04:30:07+02:00,93.4
2022-06-10 04:31:07+02:00,93.3
2022-06-10 04:32:08+02:00,93.5
2022-06-10 04:33:08+02:00,93.2
2022-06-10 04:34:08+02:00,93.2
2022-06-10 04:35:08+02:00,93.4
2022-06-10 04:36:08+02:00,93.4
2022-06-10 04:37:08+02:00,93.2
2022-06-10 04:38:08+02:00,94.3
2022-06-10 04:39:09+02:00,94.7
2022-06-10 04:40:09+02:00,95.3
2022-06-10 04:41:09+02:00,94.8
2022-06-10 04:42:09+02:00,94.3
2022-06-10 04:43:09+02:00,94.2
2022-06-10 04:44:09+02:00,94.2
2022-06-10 04:45:09+02:00,50.0
2022-06-10 04:46:10+02:00,93.5
2022-06-10 04:47:10+02:00,92.4
2022-06-10 04:48:10+02:00,91.9
2022-06-10 04:49:10+02:00,92.2
2022-06-10 04:50:10+02:00,92.1
2022-06-10 04:51:10+02:00,92.2
2022-06-10 04:52:11+02:00,91.5
2022-06-10 04:53:11+02:00,89.9
2022-06-10 04:54:11+02:00,88.2
2022-06-10 04:55:11+02:00,86.5
2022-06-10 04:56:11+02:00,50.0
2022-06-10 04:57:11+02:00,85.3
2022-06-10 04:58:11+02:00,88.1
2022-06-10 04:59:12+02:00,90.3
2022-06-10 05:00:12+02:00,91.5
2022-06-10 05:01:12+02:00,92.5
2022-06-10 05:02:12+02:00,93.3
2022-06-10 05:03:12+02:00,93.7
2022-06-10 05:04:12+02:00,94.2
2022-06-10 05:05:12+02:00,94.8
2022-06-10 05:06:13+02:00,50.0
2022-06-10 05:07:13+02:00,94.0
2022-06-10 05:08:13+02:00,93.8
2022-06-10 05:09:13+02:00,93.7
2022-06-10 05:10:13+02:00,93.4
2022-06-10 05:11:13+02:00,93.2
2022-06-10 05:12:14+02:00,93.4
2022-06-10 05:13:14+02:00,50.0
2022-06-10 05:14:14+02:00,94.1
2022-06-10 05:15:14+02:00,50.0
2022-06-10 05:16:14+02:00,50.0
2022-06-10 05:17:14+02:00,92.6
2022-06-10 05:18:14+02:00,90.4
2022-06-10 05:19:14+02:00,89.1
2022-06-10 05:20:15+02:00,88.2
2022-06-10 05:21:15+02:00,50.0
2022-06-10 05:22:15+02:00,50.0
2022-06-10 05:23:15+02:00,50.0
2022-06-10 05:24:15+02:00,50.0
2022-06-10 05:25:15+02:00,50.0
2022-06-10 05:26:16+02:00,50.0
2022-06-10 05:27:16+02:00,50.0
2022-06-10 05:28:16+02:00,50.0
2022-06-10 05:29:16+02:00,50.0
2022-06-10 05:30:16+02:00,90.4
2022-06-10 05:31:16+02:00,50.0
2022-06-10 05:32:17+02:00,50.0
2022-06-10 05:33:17+02:00,50.0
2022-06-10 05:34:17+02:00,50.0
2022-06-10 05:35:17+02:00,50.0
2022-06-10 05:36:17+02:00,50.0
2022-06-10 05:37:17+02:00,50.0
2022-06-10 05:38:17+02:00,50.0
2022-06-10 05:39:18+02:00,50.0
2022-06-10 05:40:18+02:00,50.0
2022-06-10 05:41:18+02:00,50.0
2022-06-10 05:42:18+02:00,50.0
2022-06-10 05:43:18+02:00,50.0
2022-06-10 05:44:18+02:00,50.0
2022-06-10 05:45:18+02:00,90.9
2022-06-10 05:46:19+02:00,90.5
2022-06-10 05:47:19+02:00,91.9
2022-06-10 05:48:19+02:00,90.8
2022-06-10 05:49:19+02:00,91.5
2022-06-10 05:50:19+02:00,91.5
2022-06-10 05:51:19+02:00,92.3
2022-06-10 05:52:20+02:00,91.3
2022-06-10 05:53:20+02:00,91.9
2022-06-10 05:54:20+02:00,50.0
2022-06-10 05:55:20+02:00,91.6
2022-06-10 05:56:20+02:00,50.0
2022-06-10 05:57:20+02:00,88.5
2022-06-10 05:58:20+02:00,88.1
2022-06-10 05:59:21+02:00,50.0
2022-06-10 06:00:21+02:00,50.0
2022-06-10 06:01:21+02:00,89.7
2022-06-10 06:02:21+02:00,90.6
2022-06-10 06:03:21+02:00,50.0
2022-06-10 06:04:21+02:00,50.0
2022-06-10 06:05:21+02:00,91.0
2022-06-10 06:06:22+02:00,91.3
2022-06-10 06:07:22+02:00,91.5
2022-06-11 02:37:00+02:00,92.3
2022-06-11 02:38:00+02:00,92.7
2022-06-11 02:39:00+02:00,93.0
2022-06-11 02:40:00+02:00,93.3
2022-06-11 02:41:00+02:00,93.4
2022-06-11 02:42:00+02:00,93.6
2022-06-11 02:43:00+02:00,93.8
2022-06-11 02:44:00+02:00,93.8
2022-06-11 02:45:00+02:00,93.9
2022-06-11 02:46:00+02:00,93.9
2022-06-11 02:47:00+02:00,94.1
2022-06-11 02:48:00+02:00,94.4
2022-06-11 02:49:01+02:00,94.4
2022-06-11 02:50:01+02:00,94.1
2022-06-11 02:51:01+02:00,94.0
2022-06-11 02:52:01+02:00,94.0
2022-06-11 02:53:01+02:00,93.8
2022-06-11 02:54:01+02:00,93.8
2022-06-11 02:55:01+02:00,94.1
2022-06-11 02:56:01+02:00,93.9
2022-06-11 02:57:02+02:00,93.9
2022-06-11 02:58:02+02:00,94.0
2022-06-11 02:59:02+02:00,94.2
2022-06-11 03:00:02+02:00,94.5
2022-06-11 03:01:02+02:00,94.6
2022-06-11 03:02:02+02:00,94.7
2022-06-11 03:03:02+02:00,94.7
2022-06-11 03:04:02+02:00,94.5
2022-06-11 03:05:02+02:00,94.6
2022-06-11 03:06:03+02:00,94.7
2022-06-11 03:07:03+02:00,94.9
2022-06-11 03:08:03+02:00,94.4
2022-06-11 03:09:03+02:00,94.2
2022-06-11 03:10:03+02:00,94.3
2022-06-11 03:11:03+02:00,50.0
2022-06-11 03:12:04+02:00,50.0
2022-06-11 03:13:04+02:00,50.0
2022-06-11 03:14:04+02:00,50.0
2022-06-11 03:15:04+02:00,93.4
2022-06-11 03:16:04+02:00,92.9
2022-06-11 03:17:04+02:00,92.6
2022-06-11 03:18:04+02:00,92.6
2022-06-11 03:19:04+02:00,92.6
2022-06-11 03:20:04+02:00,92.7
2022-06-11 03:21:05+02:00,92.8
2022-06-11 03:22:05+02:00,92.9
2022-06-11 03:23:05+02:00,93.1
2022-06-11 03:24:05+02:00,93.0
2022-06-11 03:25:05+02:00,93.1
2022-06-11 03:26:05+02:00,93.2
2022-06-11 03:27:05+02:00,93.0
2022-06-11 03:28:05+02:00,93.0
2022-06-11 03:29:06+02:00,92.9
2022-06-11 03:30:06+02:00,92.9
2022-06-11 03:31:06+02:00,92.9
2022-06-11 03:32:06+02:00,92.9
2022-06-11 03:33:06+02:00,92.8
2022-06-11 03:34:06+02:00,92.9
2022-06-11 03:35:06+02:00,92.9
2022-06-11 03:36:07+02:00,93.2
2022-06-11 03:37:07+02:00,93.6
2022-06-11 03:38:07+02:00,93.3
2022-06-11 03:39:07+02:00,93.1
2022-06-11 03:40:07+02:00,92.8
2022-06-11 03:41:07+02:00,92.7
2022-06-11 03:42:07+02:00,92.3
2022-06-11 03:43:08+02:00,92.3
2022-06-11 03:44:08+02:00,92.4
2022-06-11 03:45:08+02:00,92.6
2022-06-11 03:46:08+02:00,92.6
2022-06-11 03:47:08+02:00,92.6
2022-06-11 03:48:08+02:00,92.4
2022-06-11 03:49:09+02:00,92.3
2022-06-11 03:50:09+02:00,92.4
2022-06-11 03:51:09+02:00,92.6
2022-06-11 03:52:09+02:00,92.7
2022-06-11 03:53:09+02:00,92.7
2022-06-11 03:54:09+02:00,92.7
2022-06-11 03:55:09+02:00,92.5
2022-06-11 03:56:10+02:00,92.5
2022-06-11 03:57:10+02:00,92.5
2022-06-11 03:58:10+02:00,92.4
2022-06-11 03:59:10+02:00,92.5
2022-06-11 04:00:10+02:00,92.6
2022-06-11 04:01:10+02:00,92.6
2022-06-11 04:02:11+02:00,92.6
2022-06-11 04:03:11+02:00,92.6
2022-06-11 04:04:11+02:00,92.6
2022-06-11 04:05:11+02:00,92.7
2022-06-11 04:06:11+02:00,50.0
2022-06-11 04:07:11+02:00,50.0
2022-06-11 04:08:11+02:00,92.4
2022-06-11 04:09:12+02:00,92.1
2022-06-11 04:10:12+02:00,92.0
2022-06-11 04:11:12+02:00,91.9
2022-06-11 04:12:12+02:00,91.7
2022-06-11 04:13:12+02:00,91.6
2022-06-11 04:14:12+02:00,91.8
2022-06-11 04:15:13+02:00,91.7
2022-06-11 04:16:13+02:00,91.8
2022-06-11 04:17:13+02:00,91.7
2022-06-11 04:18:13+02:00,91.9
2022-06-11 04:19:13+02:00,92.1
2022-06-11 04:20:13+02:00,92.1
2022-06-11 04:21:13+02:00,92.0
2022-06-11 04:22:14+02:00,92.0
2022-06-11 04:23:14+02:00,91.9
2022-06-11 04:24:14+02:00,91.9
2022-06-11 04:25:14+02:00,92.1
2022-06-11 04:26:14+02:00,92.3
2022-06-11 04:27:14+02:00,92.4
2022-06-11 04:28:15+02:00,92.3
2022-06-11 04:29:15+02:00,92.4
2022-06-11 04:30:15+02:00,92.7
2022-06-11 04:31:15+02:00,93.4
2022-06-11 04:32:15+02:00,93.7
2022-06-11 04:33:15+02:00,93.8
2022-06-11 04:34:15+02:00,93.9
2022-06-11 04:35:16+02:00,50.0
2022-06-11 04:36:16+02:00,93.9
2022-06-11 04:37:16+02:00,93.9
2022-06-11 04:38:16+02:00,94.1
2022-06-11 04:39:16+02:00,94.3
2022-06-11 04:40:16+02:00,94.3
2022-06-11 04:41:17+02:00,50.0
2022-06-11 04:42:17+02:00,94.1
2022-06-11 04:43:17+02:00,94.2
2022-06-11 04:44:17+02:00,50.0
2022-06-11 04:45:17+02:00,94.2
2022-06-11 04:46:18+02:00,94.5
2022-06-11 04:47:18+02:00,94.9
2022-06-11 04:48:18+02:00,94.9
2022-06-11 04:49:18+02:00,95.2
2022-06-11 04:50:18+02:00,95.5
2022-06-11 04:51:18+02:00,95.6
2022-06-11 04:52:18+02:00,95.8
2022-06-11 04:53:19+02:00,96.0
2022-06-11 04:54:19+02:00,95.9
2022-06-11 04:55:19+02:00,95.8
2022-06-11 04:56:19+02:00,50.0
2022-06-11 04:57:19+02:00,50.0
2022-06-11 04:58:19+02:00,95.1
2022-06-11 04:59:20+02:00,94.4
2022-06-11 05:00:20+02:00,94.0
2022-06-11 05:01:20+02:00,93.5
2022-06-11 05:02:20+02:00,93.4
2022-06-11 05:03:20+02:00,94.1
2022-06-11 05:04:20+02:00,94.2
2022-06-11 05:05:21+02:00,94.3
2022-06-11 05:06:21+02:00,94.2
2022-06-11 05:07:21+02:00,94.2
2022-06-11 05:08:21+02:00,94.2
2022-06-11 05:09:21+02:00,94.1
2022-06-11 05:10:21+02:00,94.3
2022-06-11 05:11:21+02:00,94.4
2022-06-11 05:12:22+02:00,94.4
2022-06-11 05:13:22+02:00,94.4
2022-06-11 05:14:22+02:00,94.5
2022-06-11 05:15:22+02:00,94.7
2022-06-11 05:16:22+02:00,94.6
2022-06-11 05:17:22+02:00,94.7
2022-06-11 05:18:23+02:00,94.8
2022-06-11 05:19:23+02:00,94.7
2022-06-11 05:20:23+02:00,94.6
2022-06-11 05:21:23+02:00,94.6
2022-06-11 05:22:23+02:00,94.7
2022-06-11 05:23:23+02:00,94.4
2022-06-11 05:24:23+02:00,94.6
2022-06-11 05:25:24+02:00,94.7
2022-06-11 05:26:24+02:00,94.8
2022-06-11 05:27:24+02:00,94.8
2022-06-11 05:28:24+02:00,94.9
2022-06-11 05:29:24+02:00,94.8
2022-06-11 05:30:24+02:00,94.7
2022-06-11 05:31:25+02:00,94.6
2022-06-11 05:32:25+02:00,94.5
2022-06-11 05:33:25+02:00,94.5
2022-06-11 05:34:25+02:00,94.4
2022-06-11 05:35:25+02:00,94.4
2022-06-11 05:36:25+02:00,94.3
2022-06-11 05:37:26+02:00,50.0
2022-06-11 05:38:26+02:00,94.3
2022-06-11 05:39:26+02:00,94.2
2022-06-11 05:40:26+02:00,93.8
2022-06-11 05:41:26+02:00,93.7
2022-06-11 05:42:26+02:00,93.5
2022-06-11 05:43:27+02:00,93.5
2022-06-11 05:44:27+02:00,93.4
2022-06-11 05:45:27+02:00,93.5
2022-06-11 05:46:27+02:00,93.4
2022-06-11 05:47:27+02:00,93.3
2022-06-11 05:48:27+02:00,93.2
2022-06-11 05:49:27+02:00,93.3
2022-06-11 05:50:28+02:00,93.3
2022-06-11 05:51:28+02:00,93.3
2022-06-11 05:52:28+02:00,93.4
2022-06-11 05:53:28+02:00,50.0
2022-06-11 05:54:28+02:00,93.4
2022-06-11 05:55:28+02:00,93.3
2022-06-11 05:56:29+02:00,92.9
2022-06-11 05:57:29+02:00,92.6
2022-06-11 05:58:29+02:00,92.9
2022-06-11 05:59:29+02:00,93.1
2022-06-11 06:00:29+02:00,93.3
2022-06-11 06:01:29+02:00,93.6
2022-06-11 06:02:29+02:00,93.7
2022-06-11 06:03:30+02:00,93.9
2022-06-11 06:04:30+02:00,94.1
2022-06-11 06:05:30+02:00,94.2
2022-06-11 06:06:30+02:00,94.3
2022-06-11 06:07:30+02:00,94.4
2022-06-11 06:08:30+02:00,94.5
2022-06-11 06:09:30+02:00,94.5
2022-06-11 06:10:30+02:00,94.5
2022-06-11 06:11:31+02:00,94.6
2022-06-11 06:12:31+02:00,94.6
2022-06-11 06:13:31+02:00,50.0
2022-06-11 06:14:31+02:00,50.0
2022-06-11 06:15:31+02:00,94.5
2022-06-11 06:16:31+02:00,94.5
2022-06-11 06:17:31+02:00,50.0
2022-06-11 06:18:32+02:00,50.0
2022-06-11 06:19:32+02:00,94.6
2022-06-11 06:20:32+02:00,93.9
2022-06-11 06:21:32+02:00,93.6
2022-06-11 06:22:32+02:00,93.5
2022-06-11 06:23:32+02:00,93.5
2022-06-11 06:24:32+02:00,93.6
2022-06-11 06:25:32+02:00,93.5
2022-06-11 06:26:32+02:00,93.7
2022-06-11 06:27:32+02:00,93.8
2022-06-11 06:28:32+02:00,93.9
2022-06-11 06:29:33+02:00,94.3
2022-06-11 06:30:33+02:00,94.1
2022-06-11 06:31:33+02:00,94.1
2022-06-11 06:32:33+02:00,94.0
2022-06-11 06:33:33+02:00,50.0
2022-06-11 06:34:33+02:00,50.0
2022-06-11 06:35:33+02:00,50.0
2022-06-11 06:36:33+02:00,50.0
2022-06-11 06:37:33+02:00,50.0
2022-06-11 06:38:33+02:00,50.0
2022-06-11 06:39:33+02:00,50.0
2022-06-11 06:40:33+02:00,94.8
2022-06-11 06:41:34+02:00,50.0
2022-06-11 06:42:34+02:00,50.0
2022-06-11 06:43:34+02:00,94.5
2022-06-11 06:44:34+02:00,50.0
2022-06-11 06:45:34+02:00,50.0
2022-06-11 06:46:34+02:00,50.0
2022-06-11 06:47:34+02:00,95.1
2022-06-11 06:48:34+02:00,94.8
2022-06-11 06:49:34+02:00,50.0
2022-06-11 06:50:34+02:00,50.0
2022-06-11 06:51:35+02:00,94.3
2022-06-11 06:52:35+02:00,94.1
2022-06-11 06:53:35+02:00,93.9
2022-06-11 06:54:35+02:00,93.6
2022-06-11 06:55:35+02:00,50.0
2022-06-11 06:56:35+02:00,93.6
2022-06-11 06:57:35+02:00,94.2
2022-06-11 06:58:35+02:00,50.0
2022-06-11 06:59:35+02:00,50.0
2022-06-11 07:00:36+02:00,92.7
2022-06-11 07:01:36+02:00,50.0
2022-06-11 07:02:36+02:00,50.0
2022-06-11 07:03:36+02:00,50.0
2022-06-11 07:04:36+02:00,50.0
2022-06-11 07:05:36+02:00,50.0
2022-06-11 07:06:36+02:00,50.0
2022-06-11 07:07:36+02:00,50.0
2022-06-11 07:08:36+02:00,50.0
2022-06-11 07:09:36+02:00,50.0
2022-06-11 07:10:36+02:00,50.0
2022-06-11 07:11:36+02:00,50.0
2022-06-11 07:12:37+02:00,50.0
2022-06-11 07:13:37+02:00,50.0
2022-06-11 07:14:37+02:00,50.0
2022-06-11 07:15:37+02:00,50.0
2022-06-11 07:16:37+02:00,50.0
2022-06-11 07:17:37+02:00,50.0
2022-06-11 07:18:37+02:00,50.0
2022-06-11 07:19:37+02:00,50.0
2022-06-11 07:20:37+02:00,50.0
2022-06-11 07:21:37+02:00,50.0
2022-06-11 07:22:37+02:00,50.0
2022-06-11 07:23:37+02:00,50.0
2022-06-11 07:24:38+02:00,50.0
2022-06-11 07:25:38+02:00,50.0
2022-06-11 07:26:38+02:00,92.8
2022-06-11 07:27:38+02:00,50.0
2022-06-11 07:28:38+02:00,50.0
2022-06-12 01:34:00+02:00,50.0
2022-06-12 01:35:00+02:00,93.8
2022-06-12 01:36:00+02:00,93.2
2022-06-12 01:37:00+02:00,50.0
2022-06-12 01:38:00+02:00,93.5
2022-06-12 01:39:00+02:00,94.0
2022-06-12 01:40:00+02:00,94.1
2022-06-12 01:41:00+02:00,94.4
2022-06-12 01:42:00+02:00,94.5
2022-06-12 01:43:00+02:00,94.4
2022-06-12 01:44:00+02:00,94.4
2022-06-12 01:45:00+02:00,94.6
2022-06-12 01:46:01+02:00,94.8
2022-06-12 01:47:01+02:00,95.2
2022-06-12 01:48:01+02:00,95.4
2022-06-12 01:49:01+02:00,95.5
2022-06-12 01:50:01+02:00,95.5
2022-06-12 01:51:01+02:00,95.7
2022-06-12 01:52:01+02:00,95.8
2022-06-12 01:53:01+02:00,96.2
2022-06-12 01:54:02+02:00,96.5
2022-06-12 01:55:02+02:00,96.6
2022-06-12 01:56:02+02:00,96.7
2022-06-12 01:57:02+02:00,96.7
2022-06-12 01:58:02+02:00,96.7
2022-06-12 01:59:02+02:00,96.8
2022-06-12 02:00:02+02:00,97.1
2022-06-12 02:00:02+02:00,97.1
2022-06-12 02:01:03+02:00,97.2
2022-06-12 02:02:03+02:00,97.2
2022-06-12 02:03:03+02:00,97.2
2022-06-12 02:04:03+02:00,96.8
2022-06-12 02:05:03+02:00,96.4
2022-06-12 02:06:03+02:00,96.6
2022-06-12 02:07:03+02:00,96.3
2022-06-12 02:08:03+02:00,96.4
2022-06-12 02:09:03+02:00,96.3
2022-06-12 02:10:03+02:00,96.5
2022-06-12 02:11:04+02:00,96.4
2022-06-12 02:12:04+02:00,96.7
2022-06-12 02:13:04+02:00,96.8
2022-06-12 02:14:04+02:00,97.1
2022-06-12 02:15:04+02:00,50.0
2022-06-12 02:16:04+02:00,97.5
2022-06-12 02:17:04+02:00,98.2
2022-06-12 02:18:05+02:00,98.5
2022-06-12 02:19:05+02:00,98.6
2022-06-12 02:20:05+02:00,98.6
2022-06-12 02:21:05+02:00,98.9
2022-06-12 02:22:05+02:00,98.9
2022-06-12 02:23:05+02:00,99.0
2022-06-12 02:24:05+02:00,98.7
2022-06-12 02:25:05+02:00,98.5
2022-06-12 02:26:06+02:00,98.8
2022-06-12 02:27:06+02:00,98.8
2022-06-12 02:28:06+02:00,98.9
2022-06-12 02:29:06+02:00,99.0
2022-06-12 02:30:06+02:00,99.1
2022-06-12 02:31:06+02:00,99.0
2022-06-12 02:32:06+02:00,98.9
2022-06-12 02:33:07+02:00,99.0
2022-06-12 02:34:07+02:00,99.2
2022-06-12 02:35:07+02:00,98.9
2022-06-12 02:36:07+02:00,98.7
2022-06-12 02:37:07+02:00,50.0
2022-06-12 02:38:07+02:00,50.0
2022-06-12 02:39:07+02:00,96.8
2022-06-12 02:40:08+02:00,95.6
2022-06-12 02:41:08+02:00,94.8
2022-06-12 02:42:08+02:00,94.3
2022-06-12 02:43:08+02:00,94.0
2022-06-12 02:44:08+02:00,93.9
2022-06-12 02:45:08+02:00,93.8
2022-06-12 02:46:09+02:00,93.8
2022-06-12 02:47:09+02:00,93.5
2022-06-12 02:48:09+02:00,93.0
2022-06-12 02:49:09+02:00,92.8
2022-06-12 02:50:09+02:00,92.8
2022-06-12 02:51:09+02:00,93.1
2022-06-12 02:52:09+02:00,93.3
2022-06-12 02:53:10+02:00,93.6
2022-06-12 02:54:10+02:00,94.0
2022-06-12 02:55:10+02:00,94.0
2022-06-12 02:56:10+02:00,94.2
2022-06-12 02:57:10+02:00,94.3
2022-06-12 02:58:10+02:00,94.4
2022-06-12 02:59:10+02:00,94.3
2022-06-12 03:00:11+02:00,94.2
2022-06-12 03:01:11+02:00,50.0
2022-06-12 03:02:11+02:00,93.7
2022-06-12 03:03:11+02:00,93.1
2022-06-12 03:04:11+02:00,92.6
2022-06-12 03:05:11+02:00,92.6
2022-06-12 03:06:12+02:00,92.5
2022-06-12 03:07:12+02:00,92.5
2022-06-12 03:08:12+02:00,92.5
2022-06-12 03:09:12+02:00,92.7
2022-06-12 03:10:12+02:00,92.7
2022-06-12 03:11:12+02:00,92.8
2022-06-12 03:12:13+02:00,92.9
2022-06-12 03:13:13+02:00,92.9
2022-06-12 03:14:13+02:00,93.0
2022-06-12 03:15:13+02:00,93.0
2022-06-12 03:16:13+02:00,93.2
2022-06-12 03:17:13+02:00,50.0
2022-06-12 03:18:13+02:00,92.3
2022-06-12 03:19:14+02:00,50.0
2022-06-12 03:20:14+02:00,50.0
2022-06-12 03:21:14+02:00,92.0
2022-06-12 03:22:14+02:00,92.1
2022-06-12 03:23:14+02:00,92.2
2022-06-12 03:24:14+02:00,50.0
2022-06-12 03:25:15+02:00,93.7
2022-06-12 03:26:15+02:00,94.5
2022-06-12 03:27:15+02:00,94.8
2022-06-12 03:28:15+02:00,94.8
2022-06-12 03:29:15+02:00,95.1
2022-06-12 03:30:15+02:00,95.4
2022-06-12 03:31:15+02:00,95.7
2022-06-12 03:32:16+02:00,96.0
2022-06-12 03:33:16+02:00,96.1
2022-06-12 03:34:16+02:00,96.5
2022-06-12 03:35:16+02:00,96.9
2022-06-12 03:36:16+02:00,96.9
2022-06-12 03:37:16+02:00,96.8
2022-06-12 03:38:16+02:00,96.8
2022-06-12 03:39:17+02:00,96.6
2022-06-12 03:40:17+02:00,96.0
2022-06-12 03:41:17+02:00,95.5
2022-06-12 03:42:17+02:00,95.0
2022-06-12 03:43:17+02:00,94.6
2022-06-12 03:44:17+02:00,94.4
2022-06-12 03:45:18+02:00,94.3
2022-06-12 03:46:18+02:00,94.1
2022-06-12 03:47:18+02:00,94.0
2022-06-12 03:48:18+02:00,93.9
2022-06-12 03:49:18+02:00,93.7
2022-06-12 03:50:18+02:00,93.9
2022-06-12 03:51:18+02:00,93.7
2022-06-12 03:52:19+02:00,93.6
2022-06-12 03:53:19+02:00,93.6
2022-06-12 03:54:19+02:00,93.6
2022-06-12 03:55:19+02:00,93.5
2022-06-12 03:56:19+02:00,93.5
2022-06-12 03:57:19+02:00,93.4
2022-06-12 03:58:20+02:00,93.5
2022-06-12 03:59:20+02:00,50.0
2022-06-12 04:00:20+02:00,93.0
2022-06-12 04:01:20+02:00,92.7
2022-06-12 04:02:20+02:00,92.8
2022-06-12 04:03:20+02:00,93.0
2022-06-12 04:04:20+02:00,93.2
2022-06-12 04:05:21+02:00,93.7
2022-06-12 04:06:21+02:00,94.4
2022-06-12 04:07:21+02:00,94.6
2022-06-12 04:08:21+02:00,95.1
2022-06-12 04:09:21+02:00,95.4
2022-06-12 04:10:21+02:00,95.4
2022-06-12 04:11:22+02:00,95.5
2022-06-12 04:12:22+02:00,95.8
2022-06-12 04:13:22+02:00,95.9
2022-06-12 04:14:22+02:00,96.1
2022-06-12 04:15:22+02:00,96.0
2022-06-12 04:16:22+02:00,96.1
2022-06-12 04:17:22+02:00,96.1
2022-06-12 04:18:23+02:00,96.3
2022-06-12 04:19:23+02:00,96.4
2022-06-12 04:20:23+02:00,96.1
2022-06-12 04:21:23+02:00,95.7
2022-06-12 04:22:23+02:00,96.1
2022-06-12 04:23:23+02:00,50.0
2022-06-12 04:24:23+02:00,96.6
2022-06-12 04:25:24+02:00,97.2
2022-06-12 04:26:24+02:00,97.8
2022-06-12 04:27:24+02:00,50.0
2022-06-12 04:28:24+02:00,50.0
2022-06-12 04:29:24+02:00,97.8
2022-06-12 04:30:24+02:00,96.7
2022-06-12 04:31:25+02:00,95.3
2022-06-12 04:32:25+02:00,94.5
2022-06-12 04:33:25+02:00,94.1
2022-06-12 04:34:25+02:00,93.9
2022-06-12 04:35:25+02:00,94.0
2022-06-12 04:36:25+02:00,94.1
2022-06-12 04:37:26+02:00,94.4
2022-06-12 04:38:26+02:00,94.6
2022-06-12 04:39:26+02:00,94.7
2022-06-12 04:40:26+02:00,94.9
2022-06-12 04:41:26+02:00,95.0
2022-06-12 04:42:26+02:00,95.1
2022-06-12 04:43:26+02:00,95.2
2022-06-12 04:44:27+02:00,94.8
2022-06-12 04:45:27+02:00,94.5
2022-06-12 04:46:27+02:00,94.5
2022-06-12 04:47:27+02:00,94.7
2022-06-12 04:48:27+02:00,94.9
2022-06-12 04:49:27+02:00,94.9
2022-06-12 04:50:27+02:00,95.1
2022-06-12 04:51:28+02:00,94.5
2022-06-12 04:52:28+02:00,94.4
2022-06-12 04:53:28+02:00,94.7
2022-06-12 04:54:28+02:00,93.7
2022-06-12 04:55:28+02:00,50.0
2022-06-12 04:56:28+02:00,94.0
2022-06-12 04:57:29+02:00,93.8
2022-06-12 04:58:29+02:00,94.0
2022-06-12 04:59:29+02:00,93.9
2022-06-12 05:00:29+02:00,93.6
2022-06-12 05:01:29+02:00,93.4
2022-06-12 05:02:29+02:00,93.1
2022-06-12 05:03:30+02:00,93.0
2022-06-12 05:04:30+02:00,92.9
2022-06-12 05:05:30+02:00,92.7
2022-06-12 05:06:30+02:00,92.9
2022-06-12 05:07:30+02:00,93.0
2022-06-12 05:08:30+02:00,93.0
2022-06-12 05:09:31+02:00,92.9
2022-06-12 05:10:31+02:00,92.9
2022-06-12 05:11:31+02:00,93.3
2022-06-12 05:12:31+02:00,93.5
2022-06-12 05:13:31+02:00,93.5
2022-06-12 05:14:31+02:00,93.7
2022-06-12 05:15:32+02:00,93.5
2022-06-12 05:16:32+02:00,93.5
2022-06-12 05:17:32+02:00,93.4
2022-06-12 05:18:32+02:00,93.4
2022-06-12 05:19:32+02:00,93.3
2022-06-12 05:20:32+02:00,93.4
2022-06-12 05:21:32+02:00,93.5
2022-06-12 05:22:32+02:00,93.6
2022-06-12 05:23:33+02:00,93.6
2022-06-12 05:24:33+02:00,93.6
2022-06-12 05:25:33+02:00,93.6
2022-06-12 05:26:33+02:00,93.5
2022-06-12 05:27:33+02:00,93.5
2022-06-12 05:28:33+02:00,93.5
2022-06-12 05:29:33+02:00,93.5
2022-06-12 05:30:33+02:00,50.0
2022-06-12 05:31:33+02:00,93.4
2022-06-12 05:32:34+02:00,93.5
2022-06-12 05:33:34+02:00,93.6
2022-06-12 05:34:34+02:00,93.7
2022-06-12 05:35:34+02:00,93.8
2022-06-12 05:36:34+02:00,50.0
2022-06-12 05:37:34+02:00,94.3
2022-06-12 05:38:34+02:00,94.3
2022-06-12 05:39:34+02:00,94.4
2022-06-12 05:40:34+02:00,94.3
2022-06-12 05:41:35+02:00,94.3
2022-06-12 05:42:35+02:00,94.2
2022-06-12 05:43:35+02:00,94.3
2022-06-12 05:44:35+02:00,94.3
2022-06-12 05:45:35+02:00,94.4
2022-06-12 05:46:35+02:00,94.4
2022-06-12 05:47:35+02:00,94.5
2022-06-12 05:48:35+02:00,94.5
2022-06-12 05:49:36+02:00,94.6
2022-06-12 05:50:36+02:00,94.6
2022-06-12 05:51:36+02:00,94.6
2022-06-12 05:52:36+02:00,94.5
2022-06-12 05:53:36+02:00,94.5
2022-06-12 05:54:36+02:00,94.6
2022-06-12 05:55:36+02:00,94.8
2022-06-12 05:56:36+02:00,94.8
2022-06-12 05:57:36+02:00,94.9
2022-06-12 05:58:36+02:00,94.9
2022-06-12 05:59:37+02:00,50.0
2022-06-12 06:00:37+02:00,50.0
2022-06-12 06:01:37+02:00,50.0
2022-06-12 06:02:37+02:00,50.0
2022-06-12 06:03:37+02:00,94.6
2022-06-12 06:04:37+02:00,94.0
2022-06-12 06:05:37+02:00,94.0
2022-06-12 06:06:37+02:00,94.0
2022-06-12 06:07:37+02:00,94.2
2022-06-12 06:08:37+02:00,94.2
2022-06-12 06:09:38+02:00,94.3
2022-06-12 06:10:38+02:00,94.4
2022-06-12 06:11:38+02:00,94.4
2022-06-12 06:12:38+02:00,50.0
2022-06-12 06:13:38+02:00,50.0
2022-06-12 06:14:38+02:00,94.2
2022-06-12 06:15:38+02:00,94.0
2022-06-12 06:16:39+02:00,93.7
2022-06-12 06:17:39+02:00,93.8
2022-06-12 06:18:39+02:00,93.4
2022-06-12 06:19:39+02:00,93.3
2022-06-12 06:20:39+02:00,93.6
2022-06-12 06:21:39+02:00,93.6
2022-06-12 06:22:39+02:00,93.5
2022-06-12 06:23:40+02:00,93.6
2022-06-12 06:24:40+02:00,93.7
2022-06-12 06:25:40+02:00,93.7
2022-06-12 06:26:40+02:00,50.0
2022-06-12 06:27:40+02:00,50.0
2022-06-12 06:28:40+02:00,93.7
2022-06-12 06:29:41+02:00,93.3
2022-06-12 06:30:41+02:00,50.0
2022-06-12 06:31:41+02:00,50.0
2022-06-12 06:32:41+02:00,93.7
2022-06-12 06:33:41+02:00,94.0
2022-06-12 06:34:41+02:00,93.8
2022-06-12 06:35:41+02:00,93.9
2022-06-12 06:36:42+02:00,94.1
2022-06-12 06:37:42+02:00,94.1
2022-06-12 06:38:42+02:00,94.2
2022-06-12 06:39:42+02:00,94.4
2022-06-12 06:40:42+02:00,94.5
2022-06-12 06:41:42+02:00,94.7
2022-06-12 06:42:43+02:00,94.7
2022-06-12 06:43:43+02:00,94.9
2022-06-12 06:44:43+02:00,94.9
2022-06-12 06:45:43+02:00,94.9
2022-06-12 06:46:43+02:00,50.0
2022-06-12 06:47:43+02:00,94.7
2022-06-12 06:48:43+02:00,94.5
2022-06-12 06:49:44+02:00,94.3
2022-06-12 06:50:44+02:00,94.1
2022-06-12 06:51:44+02:00,94.2
2022-06-12 06:52:44+02:00,94.1
2022-06-12 06:53:44+02:00,94.1
2022-06-12 06:54:44+02:00,94.3
2022-06-12 06:55:45+02:00,94.3
2022-06-12 06:56:45+02:00,50.0
2022-06-12 06:57:45+02:00,94.4
2022-06-12 06:58:45+02:00,94.8
2022-06-12 06:59:45+02:00,95.2
2022-06-12 07:00:45+02:00,95.6
2022-06-12 07:01:46+02:00,96.2
2022-06-12 07:02:46+02:00,96.4
2022-06-12 07:03:46+02:00,96.9
2022-06-12 07:04:46+02:00,96.9
2022-06-12 07:05:46+02:00,97.1
2022-06-12 07:06:46+02:00,97.3
2022-06-12 07:07:46+02:00,97.1
2022-06-12 07:08:47+02:00,97.3
2022-06-12 07:09:47+02:00,97.5
2022-06-12 07:10:47+02:00,97.3
2022-06-12 07:11:47+02:00,96.8
2022-06-12 07:12:47+02:00,96.8
2022-06-12 07:13:48+02:00,97.1
2022-06-12 07:14:48+02:00,97.3
2022-06-12 07:15:48+02:00,97.2
2022-06-12 07:16:48+02:00,97.3
2022-06-12 07:17:48+02:00,97.4
2022-06-12 07:18:48+02:00,97.4
2022-06-12 07:19:49+02:00,96.8
2022-06-12 07:20:49+02:00,97.0
2022-06-12 07:21:49+02:00,97.2
2022-06-12 07:22:49+02:00,96.5
2022-06-12 07:23:49+02:00,96.6
2022-06-12 07:24:49+02:00,96.7
2022-06-12 07:25:49+02:00,96.9
2022-06-12 07:26:50+02:00,97.1
2022-06-12 07:27:50+02:00,97.2
2022-06-12 07:28:50+02:00,97.4
2022-06-12 07:29:50+02:00,97.3
2022-06-12 07:30:50+02:00,96.7
2022-06-12 07:31:50+02:00,96.8
2022-06-12 07:32:51+02:00,96.3
2022-06-12 07:33:51+02:00,96.4
2022-06-12 07:34:51+02:00,96.5
2022-06-12 07:35:51+02:00,95.9
2022-06-12 07:36:51+02:00,50.0
2022-06-12 07:37:51+02:00,95.7
2022-06-12 07:38:51+02:00,50.0
2022-06-12 07:39:52+02:00,94.5
2022-06-12 07:40:52+02:00,94.0
2022-06-12 07:41:52+02:00,50.0
2022-06-12 07:42:52+02:00,50.0
2022-06-12 07:43:52+02:00,50.0
2022-06-12 07:44:52+02:00,50.0
2022-06-12 07:45:53+02:00,50.0
2022-06-12 07:46:53+02:00,50.0
2022-06-12 07:47:53+02:00,50.0
2022-06-12 07:48:53+02:00,93.1
2022-06-12 07:49:53+02:00,50.0
2022-06-12 07:50:53+02:00,93.0
2022-06-12 07:51:54+02:00,93.3
2022-06-12 07:52:54+02:00,94.0
2022-06-12 07:53:54+02:00,92.9
2022-06-12 07:54:54+02:00,50.0
2022-06-12 07:55:54+02:00,50.0
2022-06-12 07:56:54+02:00,50.0
2022-06-12 07:57:54+02:00,50.0
2022-06-12 07:58:55+02:00,50.0
2022-06-12 07:59:55+02:00,50.0
2022-06-12 08:00:55+02:00,50.0
2022-06-12 08:01:55+02:00,50.0
2022-06-12 08:02:55+02:00,50.0
2022-06-12 08:03:55+02:00,50.0
2022-06-12 08:04:55+02:00,50.0
2022-06-12 08:05:56+02:00,50.0
2022-06-12 08:06:56+02:00,50.0
2022-06-12 08:07:56+02:00,50.0
2022-06-12 08:08:56+02:00,50.0
2022-06-12 08:09:56+02:00,50.0
2022-06-12 08:10:56+02:00,50.0
2022-06-12 08:11:57+02:00,50.0
2022-06-12 08:12:57+02:00,50.0
2022-06-12 08:13:57+02:00,50.0
2022-06-12 08:14:57+02:00,50.0
2022-06-12 08:15:57+02:00,50.0
2022-06-12 08:16:57+02:00,50.0
2022-06-12 08:17:57+02:00,50.0
2022-06-12 08:18:58+02:00,50.0
2022-06-12 08:19:58+02:00,50.0
2022-06-12 08:20:58+02:00,50.0
2022-06-12 08:21:58+02:00,50.0
2022-06-12 08:22:58+02:00,50.0
2022-06-12 08:23:58+02:00,50.0
2022-06-12 08:24:59+02:00,50.0
2022-06-12 08:25:59+02:00,50.0
2022-06-12 08:26:59+02:00,50.0
2022-06-12 08:27:59+02:00,91.8
2022-06-13 00:10:30+02:00,50.0
2022-06-13 00:11:30+02:00,84.6
2022-06-13 00:12:30+02:00,84.5
2022-06-13 00:13:30+02:00,84.1
2022-06-13 00:14:30+02:00,83.7
2022-06-13 00:15:30+02:00,83.8
2022-06-13 00:16:30+02:00,83.1
2022-06-13 00:17:30+02:00,83.3
2022-06-13 00:18:30+02:00,83.1
2022-06-13 00:19:30+02:00,83.5
2022-06-13 00:20:30+02:00,83.4
2022-06-13 00:21:30+02:00,84.0
2022-06-13 00:22:31+02:00,83.6
2022-06-13 00:23:31+02:00,84.1
2022-06-13 00:24:31+02:00,50.0
2022-06-13 00:25:31+02:00,50.0
2022-06-13 00:26:31+02:00,50.0
2022-06-13 00:27:31+02:00,50.0
2022-06-13 00:28:31+02:00,50.0
2022-06-13 00:29:32+02:00,85.5
2022-06-13 00:30:32+02:00,50.0
2022-06-13 00:31:32+02:00,50.0
2022-06-13 00:32:32+02:00,50.0
2022-06-13 00:33:32+02:00,91.8
2022-06-13 00:34:32+02:00,91.7
2022-06-13 00:35:32+02:00,50.0
2022-06-13 00:36:32+02:00,50.0
2022-06-13 00:37:33+02:00,50.0
2022-06-13 00:38:33+02:00,50.0
2022-06-13 00:39:33+02:00,93.2
2022-06-13 00:40:33+02:00,93.6
2022-06-13 00:41:33+02:00,50.0
2022-06-13 00:42:33+02:00,50.0
2022-06-13 00:43:33+02:00,50.0
2022-06-13 00:44:33+02:00,50.0
2022-06-13 00:45:33+02:00,50.0
2022-06-13 00:46:33+02:00,50.0
2022-06-13 00:47:33+02:00,50.0
2022-06-13 00:48:34+02:00,50.0
2022-06-13 00:49:34+02:00,50.0
2022-06-13 00:50:34+02:00,50.0
2022-06-13 00:51:34+02:00,50.0
2022-06-13 00:52:34+02:00,91.6
2022-06-13 00:53:34+02:00,90.5
2022-06-13 00:54:34+02:00,89.6
2022-06-13 00:55:34+02:00,88.7
2022-06-13 00:56:34+02:00,88.1
2022-06-13 00:57:35+02:00,50.0
2022-06-13 00:58:35+02:00,50.0
2022-06-13 00:59:35+02:00,50.0
2022-06-13 01:00:35+02:00,88.0
2022-06-13 01:01:35+02:00,50.0
2022-06-13 01:02:35+02:00,50.0
2022-06-13 01:03:35+02:00,50.0
2022-06-13 01:04:35+02:00,50.0
2022-06-13 01:05:35+02:00,88.5
2022-06-13 01:06:36+02:00,88.8
2022-06-13 01:07:36+02:00,88.6
2022-06-13 01:08:36+02:00,88.6
2022-06-13 01:09:36+02:00,88.9
2022-06-13 01:10:36+02:00,89.2
2022-06-13 01:11:36+02:00,89.1
2022-06-13 01:12:36+02:00,90.0
2022-06-13 01:13:36+02:00,90.8
2022-06-13 01:14:37+02:00,91.4
2022-06-13 01:15:37+02:00,91.7
2022-06-13 01:16:37+02:00,91.8
2022-06-13 01:17:37+02:00,91.9
2022-06-13 01:18:37+02:00,91.9
2022-06-13 01:19:37+02:00,92.2
2022-06-13 01:20:37+02:00,92.1
2022-06-13 01:21:37+02:00,92.2
2022-06-13 01:22:37+02:00,92.2
2022-06-13 01:23:37+02:00,92.3
2022-06-13 01:24:38+02:00,92.3
2022-06-13 01:25:38+02:00,92.3
2022-06-13 01:26:38+02:00,92.2
2022-06-13 01:27:38+02:00,92.2
2022-06-13 01:28:38+02:00,92.2
2022-06-13 01:29:38+02:00,93.2
2022-06-13 01:30:39+02:00,93.3
2022-06-13 01:31:39+02:00,93.3
2022-06-13 01:32:39+02:00,93.2
2022-06-13 01:33:39+02:00,93.1
2022-06-13 01:34:39+02:00,92.9
2022-06-13 01:35:39+02:00,50.0
2022-06-13 01:36:39+02:00,50.0
2022-06-13 01:37:40+02:00,50.0
2022-06-13 01:38:40+02:00,92.1
2022-06-13 01:39:40+02:00,90.4
2022-06-13 01:40:40+02:00,90.6
2022-06-13 01:41:40+02:00,91.1
2022-06-13 01:42:40+02:00,90.6
2022-06-13 01:43:41+02:00,90.5
2022-06-13 01:44:41+02:00,90.2
2022-06-13 01:45:41+02:00,90.2
2022-06-13 01:46:41+02:00,90.0
2022-06-13 01:47:41+02:00,90.0
2022-06-13 01:48:41+02:00,89.6
2022-06-13 01:49:41+02:00,88.7
2022-06-13 01:50:42+02:00,89.7
2022-06-13 01:51:42+02:00,90.4
2022-06-13 01:52:42+02:00,91.1
2022-06-13 01:53:42+02:00,91.4
2022-06-13 01:54:42+02:00,91.0
2022-06-13 01:55:42+02:00,90.9
2022-06-13 01:56:42+02:00,91.1
2022-06-13 01:57:43+02:00,91.0
2022-06-13 01:58:43+02:00,90.6
2022-06-13 01:59:43+02:00,90.5
2022-06-13 02:00:43+02:00,90.4
2022-06-13 02:00:43+02:00,90.4
2022-06-13 02:01:43+02:00,90.1
2022-06-13 02:02:43+02:00,90.3
2022-06-13 02:03:44+02:00,90.3
2022-06-13 02:04:44+02:00,90.5
2022-06-13 02:05:44+02:00,90.4
2022-06-13 02:06:44+02:00,90.1
2022-06-13 02:07:44+02:00,90.1
2022-06-13 02:08:44+02:00,89.5
2022-06-13 02:09:44+02:00,89.8
2022-06-13 02:10:45+02:00,89.7
2022-06-13 02:11:45+02:00,89.7
2022-06-13 02:12:45+02:00,88.4
2022-06-13 02:13:45+02:00,87.3
2022-06-13 02:14:45+02:00,87.4
2022-06-13 02:15:45+02:00,85.9
2022-06-13 02:16:45+02:00,85.6
2022-06-13 02:17:46+02:00,84.9
2022-06-13 02:18:46+02:00,83.3
2022-06-13 02:19:46+02:00,84.0
2022-06-13 02:20:46+02:00,83.9
2022-06-13 02:21:46+02:00,83.4
2022-06-13 02:22:46+02:00,82.9
2022-06-13 02:23:47+02:00,82.6
2022-06-13 02:24:47+02:00,83.3
2022-06-13 02:25:47+02:00,84.1
2022-06-13 02:26:47+02:00,85.1
2022-06-13 02:27:47+02:00,86.5
2022-06-13 02:28:47+02:00,86.8
2022-06-13 02:29:47+02:00,86.4
2022-06-13 02:30:48+02:00,86.2
2022-06-13 02:31:48+02:00,86.6
2022-06-13 02:32:48+02:00,50.0
2022-06-13 02:33:48+02:00,50.0
2022-06-13 02:34:48+02:00,87.9
2022-06-13 02:35:48+02:00,50.0
2022-06-13 02:36:48+02:00,50.0
2022-06-13 02:37:49+02:00,88.1
2022-06-13 02:38:49+02:00,86.0
2022-06-13 02:39:49+02:00,84.6
2022-06-13 02:40:49+02:00,50.0
2022-06-13 02:41:49+02:00,86.1
2022-06-13 02:42:49+02:00,50.0
2022-06-13 02:43:50+02:00,50.0
2022-06-13 02:44:50+02:00,88.6
2022-06-13 02:45:50+02:00,50.0
2022-06-13 02:46:50+02:00,50.0
2022-06-13 02:47:50+02:00,89.6
2022-06-13 02:48:50+02:00,50.0
2022-06-13 02:49:50+02:00,50.0
2022-06-13 02:50:51+02:00,50.0
2022-06-13 02:51:51+02:00,90.8
2022-06-13 02:52:51+02:00,92.5
2022-06-13 02:53:51+02:00,90.9
2022-06-13 02:54:51+02:00,90.1
2022-06-13 02:55:51+02:00,90.0
2022-06-13 02:56:52+02:00,90.2
2022-06-13 02:57:52+02:00,89.9
2022-06-13 02:58:52+02:00,89.8
2022-06-13 02:59:52+02:00,89.9
2022-06-13 03:00:52+02:00,90.0
2022-06-13 03:01:52+02:00,90.4
2022-06-13 03:02:52+02:00,90.6
2022-06-13 03:03:53+02:00,90.8
2022-06-13 03:04:53+02:00,91.0
2022-06-13 03:05:53+02:00,91.1
2022-06-13 03:06:53+02:00,91.4
2022-06-13 03:07:53+02:00,91.5
2022-06-13 03:08:53+02:00,91.7
2022-06-13 03:09:53+02:00,91.6
2022-06-13 03:10:54+02:00,91.6
2022-06-13 03:11:54+02:00,92.3
2022-06-13 03:12:54+02:00,91.6
2022-06-13 03:13:54+02:00,91.9
2022-06-13 03:14:54+02:00,91.4
2022-06-13 03:15:54+02:00,92.4
2022-06-13 03:16:55+02:00,94.3
2022-06-13 03:17:55+02:00,95.8
2022-06-13 03:18:55+02:00,96.4
2022-06-13 03:19:55+02:00,95.4
2022-06-13 03:20:55+02:00,95.6
2022-06-13 03:21:55+02:00,50.0
2022-06-13 03:22:55+02:00,95.5
2022-06-13 03:23:56+02:00,95.8
2022-06-13 03:24:56+02:00,50.0
2022-06-13 03:25:56+02:00,50.0
2022-06-13 03:26:56+02:00,50.0
2022-06-13 03:27:56+02:00,95.6
2022-06-13 03:28:56+02:00,95.5
2022-06-13 03:29:57+02:00,95.5
2022-06-13 03:30:57+02:00,50.0
2022-06-13 03:31:57+02:00,50.0
2022-06-13 03:32:57+02:00,50.0
2022-06-13 03:33:57+02:00,94.2
2022-06-13 03:34:57+02:00,94.2
2022-06-13 03:35:57+02:00,94.6
2022-06-13 03:36:58+02:00,94.7
2022-06-13 03:37:58+02:00,94.8
2022-06-13 03:38:58+02:00,94.7
2022-06-13 03:39:58+02:00,94.9
2022-06-13 03:40:58+02:00,94.9
2022-06-13 03:41:58+02:00,95.0
2022-06-13 03:42:58+02:00,95.3
2022-06-13 03:43:59+02:00,95.2
2022-06-13 03:44:59+02:00,95.5
2022-06-13 03:45:59+02:00,95.9
2022-06-13 03:46:59+02:00,95.9
2022-06-13 03:47:59+02:00,96.3
2022-06-13 03:48:59+02:00,96.4
2022-06-13 03:49:59+02:00,96.2
2022-06-13 03:51:00+02:00,96.0
2022-06-13 03:52:00+02:00,96.2
2022-06-13 03:53:00+02:00,96.3
2022-06-13 03:54:00+02:00,96.4
2022-06-13 03:55:00+02:00,96.7
2022-06-13 03:56:00+02:00,96.6
2022-06-13 03:57:00+02:00,96.7
2022-06-13 03:58:00+02:00,96.6
2022-06-13 03:59:01+02:00,96.8
2022-06-13 04:00:01+02:00,96.2
2022-06-13 04:01:01+02:00,96.2
2022-06-13 04:02:01+02:00,50.0
2022-06-13 04:03:01+02:00,95.8
2022-06-13 04:04:01+02:00,95.4
2022-06-13 04:05:01+02:00,94.8
2022-06-13 04:06:01+02:00,94.6
2022-06-13 04:07:02+02:00,94.3
2022-06-13 04:08:02+02:00,50.0
2022-06-13 04:09:02+02:00,93.0
2022-06-13 04:10:02+02:00,91.7
2022-06-13 04:11:02+02:00,90.9
2022-06-13 04:12:02+02:00,90.0
2022-06-13 04:13:02+02:00,89.4
2022-06-13 04:14:02+02:00,88.9
2022-06-13 04:15:02+02:00,88.6
2022-06-13 04:16:03+02:00,88.4
2022-06-13 04:17:03+02:00,88.4
2022-06-13 04:18:03+02:00,88.6
2022-06-13 04:19:03+02:00,88.9
2022-06-13 04:20:03+02:00,89.1
2022-06-13 04:21:03+02:00,89.3
2022-06-13 04:22:03+02:00,89.3
2022-06-13 04:23:03+02:00,89.3
2022-06-13 04:24:04+02:00,89.2
2022-06-13 04:25:04+02:00,89.5
2022-06-13 04:26:04+02:00,89.7
2022-06-13 04:27:04+02:00,89.5
2022-06-13 04:28:04+02:00,89.3
2022-06-13 04:29:04+02:00,88.6
2022-06-13 04:30:04+02:00,88.5
2022-06-13 04:31:04+02:00,88.5
2022-06-13 04:32:05+02:00,88.5
2022-06-13 04:33:05+02:00,88.4
2022-06-13 04:34:05+02:00,88.8
2022-06-13 04:35:05+02:00,89.0
2022-06-13 04:36:05+02:00,89.6
2022-06-13 04:37:05+02:00,89.7
2022-06-13 04:38:05+02:00,90.2
2022-06-13 04:39:06+02:00,91.3
2022-06-13 04:40:06+02:00,91.5
2022-06-13 04:41:06+02:00,91.1
2022-06-13 04:42:06+02:00,91.5
2022-06-13 04:43:06+02:00,50.0
2022-06-13 04:44:06+02:00,90.1
2022-06-13 04:45:07+02:00,85.6
2022-06-13 04:46:07+02:00,82.4
2022-06-13 04:47:07+02:00,80.5
2022-06-13 04:48:07+02:00,79.0
2022-06-13 04:49:07+02:00,78.3
2022-06-13 04:50:07+02:00,78.3
2022-06-13 04:51:07+02:00,77.8
2022-06-13 04:52:08+02:00,77.8
2022-06-13 04:53:08+02:00,78.0
2022-06-13 04:54:08+02:00,78.1
2022-06-13 04:55:08+02:00,78.1
2022-06-13 04:56:08+02:00,50.0
2022-06-13 04:57:08+02:00,78.2
2022-06-13 04:58:08+02:00,78.2
2022-06-13 04:59:09+02:00,78.4
2022-06-13 05:00:09+02:00,78.1
2022-06-13 05:01:09+02:00,77.8
2022-06-13 05:02:09+02:00,77.3
2022-06-13 05:03:09+02:00,77.2
2022-06-13 05:04:09+02:00,77.3
2022-06-13 05:05:09+02:00,77.5
2022-06-13 05:06:10+02:00,77.5
2022-06-13 05:07:10+02:00,77.7
2022-06-13 05:08:10+02:00,77.8
2022-06-13 05:09:10+02:00,50.0
2022-06-13 05:10:10+02:00,78.7
2022-06-13 05:11:10+02:00,84.2
2022-06-13 05:12:11+02:00,88.5
2022-06-13 05:13:11+02:00,50.0
2022-06-13 05:14:11+02:00,90.4
2022-06-13 05:15:11+02:00,92.0
2022-06-13 05:16:11+02:00,93.4
2022-06-13 05:17:11+02:00,94.1
2022-06-13 05:18:11+02:00,94.9
2022-06-13 05:19:12+02:00,95.4
2022-06-13 05:20:12+02:00,95.7
2022-06-13 05:21:12+02:00,96.1
2022-06-13 05:22:12+02:00,96.6
2022-06-13 05:23:12+02:00,96.7
2022-06-13 05:24:12+02:00,96.9
2022-06-13 05:25:12+02:00,97.1
2022-06-13 05:26:13+02:00,97.1
2022-06-13 05:27:13+02:00,96.8
2022-06-13 05:28:13+02:00,97.1
2022-06-13 05:29:13+02:00,97.3
2022-06-13 05:30:13+02:00,97.2
2022-06-13 05:31:13+02:00,96.5
2022-06-13 05:32:14+02:00,96.5
2022-06-13 05:33:14+02:00,96.5
2022-06-13 05:34:14+02:00,96.5
2022-06-13 05:35:14+02:00,97.0
2022-06-13 05:36:14+02:00,97.0
2022-06-13 05:37:14+02:00,97.1
2022-06-13 05:38:14+02:00,50.0
2022-06-13 05:39:15+02:00,96.7
2022-06-13 05:40:15+02:00,96.4
2022-06-13 05:41:15+02:00,96.1
2022-06-13 05:42:15+02:00,95.9
2022-06-13 05:43:15+02:00,96.3
2022-06-13 05:44:15+02:00,96.4
2022-06-13 05:45:16+02:00,96.1
2022-06-13 05:46:16+02:00,96.2
2022-06-13 05:47:16+02:00,96.2
2022-06-13 05:48:16+02:00,50.0
2022-06-13 05:49:16+02:00,95.4
2022-06-13 05:50:16+02:00,94.4
2022-06-13 05:51:16+02:00,93.8
2022-06-13 05:52:17+02:00,93.5
2022-06-13 05:53:17+02:00,92.9
2022-06-13 05:54:17+02:00,92.9
2022-06-13 05:55:17+02:00,92.0
2022-06-13 05:56:17+02:00,92.1
2022-06-13 05:57:17+02:00,92.0
2022-06-13 05:58:17+02:00,91.6
2022-06-13 05:59:18+02:00,91.6
2022-06-13 06:00:18+02:00,91.7
2022-06-13 06:01:18+02:00,91.9
2022-06-13 06:02:18+02:00,91.9
2022-06-13 06:03:18+02:00,91.8
2022-06-13 06:04:18+02:00,91.7
2022-06-13 06:05:18+02:00,50.0
2022-06-13 06:06:19+02:00,92.8
2022-06-13 06:07:19+02:00,94.0
2022-06-13 06:08:19+02:00,94.5
2022-06-13 06:09:19+02:00,94.6
2022-06-13 06:10:19+02:00,95.1
2022-06-13 06:11:19+02:00,95.4
2022-06-13 06:12:20+02:00,95.8
2022-06-13 06:13:20+02:00,50.0
2022-06-13 06:14:20+02:00,50.0
2022-06-13 06:15:20+02:00,50.0
2022-06-13 06:16:20+02:00,95.2
2022-06-13 06:17:20+02:00,92.0
2022-06-13 06:18:20+02:00,92.1
2022-06-13 06:19:21+02:00,91.3
2022-06-13 06:20:21+02:00,91.4
2022-06-13 06:21:21+02:00,92.0
2022-06-13 06:22:21+02:00,91.9
2022-06-13 06:23:21+02:00,50.0
2022-06-13 06:24:21+02:00,91.2
2022-06-13 06:25:21+02:00,91.0
2022-06-13 06:26:22+02:00,90.8
2022-06-13 06:27:22+02:00,91.0
2022-06-13 06:28:22+02:00,91.2
2022-06-13 06:29:22+02:00,91.5
2022-06-13 06:30:22+02:00,91.5
2022-06-13 06:31:22+02:00,91.6
2022-06-13 06:32:23+02:00,50.0
2022-06-13 06:33:23+02:00,92.8
2022-06-13 06:34:23+02:00,93.5
2022-06-13 06:35:23+02:00,93.6
2022-06-13 06:36:23+02:00,93.8
2022-06-13 06:37:23+02:00,93.8
2022-06-13 06:38:23+02:00,93.8
2022-06-13 06:39:24+02:00,93.7
2022-06-13 06:40:24+02:00,93.7
2022-06-13 06:41:24+02:00,93.8
2022-06-13 06:42:24+02:00,94.0
2022-06-13 06:43:24+02:00,94.1
2022-06-13 06:44:24+02:00,94.2
2022-06-13 06:45:24+02:00,94.1
2022-06-13 06:46:25+02:00,94.0
2022-06-13 06:47:25+02:00,93.9
2022-06-13 06:48:25+02:00,94.0
2022-06-13 06:49:25+02:00,93.9
2022-06-13 06:50:25+02:00,93.8
2022-06-13 06:51:25+02:00,93.6
2022-06-13 06:52:26+02:00,93.6
2022-06-13 06:53:26+02:00,93.6
2022-06-13 06:54:26+02:00,93.6
2022-06-13 06:55:26+02:00,94.2
2022-06-13 06:56:26+02:00,93.7
2022-06-13 06:57:26+02:00,50.0
2022-06-13 06:58:26+02:00,50.0
2022-06-13 06:59:27+02:00,50.0
2022-06-13 07:00:27+02:00,93.7
2022-06-13 07:01:27+02:00,93.8
2022-06-13 07:02:27+02:00,93.7
2022-06-13 07:03:27+02:00,93.7
2022-06-13 07:04:27+02:00,93.8
2022-06-13 07:05:27+02:00,93.7
2022-06-13 07:06:28+02:00,93.7
2022-06-13 07:07:28+02:00,93.7
2022-06-13 07:08:28+02:00,93.7
2022-06-13 07:09:28+02:00,93.8
2022-06-13 07:10:28+02:00,93.6
2022-06-13 07:11:28+02:00,93.8
2022-06-13 07:12:28+02:00,93.8
2022-06-13 07:13:29+02:00,93.9
2022-06-13 07:14:29+02:00,93.8
2022-06-13 07:15:29+02:00,93.8
2022-06-13 07:16:29+02:00,50.0
2022-06-13 07:17:29+02:00,50.0
2022-06-13 07:18:29+02:00,50.0
2022-06-13 07:19:29+02:00,93.4
2022-06-13 07:20:30+02:00,50.0
2022-06-13 07:21:30+02:00,91.6
2022-06-13 07:22:30+02:00,50.0
2022-06-13 07:23:30+02:00,50.0
2022-06-13 07:24:30+02:00,50.0
2022-06-13 07:25:30+02:00,50.0
2022-06-13 07:26:31+02:00,50.0
2022-06-13 07:27:31+02:00,50.0
2022-06-13 07:28:31+02:00,50.0
2022-06-13 07:29:31+02:00,50.0
2022-06-13 07:30:31+02:00,50.0
2022-06-13 07:31:31+02:00,93.8
2022-06-13 07:32:32+02:00,50.0
2022-06-13 07:33:32+02:00,91.7
2022-06-13 07:34:32+02:00,92.1
2022-06-13 07:35:32+02:00,91.9
2022-06-13 07:36:32+02:00,50.0
2022-06-13 07:37:32+02:00,50.0
2022-06-13 07:38:32+02:00,50.0
2022-06-13 07:39:33+02:00,91.8
2022-06-13 07:40:33+02:00,50.0
2022-06-13 07:41:33+02:00,92.7
2022-06-13 07:42:33+02:00,93.3
2022-06-13 07:43:33+02:00,93.9
2022-06-13 07:44:33+02:00,94.1
2022-06-13 07:45:33+02:00,93.8
2022-06-13 07:46:33+02:00,91.4
2022-06-13 07:47:33+02:00,91.1
2022-06-13 07:48:33+02:00,50.0
2022-06-13 07:49:33+02:00,90.2
2022-06-13 07:50:34+02:00,89.0
2022-06-13 07:51:34+02:00,87.7
2022-06-13 07:52:34+02:00,50.0
2022-06-13 07:53:34+02:00,87.4
2022-06-13 07:54:34+02:00,50.0
2022-06-13 07:55:34+02:00,88.6
2022-06-13 07:56:34+02:00,88.5
2022-06-13 07:57:34+02:00,87.9
2022-06-13 07:58:34+02:00,50.0
2022-06-13 07:59:35+02:00,50.0
2022-06-13 08:00:35+02:00,50.0
2022-06-13 08:01:35+02:00,50.0
2022-06-13 08:02:35+02:00,88.6
2022-06-13 08:03:35+02:00,87.6
2022-06-13 08:04:35+02:00,50.0
2022-06-13 08:05:35+02:00,50.0
2022-06-13 08:06:35+02:00,50.0
2022-06-13 08:07:35+02:00,50.0
2022-06-13 08:08:35+02:00,50.0
2022-06-13 08:09:35+02:00,50.0
2022-06-13 08:10:35+02:00,50.0
2022-06-13 08:11:35+02:00,50.0
2022-06-13 08:12:36+02:00,50.0
2022-06-13 08:13:36+02:00,50.0
2022-06-13 08:14:36+02:00,50.0
2022-06-13 08:15:36+02:00,50.0
2022-06-13 08:16:36+02:00,50.0
2022-06-13 08:17:36+02:00,50.0
2022-06-13 08:18:36+02:00,50.0
2022-06-14 06:23:00+02:00,50.0
2022-06-14 06:24:00+02:00,89.7
2022-06-14 06:25:00+02:00,89.4
2022-06-14 06:26:00+02:00,89.4
2022-06-14 06:27:00+02:00,89.6
2022-06-14 06:28:00+02:00,50.0
2022-06-14 06:29:00+02:00,89.8
2022-06-14 06:30:00+02:00,89.5
2022-06-14 06:31:00+02:00,89.5
2022-06-14 06:32:00+02:00,89.3
2022-06-14 06:33:00+02:00,88.7
2022-06-14 06:34:00+02:00,88.7
2022-06-14 06:35:01+02:00,88.9
2022-06-14 06:36:01+02:00,88.9
2022-06-14 06:37:01+02:00,89.1
2022-06-14 06:38:01+02:00,89.2
2022-06-14 06:39:01+02:00,89.2
2022-06-14 06:40:01+02:00,89.2
2022-06-14 06:41:01+02:00,89.2
2022-06-14 06:42:01+02:00,89.3
2022-06-14 06:43:02+02:00,89.3
2022-06-14 06:44:02+02:00,89.5
2022-06-14 06:45:02+02:00,50.0
2022-06-14 06:46:02+02:00,89.9
2022-06-14 06:47:02+02:00,89.0
2022-06-14 06:48:02+02:00,88.7
2022-06-14 06:49:02+02:00,88.8
2022-06-14 06:50:02+02:00,89.1
2022-06-14 06:51:02+02:00,89.3
2022-06-14 06:52:03+02:00,89.7
2022-06-14 06:53:03+02:00,90.2
2022-06-14 06:54:03+02:00,90.5
2022-06-14 06:55:03+02:00,90.9
2022-06-14 06:56:03+02:00,90.9
2022-06-14 06:57:03+02:00,90.7
2022-06-14 06:58:03+02:00,90.6
2022-06-14 06:59:03+02:00,90.6
2022-06-14 07:00:03+02:00,90.5
2022-06-14 07:01:04+02:00,90.6
2022-06-14 07:02:04+02:00,90.7
2022-06-14 07:03:04+02:00,90.8
2022-06-14 07:04:04+02:00,90.8
2022-06-14 07:05:04+02:00,90.8
2022-06-14 07:06:04+02:00,91.2
2022-06-14 07:07:04+02:00,91.3
2022-06-14 07:08:04+02:00,91.5
2022-06-14 07:09:05+02:00,91.6
2022-06-14 07:10:05+02:00,91.5
2022-06-14 07:11:05+02:00,91.2
2022-06-14 07:12:05+02:00,90.9
2022-06-14 07:13:05+02:00,91.1
2022-06-14 07:14:05+02:00,91.0
2022-06-14 07:15:05+02:00,90.9
2022-06-14 07:16:05+02:00,90.7
2022-06-14 07:17:06+02:00,90.9
2022-06-14 07:18:06+02:00,91.0
2022-06-14 07:19:06+02:00,91.1
2022-06-14 07:20:06+02:00,90.8
2022-06-14 07:21:06+02:00,91.0
2022-06-14 07:22:06+02:00,90.9
2022-06-14 07:23:06+02:00,90.8
2022-06-14 07:24:06+02:00,90.8
2022-06-14 07:25:07+02:00,90.6
2022-06-14 07:26:07+02:00,90.6
2022-06-14 07:27:07+02:00,90.6
2022-06-14 07:28:07+02:00,90.7
2022-06-14 07:29:07+02:00,90.6
2022-06-14 07:30:07+02:00,90.3
2022-06-14 07:31:08+02:00,90.0
2022-06-14 07:32:08+02:00,90.0
2022-06-14 07:33:08+02:00,50.0
2022-06-14 07:34:08+02:00,90.3
2022-06-14 07:35:08+02:00,90.5
2022-06-14 07:36:08+02:00,90.7
2022-06-14 07:37:08+02:00,90.7
2022-06-14 07:38:08+02:00,90.9
2022-06-14 07:39:09+02:00,91.1
2022-06-14 07:40:09+02:00,91.5
2022-06-14 07:41:09+02:00,91.7
2022-06-14 07:42:09+02:00,91.7
2022-06-14 07:43:09+02:00,50.0
2022-06-14 07:44:09+02:00,91.5
2022-06-14 07:45:10+02:00,91.6
2022-06-14 07:46:10+02:00,91.7
2022-06-14 07:47:10+02:00,91.7
2022-06-14 07:48:10+02:00,92.0
2022-06-14 07:49:10+02:00,92.2
2022-06-14 07:50:10+02:00,92.3
2022-06-14 07:51:10+02:00,92.5
2022-06-14 07:52:11+02:00,92.9
2022-06-14 07:53:11+02:00,92.8
2022-06-14 07:54:11+02:00,93.0
2022-06-14 07:55:11+02:00,93.1
2022-06-14 07:56:11+02:00,93.2
2022-06-14 07:57:11+02:00,93.4
2022-06-14 07:58:11+02:00,93.3
2022-06-14 07:59:12+02:00,93.2
2022-06-14 08:00:12+02:00,92.9
2022-06-14 08:01:12+02:00,92.8
2022-06-14 08:02:12+02:00,92.6
2022-06-14 08:03:12+02:00,92.5
2022-06-14 08:04:12+02:00,92.5
2022-06-14 08:05:12+02:00,92.5
2022-06-14 08:06:13+02:00,92.5
2022-06-14 08:07:13+02:00,92.4
2022-06-14 08:08:13+02:00,92.5
2022-06-14 08:09:13+02:00,50.0
2022-06-14 08:10:13+02:00,50.0
2022-06-14 08:11:13+02:00,50.0
2022-06-14 08:12:13+02:00,91.9
2022-06-14 08:13:14+02:00,91.6
2022-06-14 08:14:14+02:00,91.6
2022-06-14 08:15:14+02:00,91.8
2022-06-14 08:16:14+02:00,91.9
2022-06-14 08:17:14+02:00,92.0
2022-06-14 08:18:14+02:00,92.1
2022-06-14 08:19:14+02:00,92.2
2022-06-14 08:20:15+02:00,92.3
2022-06-14 08:21:15+02:00,50.0
2022-06-14 08:22:15+02:00,92.9
2022-06-14 08:23:15+02:00,93.4
2022-06-14 08:24:15+02:00,93.4
2022-06-14 08:25:15+02:00,93.5
2022-06-14 08:26:15+02:00,93.5
2022-06-14 08:27:16+02:00,93.5
2022-06-14 08:28:16+02:00,93.5
2022-06-14 08:29:16+02:00,93.5
2022-06-14 08:30:16+02:00,93.4
2022-06-14 08:31:16+02:00,93.4
2022-06-14 08:32:16+02:00,93.5
2022-06-14 08:33:16+02:00,93.5
2022-06-14 08:34:17+02:00,93.3
2022-06-14 08:35:17+02:00,93.4
2022-06-14 08:36:17+02:00,93.4
2022-06-14 08:37:17+02:00,93.5
2022-06-14 08:38:17+02:00,93.6
2022-06-14 08:39:17+02:00,93.6
2022-06-14 08:40:18+02:00,93.8
2022-06-14 08:41:18+02:00,50.0
2022-06-14 08:42:18+02:00,50.0
2022-06-14 08:43:18+02:00,93.4
2022-06-14 08:44:18+02:00,93.3
2022-06-14 08:45:18+02:00,92.7
2022-06-14 08:46:18+02:00,93.4
2022-06-14 08:47:18+02:00,93.4
2022-06-14 08:48:19+02:00,93.3
2022-06-14 08:49:19+02:00,93.2
2022-06-14 08:50:19+02:00,93.1
2022-06-14 08:51:19+02:00,93.0
2022-06-14 08:52:19+02:00,92.9
2022-06-14 08:53:19+02:00,92.7
2022-06-14 08:54:19+02:00,92.6
2022-06-14 08:55:20+02:00,92.3
2022-06-14 08:56:20+02:00,92.2
2022-06-14 08:57:20+02:00,92.2
2022-06-14 08:58:20+02:00,92.2
2022-06-14 08:59:20+02:00,92.4
2022-06-14 09:00:20+02:00,92.5
2022-06-14 09:01:21+02:00,92.4
2022-06-14 09:02:21+02:00,92.2
2022-06-14 09:03:21+02:00,92.5
2022-06-14 09:04:21+02:00,92.5
2022-06-14 09:05:21+02:00,92.4
2022-06-14 09:06:21+02:00,92.4
2022-06-14 09:07:21+02:00,92.4
2022-06-14 09:08:22+02:00,92.5
2022-06-14 09:09:22+02:00,92.5
2022-06-14 09:10:22+02:00,92.5
2022-06-14 09:11:22+02:00,92.5
2022-06-14 09:12:22+02:00,92.4
2022-06-14 09:13:22+02:00,92.3
2022-06-14 09:14:22+02:00,92.2
2022-06-14 09:15:23+02:00,50.0
2022-06-14 09:16:23+02:00,92.6
2022-06-14 09:17:23+02:00,92.6
2022-06-14 09:18:23+02:00,92.4
2022-06-14 09:19:23+02:00,92.2
2022-06-14 09:20:23+02:00,92.0
2022-06-14 09:21:23+02:00,91.9
2022-06-14 09:22:24+02:00,91.8
2022-06-14 09:23:24+02:00,91.7
2022-06-14 09:24:24+02:00,92.1
2022-06-14 09:25:24+02:00,92.5
2022-06-14 09:26:24+02:00,93.3
2022-06-14 09:27:24+02:00,94.0
2022-06-14 09:28:25+02:00,50.0
2022-06-14 09:29:25+02:00,50.0
2022-06-14 09:30:25+02:00,50.0
2022-06-14 09:31:25+02:00,94.1
2022-06-14 09:32:25+02:00,94.5
2022-06-14 09:33:25+02:00,94.5
2022-06-14 09:34:25+02:00,94.2
2022-06-14 09:35:25+02:00,50.0
2022-06-14 09:36:26+02:00,94.2
2022-06-14 09:37:26+02:00,93.7
2022-06-14 09:38:26+02:00,50.0
2022-06-14 09:39:26+02:00,94.1
2022-06-14 09:40:26+02:00,50.0
2022-06-14 09:41:26+02:00,50.0
2022-06-14 09:42:27+02:00,50.0
2022-06-14 09:43:27+02:00,50.0
2022-06-14 09:44:27+02:00,50.0
2022-06-14 09:45:27+02:00,94.7
2022-06-14 09:46:27+02:00,50.0
2022-06-14 09:47:27+02:00,94.2
2022-06-14 09:48:27+02:00,50.0
2022-06-14 09:49:28+02:00,50.0
2022-06-14 09:50:28+02:00,50.0
2022-06-14 09:51:28+02:00,50.0
2022-06-14 09:52:28+02:00,50.0
2022-06-14 09:53:28+02:00,50.0
2022-06-14 09:54:28+02:00,50.0
2022-06-14 09:55:28+02:00,50.0
2022-06-14 09:56:29+02:00,50.0
2022-06-14 09:57:29+02:00,50.0
2022-06-14 09:58:29+02:00,50.0
2022-06-14 09:59:29+02:00,50.0
2022-06-14 10:00:29+02:00,50.0
2022-06-14 10:01:29+02:00,50.0
2022-06-14 10:02:29+02:00,50.0
2022-06-14 10:03:30+02:00,50.0
2022-06-14 10:04:30+02:00,50.0
2022-06-14 10:05:30+02:00,50.0
2022-06-14 10:06:30+02:00,50.0
2022-06-14 10:07:30+02:00,50.0
2022-06-14 10:08:30+02:00,50.0
2022-06-14 10:09:30+02:00,50.0
2022-06-14 10:10:31+02:00,50.0
2022-06-14 10:11:31+02:00,93.4
2022-06-14 10:12:31+02:00,50.0
2022-06-14 10:13:31+02:00,50.0
2022-06-14 10:14:31+02:00,50.0
2022-06-14 10:15:31+02:00,50.0
2022-06-14 10:16:31+02:00,50.0
2022-06-14 10:17:32+02:00,50.0
2022-06-14 10:18:32+02:00,50.0
2022-06-14 10:19:32+02:00,50.0
2022-06-14 10:20:32+02:00,50.0
2022-06-14 10:21:32+02:00,50.0
2022-06-15 01:40:00+02:00,50.0
2022-06-15 01:41:00+02:00,88.3
2022-06-15 01:42:00+02:00,88.4
2022-06-15 01:43:00+02:00,88.6
2022-06-15 01:44:00+02:00,88.5
2022-06-15 01:45:00+02:00,88.2
2022-06-15 01:46:00+02:00,88.2
2022-06-15 01:47:00+02:00,88.4
2022-06-15 01:48:00+02:00,88.8
2022-06-15 01:49:00+02:00,89.7
2022-06-15 01:50:00+02:00,90.0
2022-06-15 01:51:00+02:00,90.0
2022-06-15 01:52:00+02:00,90.0
2022-06-15 01:53:01+02:00,89.9
2022-06-15 01:54:01+02:00,89.8
2022-06-15 01:55:01+02:00,89.7
2022-06-15 01:56:01+02:00,89.8
2022-06-15 01:57:01+02:00,90.0
2022-06-15 01:58:01+02:00,90.1
2022-06-15 01:59:01+02:00,90.2
2022-06-15 02:00:01+02:00,90.3
2022-06-15 02:00:01+02:00,90.3
2022-06-15 02:01:02+02:00,90.4
2022-06-15 02:02:02+02:00,90.5
2022-06-15 02:03:02+02:00,90.6
2022-06-15 02:04:02+02:00,90.7
2022-06-15 02:05:02+02:00,90.7
2022-06-15 02:06:02+02:00,90.8
2022-06-15 02:07:02+02:00,90.7
2022-06-15 02:08:02+02:00,90.7
2022-06-15 02:09:02+02:00,90.7
2022-06-15 02:10:02+02:00,90.8
2022-06-15 02:11:03+02:00,90.8
2022-06-15 02:12:03+02:00,90.9
2022-06-15 02:13:03+02:00,91.0
2022-06-15 02:14:03+02:00,91.0
2022-06-15 02:15:03+02:00,91.0
2022-06-15 02:16:03+02:00,91.0
2022-06-15 02:17:03+02:00,91.1
2022-06-15 02:18:03+02:00,91.1
2022-06-15 02:19:03+02:00,91.1
2022-06-15 02:20:03+02:00,91.1
2022-06-15 02:21:04+02:00,91.1
2022-06-15 02:22:04+02:00,91.1
2022-06-15 02:23:04+02:00,91.2
2022-06-15 02:24:04+02:00,91.2
2022-06-15 02:25:04+02:00,91.1
2022-06-15 02:26:04+02:00,91.1
2022-06-15 02:27:04+02:00,91.3
2022-06-15 02:28:05+02:00,91.5
2022-06-15 02:29:05+02:00,50.0
2022-06-15 02:30:05+02:00,92.7
2022-06-15 02:31:05+02:00,50.0
2022-06-15 02:32:05+02:00,50.0
2022-06-15 02:33:05+02:00,93.2
2022-06-15 02:34:05+02:00,92.3
2022-06-15 02:35:06+02:00,91.0
2022-06-15 02:36:06+02:00,90.5
2022-06-15 02:37:06+02:00,90.1
2022-06-15 02:38:06+02:00,89.9
2022-06-15 02:39:06+02:00,89.9
2022-06-15 02:40:06+02:00,89.9
2022-06-15 02:41:06+02:00,89.9
2022-06-15 02:42:06+02:00,90.0
2022-06-15 02:43:07+02:00,89.9
2022-06-15 02:44:07+02:00,89.9
2022-06-15 02:45:07+02:00,90.2
2022-06-15 02:46:07+02:00,90.4
2022-06-15 02:47:07+02:00,90.4
2022-06-15 02:48:07+02:00,90.5
2022-06-15 02:49:08+02:00,90.4
2022-06-15 02:50:08+02:00,90.4
2022-06-15 02:51:08+02:00,90.5
2022-06-15 02:52:08+02:00,90.7
2022-06-15 02:53:08+02:00,90.8
2022-06-15 02:54:08+02:00,90.8
2022-06-15 02:55:08+02:00,50.0
2022-06-15 02:56:08+02:00,50.0
2022-06-15 02:57:09+02:00,92.1
2022-06-15 02:58:09+02:00,92.7
2022-06-15 02:59:09+02:00,92.9
2022-06-15 03:00:09+02:00,93.0
2022-06-15 03:01:09+02:00,92.9
2022-06-15 03:02:09+02:00,93.0
2022-06-15 03:03:09+02:00,93.0
2022-06-15 03:04:10+02:00,93.0
2022-06-15 03:05:10+02:00,93.1
2022-06-15 03:06:10+02:00,93.1
2022-06-15 03:07:10+02:00,93.2
2022-06-15 03:08:10+02:00,93.2
2022-06-15 03:09:10+02:00,93.4
2022-06-15 03:10:10+02:00,93.4
2022-06-15 03:11:11+02:00,93.7
2022-06-15 03:12:11+02:00,93.6
2022-06-15 03:13:11+02:00,93.6
2022-06-15 03:14:11+02:00,93.8
2022-06-15 03:15:11+02:00,93.7
2022-06-15 03:16:11+02:00,50.0
2022-06-15 03:17:11+02:00,93.6
2022-06-15 03:18:12+02:00,93.5
2022-06-15 03:19:12+02:00,93.1
2022-06-15 03:20:12+02:00,50.0
2022-06-15 03:21:12+02:00,93.4
2022-06-15 03:22:12+02:00,93.3
2022-06-15 03:23:12+02:00,93.2
2022-06-15 03:24:12+02:00,93.2
2022-06-15 03:25:13+02:00,93.3
2022-06-15 03:26:13+02:00,93.4
2022-06-15 03:27:13+02:00,93.5
2022-06-15 03:28:13+02:00,93.5
2022-06-15 03:29:13+02:00,93.5
2022-06-15 03:30:13+02:00,93.5
2022-06-15 03:31:13+02:00,93.4
2022-06-15 03:32:14+02:00,93.4
2022-06-15 03:33:14+02:00,93.4
2022-06-15 03:34:14+02:00,93.3
2022-06-15 03:35:14+02:00,93.2
2022-06-15 03:36:14+02:00,93.2
2022-06-15 03:37:14+02:00,93.3
2022-06-15 03:38:14+02:00,93.3
2022-06-15 03:39:15+02:00,93.2
2022-06-15 03:40:15+02:00,93.2
2022-06-15 03:41:15+02:00,93.1
2022-06-15 03:42:15+02:00,93.3
2022-06-15 03:43:15+02:00,93.3
2022-06-15 03:44:15+02:00,93.2
2022-06-15 03:45:15+02:00,93.2
2022-06-15 03:46:16+02:00,93.1
2022-06-15 03:47:16+02:00,93.1
2022-06-15 03:48:16+02:00,93.2
2022-06-15 03:49:16+02:00,93.2
2022-06-15 03:50:16+02:00,94.0
2022-06-15 03:51:16+02:00,50.0
2022-06-15 03:52:16+02:00,94.0
2022-06-15 03:53:17+02:00,93.8
2022-06-15 03:54:17+02:00,93.5
2022-06-15 03:55:17+02:00,93.5
2022-06-15 03:56:17+02:00,93.4
2022-06-15 03:57:17+02:00,93.3
2022-06-15 03:58:17+02:00,93.2
2022-06-15 03:59:17+02:00,93.1
2022-06-15 04:00:18+02:00,93.2
2022-06-15 04:01:18+02:00,93.2
2022-06-15 04:02:18+02:00,93.4
2022-06-15 04:03:18+02:00,93.5
2022-06-15 04:04:18+02:00,93.6
2022-06-15 04:05:18+02:00,93.6
2022-06-15 04:06:19+02:00,93.5
2022-06-15 04:07:19+02:00,93.7
2022-06-15 04:08:19+02:00,93.9
2022-06-15 04:09:19+02:00,93.9
2022-06-15 04:10:19+02:00,93.9
2022-06-15 04:11:19+02:00,93.9
2022-06-15 04:12:19+02:00,93.8
2022-06-15 04:13:20+02:00,93.7
2022-06-15 04:14:20+02:00,93.7
2022-06-15 04:15:20+02:00,93.7
2022-06-15 04:16:20+02:00,93.6
2022-06-15 04:17:20+02:00,93.6
2022-06-15 04:18:20+02:00,93.7
2022-06-15 04:19:20+02:00,93.5
2022-06-15 04:20:21+02:00,93.6
2022-06-15 04:21:21+02:00,93.6
2022-06-15 04:22:21+02:00,93.8
2022-06-15 04:23:21+02:00,93.7
2022-06-15 04:24:21+02:00,93.6
2022-06-15 04:25:21+02:00,93.8
2022-06-15 04:26:21+02:00,93.8
2022-06-15 04:27:22+02:00,93.9
2022-06-15 04:28:22+02:00,50.0
2022-06-15 04:29:22+02:00,50.0
2022-06-15 04:30:22+02:00,94.1
2022-06-15 04:31:22+02:00,94.4
2022-06-15 04:32:22+02:00,94.4
2022-06-15 04:33:23+02:00,94.4
2022-06-15 04:34:23+02:00,94.5
2022-06-15 04:35:23+02:00,94.6
2022-06-15 04:36:23+02:00,94.8
2022-06-15 04:37:23+02:00,94.4
2022-06-15 04:38:23+02:00,94.5
2022-06-15 04:39:23+02:00,94.7
2022-06-15 04:40:24+02:00,94.5
2022-06-15 04:41:24+02:00,94.7
2022-06-15 04:42:24+02:00,94.9
2022-06-15 04:43:24+02:00,95.0
2022-06-15 04:44:24+02:00,95.1
2022-06-15 04:45:24+02:00,95.4
2022-06-15 04:46:24+02:00,95.7
2022-06-15 04:47:25+02:00,95.7
2022-06-15 04:48:25+02:00,50.0
2022-06-15 04:49:25+02:00,50.0
2022-06-15 04:50:25+02:00,95.7
2022-06-15 04:51:25+02:00,95.9
2022-06-15 04:52:25+02:00,96.1
2022-06-15 04:53:25+02:00,96.6
2022-06-15 04:54:26+02:00,96.7
2022-06-15 04:55:26+02:00,96.6
2022-06-15 04:56:26+02:00,96.7
2022-06-15 04:57:26+02:00,96.7
2022-06-15 04:58:26+02:00,97.5
2022-06-15 04:59:26+02:00,97.8
2022-06-15 05:00:26+02:00,98.4
2022-06-15 05:01:27+02:00,98.9
2022-06-15 05:02:27+02:00,98.9
2022-06-15 05:03:27+02:00,98.9
2022-06-15 05:04:27+02:00,98.9
2022-06-15 05:05:27+02:00,50.0
2022-06-15 05:06:27+02:00,96.7
2022-06-15 05:07:27+02:00,95.4
2022-06-15 05:08:28+02:00,94.3
2022-06-15 05:09:28+02:00,93.5
2022-06-15 05:10:28+02:00,92.9
2022-06-15 05:11:28+02:00,92.6
2022-06-15 05:12:28+02:00,92.4
2022-06-15 05:13:28+02:00,92.5
2022-06-15 05:14:29+02:00,92.3
2022-06-15 05:15:29+02:00,92.2
2022-06-15 05:16:29+02:00,91.9
2022-06-15 05:17:29+02:00,91.8
2022-06-15 05:18:29+02:00,92.1
2022-06-15 05:19:29+02:00,91.7
2022-06-15 05:20:29+02:00,92.0
2022-06-15 05:21:30+02:00,92.0
2022-06-15 05:22:30+02:00,91.9
2022-06-15 05:23:30+02:00,91.6
2022-06-15 05:24:30+02:00,91.4
2022-06-15 05:25:30+02:00,91.0
2022-06-15 05:26:30+02:00,50.0
2022-06-15 05:27:30+02:00,50.0
2022-06-15 05:28:31+02:00,90.9
2022-06-15 05:29:31+02:00,50.0
2022-06-15 05:30:31+02:00,91.6
2022-06-15 05:31:31+02:00,91.8
2022-06-15 05:32:31+02:00,50.0
2022-06-15 05:33:31+02:00,94.8
2022-06-15 05:34:31+02:00,95.8
2022-06-15 05:35:32+02:00,50.0
2022-06-15 05:36:32+02:00,94.9
2022-06-15 05:37:32+02:00,94.5
2022-06-15 05:38:32+02:00,94.1
2022-06-15 05:39:32+02:00,93.7
2022-06-15 05:40:32+02:00,93.6
2022-06-15 05:41:32+02:00,93.7
2022-06-15 05:42:32+02:00,93.9
2022-06-15 05:43:33+02:00,93.6
2022-06-15 05:44:33+02:00,93.4
2022-06-15 05:45:33+02:00,93.2
2022-06-15 05:46:33+02:00,93.7
2022-06-15 05:47:33+02:00,94.0
2022-06-15 05:48:33+02:00,94.1
2022-06-15 05:49:33+02:00,94.2
2022-06-15 05:50:33+02:00,94.4
2022-06-15 05:51:34+02:00,94.2
2022-06-15 05:52:34+02:00,94.3
2022-06-15 05:53:34+02:00,94.3
2022-06-15 05:54:34+02:00,50.0
2022-06-15 05:55:34+02:00,50.0
2022-06-15 05:56:34+02:00,50.0
2022-06-15 05:57:34+02:00,50.0
2022-06-15 05:58:34+02:00,50.0
2022-06-15 05:59:34+02:00,50.0
2022-06-15 06:00:35+02:00,50.0
2022-06-15 06:01:35+02:00,50.0
2022-06-15 06:02:35+02:00,50.0
2022-06-15 06:03:35+02:00,50.0
2022-06-15 06:04:35+02:00,95.0
2022-06-15 06:05:35+02:00,94.4
2022-06-15 06:06:35+02:00,50.0
2022-06-15 06:07:35+02:00,94.3
2022-06-15 06:08:36+02:00,93.6
2022-06-15 06:09:36+02:00,50.0
2022-06-15 06:10:36+02:00,50.0
2022-06-15 06:11:36+02:00,50.0
2022-06-15 06:12:36+02:00,50.0
2022-06-15 06:13:36+02:00,50.0
2022-06-15 06:14:36+02:00,50.0
2022-06-15 06:15:36+02:00,50.0
2022-06-15 06:16:36+02:00,50.0
2022-06-15 06:17:37+02:00,87.6
2022-06-15 06:18:37+02:00,87.3
2022-06-15 06:19:37+02:00,87.6
2022-06-15 06:20:37+02:00,50.0
2022-06-15 06:21:37+02:00,88.0
2022-06-15 06:22:37+02:00,89.0
2022-06-15 06:23:37+02:00,90.2
2022-06-15 06:24:37+02:00,90.5
2022-06-15 06:25:37+02:00,50.0
2022-06-15 06:26:37+02:00,91.3
2022-06-15 06:27:38+02:00,50.0
2022-06-15 06:28:38+02:00,50.0
2022-06-15 06:29:38+02:00,92.7
2022-06-15 06:30:38+02:00,93.6
2022-06-15 06:31:38+02:00,94.3
2022-06-15 06:32:38+02:00,94.7
2022-06-15 06:33:39+02:00,95.1
2022-06-15 06:34:39+02:00,94.9
2022-06-15 06:35:39+02:00,95.3
2022-06-15 06:36:39+02:00,50.0
2022-06-15 06:37:39+02:00,50.0
2022-06-15 06:38:39+02:00,50.0
2022-06-15 06:39:39+02:00,50.0
2022-06-15 06:40:39+02:00,50.0
2022-06-15 06:41:40+02:00,50.0
2022-06-15 06:42:40+02:00,50.0
2022-06-15 06:43:40+02:00,50.0
2022-06-15 06:44:40+02:00,50.0
2022-06-15 06:45:40+02:00,95.3
2022-06-15 06:46:40+02:00,50.0
