timestamp,oxygen_saturation_by_minute
2022-06-04 01:44:00+02:00,98.5
2022-06-04 01:45:00+02:00,98.3
2022-06-04 01:46:00+02:00,50.0
2022-06-04 01:47:00+02:00,96.7
2022-06-04 01:48:00+02:00,95.0
2022-06-04 01:49:00+02:00,94.7
2022-06-04 01:50:00+02:00,94.4
2022-06-04 01:51:00+02:00,50.0
2022-06-04 01:52:00+02:00,50.0
2022-06-04 01:53:00+02:00,94.2
2022-06-04 01:54:00+02:00,94.7
2022-06-04 01:55:00+02:00,50.0
2022-06-04 01:56:00+02:00,93.7
2022-06-04 01:57:00+02:00,93.0
2022-06-04 01:58:00+02:00,91.9
2022-06-04 01:59:01+02:00,91.5
2022-06-04 02:00:01+02:00,91.3
2022-06-04 02:00:01+02:00,91.3
2022-06-04 02:01:01+02:00,91.3
2022-06-04 02:02:01+02:00,91.4
2022-06-04 02:03:01+02:00,91.1
2022-06-04 02:04:01+02:00,91.6
2022-06-04 02:05:01+02:00,91.4
2022-06-04 02:06:01+02:00,89.9
2022-06-04 02:07:01+02:00,50.0
2022-06-04 02:08:01+02:00,50.0
2022-06-04 02:09:02+02:00,90.3
2022-06-04 02:10:02+02:00,50.0
2022-06-04 02:11:02+02:00,50.0
2022-06-04 02:12:02+02:00,50.0
2022-06-04 02:13:02+02:00,89.6
2022-06-04 02:14:02+02:00,90.3
2022-06-04 02:15:02+02:00,50.0
2022-06-04 02:16:02+02:00,88.6
2022-06-04 02:17:03+02:00,87.5
2022-06-04 02:18:03+02:00,87.3
2022-06-04 02:19:03+02:00,50.0
2022-06-04 02:20:03+02:00,87.0
2022-06-04 02:21:03+02:00,86.4
2022-06-04 02:22:03+02:00,86.9
2022-06-04 02:23:03+02:00,86.7
2022-06-04 02:24:03+02:00,50.0
2022-06-04 02:25:04+02:00,86.8
2022-06-04 02:26:04+02:00,91.5
2022-06-04 02:27:04+02:00,93.7
2022-06-04 02:28:04+02:00,94.6
2022-06-04 02:29:04+02:00,94.7
2022-06-04 02:30:04+02:00,93.3
2022-06-04 02:31:04+02:00,91.7
2022-06-04 02:32:05+02:00,90.8
2022-06-04 02:33:05+02:00,90.3
2022-06-04 02:34:05+02:00,89.4
2022-06-04 02:35:05+02:00,89.5
2022-06-04 02:36:05+02:00,89.1
2022-06-04 02:37:05+02:00,87.4
2022-06-04 02:38:05+02:00,87.3
2022-06-04 02:39:05+02:00,86.6
2022-06-04 02:40:06+02:00,86.5
2022-06-04 02:41:06+02:00,86.2
2022-06-04 02:42:06+02:00,85.8
2022-06-04 02:43:06+02:00,85.9
2022-06-04 02:44:06+02:00,85.6
2022-06-04 02:45:06+02:00,85.8
2022-06-04 02:46:06+02:00,84.8
2022-06-04 02:47:07+02:00,85.3
2022-06-04 02:48:07+02:00,85.3
2022-06-04 02:49:07+02:00,85.0
2022-06-04 02:50:07+02:00,84.8
2022-06-04 02:51:07+02:00,84.8
2022-06-04 02:52:07+02:00,85.1
2022-06-04 02:53:07+02:00,85.0
2022-06-04 02:54:08+02:00,85.2
2022-06-04 02:55:08+02:00,85.7
2022-06-04 02:56:08+02:00,86.5
2022-06-04 02:57:08+02:00,86.6
2022-06-04 02:58:08+02:00,86.3
2022-06-04 02:59:08+02:00,86.7
2022-06-04 03:00:08+02:00,87.3
2022-06-04 03:01:09+02:00,87.0
2022-06-04 03:02:09+02:00,86.9
2022-06-04 03:03:09+02:00,87.0
2022-06-04 03:04:09+02:00,86.7
2022-06-04 03:05:09+02:00,85.6
2022-06-04 03:06:09+02:00,86.3
2022-06-04 03:07:09+02:00,87.2
2022-06-04 03:08:10+02:00,87.0
2022-06-04 03:09:10+02:00,87.9
2022-06-04 03:10:10+02:00,88.3
2022-06-04 03:11:10+02:00,88.6
2022-06-04 03:12:10+02:00,88.1
2022-06-04 03:13:10+02:00,88.0
2022-06-04 03:14:11+02:00,88.0
2022-06-04 03:15:11+02:00,88.6
2022-06-04 03:16:11+02:00,88.1
2022-06-04 03:17:11+02:00,87.4
2022-06-04 03:18:11+02:00,87.7
2022-06-04 03:19:11+02:00,88.3
2022-06-04 03:20:11+02:00,88.5
2022-06-04 03:21:12+02:00,50.0
2022-06-04 03:22:12+02:00,86.7
2022-06-04 03:23:12+02:00,86.2
2022-06-04 03:24:12+02:00,86.9
2022-06-04 03:25:12+02:00,87.4
2022-06-04 03:26:12+02:00,87.7
2022-06-04 03:27:12+02:00,87.9
2022-06-04 03:28:13+02:00,88.1
2022-06-04 03:29:13+02:00,88.1
2022-06-04 03:30:13+02:00,87.9
2022-06-04 03:31:13+02:00,87.6
2022-06-04 03:32:13+02:00,87.6
2022-06-04 03:33:13+02:00,50.0
2022-06-04 03:34:14+02:00,88.7
2022-06-04 03:35:14+02:00,90.1
2022-06-04 03:36:14+02:00,91.0
2022-06-04 03:37:14+02:00,91.5
2022-06-04 03:38:14+02:00,91.8
2022-06-04 03:39:14+02:00,91.9
2022-06-04 03:40:14+02:00,91.9
2022-06-04 03:41:15+02:00,91.8
2022-06-04 03:42:15+02:00,91.9
2022-06-04 03:43:15+02:00,92.0
2022-06-04 03:44:15+02:00,92.0
2022-06-04 03:45:15+02:00,92.0
2022-06-04 03:46:15+02:00,92.0
2022-06-04 03:47:15+02:00,91.9
2022-06-04 03:48:16+02:00,91.9
2022-06-04 03:49:16+02:00,92.0
2022-06-04 03:50:16+02:00,92.3
2022-06-04 03:51:16+02:00,92.5
2022-06-04 03:52:16+02:00,92.6
2022-06-04 03:53:16+02:00,92.6
2022-06-04 03:54:16+02:00,92.7
2022-06-04 03:55:17+02:00,92.6
2022-06-04 03:56:17+02:00,92.6
2022-06-04 03:57:17+02:00,92.7
2022-06-04 03:58:17+02:00,92.7
2022-06-04 03:59:17+02:00,92.8
2022-06-04 04:00:17+02:00,92.8
2022-06-04 04:01:18+02:00,50.0
2022-06-04 04:02:18+02:00,92.5
2022-06-04 04:03:18+02:00,91.9
2022-06-04 04:04:18+02:00,90.9
2022-06-04 04:05:18+02:00,91.3
2022-06-04 04:06:18+02:00,91.4
2022-06-04 04:07:18+02:00,91.3
2022-06-04 04:08:19+02:00,91.3
2022-06-04 04:09:19+02:00,91.1
2022-06-04 04:10:19+02:00,90.8
2022-06-04 04:11:19+02:00,90.4
2022-06-04 04:12:19+02:00,90.4
2022-06-04 04:13:19+02:00,90.4
2022-06-04 04:14:19+02:00,50.0
2022-06-04 04:15:20+02:00,90.7
2022-06-04 04:16:20+02:00,90.2
2022-06-04 04:17:20+02:00,89.5
2022-06-04 04:18:20+02:00,88.2
2022-06-04 04:19:20+02:00,87.7
2022-06-04 04:20:20+02:00,88.1
2022-06-04 04:21:20+02:00,88.2
2022-06-04 04:22:21+02:00,88.0
2022-06-04 04:23:21+02:00,87.6
2022-06-04 04:24:21+02:00,86.7
2022-06-04 04:25:21+02:00,87.0
2022-06-04 04:26:21+02:00,87.4
2022-06-04 04:27:21+02:00,87.2
2022-06-04 04:28:21+02:00,86.7
2022-06-04 04:29:22+02:00,87.4
2022-06-04 04:30:22+02:00,87.8
2022-06-04 04:31:22+02:00,87.9
2022-06-04 04:32:22+02:00,50.0
2022-06-04 04:33:22+02:00,87.6
2022-06-04 04:34:22+02:00,88.1
2022-06-04 04:35:23+02:00,87.9
2022-06-04 04:36:23+02:00,88.4
2022-06-04 04:37:23+02:00,87.5
2022-06-04 04:38:23+02:00,50.0
2022-06-04 04:39:23+02:00,50.0
2022-06-04 04:40:23+02:00,87.8
2022-06-04 04:41:23+02:00,87.4
2022-06-04 04:42:24+02:00,88.2
2022-06-04 04:43:24+02:00,88.8
2022-06-04 04:44:24+02:00,89.9
2022-06-04 04:45:24+02:00,90.9
2022-06-04 04:46:24+02:00,91.3
2022-06-04 04:47:24+02:00,91.9
2022-06-04 04:48:25+02:00,92.7
2022-06-04 04:49:25+02:00,92.9
2022-06-04 04:50:25+02:00,92.9
2022-06-04 04:51:25+02:00,92.9
2022-06-04 04:52:25+02:00,92.8
2022-06-04 04:53:25+02:00,92.3
2022-06-04 04:54:25+02:00,92.1
2022-06-04 04:55:26+02:00,92.0
2022-06-04 04:56:26+02:00,91.5
2022-06-04 04:57:26+02:00,91.5
2022-06-04 04:58:26+02:00,91.7
2022-06-04 04:59:26+02:00,91.8
2022-06-04 05:00:26+02:00,91.8
2022-06-04 05:01:26+02:00,91.7
2022-06-04 05:02:27+02:00,91.6
2022-06-04 05:03:27+02:00,91.7
2022-06-04 05:04:27+02:00,91.3
2022-06-04 05:05:27+02:00,91.0
2022-06-04 05:06:27+02:00,91.3
2022-06-04 05:07:27+02:00,91.6
2022-06-04 05:08:28+02:00,91.6
2022-06-04 05:09:28+02:00,91.0
2022-06-04 05:10:28+02:00,91.1
2022-06-04 05:11:28+02:00,91.4
2022-06-04 05:12:28+02:00,91.5
2022-06-04 05:13:28+02:00,91.9
2022-06-04 05:14:28+02:00,92.1
2022-06-04 05:15:29+02:00,92.2
2022-06-04 05:16:29+02:00,92.0
2022-06-04 05:17:29+02:00,91.8
2022-06-04 05:18:29+02:00,91.8
2022-06-04 05:19:29+02:00,91.6
2022-06-04 05:20:29+02:00,91.5
2022-06-04 05:21:30+02:00,91.5
2022-06-04 05:22:30+02:00,91.2
2022-06-04 05:23:30+02:00,91.5
2022-06-04 05:24:30+02:00,91.2
2022-06-04 05:25:30+02:00,91.2
2022-06-04 05:26:30+02:00,90.6
2022-06-04 05:27:30+02:00,90.4
2022-06-04 05:28:31+02:00,90.3
2022-06-04 05:29:31+02:00,89.9
2022-06-04 05:30:31+02:00,90.2
2022-06-04 05:31:31+02:00,90.1
2022-06-04 05:32:31+02:00,90.8
2022-06-04 05:33:31+02:00,50.0
2022-06-04 05:34:31+02:00,90.0
2022-06-04 05:35:32+02:00,88.7
2022-06-04 05:36:32+02:00,88.0
2022-06-04 05:37:32+02:00,88.1
2022-06-04 05:38:32+02:00,88.1
2022-06-04 05:39:32+02:00,88.4
2022-06-04 05:40:32+02:00,88.5
2022-06-04 05:41:32+02:00,88.6
2022-06-04 05:42:33+02:00,88.8
2022-06-04 05:43:33+02:00,89.0
2022-06-04 05:44:33+02:00,89.3
2022-06-04 05:45:33+02:00,89.3
2022-06-04 05:46:33+02:00,89.0
2022-06-04 05:47:33+02:00,88.9
2022-06-04 05:48:34+02:00,89.0
2022-06-04 05:49:34+02:00,89.2
2022-06-04 05:50:34+02:00,89.2
2022-06-04 05:51:34+02:00,89.0
2022-06-04 05:52:34+02:00,89.1
2022-06-04 05:53:34+02:00,89.1
2022-06-04 05:54:34+02:00,89.0
2022-06-04 05:55:35+02:00,89.0
2022-06-04 05:56:35+02:00,88.8
2022-06-04 05:57:35+02:00,88.6
2022-06-04 05:58:35+02:00,88.5
2022-06-04 05:59:35+02:00,88.3
2022-06-04 06:00:35+02:00,88.0
2022-06-04 06:01:35+02:00,50.0
2022-06-04 06:02:36+02:00,88.6
2022-06-04 06:03:36+02:00,90.2
2022-06-04 06:04:36+02:00,91.1
2022-06-04 06:05:36+02:00,91.5
2022-06-04 06:06:36+02:00,91.7
2022-06-04 06:07:36+02:00,91.9
2022-06-04 06:08:36+02:00,91.9
2022-06-04 06:09:37+02:00,92.3
2022-06-04 06:10:37+02:00,92.6
2022-06-04 06:11:37+02:00,92.5
2022-06-04 06:12:37+02:00,92.0
2022-06-04 06:13:37+02:00,92.4
2022-06-04 06:14:37+02:00,91.9
2022-06-04 06:15:37+02:00,50.0
2022-06-04 06:16:38+02:00,91.7
2022-06-04 06:17:38+02:00,91.2
2022-06-04 06:18:38+02:00,90.7
2022-06-04 06:19:38+02:00,90.9
2022-06-04 06:20:38+02:00,91.3
2022-06-04 06:21:38+02:00,91.6
2022-06-04 06:22:38+02:00,91.5
2022-06-04 06:23:39+02:00,91.9
2022-06-04 06:24:39+02:00,92.3
2022-06-04 06:25:39+02:00,92.3
2022-06-04 06:26:39+02:00,92.3
2022-06-04 06:27:39+02:00,92.5
2022-06-04 06:28:39+02:00,92.5
2022-06-04 06:29:40+02:00,92.6
2022-06-04 06:30:40+02:00,92.5
2022-06-04 06:31:40+02:00,92.5
2022-06-04 06:32:40+02:00,92.5
2022-06-04 06:33:40+02:00,92.5
2022-06-04 06:34:40+02:00,92.5
2022-06-04 06:35:40+02:00,92.3
2022-06-04 06:36:41+02:00,92.4
2022-06-04 06:37:41+02:00,92.3
2022-06-04 06:38:41+02:00,92.0
2022-06-04 06:39:41+02:00,50.0
2022-06-04 06:40:41+02:00,92.0
2022-06-04 06:41:41+02:00,92.2
2022-06-04 06:42:42+02:00,92.3
2022-06-04 06:43:42+02:00,92.2
2022-06-04 06:44:42+02:00,92.7
2022-06-04 06:45:42+02:00,93.6
2022-06-04 06:46:42+02:00,94.1
2022-06-04 06:47:42+02:00,94.0
2022-06-04 06:48:42+02:00,93.6
2022-06-04 06:49:43+02:00,93.4
2022-06-04 06:50:43+02:00,93.2
2022-06-04 06:51:43+02:00,93.5
2022-06-04 06:52:43+02:00,93.4
2022-06-04 06:53:43+02:00,93.3
2022-06-04 06:54:43+02:00,93.4
2022-06-04 06:55:43+02:00,93.4
2022-06-04 06:56:43+02:00,93.4
2022-06-04 06:57:44+02:00,93.2
2022-06-04 06:58:44+02:00,93.5
2022-06-04 06:59:44+02:00,93.8
2022-06-04 07:00:44+02:00,94.1
2022-06-04 07:01:44+02:00,94.4
2022-06-04 07:02:44+02:00,94.6
2022-06-04 07:03:44+02:00,94.9
2022-06-04 07:04:45+02:00,94.8
2022-06-04 07:05:45+02:00,95.2
2022-06-04 07:06:45+02:00,95.2
2022-06-04 07:07:45+02:00,95.3
2022-06-04 07:08:45+02:00,95.4
2022-06-04 07:09:45+02:00,95.3
2022-06-04 07:10:45+02:00,95.1
2022-06-04 07:11:46+02:00,95.1
2022-06-04 07:12:46+02:00,95.1
2022-06-04 07:13:46+02:00,95.0
2022-06-04 07:14:46+02:00,95.4
2022-06-04 07:15:46+02:00,50.0
2022-06-04 07:16:46+02:00,94.3
2022-06-04 07:17:46+02:00,93.4
2022-06-04 07:18:47+02:00,92.7
2022-06-04 07:19:47+02:00,92.0
2022-06-04 07:20:47+02:00,91.7
2022-06-04 07:21:47+02:00,91.4
2022-06-04 07:22:47+02:00,91.2
2022-06-04 07:23:47+02:00,91.1
2022-06-04 07:24:47+02:00,91.0
2022-06-04 07:25:48+02:00,91.1
2022-06-04 07:26:48+02:00,91.4
2022-06-04 07:27:48+02:00,91.3
2022-06-04 07:28:48+02:00,91.2
2022-06-04 07:29:48+02:00,91.6
2022-06-04 07:30:48+02:00,91.2
2022-06-04 07:31:48+02:00,91.5
2022-06-04 07:32:49+02:00,91.4
2022-06-04 07:33:49+02:00,91.2
2022-06-04 07:34:49+02:00,91.5
2022-06-04 07:35:49+02:00,90.7
2022-06-04 07:36:49+02:00,90.7
2022-06-04 07:37:49+02:00,90.7
2022-06-04 07:38:49+02:00,90.4
2022-06-04 07:39:50+02:00,90.3
2022-06-04 07:40:50+02:00,90.2
2022-06-04 07:41:50+02:00,90.0
2022-06-04 07:42:50+02:00,90.1
2022-06-04 07:43:50+02:00,90.5
2022-06-04 07:44:50+02:00,90.9
2022-06-04 07:45:51+02:00,90.9
2022-06-04 07:46:51+02:00,90.8
2022-06-04 07:47:51+02:00,90.6
2022-06-04 07:48:51+02:00,90.2
2022-06-04 07:49:51+02:00,90.3
2022-06-04 07:50:51+02:00,90.3
2022-06-04 07:51:51+02:00,90.0
2022-06-04 07:52:51+02:00,90.1
2022-06-04 07:53:52+02:00,90.4
2022-06-04 07:54:52+02:00,90.0
2022-06-04 07:55:52+02:00,90.2
2022-06-04 07:56:52+02:00,90.4
2022-06-04 07:57:52+02:00,89.4
2022-06-04 07:58:52+02:00,89.9
2022-06-04 07:59:52+02:00,90.1
2022-06-04 08:00:52+02:00,90.6
2022-06-04 08:01:53+02:00,90.4
2022-06-04 08:02:53+02:00,90.7
2022-06-04 08:03:53+02:00,90.7
2022-06-04 08:04:53+02:00,90.8
2022-06-04 08:05:53+02:00,90.8
2022-06-04 08:06:53+02:00,90.7
2022-06-04 08:07:53+02:00,90.4
2022-06-04 08:08:53+02:00,91.0
2022-06-04 08:09:53+02:00,91.3
2022-06-04 08:10:54+02:00,91.6
2022-06-04 08:11:54+02:00,91.5
2022-06-04 08:12:54+02:00,91.2
2022-06-04 08:13:54+02:00,91.0
2022-06-04 08:14:54+02:00,90.6
2022-06-04 08:15:54+02:00,91.2
2022-06-04 08:16:54+02:00,91.6
2022-06-04 08:17:54+02:00,91.4
2022-06-04 08:18:55+02:00,91.2
2022-06-04 08:19:55+02:00,91.7
2022-06-04 08:20:55+02:00,91.8
2022-06-04 08:21:55+02:00,92.2
2022-06-04 08:22:55+02:00,92.1
2022-06-04 08:23:55+02:00,92.1
2022-06-04 08:24:55+02:00,91.8
2022-06-04 08:25:55+02:00,50.0
2022-06-04 08:26:55+02:00,50.0
2022-06-04 08:27:56+02:00,91.6
2022-06-04 08:28:56+02:00,50.0
2022-06-04 08:29:56+02:00,93.8
2022-06-04 08:30:56+02:00,94.3
2022-06-04 08:31:56+02:00,94.5
2022-06-04 08:32:56+02:00,95.4
2022-06-04 08:33:56+02:00,95.3
2022-06-04 08:34:57+02:00,95.9
2022-06-04 08:35:57+02:00,96.3
2022-06-04 08:36:57+02:00,96.6
2022-06-04 08:37:57+02:00,95.7
2022-06-04 08:38:57+02:00,50.0
2022-06-04 08:39:57+02:00,94.8
2022-06-04 08:40:57+02:00,94.2
2022-06-04 08:41:58+02:00,94.1
2022-06-04 08:42:58+02:00,93.3
2022-06-04 08:43:58+02:00,50.0
2022-06-04 08:44:58+02:00,92.5
2022-06-04 08:45:58+02:00,92.5
2022-06-04 08:46:58+02:00,50.0
2022-06-04 08:47:58+02:00,92.5
2022-06-04 08:48:58+02:00,92.7
2022-06-04 08:49:59+02:00,92.1
2022-06-04 08:50:59+02:00,92.4
2022-06-04 08:51:59+02:00,92.6
2022-06-04 08:52:59+02:00,92.7
2022-06-04 08:53:59+02:00,92.8
2022-06-04 08:54:59+02:00,92.8
2022-06-04 08:55:59+02:00,92.9
2022-06-04 08:56:59+02:00,92.7
2022-06-04 08:58:00+02:00,92.9
2022-06-04 08:59:00+02:00,92.6
2022-06-04 09:00:00+02:00,92.3
2022-06-04 09:01:00+02:00,92.7
2022-06-04 09:02:00+02:00,92.8
2022-06-04 09:03:00+02:00,93.0
2022-06-04 09:04:00+02:00,93.0
2022-06-04 09:05:00+02:00,93.1
2022-06-04 09:06:01+02:00,92.7
2022-06-04 09:07:01+02:00,92.7
2022-06-04 09:08:01+02:00,92.6
2022-06-04 09:09:01+02:00,92.1
2022-06-04 09:10:01+02:00,92.4
2022-06-04 09:11:01+02:00,92.6
2022-06-04 09:12:01+02:00,92.5
2022-06-04 09:13:01+02:00,92.6
2022-06-04 09:14:01+02:00,92.4
2022-06-04 09:15:01+02:00,92.0
2022-06-04 09:16:02+02:00,92.2
2022-06-04 09:17:02+02:00,92.1
2022-06-04 09:18:02+02:00,91.9
2022-06-04 09:19:02+02:00,92.1
2022-06-04 09:20:02+02:00,92.2
2022-06-04 09:21:02+02:00,91.8
2022-06-04 09:22:02+02:00,91.7
2022-06-04 09:23:02+02:00,50.0
2022-06-04 09:24:03+02:00,91.3
2022-06-04 09:25:03+02:00,91.7
2022-06-04 09:26:03+02:00,90.6
2022-06-04 09:27:03+02:00,91.7
2022-06-04 09:28:03+02:00,92.6
2022-06-04 09:29:03+02:00,91.6
2022-06-04 09:30:03+02:00,89.1
2022-06-04 09:31:03+02:00,86.9
2022-06-04 09:32:03+02:00,85.6
2022-06-04 09:33:04+02:00,85.4
2022-06-04 09:34:04+02:00,86.5
2022-06-04 09:35:04+02:00,87.4
2022-06-04 09:36:04+02:00,86.4
2022-06-04 09:37:04+02:00,86.3
2022-06-04 09:38:04+02:00,86.7
2022-06-04 09:39:04+02:00,86.2
2022-06-04 09:40:04+02:00,50.0
2022-06-04 09:41:04+02:00,50.0
2022-06-04 09:42:05+02:00,50.0
2022-06-04 09:43:05+02:00,50.0
2022-06-04 09:44:05+02:00,86.4
2022-06-04 09:45:05+02:00,88.2
2022-06-04 09:46:05+02:00,50.0
2022-06-04 09:47:05+02:00,50.0
2022-06-04 09:48:05+02:00,50.0
2022-06-04 09:49:06+02:00,50.0
2022-06-04 09:50:06+02:00,90.4
2022-06-04 09:51:06+02:00,92.3
2022-06-04 09:52:06+02:00,50.0
2022-06-04 09:53:06+02:00,92.7
2022-06-04 09:54:06+02:00,50.0
2022-06-04 09:55:06+02:00,90.8
2022-06-04 09:56:06+02:00,50.0
2022-06-04 09:57:06+02:00,89.7
2022-06-04 09:58:06+02:00,50.0
2022-06-04 09:59:07+02:00,50.0
2022-06-04 10:00:07+02:00,50.0
2022-06-04 10:01:07+02:00,50.0
2022-06-04 10:02:07+02:00,50.0
2022-06-04 10:03:07+02:00,50.0
2022-06-04 10:04:07+02:00,50.0
2022-06-04 10:05:08+02:00,50.0
2022-06-04 10:06:08+02:00,50.0
2022-06-04 10:07:08+02:00,50.0
2022-06-04 10:08:08+02:00,50.0
2022-06-04 10:09:08+02:00,50.0
2022-06-04 10:10:08+02:00,50.0
2022-06-04 10:11:08+02:00,50.0
2022-06-04 10:12:08+02:00,50.0
2022-06-04 10:13:09+02:00,50.0
2022-06-04 10:14:09+02:00,50.0
2022-06-04 10:15:09+02:00,50.0
2022-06-04 10:16:09+02:00,50.0
2022-06-04 10:17:09+02:00,50.0
2022-06-04 10:18:09+02:00,50.0
2022-06-04 10:19:10+02:00,50.0
2022-06-04 10:20:10+02:00,50.0
2022-06-04 10:21:10+02:00,50.0
2022-06-04 10:22:10+02:00,50.0
2022-06-04 10:23:10+02:00,50.0
2022-06-04 10:24:10+02:00,50.0
2022-06-04 10:25:10+02:00,50.0
2022-06-04 10:26:11+02:00,50.0
2022-06-04 10:27:11+02:00,50.0
2022-06-04 10:28:11+02:00,50.0
2022-06-04 10:29:11+02:00,50.0
2022-06-04 10:30:11+02:00,50.0
2022-06-04 23:38:00+02:00,50.0
2022-06-04 23:39:00+02:00,50.0
2022-06-04 23:40:00+02:00,87.8
2022-06-04 23:41:00+02:00,50.0
2022-06-04 23:42:00+02:00,89.8
2022-06-04 23:43:00+02:00,50.0
2022-06-04 23:44:00+02:00,90.6
2022-06-04 23:45:00+02:00,90.9
2022-06-04 23:46:00+02:00,91.5
2022-06-04 23:47:00+02:00,92.3
2022-06-04 23:48:00+02:00,92.4
2022-06-04 23:49:00+02:00,50.0
2022-06-04 23:50:01+02:00,50.0
2022-06-04 23:51:01+02:00,50.0
2022-06-04 23:52:01+02:00,50.0
2022-06-04 23:53:01+02:00,50.0
2022-06-04 23:54:01+02:00,92.5
2022-06-04 23:55:01+02:00,93.8
2022-06-04 23:56:01+02:00,94.4
2022-06-04 23:57:01+02:00,94.8
2022-06-04 23:58:02+02:00,95.0
2022-06-04 23:59:02+02:00,95.0
2022-06-05 00:00:02+02:00,95.4
2022-06-05 00:01:02+02:00,50.0
2022-06-05 00:02:02+02:00,92.0
2022-06-05 00:03:02+02:00,89.8
2022-06-05 00:04:02+02:00,88.4
2022-06-05 00:05:02+02:00,89.3
2022-06-05 00:06:02+02:00,50.0
2022-06-05 00:07:02+02:00,89.5
2022-06-05 00:08:02+02:00,50.0
2022-06-05 00:09:03+02:00,91.0
2022-06-05 00:10:03+02:00,92.7
2022-06-05 00:11:03+02:00,93.0
2022-06-05 00:12:03+02:00,50.0
2022-06-05 00:13:03+02:00,93.5
2022-06-05 00:14:03+02:00,94.1
2022-06-05 00:15:04+02:00,95.5
2022-06-05 00:16:04+02:00,50.0
2022-06-05 00:17:04+02:00,93.5
2022-06-05 00:18:04+02:00,92.2
2022-06-05 00:19:04+02:00,89.4
2022-06-05 00:20:04+02:00,89.4
2022-06-05 00:21:04+02:00,90.6
2022-06-05 00:22:04+02:00,90.6
2022-06-05 00:23:04+02:00,88.3
2022-06-05 00:24:05+02:00,89.1
2022-06-05 00:25:05+02:00,50.0
2022-06-05 00:26:05+02:00,90.5
2022-06-05 00:27:05+02:00,92.8
2022-06-05 00:28:05+02:00,93.3
2022-06-05 00:29:05+02:00,50.0
2022-06-05 00:30:05+02:00,93.4
2022-06-05 00:31:05+02:00,93.9
2022-06-05 00:32:06+02:00,94.0
2022-06-05 00:33:06+02:00,94.2
2022-06-05 00:34:06+02:00,94.4
2022-06-05 00:35:06+02:00,94.4
2022-06-05 00:36:06+02:00,94.8
2022-06-05 00:37:06+02:00,94.0
2022-06-05 00:38:06+02:00,50.0
2022-06-05 00:39:07+02:00,94.9
2022-06-05 00:40:07+02:00,94.6
2022-06-05 00:41:07+02:00,94.7
2022-06-05 00:42:07+02:00,95.5
2022-06-05 00:43:07+02:00,95.2
2022-06-05 00:44:07+02:00,95.2
2022-06-05 00:45:07+02:00,50.0
2022-06-05 00:46:08+02:00,50.0
2022-06-05 00:47:08+02:00,93.7
2022-06-05 00:48:08+02:00,92.9
2022-06-05 00:49:08+02:00,50.0
2022-06-05 00:50:08+02:00,50.0
2022-06-05 00:51:08+02:00,50.0
2022-06-05 00:52:09+02:00,90.3
2022-06-05 00:53:09+02:00,92.4
2022-06-05 00:54:09+02:00,93.4
2022-06-05 00:55:09+02:00,94.1
2022-06-05 00:56:09+02:00,92.9
2022-06-05 00:57:09+02:00,50.0
2022-06-05 00:58:10+02:00,50.0
2022-06-05 00:59:10+02:00,50.0
2022-06-05 01:00:10+02:00,50.0
2022-06-05 01:01:10+02:00,50.0
2022-06-05 01:02:10+02:00,50.0
2022-06-05 01:03:10+02:00,50.0
2022-06-05 01:04:10+02:00,50.0
2022-06-05 01:05:10+02:00,50.0
2022-06-05 01:06:11+02:00,50.0
2022-06-05 01:07:11+02:00,50.0
2022-06-05 01:08:11+02:00,50.0
2022-06-05 01:09:11+02:00,90.0
2022-06-05 01:10:11+02:00,88.9
2022-06-05 01:11:11+02:00,87.2
2022-06-05 01:12:12+02:00,85.6
2022-06-05 01:13:12+02:00,85.1
2022-06-05 01:14:12+02:00,84.6
2022-06-05 01:15:12+02:00,84.9
2022-06-05 01:16:12+02:00,82.9
2022-06-05 01:17:12+02:00,81.2
2022-06-05 01:18:13+02:00,80.3
2022-06-05 01:19:13+02:00,50.0
2022-06-05 01:20:13+02:00,82.8
2022-06-05 01:21:13+02:00,50.0
2022-06-05 01:22:13+02:00,86.7
2022-06-05 01:23:13+02:00,84.4
2022-06-05 01:24:13+02:00,81.2
2022-06-05 01:25:14+02:00,80.3
2022-06-05 01:26:14+02:00,50.0
2022-06-05 01:27:14+02:00,50.0
2022-06-05 01:28:14+02:00,50.0
2022-06-05 01:29:14+02:00,50.0
2022-06-05 01:30:14+02:00,76.9
2022-06-05 01:31:14+02:00,80.7
2022-06-05 01:32:15+02:00,82.1
2022-06-05 01:33:15+02:00,84.5
2022-06-05 01:34:15+02:00,84.6
2022-06-05 01:35:15+02:00,85.9
2022-06-05 01:36:15+02:00,86.7
2022-06-05 01:37:15+02:00,86.6
2022-06-05 01:38:16+02:00,87.4
2022-06-05 01:39:16+02:00,87.5
2022-06-05 01:40:16+02:00,88.2
2022-06-05 01:41:16+02:00,88.7
2022-06-05 01:42:16+02:00,89.6
2022-06-05 01:43:16+02:00,50.0
2022-06-05 01:44:17+02:00,89.8
2022-06-05 01:45:17+02:00,90.6
2022-06-05 01:46:17+02:00,90.7
2022-06-05 01:47:17+02:00,90.7
2022-06-05 01:48:17+02:00,91.1
2022-06-05 01:49:17+02:00,91.2
2022-06-05 01:50:18+02:00,50.0
2022-06-05 01:51:18+02:00,91.6
2022-06-05 01:52:18+02:00,94.6
2022-06-05 01:53:18+02:00,96.2
2022-06-05 01:54:18+02:00,96.7
2022-06-05 01:55:18+02:00,96.5
2022-06-05 01:56:18+02:00,96.3
2022-06-05 01:57:19+02:00,96.2
2022-06-05 01:58:19+02:00,96.1
2022-06-05 01:59:19+02:00,95.7
2022-06-05 02:00:19+02:00,95.5
2022-06-05 02:00:19+02:00,95.5
2022-06-05 02:01:19+02:00,95.2
2022-06-05 02:02:19+02:00,95.0
2022-06-05 02:03:20+02:00,94.9
2022-06-05 02:04:20+02:00,94.9
2022-06-05 02:05:20+02:00,95.1
2022-06-05 02:06:20+02:00,95.0
2022-06-05 02:07:20+02:00,95.1
2022-06-05 02:08:20+02:00,94.6
2022-06-05 02:09:20+02:00,94.6
2022-06-05 02:10:21+02:00,94.6
2022-06-05 02:11:21+02:00,94.6
2022-06-05 02:12:21+02:00,94.3
2022-06-05 02:13:21+02:00,94.2
2022-06-05 02:14:21+02:00,94.2
2022-06-05 02:15:21+02:00,94.1
2022-06-05 02:16:22+02:00,94.1
2022-06-05 02:17:22+02:00,93.7
2022-06-05 02:18:22+02:00,93.7
2022-06-05 02:19:22+02:00,93.6
2022-06-05 02:20:22+02:00,93.5
2022-06-05 02:21:22+02:00,93.7
2022-06-05 02:22:22+02:00,93.9
2022-06-05 02:23:23+02:00,93.8
2022-06-05 02:24:23+02:00,93.9
2022-06-05 02:25:23+02:00,50.0
2022-06-05 02:26:23+02:00,93.5
2022-06-05 02:27:23+02:00,92.4
2022-06-05 02:28:23+02:00,93.0
2022-06-05 02:29:24+02:00,93.8
2022-06-05 02:30:24+02:00,93.7
2022-06-05 02:31:24+02:00,94.6
2022-06-05 02:32:24+02:00,95.4
2022-06-05 02:33:24+02:00,95.8
2022-06-05 02:34:24+02:00,94.9
2022-06-05 02:35:24+02:00,95.4
2022-06-05 02:36:25+02:00,95.8
2022-06-05 02:37:25+02:00,95.3
2022-06-05 02:38:25+02:00,95.3
2022-06-05 02:39:25+02:00,95.2
2022-06-05 02:40:25+02:00,93.3
2022-06-05 02:41:25+02:00,94.5
2022-06-05 02:42:26+02:00,94.5
2022-06-05 02:43:26+02:00,94.7
2022-06-05 02:44:26+02:00,92.2
2022-06-05 02:45:26+02:00,91.5
2022-06-05 02:46:26+02:00,92.0
2022-06-05 02:47:26+02:00,93.9
2022-06-05 02:48:26+02:00,94.3
2022-06-05 02:49:27+02:00,93.3
2022-06-05 02:50:27+02:00,94.1
2022-06-05 02:51:27+02:00,95.0
2022-06-05 02:52:27+02:00,94.1
2022-06-05 02:53:27+02:00,94.4
2022-06-05 02:54:27+02:00,94.2
2022-06-05 02:55:28+02:00,94.3
2022-06-05 02:56:28+02:00,95.0
2022-06-05 02:57:28+02:00,95.5
2022-06-05 02:58:28+02:00,96.0
2022-06-05 02:59:28+02:00,96.1
2022-06-05 03:00:28+02:00,95.8
2022-06-05 03:01:28+02:00,94.4
2022-06-05 03:02:29+02:00,94.2
2022-06-05 03:03:29+02:00,94.2
2022-06-05 03:04:29+02:00,94.7
2022-06-05 03:05:29+02:00,50.0
2022-06-05 03:06:29+02:00,93.7
2022-06-05 03:07:29+02:00,93.1
2022-06-05 03:08:29+02:00,50.0
2022-06-05 03:09:30+02:00,92.4
2022-06-05 03:10:30+02:00,92.1
2022-06-05 03:11:30+02:00,91.7
2022-06-05 03:12:30+02:00,91.4
2022-06-05 03:13:30+02:00,50.0
2022-06-05 03:14:30+02:00,91.4
2022-06-05 03:15:30+02:00,91.3
2022-06-05 03:16:31+02:00,91.4
2022-06-05 03:17:31+02:00,91.3
2022-06-05 03:18:31+02:00,91.5
2022-06-05 03:19:31+02:00,91.5
2022-06-05 03:20:31+02:00,91.4
2022-06-05 03:21:31+02:00,91.3
2022-06-05 03:22:31+02:00,91.3
2022-06-05 03:23:32+02:00,91.2
2022-06-05 03:24:32+02:00,91.3
2022-06-05 03:25:32+02:00,91.4
2022-06-05 03:26:32+02:00,91.4
2022-06-05 03:27:32+02:00,91.2
2022-06-05 03:28:32+02:00,91.2
2022-06-05 03:29:32+02:00,91.0
2022-06-05 03:30:33+02:00,90.9
2022-06-05 03:31:33+02:00,91.0
2022-06-05 03:32:33+02:00,90.9
2022-06-05 03:33:33+02:00,90.9
2022-06-05 03:34:33+02:00,91.1
2022-06-05 03:35:33+02:00,91.2
2022-06-05 03:36:33+02:00,91.2
2022-06-05 03:37:33+02:00,91.0
2022-06-05 03:38:34+02:00,91.0
2022-06-05 03:39:34+02:00,91.2
2022-06-05 03:40:34+02:00,91.1
2022-06-05 03:41:34+02:00,91.2
2022-06-05 03:42:34+02:00,91.2
2022-06-05 03:43:34+02:00,91.1
2022-06-05 03:44:34+02:00,91.2
2022-06-05 03:45:35+02:00,91.1
2022-06-05 03:46:35+02:00,91.2
2022-06-05 03:47:35+02:00,91.0
2022-06-05 03:48:35+02:00,91.0
2022-06-05 03:49:35+02:00,91.0
2022-06-05 03:50:35+02:00,91.1
2022-06-05 03:51:35+02:00,91.2
2022-06-05 03:52:35+02:00,91.1
2022-06-05 03:53:36+02:00,91.2
2022-06-05 03:54:36+02:00,91.2
2022-06-05 03:55:36+02:00,91.1
2022-06-05 03:56:36+02:00,91.0
2022-06-05 03:57:36+02:00,91.1
2022-06-05 03:58:36+02:00,91.2
2022-06-05 03:59:36+02:00,91.1
2022-06-05 04:00:37+02:00,91.1
2022-06-05 04:01:37+02:00,91.2
2022-06-05 04:02:37+02:00,91.1
2022-06-05 04:03:37+02:00,91.1
2022-06-05 04:04:37+02:00,91.2
2022-06-05 04:05:37+02:00,91.1
2022-06-05 04:06:37+02:00,91.2
2022-06-05 04:07:37+02:00,91.1
2022-06-05 04:08:38+02:00,91.0
2022-06-05 04:09:38+02:00,91.0
2022-06-05 04:10:38+02:00,91.1
2022-06-05 04:11:38+02:00,91.1
2022-06-05 04:12:38+02:00,91.1
2022-06-05 04:13:38+02:00,91.0
2022-06-05 04:14:38+02:00,91.0
2022-06-05 04:15:38+02:00,91.1
2022-06-05 04:16:39+02:00,91.2
2022-06-05 04:17:39+02:00,91.0
2022-06-05 04:18:39+02:00,91.1
2022-06-05 04:19:39+02:00,91.0
2022-06-05 04:20:39+02:00,91.0
2022-06-05 04:21:39+02:00,90.9
2022-06-05 04:22:39+02:00,91.0
2022-06-05 04:23:40+02:00,91.0
2022-06-05 04:24:40+02:00,91.1
2022-06-05 04:25:40+02:00,91.1
2022-06-05 04:26:40+02:00,90.9
2022-06-05 04:27:40+02:00,91.0
2022-06-05 04:28:40+02:00,91.0
2022-06-05 04:29:40+02:00,91.0
2022-06-05 04:30:41+02:00,91.0
2022-06-05 04:31:41+02:00,90.9
2022-06-05 04:32:41+02:00,90.9
2022-06-05 04:33:41+02:00,91.1
2022-06-05 04:34:41+02:00,91.2
2022-06-05 04:35:41+02:00,91.2
2022-06-05 04:36:41+02:00,50.0
2022-06-05 04:37:41+02:00,90.8
2022-06-05 04:38:42+02:00,90.6
2022-06-05 04:39:42+02:00,90.3
2022-06-05 04:40:42+02:00,90.2
2022-06-05 04:41:42+02:00,90.3
2022-06-05 04:42:42+02:00,90.1
2022-06-05 04:43:42+02:00,90.1
2022-06-05 04:44:42+02:00,90.2
2022-06-05 04:45:43+02:00,90.2
2022-06-05 04:46:43+02:00,90.5
2022-06-05 04:47:43+02:00,90.6
2022-06-05 04:48:43+02:00,90.8
2022-06-05 04:49:43+02:00,90.7
2022-06-05 04:50:43+02:00,90.6
2022-06-05 04:51:43+02:00,90.7
2022-06-05 04:52:44+02:00,90.9
2022-06-05 04:53:44+02:00,90.8
2022-06-05 04:54:44+02:00,91.1
2022-06-05 04:55:44+02:00,91.0
2022-06-05 04:56:44+02:00,91.1
2022-06-05 04:57:44+02:00,91.2
2022-06-05 04:58:44+02:00,91.3
2022-06-05 04:59:44+02:00,91.3
2022-06-05 05:00:45+02:00,90.9
2022-06-05 05:01:45+02:00,91.0
2022-06-05 05:02:45+02:00,91.1
2022-06-05 05:03:45+02:00,90.6
2022-06-05 05:04:45+02:00,91.2
2022-06-05 05:05:45+02:00,91.2
2022-06-05 05:06:45+02:00,91.2
2022-06-05 05:07:45+02:00,91.4
2022-06-05 05:08:46+02:00,91.5
2022-06-05 05:09:46+02:00,91.7
2022-06-05 05:10:46+02:00,91.9
2022-06-05 05:11:46+02:00,91.9
2022-06-05 05:12:46+02:00,50.0
2022-06-05 05:13:46+02:00,91.2
2022-06-05 05:14:47+02:00,91.0
2022-06-05 05:15:47+02:00,93.3
2022-06-05 05:16:47+02:00,93.9
2022-06-05 05:17:47+02:00,93.6
2022-06-05 05:18:47+02:00,94.3
2022-06-05 05:19:47+02:00,93.5
2022-06-05 05:20:47+02:00,93.3
2022-06-05 05:21:48+02:00,50.0
2022-06-05 05:22:48+02:00,91.1
2022-06-05 05:23:48+02:00,89.0
2022-06-05 05:24:48+02:00,89.9
2022-06-05 05:25:48+02:00,89.6
2022-06-05 05:26:48+02:00,89.8
2022-06-05 05:27:48+02:00,89.8
2022-06-05 05:28:49+02:00,89.4
2022-06-05 05:29:49+02:00,88.5
2022-06-05 05:30:49+02:00,50.0
2022-06-05 05:31:49+02:00,91.2
2022-06-05 05:32:49+02:00,93.4
2022-06-05 05:33:49+02:00,50.0
2022-06-05 05:34:49+02:00,93.3
2022-06-05 05:35:50+02:00,92.8
2022-06-05 05:36:50+02:00,92.1
2022-06-05 05:37:50+02:00,91.3
2022-06-05 05:38:50+02:00,90.7
2022-06-05 05:39:50+02:00,91.2
2022-06-05 05:40:50+02:00,92.6
2022-06-05 05:41:50+02:00,50.0
2022-06-05 05:42:51+02:00,50.0
2022-06-05 05:43:51+02:00,93.3
2022-06-05 05:44:51+02:00,93.1
2022-06-05 05:45:51+02:00,93.1
2022-06-05 05:46:51+02:00,93.0
2022-06-05 05:47:51+02:00,92.8
2022-06-05 05:48:51+02:00,92.7
2022-06-05 05:49:51+02:00,92.7
2022-06-05 05:50:51+02:00,92.9
2022-06-05 05:51:52+02:00,92.9
2022-06-05 05:52:52+02:00,92.8
2022-06-05 05:53:52+02:00,92.8
2022-06-05 05:54:52+02:00,92.7
2022-06-05 05:55:52+02:00,92.5
2022-06-05 05:56:52+02:00,92.5
2022-06-05 05:57:52+02:00,92.4
2022-06-05 05:58:52+02:00,92.2
2022-06-05 05:59:52+02:00,92.2
2022-06-05 06:00:52+02:00,92.2
2022-06-05 06:01:52+02:00,92.0
2022-06-05 06:02:53+02:00,92.0
2022-06-05 06:03:53+02:00,92.0
2022-06-05 06:04:53+02:00,92.1
2022-06-05 06:05:53+02:00,91.9
2022-06-05 06:06:53+02:00,91.8
2022-06-05 06:07:53+02:00,91.9
2022-06-05 06:08:53+02:00,91.8
2022-06-05 06:09:53+02:00,91.7
2022-06-05 06:10:53+02:00,91.7
2022-06-05 06:11:53+02:00,91.8
2022-06-05 06:12:53+02:00,91.8
2022-06-05 06:13:53+02:00,91.8
2022-06-05 06:14:54+02:00,91.7
2022-06-05 06:15:54+02:00,91.6
2022-06-05 06:16:54+02:00,91.6
2022-06-05 06:17:54+02:00,91.6
2022-06-05 06:18:54+02:00,91.6
2022-06-05 06:19:54+02:00,91.5
2022-06-05 06:20:54+02:00,91.4
2022-06-05 06:21:54+02:00,91.5
2022-06-05 06:22:54+02:00,91.3
2022-06-05 06:23:54+02:00,91.2
2022-06-05 06:24:55+02:00,91.2
2022-06-05 06:25:55+02:00,91.2
2022-06-05 06:26:55+02:00,91.2
2022-06-05 06:27:55+02:00,91.2
2022-06-05 06:28:55+02:00,91.3
2022-06-05 06:29:55+02:00,91.2
2022-06-05 06:30:55+02:00,91.3
2022-06-05 06:31:55+02:00,91.3
2022-06-05 06:32:55+02:00,91.2
2022-06-05 06:33:56+02:00,90.9
2022-06-05 06:34:56+02:00,91.0
2022-06-05 06:35:56+02:00,91.2
2022-06-05 06:36:56+02:00,91.3
2022-06-05 06:37:56+02:00,91.4
2022-06-05 06:38:56+02:00,91.3
2022-06-05 06:39:56+02:00,91.3
2022-06-05 06:40:56+02:00,91.3
2022-06-05 06:41:56+02:00,91.3
2022-06-05 06:42:57+02:00,91.4
2022-06-05 06:43:57+02:00,91.2
2022-06-05 06:44:57+02:00,50.0
2022-06-05 06:45:57+02:00,50.0
2022-06-05 06:46:57+02:00,91.6
2022-06-05 06:47:57+02:00,91.8
2022-06-05 06:48:57+02:00,92.0
2022-06-05 06:49:58+02:00,92.1
2022-06-05 06:50:58+02:00,92.2
2022-06-05 06:51:58+02:00,92.3
2022-06-05 06:52:58+02:00,92.2
2022-06-05 06:53:58+02:00,92.5
2022-06-05 06:54:58+02:00,92.7
2022-06-05 06:55:58+02:00,92.9
2022-06-05 06:56:59+02:00,50.0
2022-06-05 06:57:59+02:00,92.7
2022-06-05 06:58:59+02:00,92.7
2022-06-05 06:59:59+02:00,92.7
2022-06-05 07:00:59+02:00,92.7
2022-06-05 07:01:59+02:00,92.9
2022-06-05 07:02:59+02:00,93.0
2022-06-05 07:04:00+02:00,93.1
2022-06-05 07:05:00+02:00,50.0
2022-06-05 07:06:00+02:00,92.0
2022-06-05 07:07:00+02:00,50.0
2022-06-05 07:08:00+02:00,92.9
2022-06-05 07:09:00+02:00,93.7
2022-06-05 07:10:00+02:00,94.3
2022-06-05 07:11:00+02:00,94.7
2022-06-05 07:12:01+02:00,95.0
2022-06-05 07:13:01+02:00,50.0
2022-06-05 07:14:01+02:00,95.4
2022-06-05 07:15:01+02:00,95.0
2022-06-05 07:16:01+02:00,94.8
2022-06-05 07:17:01+02:00,94.9
2022-06-05 07:18:01+02:00,94.6
2022-06-05 07:19:02+02:00,94.3
2022-06-05 07:20:02+02:00,94.3
2022-06-05 07:21:02+02:00,94.3
2022-06-05 07:22:02+02:00,94.4
2022-06-05 07:23:02+02:00,50.0
2022-06-05 07:24:02+02:00,94.5
2022-06-05 07:25:02+02:00,94.5
2022-06-05 07:26:03+02:00,50.0
2022-06-05 07:27:03+02:00,94.7
2022-06-05 07:28:03+02:00,94.5
2022-06-05 07:29:03+02:00,94.3
2022-06-05 07:30:03+02:00,94.4
2022-06-05 07:31:03+02:00,50.0
2022-06-05 07:32:03+02:00,50.0
2022-06-05 07:33:04+02:00,50.0
2022-06-05 07:34:04+02:00,50.0
2022-06-05 07:35:04+02:00,94.0
2022-06-05 07:36:04+02:00,93.7
2022-06-05 07:37:04+02:00,93.4
2022-06-05 07:38:04+02:00,93.1
2022-06-05 07:39:04+02:00,93.0
2022-06-05 07:40:04+02:00,92.6
2022-06-05 07:41:05+02:00,92.6
2022-06-05 07:42:05+02:00,92.8
2022-06-05 07:43:05+02:00,50.0
2022-06-05 07:44:05+02:00,89.8
2022-06-05 07:45:05+02:00,89.7
2022-06-05 07:46:05+02:00,88.5
2022-06-05 07:47:05+02:00,88.3
2022-06-05 07:48:06+02:00,88.9
2022-06-05 07:49:06+02:00,50.0
2022-06-05 07:50:06+02:00,89.0
2022-06-05 07:51:06+02:00,50.0
2022-06-05 07:52:06+02:00,87.1
2022-06-05 07:53:06+02:00,88.0
2022-06-05 07:54:06+02:00,88.1
2022-06-05 07:55:07+02:00,88.2
2022-06-05 07:56:07+02:00,88.3
2022-06-05 07:57:07+02:00,88.5
2022-06-05 07:58:07+02:00,88.6
2022-06-05 07:59:07+02:00,88.8
2022-06-05 08:00:07+02:00,89.1
2022-06-05 08:01:07+02:00,89.8
2022-06-05 08:02:08+02:00,90.2
2022-06-05 08:03:08+02:00,89.4
2022-06-05 08:04:08+02:00,89.4
2022-06-05 08:05:08+02:00,89.3
2022-06-05 08:06:08+02:00,89.6
2022-06-05 08:07:08+02:00,89.4
2022-06-05 08:08:08+02:00,89.9
2022-06-05 08:09:09+02:00,90.1
2022-06-05 08:10:09+02:00,90.6
2022-06-05 08:11:09+02:00,90.1
2022-06-05 08:12:09+02:00,50.0
2022-06-05 08:13:09+02:00,89.7
2022-06-05 08:14:09+02:00,90.2
2022-06-05 08:15:09+02:00,90.2
2022-06-05 08:16:10+02:00,90.1
2022-06-05 08:17:10+02:00,90.6
2022-06-05 08:18:10+02:00,50.0
2022-06-05 08:19:10+02:00,90.2
2022-06-05 08:20:10+02:00,89.9
2022-06-05 08:21:10+02:00,50.0
2022-06-05 08:22:10+02:00,89.0
2022-06-05 08:23:11+02:00,89.6
2022-06-05 08:24:11+02:00,88.9
2022-06-05 08:25:11+02:00,89.9
2022-06-05 08:26:11+02:00,90.0
2022-06-05 08:27:11+02:00,50.0
2022-06-05 08:28:11+02:00,89.4
2022-06-05 08:29:12+02:00,92.7
2022-06-05 08:30:12+02:00,94.3
2022-06-05 08:31:12+02:00,95.5
2022-06-05 08:32:12+02:00,96.1
2022-06-05 08:33:12+02:00,96.2
2022-06-05 08:34:12+02:00,50.0
2022-06-05 08:35:13+02:00,94.8
2022-06-05 08:36:13+02:00,94.2
2022-06-05 08:37:13+02:00,94.1
2022-06-05 08:38:13+02:00,93.9
2022-06-05 08:39:13+02:00,93.4
2022-06-05 08:40:13+02:00,93.4
2022-06-05 08:41:13+02:00,93.0
2022-06-05 08:42:14+02:00,92.9
2022-06-05 08:43:14+02:00,92.8
2022-06-05 08:44:14+02:00,50.0
2022-06-05 08:45:14+02:00,93.4
2022-06-05 08:46:14+02:00,93.8
2022-06-05 08:47:14+02:00,93.5
2022-06-05 08:48:14+02:00,93.5
2022-06-05 08:49:15+02:00,93.7
2022-06-05 08:50:15+02:00,50.0
2022-06-05 08:51:15+02:00,94.2
2022-06-05 08:52:15+02:00,94.6
2022-06-05 08:53:15+02:00,50.0
2022-06-05 08:54:15+02:00,93.6
2022-06-05 08:55:15+02:00,93.2
2022-06-05 08:56:15+02:00,93.3
2022-06-05 08:57:16+02:00,50.0
2022-06-05 08:58:16+02:00,50.0
2022-06-05 08:59:16+02:00,50.0
2022-06-05 09:00:16+02:00,50.0
2022-06-05 09:01:16+02:00,50.0
2022-06-05 09:02:16+02:00,50.0
2022-06-05 09:03:16+02:00,50.0
2022-06-05 09:04:17+02:00,50.0
2022-06-05 09:05:17+02:00,50.0
2022-06-05 09:06:17+02:00,50.0
2022-06-05 09:07:17+02:00,50.0
2022-06-05 09:08:17+02:00,50.0
2022-06-05 09:09:17+02:00,50.0
2022-06-05 09:10:17+02:00,50.0
2022-06-05 09:11:18+02:00,50.0
2022-06-05 09:12:18+02:00,50.0
2022-06-05 09:13:18+02:00,50.0
2022-06-05 09:14:18+02:00,50.0
2022-06-05 09:15:18+02:00,92.5
2022-06-05 09:16:18+02:00,50.0
2022-06-05 09:17:18+02:00,50.0
2022-06-05 09:18:19+02:00,50.0
2022-06-05 09:19:19+02:00,50.0
2022-06-05 09:20:19+02:00,50.0
2022-06-05 09:21:19+02:00,50.0
2022-06-05 09:22:19+02:00,50.0
2022-06-05 09:23:19+02:00,50.0
2022-06-05 09:24:20+02:00,50.0
2022-06-05 09:25:20+02:00,50.0
2022-06-05 09:26:20+02:00,50.0
2022-06-05 09:27:20+02:00,50.0
2022-06-05 09:28:20+02:00,50.0
2022-06-05 09:29:20+02:00,50.0
2022-06-05 09:30:20+02:00,50.0
2022-06-05 09:31:21+02:00,50.0
2022-06-05 09:32:21+02:00,50.0
2022-06-05 09:33:21+02:00,50.0
2022-06-06 02:04:00+02:00,50.0
2022-06-06 02:05:00+02:00,85.9
2022-06-06 02:06:00+02:00,86.5
2022-06-06 02:07:00+02:00,87.2
2022-06-06 02:08:00+02:00,50.0
2022-06-06 02:09:00+02:00,86.6
2022-06-06 02:10:00+02:00,50.0
2022-06-06 02:11:00+02:00,88.7
2022-06-06 02:12:00+02:00,89.5
2022-06-06 02:13:00+02:00,89.4
2022-06-06 02:14:00+02:00,50.0
2022-06-06 02:15:00+02:00,89.5
2022-06-06 02:16:01+02:00,90.3
2022-06-06 02:17:01+02:00,90.7
2022-06-06 02:18:01+02:00,91.0
2022-06-06 02:19:01+02:00,91.1
2022-06-06 02:20:01+02:00,91.5
2022-06-06 02:21:01+02:00,91.8
2022-06-06 02:22:01+02:00,92.0
2022-06-06 02:23:02+02:00,92.1
2022-06-06 02:24:02+02:00,92.1
2022-06-06 02:25:02+02:00,91.9
2022-06-06 02:26:02+02:00,91.6
2022-06-06 02:27:02+02:00,91.1
2022-06-06 02:28:02+02:00,91.0
2022-06-06 02:29:02+02:00,91.1
2022-06-06 02:30:03+02:00,91.1
2022-06-06 02:31:03+02:00,91.2
2022-06-06 02:32:03+02:00,91.1
2022-06-06 02:33:03+02:00,91.2
2022-06-06 02:34:03+02:00,91.1
2022-06-06 02:35:03+02:00,90.9
2022-06-06 02:36:03+02:00,90.7
2022-06-06 02:37:04+02:00,90.8
2022-06-06 02:38:04+02:00,90.7
2022-06-06 02:39:04+02:00,90.4
2022-06-06 02:40:04+02:00,90.8
2022-06-06 02:41:04+02:00,91.0
2022-06-06 02:42:04+02:00,91.0
2022-06-06 02:43:04+02:00,90.8
2022-06-06 02:44:04+02:00,90.8
2022-06-06 02:45:05+02:00,90.8
2022-06-06 02:46:05+02:00,90.8
2022-06-06 02:47:05+02:00,91.0
2022-06-06 02:48:05+02:00,91.0
2022-06-06 02:49:05+02:00,90.8
2022-06-06 02:50:05+02:00,90.7
2022-06-06 02:51:05+02:00,90.6
2022-06-06 02:52:06+02:00,90.7
2022-06-06 02:53:06+02:00,90.9
2022-06-06 02:54:06+02:00,90.7
2022-06-06 02:55:06+02:00,90.7
2022-06-06 02:56:06+02:00,90.6
2022-06-06 02:57:06+02:00,90.7
2022-06-06 02:58:06+02:00,90.8
2022-06-06 02:59:07+02:00,90.5
2022-06-06 03:00:07+02:00,90.6
2022-06-06 03:01:07+02:00,90.5
2022-06-06 03:02:07+02:00,90.5
2022-06-06 03:03:07+02:00,90.6
2022-06-06 03:04:07+02:00,90.7
2022-06-06 03:05:08+02:00,90.8
2022-06-06 03:06:08+02:00,90.7
2022-06-06 03:07:08+02:00,90.7
2022-06-06 03:08:08+02:00,90.6
2022-06-06 03:09:08+02:00,90.5
2022-06-06 03:10:08+02:00,90.7
2022-06-06 03:11:08+02:00,90.7
2022-06-06 03:12:09+02:00,90.6
2022-06-06 03:13:09+02:00,90.7
2022-06-06 03:14:09+02:00,90.5
2022-06-06 03:15:09+02:00,90.2
2022-06-06 03:16:09+02:00,90.7
2022-06-06 03:17:09+02:00,90.7
2022-06-06 03:18:09+02:00,90.9
2022-06-06 03:19:10+02:00,90.7
2022-06-06 03:20:10+02:00,90.7
2022-06-06 03:21:10+02:00,90.6
2022-06-06 03:22:10+02:00,90.6
2022-06-06 03:23:10+02:00,90.2
2022-06-06 03:24:10+02:00,90.3
2022-06-06 03:25:10+02:00,90.3
2022-06-06 03:26:11+02:00,90.7
2022-06-06 03:27:11+02:00,91.1
2022-06-06 03:28:11+02:00,91.0
2022-06-06 03:29:11+02:00,90.6
2022-06-06 03:30:11+02:00,90.7
2022-06-06 03:31:11+02:00,50.0
2022-06-06 03:32:12+02:00,87.7
2022-06-06 03:33:12+02:00,89.7
2022-06-06 03:34:12+02:00,91.0
2022-06-06 03:35:12+02:00,92.3
2022-06-06 03:36:12+02:00,92.6
2022-06-06 03:37:12+02:00,92.8
2022-06-06 03:38:12+02:00,93.2
2022-06-06 03:39:13+02:00,93.6
2022-06-06 03:40:13+02:00,94.3
2022-06-06 03:41:13+02:00,94.8
2022-06-06 03:42:13+02:00,94.7
2022-06-06 03:43:13+02:00,94.4
2022-06-06 03:44:13+02:00,94.3
2022-06-06 03:45:14+02:00,94.6
2022-06-06 03:46:14+02:00,94.7
2022-06-06 03:47:14+02:00,95.0
2022-06-06 03:48:14+02:00,95.2
2022-06-06 03:49:14+02:00,95.3
2022-06-06 03:50:14+02:00,95.3
2022-06-06 03:51:14+02:00,94.7
2022-06-06 03:52:15+02:00,94.7
2022-06-06 03:53:15+02:00,93.5
2022-06-06 03:54:15+02:00,93.4
2022-06-06 03:55:15+02:00,93.1
2022-06-06 03:56:15+02:00,93.2
2022-06-06 03:57:15+02:00,93.2
2022-06-06 03:58:15+02:00,92.5
2022-06-06 03:59:16+02:00,92.6
2022-06-06 04:00:16+02:00,93.1
2022-06-06 04:01:16+02:00,93.1
2022-06-06 04:02:16+02:00,93.4
2022-06-06 04:03:16+02:00,93.6
2022-06-06 04:04:16+02:00,93.9
2022-06-06 04:05:17+02:00,50.0
2022-06-06 04:06:17+02:00,93.0
2022-06-06 04:07:17+02:00,92.1
2022-06-06 04:08:17+02:00,91.5
2022-06-06 04:09:17+02:00,91.4
2022-06-06 04:10:17+02:00,91.1
2022-06-06 04:11:17+02:00,90.8
2022-06-06 04:12:18+02:00,50.0
2022-06-06 04:13:18+02:00,91.4
2022-06-06 04:14:18+02:00,91.8
2022-06-06 04:15:18+02:00,92.0
2022-06-06 04:16:18+02:00,92.1
2022-06-06 04:17:18+02:00,92.2
2022-06-06 04:18:18+02:00,92.2
2022-06-06 04:19:19+02:00,92.1
2022-06-06 04:20:19+02:00,91.8
2022-06-06 04:21:19+02:00,91.3
2022-06-06 04:22:19+02:00,90.8
2022-06-06 04:23:19+02:00,90.9
2022-06-06 04:24:19+02:00,91.1
2022-06-06 04:25:19+02:00,91.6
2022-06-06 04:26:20+02:00,91.9
2022-06-06 04:27:20+02:00,91.8
2022-06-06 04:28:20+02:00,92.0
2022-06-06 04:29:20+02:00,50.0
2022-06-06 04:30:20+02:00,91.8
2022-06-06 04:31:20+02:00,91.8
2022-06-06 04:32:21+02:00,50.0
2022-06-06 04:33:21+02:00,91.8
2022-06-06 04:34:21+02:00,92.5
2022-06-06 04:35:21+02:00,92.9
2022-06-06 04:36:21+02:00,93.4
2022-06-06 04:37:21+02:00,93.7
2022-06-06 04:38:21+02:00,93.8
2022-06-06 04:39:22+02:00,93.8
2022-06-06 04:40:22+02:00,93.8
2022-06-06 04:41:22+02:00,93.9
2022-06-06 04:42:22+02:00,93.8
2022-06-06 04:43:22+02:00,93.8
2022-06-06 04:44:22+02:00,93.7
2022-06-06 04:45:22+02:00,93.6
2022-06-06 04:46:23+02:00,93.7
2022-06-06 04:47:23+02:00,93.7
2022-06-06 04:48:23+02:00,93.9
2022-06-06 04:49:23+02:00,93.9
2022-06-06 04:50:23+02:00,93.8
2022-06-06 04:51:23+02:00,93.6
2022-06-06 04:52:24+02:00,93.5
2022-06-06 04:53:24+02:00,93.6
2022-06-06 04:54:24+02:00,93.6
2022-06-06 04:55:24+02:00,93.6
2022-06-06 04:56:24+02:00,93.6
2022-06-06 04:57:24+02:00,93.4
2022-06-06 04:58:24+02:00,93.5
2022-06-06 04:59:25+02:00,93.5
2022-06-06 05:00:25+02:00,93.6
2022-06-06 05:01:25+02:00,93.7
2022-06-06 05:02:25+02:00,93.5
2022-06-06 05:03:25+02:00,93.6
2022-06-06 05:04:25+02:00,93.4
2022-06-06 05:05:26+02:00,93.5
2022-06-06 05:06:26+02:00,93.5
2022-06-06 05:07:26+02:00,93.6
2022-06-06 05:08:26+02:00,93.5
2022-06-06 05:09:26+02:00,93.4
2022-06-06 05:10:26+02:00,93.5
2022-06-06 05:11:26+02:00,93.4
2022-06-06 05:12:27+02:00,93.3
2022-06-06 05:13:27+02:00,93.2
2022-06-06 05:14:27+02:00,93.3
2022-06-06 05:15:27+02:00,93.3
2022-06-06 05:16:27+02:00,93.5
2022-06-06 05:17:27+02:00,93.6
2022-06-06 05:18:27+02:00,93.5
2022-06-06 05:19:28+02:00,93.6
2022-06-06 05:20:28+02:00,93.6
2022-06-06 05:21:28+02:00,93.5
2022-06-06 05:22:28+02:00,93.7
2022-06-06 05:23:28+02:00,93.8
2022-06-06 05:24:28+02:00,93.8
2022-06-06 05:25:29+02:00,93.7
2022-06-06 05:26:29+02:00,93.8
2022-06-06 05:27:29+02:00,93.8
2022-06-06 05:28:29+02:00,93.7
2022-06-06 05:29:29+02:00,93.7
2022-06-06 05:30:29+02:00,93.8
2022-06-06 05:31:29+02:00,93.8
2022-06-06 05:32:30+02:00,93.8
2022-06-06 05:33:30+02:00,93.9
2022-06-06 05:34:30+02:00,93.7
2022-06-06 05:35:30+02:00,93.9
2022-06-06 05:36:30+02:00,94.0
2022-06-06 05:37:30+02:00,50.0
2022-06-06 05:38:30+02:00,93.3
2022-06-06 05:39:31+02:00,90.9
2022-06-06 05:40:31+02:00,89.0
2022-06-06 05:41:31+02:00,87.2
2022-06-06 05:42:31+02:00,86.2
2022-06-06 05:43:31+02:00,85.1
2022-06-06 05:44:31+02:00,84.5
2022-06-06 05:45:32+02:00,84.3
2022-06-06 05:46:32+02:00,83.6
2022-06-06 05:47:32+02:00,83.0
2022-06-06 05:48:32+02:00,83.1
2022-06-06 05:49:32+02:00,83.0
2022-06-06 05:50:32+02:00,83.1
2022-06-06 05:51:33+02:00,83.4
2022-06-06 05:52:33+02:00,83.6
2022-06-06 05:53:33+02:00,84.0
2022-06-06 05:54:33+02:00,83.9
2022-06-06 05:55:33+02:00,84.1
2022-06-06 05:56:33+02:00,84.2
2022-06-06 05:57:33+02:00,84.0
2022-06-06 05:58:34+02:00,84.6
2022-06-06 05:59:34+02:00,84.7
2022-06-06 06:00:34+02:00,84.6
2022-06-06 06:01:34+02:00,84.6
2022-06-06 06:02:34+02:00,84.7
2022-06-06 06:03:34+02:00,84.8
2022-06-06 06:04:34+02:00,85.0
2022-06-06 06:05:34+02:00,84.8
2022-06-06 06:06:35+02:00,84.8
2022-06-06 06:07:35+02:00,84.9
2022-06-06 06:08:35+02:00,85.0
2022-06-06 06:09:35+02:00,85.4
2022-06-06 06:10:35+02:00,85.0
2022-06-06 06:11:35+02:00,85.1
2022-06-06 06:12:35+02:00,85.3
2022-06-06 06:13:36+02:00,85.1
2022-06-06 06:14:36+02:00,85.3
2022-06-06 06:15:36+02:00,85.5
2022-06-06 06:16:36+02:00,85.6
2022-06-06 06:17:36+02:00,85.8
2022-06-06 06:18:36+02:00,85.7
2022-06-06 06:19:37+02:00,85.7
2022-06-06 06:20:37+02:00,86.2
2022-06-06 06:21:37+02:00,85.9
2022-06-06 06:22:37+02:00,85.4
2022-06-06 06:23:37+02:00,85.3
2022-06-06 06:24:37+02:00,85.4
2022-06-06 06:25:37+02:00,50.0
2022-06-06 06:26:38+02:00,85.9
2022-06-06 06:27:38+02:00,91.2
2022-06-06 06:28:38+02:00,92.6
2022-06-06 06:29:38+02:00,92.9
2022-06-06 06:30:38+02:00,92.4
2022-06-06 06:31:38+02:00,92.1
2022-06-06 06:32:39+02:00,91.8
2022-06-06 06:33:39+02:00,91.1
2022-06-06 06:34:39+02:00,90.1
2022-06-06 06:35:39+02:00,90.5
2022-06-06 06:36:39+02:00,90.1
2022-06-06 06:37:39+02:00,89.9
2022-06-06 06:38:39+02:00,90.0
2022-06-06 06:39:40+02:00,89.8
2022-06-06 06:40:40+02:00,90.1
2022-06-06 06:41:40+02:00,90.6
2022-06-06 06:42:40+02:00,90.7
2022-06-06 06:43:40+02:00,90.3
2022-06-06 06:44:40+02:00,90.1
2022-06-06 06:45:40+02:00,90.1
2022-06-06 06:46:41+02:00,90.7
2022-06-06 06:47:41+02:00,90.1
2022-06-06 06:48:41+02:00,90.5
2022-06-06 06:49:41+02:00,90.1
2022-06-06 06:50:41+02:00,89.7
2022-06-06 06:51:41+02:00,90.4
2022-06-06 06:52:42+02:00,90.6
2022-06-06 06:53:42+02:00,90.5
2022-06-06 06:54:42+02:00,89.9
2022-06-06 06:55:42+02:00,89.9
2022-06-06 06:56:42+02:00,90.0
2022-06-06 06:57:42+02:00,91.0
2022-06-06 06:58:42+02:00,91.0
2022-06-06 06:59:43+02:00,90.5
2022-06-06 07:00:43+02:00,91.0
2022-06-06 07:01:43+02:00,91.9
2022-06-06 07:02:43+02:00,91.6
2022-06-06 07:03:43+02:00,93.0
2022-06-06 07:04:43+02:00,50.0
2022-06-06 07:05:43+02:00,93.3
2022-06-06 07:06:44+02:00,92.2
2022-06-06 07:07:44+02:00,91.4
2022-06-06 07:08:44+02:00,91.5
2022-06-06 07:09:44+02:00,92.5
2022-06-06 07:10:44+02:00,50.0
2022-06-06 07:11:44+02:00,92.6
2022-06-06 07:12:44+02:00,92.7
2022-06-06 07:13:45+02:00,91.4
2022-06-06 07:14:45+02:00,91.2
2022-06-06 07:15:45+02:00,90.2
2022-06-06 07:16:45+02:00,88.7
2022-06-06 07:17:45+02:00,89.7
2022-06-06 07:18:45+02:00,90.3
2022-06-06 07:19:46+02:00,91.0
2022-06-06 07:20:46+02:00,91.6
2022-06-06 07:21:46+02:00,91.1
2022-06-06 07:22:46+02:00,90.7
2022-06-06 07:23:46+02:00,92.3
2022-06-06 07:24:46+02:00,93.8
2022-06-06 07:25:46+02:00,94.8
2022-06-06 07:26:47+02:00,95.4
2022-06-06 07:27:47+02:00,95.7
2022-06-06 07:28:47+02:00,96.0
2022-06-06 07:29:47+02:00,96.0
2022-06-06 07:30:47+02:00,96.2
2022-06-06 07:31:47+02:00,95.9
2022-06-06 07:32:48+02:00,95.5
2022-06-06 07:33:48+02:00,95.5
2022-06-06 07:34:48+02:00,95.7
2022-06-06 07:35:48+02:00,95.5
2022-06-06 07:36:48+02:00,95.3
2022-06-06 07:37:48+02:00,95.3
2022-06-06 07:38:48+02:00,95.4
2022-06-06 07:39:49+02:00,94.7
2022-06-06 07:40:49+02:00,94.3
2022-06-06 07:41:49+02:00,94.9
2022-06-06 07:42:49+02:00,50.0
2022-06-06 07:43:49+02:00,93.9
2022-06-06 07:44:49+02:00,93.7
2022-06-06 07:45:50+02:00,94.0
2022-06-06 07:46:50+02:00,94.0
2022-06-06 07:47:50+02:00,94.3
2022-06-06 07:48:50+02:00,94.2
2022-06-06 07:49:50+02:00,94.4
2022-06-06 07:50:50+02:00,94.1
2022-06-06 07:51:50+02:00,94.4
2022-06-06 07:52:51+02:00,92.8
2022-06-06 07:53:51+02:00,93.3
2022-06-06 07:54:51+02:00,50.0
2022-06-06 07:55:51+02:00,91.9
2022-06-06 07:56:51+02:00,50.0
2022-06-06 07:57:51+02:00,90.8
2022-06-06 07:58:51+02:00,50.0
2022-06-06 07:59:51+02:00,91.2
2022-06-06 08:00:51+02:00,91.1
2022-06-06 08:01:51+02:00,91.1
2022-06-06 08:02:52+02:00,91.0
2022-06-06 08:03:52+02:00,90.6
2022-06-06 08:04:52+02:00,91.3
2022-06-06 08:05:52+02:00,91.3
2022-06-06 08:06:52+02:00,91.5
2022-06-06 08:07:52+02:00,91.7
2022-06-06 08:08:52+02:00,91.7
2022-06-06 08:09:53+02:00,91.5
2022-06-06 08:10:53+02:00,91.6
2022-06-06 08:11:53+02:00,91.7
2022-06-06 08:12:53+02:00,91.5
2022-06-06 08:13:53+02:00,91.2
2022-06-06 08:14:53+02:00,91.4
2022-06-06 08:15:53+02:00,91.4
2022-06-06 08:16:53+02:00,91.4
2022-06-06 08:17:53+02:00,91.4
2022-06-06 08:18:54+02:00,91.5
2022-06-06 08:19:54+02:00,91.7
2022-06-06 08:20:54+02:00,91.8
2022-06-06 08:21:54+02:00,91.9
2022-06-06 08:22:54+02:00,91.8
2022-06-06 08:23:54+02:00,50.0
2022-06-06 08:24:54+02:00,92.1
2022-06-06 08:25:54+02:00,92.3
2022-06-06 08:26:54+02:00,50.0
2022-06-06 08:27:54+02:00,92.2
2022-06-06 08:28:55+02:00,92.1
2022-06-06 08:29:55+02:00,92.0
2022-06-06 08:30:55+02:00,92.2
2022-06-06 08:31:55+02:00,92.3
2022-06-06 08:32:55+02:00,50.0
2022-06-06 08:33:55+02:00,92.3
2022-06-06 08:34:55+02:00,92.2
2022-06-06 08:35:55+02:00,92.3
2022-06-06 08:36:55+02:00,92.5
2022-06-06 08:37:55+02:00,92.2
2022-06-06 08:38:56+02:00,92.6
2022-06-06 08:39:56+02:00,92.7
2022-06-06 08:40:56+02:00,92.8
2022-06-06 08:41:56+02:00,93.0
2022-06-06 08:42:56+02:00,93.1
2022-06-06 08:43:56+02:00,93.2
2022-06-06 08:44:56+02:00,93.2
2022-06-06 08:45:56+02:00,93.1
2022-06-06 08:46:56+02:00,92.7
2022-06-06 08:47:56+02:00,92.6
2022-06-06 08:48:57+02:00,92.4
2022-06-06 08:49:57+02:00,92.3
2022-06-06 08:50:57+02:00,92.1
2022-06-06 08:51:57+02:00,91.7
2022-06-06 08:52:57+02:00,91.5
2022-06-06 08:53:57+02:00,91.7
2022-06-06 08:54:57+02:00,91.8
2022-06-06 08:55:58+02:00,92.2
2022-06-06 08:56:58+02:00,92.5
2022-06-06 08:57:58+02:00,92.4
2022-06-06 08:58:58+02:00,92.4
2022-06-06 08:59:58+02:00,92.5
2022-06-06 09:00:58+02:00,92.5
2022-06-06 09:01:58+02:00,92.7
2022-06-06 09:02:59+02:00,93.2
2022-06-06 09:03:59+02:00,93.1
2022-06-06 09:04:59+02:00,50.0
2022-06-06 09:05:59+02:00,92.9
2022-06-06 09:06:59+02:00,93.6
2022-06-06 09:07:59+02:00,93.9
2022-06-06 09:09:00+02:00,94.2
2022-06-06 09:10:00+02:00,94.4
2022-06-06 09:11:00+02:00,94.0
2022-06-06 09:12:00+02:00,93.9
2022-06-06 09:13:00+02:00,50.0
2022-06-06 09:14:00+02:00,50.0
2022-06-06 09:15:00+02:00,50.0
2022-06-06 09:16:00+02:00,50.0
2022-06-06 09:17:01+02:00,50.0
2022-06-06 09:18:01+02:00,96.5
2022-06-06 09:19:01+02:00,97.9
2022-06-06 09:20:01+02:00,97.7
2022-06-06 09:21:01+02:00,97.6
2022-06-06 09:22:01+02:00,50.0
2022-06-06 09:23:01+02:00,50.0
2022-06-06 09:24:02+02:00,97.2
2022-06-06 09:25:02+02:00,96.7
2022-06-06 09:26:02+02:00,96.4
2022-06-06 09:27:02+02:00,50.0
2022-06-06 09:28:02+02:00,96.5
2022-06-06 09:29:02+02:00,50.0
2022-06-06 09:30:03+02:00,95.1
2022-06-06 09:31:03+02:00,95.3
2022-06-06 09:32:03+02:00,50.0
2022-06-06 09:33:03+02:00,50.0
2022-06-06 09:34:03+02:00,50.0
2022-06-06 09:35:03+02:00,50.0
2022-06-06 09:36:03+02:00,50.0
2022-06-06 09:37:03+02:00,50.0
2022-06-06 09:38:03+02:00,50.0
2022-06-06 09:39:03+02:00,50.0
2022-06-06 09:40:04+02:00,50.0
2022-06-06 09:41:04+02:00,50.0
2022-06-06 09:42:04+02:00,50.0
2022-06-06 09:43:04+02:00,50.0
2022-06-06 09:44:04+02:00,50.0
2022-06-06 09:45:04+02:00,50.0
2022-06-06 09:46:04+02:00,50.0
2022-06-06 09:47:05+02:00,50.0
2022-06-06 09:48:05+02:00,50.0
2022-06-06 09:49:05+02:00,50.0
2022-06-06 09:50:05+02:00,50.0
2022-06-06 09:51:05+02:00,50.0
2022-06-06 09:52:05+02:00,50.0
2022-06-06 09:53:05+02:00,50.0
2022-06-06 09:54:05+02:00,50.0
2022-06-06 09:55:06+02:00,50.0
2022-06-06 09:56:06+02:00,50.0
2022-06-06 09:57:06+02:00,50.0
2022-06-06 09:58:06+02:00,50.0
2022-06-06 09:59:06+02:00,50.0
2022-06-06 10:00:06+02:00,50.0
2022-06-06 10:01:07+02:00,50.0
2022-06-06 10:02:07+02:00,50.0
2022-06-06 10:03:07+02:00,50.0
2022-06-06 10:04:07+02:00,50.0
2022-06-06 10:05:07+02:00,50.0
2022-06-06 10:06:07+02:00,50.0
2022-06-06 10:07:07+02:00,50.0
2022-06-06 10:08:07+02:00,93.8
2022-06-07 00:10:30+02:00,50.0
2022-06-07 00:11:30+02:00,98.1
2022-06-07 00:12:30+02:00,97.9
2022-06-07 00:13:30+02:00,97.2
2022-06-07 00:14:30+02:00,97.5
2022-06-07 00:15:30+02:00,97.4
2022-06-07 00:16:30+02:00,97.3
2022-06-07 00:17:30+02:00,50.0
2022-06-07 00:18:30+02:00,96.5
2022-06-07 00:19:30+02:00,96.2
2022-06-07 00:20:30+02:00,95.9
2022-06-07 00:21:31+02:00,95.8
2022-06-07 00:22:31+02:00,95.6
2022-06-07 00:23:31+02:00,95.4
2022-06-07 00:24:31+02:00,95.3
2022-06-07 00:25:31+02:00,95.1
2022-06-07 00:26:31+02:00,94.8
2022-06-07 00:27:31+02:00,94.7
2022-06-07 00:28:32+02:00,94.6
2022-06-07 00:29:32+02:00,94.3
2022-06-07 00:30:32+02:00,94.1
2022-06-07 00:31:32+02:00,93.9
2022-06-07 00:32:32+02:00,93.9
2022-06-07 00:33:32+02:00,93.8
2022-06-07 00:34:33+02:00,93.8
2022-06-07 00:35:33+02:00,93.7
2022-06-07 00:36:33+02:00,93.5
2022-06-07 00:37:33+02:00,93.3
2022-06-07 00:38:33+02:00,93.0
2022-06-07 00:39:33+02:00,50.0
2022-06-07 00:40:33+02:00,92.6
2022-06-07 00:41:34+02:00,92.2
2022-06-07 00:42:34+02:00,92.0
2022-06-07 00:43:34+02:00,91.5
2022-06-07 00:44:34+02:00,91.3
2022-06-07 00:45:34+02:00,91.0
2022-06-07 00:46:34+02:00,90.8
2022-06-07 00:47:35+02:00,90.6
2022-06-07 00:48:35+02:00,90.5
2022-06-07 00:49:35+02:00,90.4
2022-06-07 00:50:35+02:00,90.3
2022-06-07 00:51:35+02:00,90.3
2022-06-07 00:52:35+02:00,90.2
2022-06-07 00:53:35+02:00,90.1
2022-06-07 00:54:36+02:00,90.1
2022-06-07 00:55:36+02:00,89.6
2022-06-07 00:56:36+02:00,89.5
2022-06-07 00:57:36+02:00,89.7
2022-06-07 00:58:36+02:00,89.7
2022-06-07 00:59:36+02:00,89.7
2022-06-07 01:00:37+02:00,89.7
2022-06-07 01:01:37+02:00,89.5
2022-06-07 01:02:37+02:00,50.0
2022-06-07 01:03:37+02:00,89.8
2022-06-07 01:04:37+02:00,90.7
2022-06-07 01:05:37+02:00,91.3
2022-06-07 01:06:37+02:00,91.8
2022-06-07 01:07:38+02:00,91.9
2022-06-07 01:08:38+02:00,92.0
2022-06-07 01:09:38+02:00,92.1
2022-06-07 01:10:38+02:00,92.0
2022-06-07 01:11:38+02:00,92.0
2022-06-07 01:12:38+02:00,92.0
2022-06-07 01:13:38+02:00,92.0
2022-06-07 01:14:39+02:00,91.6
2022-06-07 01:15:39+02:00,91.4
2022-06-07 01:16:39+02:00,90.9
2022-06-07 01:17:39+02:00,90.9
2022-06-07 01:18:39+02:00,91.5
2022-06-07 01:19:39+02:00,91.7
2022-06-07 01:20:39+02:00,91.5
2022-06-07 01:21:40+02:00,91.3
2022-06-07 01:22:40+02:00,91.3
2022-06-07 01:23:40+02:00,91.3
2022-06-07 01:24:40+02:00,91.8
2022-06-07 01:25:40+02:00,92.2
2022-06-07 01:26:40+02:00,92.6
2022-06-07 01:27:40+02:00,92.9
2022-06-07 01:28:41+02:00,92.9
2022-06-07 01:29:41+02:00,93.5
2022-06-07 01:30:41+02:00,93.9
2022-06-07 01:31:41+02:00,94.6
2022-06-07 01:32:41+02:00,94.7
2022-06-07 01:33:41+02:00,95.4
2022-06-07 01:34:42+02:00,95.4
2022-06-07 01:35:42+02:00,94.7
2022-06-07 01:36:42+02:00,94.3
2022-06-07 01:37:42+02:00,94.2
2022-06-07 01:38:42+02:00,94.3
2022-06-07 01:39:42+02:00,94.7
2022-06-07 01:40:42+02:00,95.0
2022-06-07 01:41:43+02:00,95.0
2022-06-07 01:42:43+02:00,95.0
2022-06-07 01:43:43+02:00,95.6
2022-06-07 01:44:43+02:00,96.0
2022-06-07 01:45:43+02:00,96.0
2022-06-07 01:46:43+02:00,96.1
2022-06-07 01:47:44+02:00,96.3
2022-06-07 01:48:44+02:00,96.2
2022-06-07 01:49:44+02:00,95.8
2022-06-07 01:50:44+02:00,96.2
2022-06-07 01:51:44+02:00,96.6
2022-06-07 01:52:44+02:00,96.5
2022-06-07 01:53:44+02:00,96.9
2022-06-07 01:54:45+02:00,97.2
2022-06-07 01:55:45+02:00,97.2
2022-06-07 01:56:45+02:00,50.0
2022-06-07 01:57:45+02:00,94.8
2022-06-07 01:58:45+02:00,93.2
2022-06-07 01:59:45+02:00,92.1
2022-06-07 02:00:46+02:00,91.5
2022-06-07 02:00:46+02:00,91.5
2022-06-07 02:01:46+02:00,91.1
2022-06-07 02:02:46+02:00,90.8
2022-06-07 02:03:46+02:00,91.0
2022-06-07 02:04:46+02:00,90.7
2022-06-07 02:05:46+02:00,90.8
2022-06-07 02:06:46+02:00,90.9
2022-06-07 02:07:47+02:00,50.0
2022-06-07 02:08:47+02:00,89.9
2022-06-07 02:09:47+02:00,90.0
2022-06-07 02:10:47+02:00,90.3
2022-06-07 02:11:47+02:00,91.0
2022-06-07 02:12:47+02:00,93.2
2022-06-07 02:13:47+02:00,94.2
2022-06-07 02:14:48+02:00,50.0
2022-06-07 02:15:48+02:00,94.5
2022-06-07 02:16:48+02:00,93.6
2022-06-07 02:17:48+02:00,92.9
2022-06-07 02:18:48+02:00,92.2
2022-06-07 02:19:48+02:00,91.9
2022-06-07 02:20:49+02:00,91.7
2022-06-07 02:21:49+02:00,91.6
2022-06-07 02:22:49+02:00,91.5
2022-06-07 02:23:49+02:00,91.5
2022-06-07 02:24:49+02:00,91.5
2022-06-07 02:25:49+02:00,91.4
2022-06-07 02:26:49+02:00,91.3
2022-06-07 02:27:50+02:00,91.6
2022-06-07 02:28:50+02:00,91.7
2022-06-07 02:29:50+02:00,90.9
2022-06-07 02:30:50+02:00,91.1
2022-06-07 02:31:50+02:00,91.2
2022-06-07 02:32:50+02:00,91.5
2022-06-07 02:33:51+02:00,91.4
2022-06-07 02:34:51+02:00,91.5
2022-06-07 02:35:51+02:00,91.5
2022-06-07 02:36:51+02:00,91.5
2022-06-07 02:37:51+02:00,91.3
2022-06-07 02:38:51+02:00,91.5
2022-06-07 02:39:51+02:00,91.4
2022-06-07 02:40:51+02:00,91.5
2022-06-07 02:41:51+02:00,91.6
2022-06-07 02:42:51+02:00,91.6
2022-06-07 02:43:52+02:00,91.7
2022-06-07 02:44:52+02:00,91.7
2022-06-07 02:45:52+02:00,91.7
2022-06-07 02:46:52+02:00,91.6
2022-06-07 02:47:52+02:00,91.8
2022-06-07 02:48:52+02:00,91.6
2022-06-07 02:49:52+02:00,91.6
2022-06-07 02:50:52+02:00,91.7
2022-06-07 02:51:52+02:00,91.9
2022-06-07 02:52:52+02:00,92.1
2022-06-07 02:53:53+02:00,91.9
2022-06-07 02:54:53+02:00,91.7
2022-06-07 02:55:53+02:00,91.5
2022-06-07 02:56:53+02:00,91.5
2022-06-07 02:57:53+02:00,91.7
2022-06-07 02:58:53+02:00,91.9
2022-06-07 02:59:53+02:00,91.8
2022-06-07 03:00:53+02:00,91.6
2022-06-07 03:01:53+02:00,91.6
2022-06-07 03:02:53+02:00,91.5
2022-06-07 03:03:54+02:00,91.3
2022-06-07 03:04:54+02:00,91.4
2022-06-07 03:05:54+02:00,91.4
2022-06-07 03:06:54+02:00,91.5
2022-06-07 03:07:54+02:00,91.3
2022-06-07 03:08:54+02:00,91.5
2022-06-07 03:09:54+02:00,91.5
2022-06-07 03:10:54+02:00,91.6
2022-06-07 03:11:54+02:00,91.7
2022-06-07 03:12:54+02:00,91.8
2022-06-07 03:13:54+02:00,91.8
2022-06-07 03:14:55+02:00,91.8
2022-06-07 03:15:55+02:00,91.8
2022-06-07 03:16:55+02:00,91.8
2022-06-07 03:17:55+02:00,91.9
2022-06-07 03:18:55+02:00,92.1
2022-06-07 03:19:55+02:00,92.1
2022-06-07 03:20:55+02:00,92.0
2022-06-07 03:21:55+02:00,91.8
2022-06-07 03:22:55+02:00,91.8
2022-06-07 03:23:55+02:00,91.8
2022-06-07 03:24:55+02:00,91.9
2022-06-07 03:25:55+02:00,92.1
2022-06-07 03:26:56+02:00,91.8
2022-06-07 03:27:56+02:00,91.9
2022-06-07 03:28:56+02:00,91.9
2022-06-07 03:29:56+02:00,92.1
2022-06-07 03:30:56+02:00,92.1
2022-06-07 03:31:56+02:00,92.2
2022-06-07 03:32:56+02:00,92.1
2022-06-07 03:33:56+02:00,92.1
2022-06-07 03:34:56+02:00,92.1
2022-06-07 03:35:57+02:00,50.0
2022-06-07 03:36:57+02:00,92.4
2022-06-07 03:37:57+02:00,92.3
2022-06-07 03:38:57+02:00,92.4
2022-06-07 03:39:57+02:00,92.5
2022-06-07 03:40:57+02:00,92.4
2022-06-07 03:41:58+02:00,50.0
2022-06-07 03:42:58+02:00,93.1
2022-06-07 03:43:58+02:00,50.0
2022-06-07 03:44:58+02:00,93.4
2022-06-07 03:45:58+02:00,50.0
2022-06-07 03:46:58+02:00,50.0
2022-06-07 03:47:58+02:00,93.6
2022-06-07 03:48:59+02:00,94.9
2022-06-07 03:49:59+02:00,94.2
2022-06-07 03:50:59+02:00,94.6
2022-06-07 03:51:59+02:00,95.3
2022-06-07 03:52:59+02:00,95.2
2022-06-07 03:53:59+02:00,95.2
2022-06-07 03:55:00+02:00,95.1
2022-06-07 03:56:00+02:00,95.0
2022-06-07 03:57:00+02:00,95.0
2022-06-07 03:58:00+02:00,50.0
2022-06-07 03:59:00+02:00,94.7
2022-06-07 04:00:00+02:00,93.7
2022-06-07 04:01:00+02:00,93.2
2022-06-07 04:02:00+02:00,50.0
2022-06-07 04:03:00+02:00,93.3
2022-06-07 04:04:01+02:00,93.4
2022-06-07 04:05:01+02:00,93.8
2022-06-07 04:06:01+02:00,94.0
2022-06-07 04:07:01+02:00,93.7
2022-06-07 04:08:01+02:00,50.0
2022-06-07 04:09:01+02:00,93.2
2022-06-07 04:10:01+02:00,92.7
2022-06-07 04:11:01+02:00,92.2
2022-06-07 04:12:01+02:00,91.8
2022-06-07 04:13:02+02:00,91.9
2022-06-07 04:14:02+02:00,50.0
2022-06-07 04:15:02+02:00,92.5
2022-06-07 04:16:02+02:00,92.5
2022-06-07 04:17:02+02:00,92.7
2022-06-07 04:18:02+02:00,92.8
2022-06-07 04:19:02+02:00,92.7
2022-06-07 04:20:02+02:00,93.2
2022-06-07 04:21:03+02:00,93.1
2022-06-07 04:22:03+02:00,92.5
2022-06-07 04:23:03+02:00,92.2
2022-06-07 04:24:03+02:00,92.1
2022-06-07 04:25:03+02:00,92.1
2022-06-07 04:26:03+02:00,92.1
2022-06-07 04:27:03+02:00,50.0
2022-06-07 04:28:04+02:00,91.8
2022-06-07 04:29:04+02:00,92.0
2022-06-07 04:30:04+02:00,50.0
2022-06-07 04:31:04+02:00,90.5
2022-06-07 04:32:04+02:00,87.4
2022-06-07 04:33:04+02:00,50.0
2022-06-07 04:34:04+02:00,50.0
2022-06-07 04:35:04+02:00,86.6
2022-06-07 04:36:05+02:00,89.0
2022-06-07 04:37:05+02:00,89.6
2022-06-07 04:38:05+02:00,90.7
2022-06-07 04:39:05+02:00,92.5
2022-06-07 04:40:05+02:00,94.2
2022-06-07 04:41:05+02:00,95.2
2022-06-07 04:42:05+02:00,96.2
2022-06-07 04:43:05+02:00,96.9
2022-06-07 04:44:06+02:00,97.3
2022-06-07 04:45:06+02:00,98.0
2022-06-07 04:46:06+02:00,98.4
2022-06-07 04:47:06+02:00,99.0
2022-06-07 04:48:06+02:00,98.9
2022-06-07 04:49:06+02:00,99.2
2022-06-07 04:50:06+02:00,99.3
2022-06-07 04:51:07+02:00,99.3
2022-06-07 04:52:07+02:00,98.5
2022-06-07 04:53:07+02:00,98.2
2022-06-07 04:54:07+02:00,98.3
2022-06-07 04:55:07+02:00,98.5
2022-06-07 04:56:07+02:00,98.8
2022-06-07 04:57:07+02:00,98.9
2022-06-07 04:58:08+02:00,98.5
2022-06-07 04:59:08+02:00,99.0
2022-06-07 05:00:08+02:00,97.7
2022-06-07 05:01:08+02:00,97.9
2022-06-07 05:02:08+02:00,97.8
2022-06-07 05:03:08+02:00,98.1
2022-06-07 05:04:09+02:00,98.0
2022-06-07 05:05:09+02:00,97.8
2022-06-07 05:06:09+02:00,97.6
2022-06-07 05:07:09+02:00,98.0
2022-06-07 05:08:09+02:00,98.0
2022-06-07 05:09:09+02:00,97.8
2022-06-07 05:10:10+02:00,98.0
2022-06-07 05:11:10+02:00,96.4
2022-06-07 05:12:10+02:00,96.1
2022-06-07 05:13:10+02:00,96.4
2022-06-07 05:14:10+02:00,97.1
2022-06-07 05:15:10+02:00,50.0
2022-06-07 05:16:10+02:00,96.7
2022-06-07 05:17:11+02:00,95.2
2022-06-07 05:18:11+02:00,94.6
2022-06-07 05:19:11+02:00,93.9
2022-06-07 05:20:11+02:00,50.0
2022-06-07 05:21:11+02:00,93.4
2022-06-07 05:22:11+02:00,93.6
2022-06-07 05:23:12+02:00,93.2
2022-06-07 05:24:12+02:00,93.0
2022-06-07 05:25:12+02:00,93.0
2022-06-07 05:26:12+02:00,93.1
2022-06-07 05:27:12+02:00,50.0
2022-06-07 05:28:12+02:00,92.0
2022-06-07 05:29:13+02:00,91.6
2022-06-07 05:30:13+02:00,90.4
2022-06-07 05:31:13+02:00,89.9
2022-06-07 05:32:13+02:00,90.0
2022-06-07 05:33:13+02:00,88.6
2022-06-07 05:34:13+02:00,89.2
2022-06-07 05:35:14+02:00,89.4
2022-06-07 05:36:14+02:00,87.6
2022-06-07 05:37:14+02:00,88.6
2022-06-07 05:38:14+02:00,88.5
2022-06-07 05:39:14+02:00,88.0
2022-06-07 05:40:14+02:00,89.5
2022-06-07 05:41:15+02:00,88.1
2022-06-07 05:42:15+02:00,88.1
2022-06-07 05:43:15+02:00,91.7
2022-06-07 05:44:15+02:00,93.0
2022-06-07 05:45:15+02:00,93.9
2022-06-07 05:46:15+02:00,94.4
2022-06-07 05:47:15+02:00,94.3
2022-06-07 05:48:16+02:00,94.5
2022-06-07 05:49:16+02:00,95.8
2022-06-07 05:50:16+02:00,96.1
2022-06-07 05:51:16+02:00,95.5
2022-06-07 05:52:16+02:00,95.4
2022-06-07 05:53:16+02:00,95.6
2022-06-07 05:54:17+02:00,95.3
2022-06-07 05:55:17+02:00,95.4
2022-06-07 05:56:17+02:00,95.4
2022-06-07 05:57:17+02:00,95.6
2022-06-07 05:58:17+02:00,95.5
2022-06-07 05:59:17+02:00,95.6
2022-06-07 06:00:17+02:00,94.5
2022-06-07 06:01:18+02:00,94.3
2022-06-07 06:02:18+02:00,94.9
2022-06-07 06:03:18+02:00,95.1
2022-06-07 06:04:18+02:00,95.2
2022-06-07 06:05:18+02:00,95.2
2022-06-07 06:06:18+02:00,93.8
2022-06-07 06:07:19+02:00,92.0
2022-06-07 06:08:19+02:00,90.6
2022-06-07 06:09:19+02:00,91.0
2022-06-07 06:10:19+02:00,90.8
2022-06-07 06:11:19+02:00,92.7
2022-06-07 06:12:19+02:00,50.0
2022-06-07 06:13:19+02:00,93.4
2022-06-07 06:14:20+02:00,92.5
2022-06-07 06:15:20+02:00,93.0
2022-06-07 06:16:20+02:00,92.9
2022-06-07 06:17:20+02:00,92.1
2022-06-07 06:18:20+02:00,92.3
2022-06-07 06:19:20+02:00,92.1
2022-06-07 06:20:21+02:00,91.5
2022-06-07 06:21:21+02:00,91.2
2022-06-07 06:22:21+02:00,91.2
2022-06-07 06:23:21+02:00,91.1
2022-06-07 06:24:21+02:00,91.1
2022-06-07 06:25:21+02:00,91.2
2022-06-07 06:26:22+02:00,91.4
2022-06-07 06:27:22+02:00,91.6
2022-06-07 06:28:22+02:00,91.9
2022-06-07 06:29:22+02:00,91.8
2022-06-07 06:30:22+02:00,91.9
2022-06-07 06:31:22+02:00,92.2
2022-06-07 06:32:22+02:00,92.3
2022-06-07 06:33:23+02:00,92.3
2022-06-07 06:34:23+02:00,92.1
2022-06-07 06:35:23+02:00,92.2
2022-06-07 06:36:23+02:00,92.2
2022-06-07 06:37:23+02:00,92.1
2022-06-07 06:38:23+02:00,91.9
2022-06-07 06:39:24+02:00,91.9
2022-06-07 06:40:24+02:00,91.9
2022-06-07 06:41:24+02:00,91.8
2022-06-07 06:42:24+02:00,91.7
2022-06-07 06:43:24+02:00,91.9
2022-06-07 06:44:24+02:00,91.9
2022-06-07 06:45:24+02:00,92.0
2022-06-07 06:46:24+02:00,91.9
2022-06-07 06:47:25+02:00,91.8
2022-06-07 06:48:25+02:00,91.9
2022-06-07 06:49:25+02:00,92.0
2022-06-07 06:50:25+02:00,92.0
2022-06-07 06:51:25+02:00,92.0
2022-06-07 06:52:25+02:00,92.0
2022-06-07 06:53:25+02:00,92.0
2022-06-07 06:54:26+02:00,92.1
2022-06-07 06:55:26+02:00,92.1
2022-06-07 06:56:26+02:00,92.0
2022-06-07 06:57:26+02:00,92.1
2022-06-07 06:58:26+02:00,92.0
2022-06-07 06:59:26+02:00,91.9
2022-06-07 07:00:26+02:00,92.0
2022-06-07 07:01:27+02:00,91.8
2022-06-07 07:02:27+02:00,91.9
2022-06-07 07:03:27+02:00,91.9
2022-06-07 07:04:27+02:00,91.9
2022-06-07 07:05:27+02:00,91.8
2022-06-07 07:06:27+02:00,91.9
2022-06-07 07:07:27+02:00,92.0
2022-06-07 07:08:27+02:00,50.0
2022-06-07 07:09:28+02:00,91.7
2022-06-07 07:10:28+02:00,92.0
2022-06-07 07:11:28+02:00,93.1
2022-06-07 07:12:28+02:00,94.9
2022-06-07 07:13:28+02:00,95.1
2022-06-07 07:14:28+02:00,95.7
2022-06-07 07:15:29+02:00,96.0
2022-06-07 07:16:29+02:00,96.7
2022-06-07 07:17:29+02:00,97.4
2022-06-07 07:18:29+02:00,97.7
2022-06-07 07:19:29+02:00,97.8
2022-06-07 07:20:29+02:00,97.6
2022-06-07 07:21:29+02:00,98.2
2022-06-07 07:22:29+02:00,96.8
2022-06-07 07:23:30+02:00,96.3
2022-06-07 07:24:30+02:00,96.3
2022-06-07 07:25:30+02:00,96.3
2022-06-07 07:26:30+02:00,96.6
2022-06-07 07:27:30+02:00,96.6
2022-06-07 07:28:30+02:00,96.9
2022-06-07 07:29:30+02:00,96.0
2022-06-07 07:30:30+02:00,97.1
2022-06-07 07:31:31+02:00,97.7
2022-06-07 07:32:31+02:00,96.5
2022-06-07 07:33:31+02:00,95.2
2022-06-07 07:34:31+02:00,95.1
2022-06-07 07:35:31+02:00,96.1
2022-06-07 07:36:31+02:00,96.4
2022-06-07 07:37:31+02:00,97.3
2022-06-07 07:38:32+02:00,97.4
2022-06-07 07:39:32+02:00,97.7
2022-06-07 07:40:32+02:00,97.5
2022-06-07 07:41:32+02:00,98.2
2022-06-07 07:42:32+02:00,98.5
2022-06-07 07:43:32+02:00,97.8
2022-06-07 07:44:32+02:00,96.9
2022-06-07 07:45:32+02:00,96.9
2022-06-07 07:46:33+02:00,96.8
2022-06-07 07:47:33+02:00,96.9
2022-06-07 07:48:33+02:00,97.3
2022-06-07 07:49:33+02:00,97.1
2022-06-07 07:50:33+02:00,50.0
2022-06-07 07:51:33+02:00,94.7
2022-06-07 07:52:33+02:00,93.3
2022-06-07 07:53:33+02:00,92.5
2022-06-07 07:54:34+02:00,92.0
2022-06-07 07:55:34+02:00,91.2
2022-06-07 07:56:34+02:00,91.1
2022-06-07 07:57:34+02:00,91.2
2022-06-07 07:58:34+02:00,91.3
2022-06-07 07:59:34+02:00,91.0
2022-06-07 08:00:35+02:00,90.8
2022-06-07 08:01:35+02:00,91.2
2022-06-07 08:02:35+02:00,50.0
2022-06-07 08:03:35+02:00,89.8
2022-06-07 08:04:35+02:00,90.1
2022-06-07 08:05:35+02:00,90.4
2022-06-07 08:06:35+02:00,90.8
2022-06-07 08:07:35+02:00,90.4
2022-06-07 08:08:36+02:00,90.5
2022-06-07 08:09:36+02:00,50.0
2022-06-07 08:10:36+02:00,90.9
2022-06-07 08:11:36+02:00,50.0
2022-06-07 08:12:36+02:00,91.3
2022-06-07 08:13:36+02:00,91.6
2022-06-07 08:14:36+02:00,91.7
2022-06-07 08:15:37+02:00,91.5
2022-06-07 08:16:37+02:00,50.0
2022-06-07 08:17:37+02:00,91.4
2022-06-07 08:18:37+02:00,91.1
2022-06-07 08:19:37+02:00,90.8
2022-06-07 08:20:37+02:00,90.4
2022-06-07 08:21:37+02:00,90.4
2022-06-07 08:22:38+02:00,90.1
2022-06-07 08:23:38+02:00,90.1
2022-06-07 08:24:38+02:00,90.2
2022-06-07 08:25:38+02:00,90.2
2022-06-07 08:26:38+02:00,90.3
2022-06-07 08:27:38+02:00,90.2
2022-06-07 08:28:38+02:00,89.9
2022-06-07 08:29:39+02:00,89.7
2022-06-07 08:30:39+02:00,89.9
2022-06-07 08:31:39+02:00,90.0
2022-06-07 08:32:39+02:00,90.0
2022-06-07 08:33:39+02:00,90.0
2022-06-07 08:34:39+02:00,90.0
2022-06-07 08:35:39+02:00,89.9
2022-06-07 08:36:39+02:00,90.0
2022-06-07 08:37:40+02:00,90.0
2022-06-07 08:38:40+02:00,90.0
2022-06-07 08:39:40+02:00,89.9
2022-06-07 08:40:40+02:00,89.8
2022-06-07 08:41:40+02:00,89.8
2022-06-07 08:42:40+02:00,89.8
2022-06-07 08:43:40+02:00,89.8
2022-06-07 08:44:41+02:00,89.8
2022-06-07 08:45:41+02:00,89.8
2022-06-07 08:46:41+02:00,89.6
2022-06-07 08:47:41+02:00,50.0
2022-06-07 08:48:41+02:00,50.0
2022-06-07 08:49:41+02:00,90.6
2022-06-07 08:50:41+02:00,91.0
2022-06-07 08:51:41+02:00,91.2
2022-06-07 08:52:42+02:00,91.4
2022-06-07 08:53:42+02:00,91.6
2022-06-07 08:54:42+02:00,91.8
2022-06-07 08:55:42+02:00,92.0
2022-06-07 08:56:42+02:00,92.3
2022-06-07 08:57:42+02:00,92.5
2022-06-07 08:58:42+02:00,92.6
2022-06-07 08:59:43+02:00,50.0
2022-06-07 09:00:43+02:00,50.0
2022-06-07 09:01:43+02:00,91.8
2022-06-07 09:02:43+02:00,50.0
2022-06-07 09:03:43+02:00,50.0
2022-06-07 09:04:43+02:00,91.2
2022-06-07 09:05:43+02:00,92.5
2022-06-07 09:06:44+02:00,94.0
2022-06-07 09:07:44+02:00,94.3
2022-06-07 09:08:44+02:00,94.5
2022-06-07 09:09:44+02:00,94.4
2022-06-07 09:10:44+02:00,95.0
2022-06-07 09:11:44+02:00,95.9
2022-06-07 09:12:44+02:00,95.1
2022-06-07 09:13:44+02:00,95.5
2022-06-07 09:14:45+02:00,95.5
2022-06-07 09:15:45+02:00,96.0
2022-06-07 09:16:45+02:00,95.2
2022-06-07 09:17:45+02:00,95.0
2022-06-07 09:18:45+02:00,50.0
2022-06-07 09:19:45+02:00,94.0
2022-06-07 09:20:46+02:00,93.5
2022-06-07 09:21:46+02:00,93.2
2022-06-07 09:22:46+02:00,93.0
2022-06-07 09:23:46+02:00,92.8
2022-06-07 09:24:46+02:00,92.7
2022-06-07 09:25:46+02:00,50.0
2022-06-07 09:26:46+02:00,93.7
2022-06-07 09:27:47+02:00,94.3
2022-06-07 09:28:47+02:00,94.4
2022-06-07 09:29:47+02:00,50.0
2022-06-07 09:30:47+02:00,50.0
2022-06-07 09:31:47+02:00,50.0
2022-06-07 09:32:47+02:00,50.0
2022-06-07 09:33:47+02:00,92.5
2022-06-07 09:34:48+02:00,92.9
2022-06-07 09:35:48+02:00,50.0
2022-06-07 09:36:48+02:00,50.0
2022-06-07 09:37:48+02:00,93.1
2022-06-07 09:38:48+02:00,91.5
2022-06-07 09:39:48+02:00,50.0
2022-06-07 09:40:48+02:00,50.0
2022-06-07 09:41:49+02:00,50.0
2022-06-07 09:42:49+02:00,50.0
2022-06-07 09:43:49+02:00,50.0
2022-06-07 09:44:49+02:00,50.0
2022-06-07 09:45:49+02:00,50.0
2022-06-07 09:46:49+02:00,50.0
2022-06-07 09:47:49+02:00,50.0
2022-06-07 09:48:50+02:00,50.0
2022-06-07 09:49:50+02:00,50.0
2022-06-07 09:50:50+02:00,50.0
2022-06-07 09:51:50+02:00,50.0
2022-06-07 09:52:50+02:00,50.0
2022-06-07 09:53:50+02:00,50.0
2022-06-07 09:54:50+02:00,50.0
2022-06-07 09:55:51+02:00,50.0
2022-06-07 09:56:51+02:00,50.0
2022-06-07 09:57:51+02:00,50.0
2022-06-07 09:58:51+02:00,50.0
2022-06-07 09:59:51+02:00,50.0
2022-06-07 10:00:51+02:00,50.0
2022-06-07 10:01:51+02:00,50.0
2022-06-07 10:02:51+02:00,50.0
2022-06-07 10:03:51+02:00,50.0
2022-06-07 10:04:51+02:00,50.0
2022-06-07 10:05:51+02:00,50.0
2022-06-07 10:06:51+02:00,50.0
2022-06-07 10:07:51+02:00,50.0
2022-06-07 10:08:52+02:00,89.9
2022-06-07 10:09:52+02:00,50.0
2022-06-07 10:10:52+02:00,50.0
2022-06-07 10:11:52+02:00,50.0
2022-06-07 10:12:52+02:00,50.0
2022-06-07 10:13:52+02:00,50.0
2022-06-07 10:14:52+02:00,50.0
2022-06-07 10:15:52+02:00,50.0
2022-06-08 00:24:30+02:00,50.0
2022-06-08 00:25:30+02:00,97.7
2022-06-08 00:26:30+02:00,95.4
2022-06-08 00:27:30+02:00,50.0
2022-06-08 00:28:30+02:00,95.4
2022-06-08 00:29:30+02:00,50.0
2022-06-08 00:30:30+02:00,94.5
2022-06-08 00:31:30+02:00,94.0
2022-06-08 00:32:30+02:00,94.3
2022-06-08 00:33:30+02:00,92.9
2022-06-08 00:34:30+02:00,93.6
2022-06-08 00:35:31+02:00,94.3
2022-06-08 00:36:31+02:00,94.6
2022-06-08 00:37:31+02:00,94.2
2022-06-08 00:38:31+02:00,93.7
2022-06-08 00:39:31+02:00,93.7
2022-06-08 00:40:31+02:00,50.0
2022-06-08 00:41:31+02:00,92.8
2022-06-08 00:42:32+02:00,92.4
2022-06-08 00:43:32+02:00,92.6
2022-06-08 00:44:32+02:00,93.3
2022-06-08 00:45:32+02:00,94.0
2022-06-08 00:46:32+02:00,93.9
2022-06-08 00:47:32+02:00,93.6
2022-06-08 00:48:33+02:00,93.1
2022-06-08 00:49:33+02:00,92.4
2022-06-08 00:50:33+02:00,92.3
2022-06-08 00:51:33+02:00,92.0
2022-06-08 00:52:33+02:00,91.9
2022-06-08 00:53:33+02:00,91.8
2022-06-08 00:54:34+02:00,91.7
2022-06-08 00:55:34+02:00,92.3
2022-06-08 00:56:34+02:00,92.4
2022-06-08 00:57:34+02:00,92.3
2022-06-08 00:58:34+02:00,92.3
2022-06-08 00:59:34+02:00,50.0
2022-06-08 01:00:35+02:00,50.0
2022-06-08 01:01:35+02:00,50.0
2022-06-08 01:02:35+02:00,90.9
2022-06-08 01:03:35+02:00,90.5
2022-06-08 01:04:35+02:00,90.5
2022-06-08 01:05:35+02:00,90.9
2022-06-08 01:06:35+02:00,90.7
2022-06-08 01:07:36+02:00,50.0
2022-06-08 01:08:36+02:00,50.0
2022-06-08 01:09:36+02:00,89.9
2022-06-08 01:10:36+02:00,50.0
2022-06-08 01:11:36+02:00,89.6
2022-06-08 01:12:36+02:00,50.0
2022-06-08 01:13:37+02:00,89.3
2022-06-08 01:14:37+02:00,89.5
2022-06-08 01:15:37+02:00,50.0
2022-06-08 01:16:37+02:00,50.0
2022-06-08 01:17:37+02:00,89.9
2022-06-08 01:18:37+02:00,50.0
2022-06-08 01:19:37+02:00,88.9
2022-06-08 01:20:38+02:00,50.0
2022-06-08 01:21:38+02:00,50.0
2022-06-08 01:22:38+02:00,50.0
2022-06-08 01:23:38+02:00,50.0
2022-06-08 01:24:38+02:00,50.0
2022-06-08 01:25:38+02:00,50.0
2022-06-08 01:26:38+02:00,88.6
2022-06-08 01:27:38+02:00,50.0
2022-06-08 01:28:39+02:00,88.1
2022-06-08 01:29:39+02:00,50.0
2022-06-08 01:30:39+02:00,50.0
2022-06-08 01:31:39+02:00,89.9
2022-06-08 01:32:39+02:00,50.0
2022-06-08 01:33:39+02:00,50.0
2022-06-08 01:34:40+02:00,89.7
2022-06-08 01:35:40+02:00,90.2
2022-06-08 01:36:40+02:00,90.2
2022-06-08 01:37:40+02:00,91.3
2022-06-08 01:38:40+02:00,91.5
2022-06-08 01:39:40+02:00,91.9
2022-06-08 01:40:40+02:00,91.5
2022-06-08 01:41:41+02:00,91.5
2022-06-08 01:42:41+02:00,91.7
2022-06-08 01:43:41+02:00,91.9
2022-06-08 01:44:41+02:00,90.7
2022-06-08 01:45:41+02:00,90.4
2022-06-08 01:46:41+02:00,89.4
2022-06-08 01:47:42+02:00,88.9
2022-06-08 01:48:42+02:00,89.0
2022-06-08 01:49:42+02:00,88.9
2022-06-08 01:50:42+02:00,88.8
2022-06-08 01:51:42+02:00,89.1
2022-06-08 01:52:42+02:00,89.2
2022-06-08 01:53:42+02:00,88.7
2022-06-08 01:54:42+02:00,89.0
2022-06-08 01:55:43+02:00,89.2
2022-06-08 01:56:43+02:00,89.2
2022-06-08 01:57:43+02:00,89.1
2022-06-08 01:58:43+02:00,89.0
2022-06-08 01:59:43+02:00,89.1
2022-06-08 02:00:43+02:00,89.2
2022-06-08 02:00:43+02:00,89.2
2022-06-08 02:01:44+02:00,89.4
2022-06-08 02:02:44+02:00,89.5
2022-06-08 02:03:44+02:00,89.5
2022-06-08 02:04:44+02:00,89.6
2022-06-08 02:05:44+02:00,89.6
2022-06-08 02:06:44+02:00,89.7
2022-06-08 02:07:44+02:00,89.7
2022-06-08 02:08:45+02:00,89.7
2022-06-08 02:09:45+02:00,89.8
2022-06-08 02:10:45+02:00,90.0
2022-06-08 02:11:45+02:00,89.9
2022-06-08 02:12:45+02:00,89.9
2022-06-08 02:13:45+02:00,89.8
2022-06-08 02:14:46+02:00,90.1
2022-06-08 02:15:46+02:00,90.1
2022-06-08 02:16:46+02:00,90.1
2022-06-08 02:17:46+02:00,90.2
2022-06-08 02:18:46+02:00,90.1
2022-06-08 02:19:46+02:00,90.6
2022-06-08 02:20:46+02:00,90.4
2022-06-08 02:21:47+02:00,90.2
2022-06-08 02:22:47+02:00,90.4
2022-06-08 02:23:47+02:00,90.4
2022-06-08 02:24:47+02:00,90.4
2022-06-08 02:25:47+02:00,90.3
2022-06-08 02:26:47+02:00,90.3
2022-06-08 02:27:48+02:00,90.4
2022-06-08 02:28:48+02:00,90.3
2022-06-08 02:29:48+02:00,90.3
2022-06-08 02:30:48+02:00,90.4
2022-06-08 02:31:48+02:00,90.5
2022-06-08 02:32:48+02:00,90.6
2022-06-08 02:33:48+02:00,90.6
2022-06-08 02:34:49+02:00,90.6
2022-06-08 02:35:49+02:00,90.8
2022-06-08 02:36:49+02:00,90.9
2022-06-08 02:37:49+02:00,90.8
2022-06-08 02:38:49+02:00,90.8
2022-06-08 02:39:49+02:00,91.0
2022-06-08 02:40:49+02:00,90.8
2022-06-08 02:41:50+02:00,90.6
2022-06-08 02:42:50+02:00,90.5
2022-06-08 02:43:50+02:00,90.4
2022-06-08 02:44:50+02:00,90.5
2022-06-08 02:45:50+02:00,90.3
2022-06-08 02:46:50+02:00,90.7
2022-06-08 02:47:51+02:00,91.0
2022-06-08 02:48:51+02:00,91.3
2022-06-08 02:49:51+02:00,91.3
2022-06-08 02:50:51+02:00,91.4
2022-06-08 02:51:51+02:00,91.4
2022-06-08 02:52:51+02:00,91.4
2022-06-08 02:53:51+02:00,91.5
2022-06-08 02:54:51+02:00,91.4
2022-06-08 02:55:51+02:00,91.5
2022-06-08 02:56:52+02:00,91.5
2022-06-08 02:57:52+02:00,91.5
2022-06-08 02:58:52+02:00,91.5
2022-06-08 02:59:52+02:00,91.5
2022-06-08 03:00:52+02:00,91.6
2022-06-08 03:01:52+02:00,91.6
2022-06-08 03:02:52+02:00,91.7
2022-06-08 03:03:52+02:00,91.9
2022-06-08 03:04:52+02:00,91.9
2022-06-08 03:05:52+02:00,92.0
2022-06-08 03:06:52+02:00,92.2
2022-06-08 03:07:53+02:00,92.3
2022-06-08 03:08:53+02:00,92.2
2022-06-08 03:09:53+02:00,92.2
2022-06-08 03:10:53+02:00,92.3
2022-06-08 03:11:53+02:00,92.3
2022-06-08 03:12:53+02:00,50.0
2022-06-08 03:13:53+02:00,92.4
2022-06-08 03:14:53+02:00,92.4
2022-06-08 03:15:53+02:00,92.4
2022-06-08 03:16:53+02:00,92.4
2022-06-08 03:17:54+02:00,92.4
2022-06-08 03:18:54+02:00,92.3
2022-06-08 03:19:54+02:00,92.2
2022-06-08 03:20:54+02:00,92.1
2022-06-08 03:21:54+02:00,91.9
2022-06-08 03:22:54+02:00,91.8
2022-06-08 03:23:54+02:00,91.6
2022-06-08 03:24:54+02:00,91.8
2022-06-08 03:25:54+02:00,92.0
2022-06-08 03:26:55+02:00,92.0
2022-06-08 03:27:55+02:00,92.2
2022-06-08 03:28:55+02:00,92.2
2022-06-08 03:29:55+02:00,92.2
2022-06-08 03:30:55+02:00,92.1
2022-06-08 03:31:55+02:00,92.3
2022-06-08 03:32:55+02:00,92.2
2022-06-08 03:33:55+02:00,92.2
2022-06-08 03:34:55+02:00,92.2
2022-06-08 03:35:55+02:00,92.2
2022-06-08 03:36:56+02:00,92.2
2022-06-08 03:37:56+02:00,92.1
2022-06-08 03:38:56+02:00,91.9
2022-06-08 03:39:56+02:00,92.1
2022-06-08 03:40:56+02:00,50.0
2022-06-08 03:41:56+02:00,88.0
2022-06-08 03:42:56+02:00,84.8
2022-06-08 03:43:56+02:00,82.8
2022-06-08 03:44:56+02:00,81.3
2022-06-08 03:45:57+02:00,80.5
2022-06-08 03:46:57+02:00,80.1
2022-06-08 03:47:57+02:00,80.1
2022-06-08 03:48:57+02:00,80.1
2022-06-08 03:49:57+02:00,80.2
2022-06-08 03:50:57+02:00,80.2
2022-06-08 03:51:58+02:00,80.4
2022-06-08 03:52:58+02:00,81.1
2022-06-08 03:53:58+02:00,82.0
2022-06-08 03:54:58+02:00,82.6
2022-06-08 03:55:58+02:00,82.8
2022-06-08 03:56:58+02:00,83.3
2022-06-08 03:57:58+02:00,50.0
2022-06-08 03:58:59+02:00,86.4
2022-06-08 03:59:59+02:00,88.9
2022-06-08 04:00:59+02:00,90.5
2022-06-08 04:01:59+02:00,91.7
2022-06-08 04:02:59+02:00,92.4
2022-06-08 04:03:59+02:00,92.9
2022-06-08 04:05:00+02:00,93.1
2022-06-08 04:06:00+02:00,93.4
2022-06-08 04:07:00+02:00,93.5
2022-06-08 04:08:00+02:00,93.7
2022-06-08 04:09:00+02:00,93.8
2022-06-08 04:10:00+02:00,93.8
2022-06-08 04:11:00+02:00,93.8
2022-06-08 04:12:01+02:00,93.8
2022-06-08 04:13:01+02:00,93.9
2022-06-08 04:14:01+02:00,93.9
2022-06-08 04:15:01+02:00,94.0
2022-06-08 04:16:01+02:00,94.0
2022-06-08 04:17:01+02:00,94.0
2022-06-08 04:18:01+02:00,93.9
2022-06-08 04:19:01+02:00,93.9
2022-06-08 04:20:02+02:00,93.9
2022-06-08 04:21:02+02:00,93.9
2022-06-08 04:22:02+02:00,93.9
2022-06-08 04:23:02+02:00,93.8
2022-06-08 04:24:02+02:00,93.8
2022-06-08 04:25:02+02:00,93.9
2022-06-08 04:26:02+02:00,93.8
2022-06-08 04:27:03+02:00,93.8
2022-06-08 04:28:03+02:00,93.8
2022-06-08 04:29:03+02:00,93.7
2022-06-08 04:30:03+02:00,93.7
2022-06-08 04:31:03+02:00,93.8
2022-06-08 04:32:03+02:00,93.7
2022-06-08 04:33:03+02:00,93.8
2022-06-08 04:34:03+02:00,93.8
2022-06-08 04:35:04+02:00,94.3
2022-06-08 04:36:04+02:00,94.6
2022-06-08 04:37:04+02:00,94.6
2022-06-08 04:38:04+02:00,94.3
2022-06-08 04:39:04+02:00,94.0
2022-06-08 04:40:04+02:00,93.5
2022-06-08 04:41:04+02:00,93.0
2022-06-08 04:42:05+02:00,92.3
2022-06-08 04:43:05+02:00,92.1
2022-06-08 04:44:05+02:00,91.6
2022-06-08 04:45:05+02:00,91.5
2022-06-08 04:46:05+02:00,91.2
2022-06-08 04:47:05+02:00,50.0
2022-06-08 04:48:05+02:00,91.0
2022-06-08 04:49:06+02:00,92.0
2022-06-08 04:50:06+02:00,93.0
2022-06-08 04:51:06+02:00,93.2
2022-06-08 04:52:06+02:00,93.4
2022-06-08 04:53:06+02:00,91.7
2022-06-08 04:54:06+02:00,91.0
2022-06-08 04:55:07+02:00,91.5
2022-06-08 04:56:07+02:00,90.6
2022-06-08 04:57:07+02:00,91.6
2022-06-08 04:58:07+02:00,91.5
2022-06-08 04:59:07+02:00,90.5
2022-06-08 05:00:07+02:00,88.6
2022-06-08 05:01:07+02:00,50.0
2022-06-08 05:02:08+02:00,89.2
2022-06-08 05:03:08+02:00,50.0
2022-06-08 05:04:08+02:00,50.0
2022-06-08 05:05:08+02:00,90.8
2022-06-08 05:06:08+02:00,91.3
2022-06-08 05:07:08+02:00,91.7
2022-06-08 05:08:08+02:00,92.1
2022-06-08 05:09:09+02:00,92.5
2022-06-08 05:10:09+02:00,92.6
2022-06-08 05:11:09+02:00,92.8
2022-06-08 05:12:09+02:00,92.9
2022-06-08 05:13:09+02:00,92.8
2022-06-08 05:14:09+02:00,50.0
2022-06-08 05:15:10+02:00,91.3
2022-06-08 05:16:10+02:00,50.0
2022-06-08 05:17:10+02:00,88.2
2022-06-08 05:18:10+02:00,88.9
2022-06-08 05:19:10+02:00,89.4
2022-06-08 05:20:10+02:00,90.1
2022-06-08 05:21:11+02:00,90.3
2022-06-08 05:22:11+02:00,91.0
2022-06-08 05:23:11+02:00,91.2
2022-06-08 05:24:11+02:00,91.5
2022-06-08 05:25:11+02:00,50.0
2022-06-08 05:26:11+02:00,90.1
2022-06-08 05:27:11+02:00,90.7
2022-06-08 05:28:12+02:00,91.7
2022-06-08 05:29:12+02:00,92.5
2022-06-08 05:30:12+02:00,92.5
2022-06-08 05:31:12+02:00,92.8
2022-06-08 05:32:12+02:00,93.4
2022-06-08 05:33:12+02:00,92.7
2022-06-08 05:34:13+02:00,93.3
2022-06-08 05:35:13+02:00,93.5
2022-06-08 05:36:13+02:00,93.3
2022-06-08 05:37:13+02:00,93.4
2022-06-08 05:38:13+02:00,93.4
2022-06-08 05:39:13+02:00,93.4
2022-06-08 05:40:13+02:00,93.4
2022-06-08 05:41:14+02:00,93.2
2022-06-08 05:42:14+02:00,93.3
2022-06-08 05:43:14+02:00,93.2
2022-06-08 05:44:14+02:00,93.1
2022-06-08 05:45:14+02:00,93.0
2022-06-08 05:46:14+02:00,92.8
2022-06-08 05:47:14+02:00,92.5
2022-06-08 05:48:15+02:00,92.7
2022-06-08 05:49:15+02:00,92.9
2022-06-08 05:50:15+02:00,92.6
2022-06-08 05:51:15+02:00,92.2
2022-06-08 05:52:15+02:00,92.3
2022-06-08 05:53:15+02:00,92.3
2022-06-08 05:54:15+02:00,92.2
2022-06-08 05:55:15+02:00,92.2
2022-06-08 05:56:16+02:00,92.0
2022-06-08 05:57:16+02:00,91.9
2022-06-08 05:58:16+02:00,91.7
2022-06-08 05:59:16+02:00,91.6
2022-06-08 06:00:16+02:00,91.6
2022-06-08 06:01:16+02:00,91.8
2022-06-08 06:02:16+02:00,92.4
2022-06-08 06:03:16+02:00,92.1
2022-06-08 06:04:17+02:00,91.8
2022-06-08 06:05:17+02:00,91.6
2022-06-08 06:06:17+02:00,91.6
2022-06-08 06:07:17+02:00,91.6
2022-06-08 06:08:17+02:00,91.7
2022-06-08 06:09:17+02:00,50.0
2022-06-08 06:10:17+02:00,91.4
2022-06-08 06:11:17+02:00,91.4
2022-06-08 06:12:18+02:00,91.1
2022-06-08 06:13:18+02:00,91.1
2022-06-08 06:14:18+02:00,91.0
2022-06-08 06:15:18+02:00,91.0
2022-06-08 06:16:18+02:00,90.8
2022-06-08 06:17:18+02:00,90.9
2022-06-08 06:18:19+02:00,90.8
2022-06-08 06:19:19+02:00,90.9
2022-06-08 06:20:19+02:00,90.8
2022-06-08 06:21:19+02:00,90.8
2022-06-08 06:22:19+02:00,90.9
2022-06-08 06:23:19+02:00,50.0
2022-06-08 06:24:19+02:00,91.4
2022-06-08 06:25:20+02:00,91.6
2022-06-08 06:26:20+02:00,50.0
2022-06-08 06:27:20+02:00,91.6
2022-06-08 06:28:20+02:00,91.8
2022-06-08 06:29:20+02:00,91.7
2022-06-08 06:30:20+02:00,91.7
2022-06-08 06:31:20+02:00,91.7
2022-06-08 06:32:21+02:00,91.8
2022-06-08 06:33:21+02:00,50.0
2022-06-08 06:34:21+02:00,91.9
2022-06-08 06:35:21+02:00,92.3
2022-06-08 06:36:21+02:00,92.5
2022-06-08 06:37:21+02:00,92.5
2022-06-08 06:38:21+02:00,92.6
2022-06-08 06:39:22+02:00,92.5
2022-06-08 06:40:22+02:00,92.4
2022-06-08 06:41:22+02:00,92.3
2022-06-08 06:42:22+02:00,92.3
2022-06-08 06:43:22+02:00,92.2
2022-06-08 06:44:22+02:00,92.3
2022-06-08 06:45:22+02:00,50.0
2022-06-08 06:46:23+02:00,92.3
2022-06-08 06:47:23+02:00,92.2
2022-06-08 06:48:23+02:00,50.0
2022-06-08 06:49:23+02:00,91.8
2022-06-08 06:50:23+02:00,92.0
2022-06-08 06:51:23+02:00,50.0
2022-06-08 06:52:23+02:00,93.1
2022-06-08 06:53:23+02:00,92.8
2022-06-08 06:54:24+02:00,93.3
2022-06-08 06:55:24+02:00,93.0
2022-06-08 06:56:24+02:00,92.9
2022-06-08 06:57:24+02:00,93.1
2022-06-08 06:58:24+02:00,92.8
2022-06-08 06:59:24+02:00,92.8
2022-06-08 07:00:24+02:00,92.6
2022-06-08 07:01:25+02:00,91.9
2022-06-08 07:02:25+02:00,92.2
2022-06-08 07:03:25+02:00,92.1
2022-06-08 07:04:25+02:00,92.1
2022-06-08 07:05:25+02:00,91.9
2022-06-08 07:06:25+02:00,92.2
2022-06-08 07:07:25+02:00,50.0
2022-06-08 07:08:26+02:00,92.4
2022-06-08 07:09:26+02:00,50.0
2022-06-08 07:10:26+02:00,50.0
2022-06-08 07:11:26+02:00,50.0
2022-06-08 07:12:26+02:00,50.0
2022-06-08 07:13:26+02:00,92.3
2022-06-08 07:14:26+02:00,92.8
2022-06-08 07:15:27+02:00,93.1
2022-06-08 07:16:27+02:00,93.1
2022-06-08 07:17:27+02:00,93.2
2022-06-08 07:18:27+02:00,93.1
2022-06-08 07:19:27+02:00,93.0
2022-06-08 07:20:27+02:00,92.6
2022-06-08 07:21:27+02:00,92.8
2022-06-08 07:22:27+02:00,92.8
2022-06-08 07:23:28+02:00,92.9
2022-06-08 07:24:28+02:00,92.8
2022-06-08 07:25:28+02:00,92.3
2022-06-08 07:26:28+02:00,91.5
2022-06-08 07:27:28+02:00,91.6
2022-06-08 07:28:28+02:00,91.9
2022-06-08 07:29:28+02:00,91.9
2022-06-08 07:30:29+02:00,91.6
2022-06-08 07:31:29+02:00,91.6
2022-06-08 07:32:29+02:00,91.3
2022-06-08 07:33:29+02:00,91.8
2022-06-08 07:34:29+02:00,92.0
2022-06-08 07:35:29+02:00,92.4
2022-06-08 07:36:29+02:00,92.2
2022-06-08 07:37:30+02:00,92.2
2022-06-08 07:38:30+02:00,92.5
2022-06-08 07:39:30+02:00,92.4
2022-06-08 07:40:30+02:00,92.0
2022-06-08 07:41:30+02:00,92.2
2022-06-08 07:42:30+02:00,92.0
2022-06-08 07:43:30+02:00,91.8
2022-06-08 07:44:31+02:00,90.9
2022-06-08 07:45:31+02:00,90.6
2022-06-08 07:46:31+02:00,90.7
2022-06-08 07:47:31+02:00,90.6
2022-06-08 07:48:31+02:00,90.2
2022-06-08 07:49:31+02:00,90.1
2022-06-08 07:50:31+02:00,89.4
2022-06-08 07:51:31+02:00,89.9
2022-06-08 07:52:32+02:00,90.3
2022-06-08 07:53:32+02:00,90.0
2022-06-08 07:54:32+02:00,90.8
2022-06-08 07:55:32+02:00,90.3
2022-06-08 07:56:32+02:00,90.4
2022-06-08 07:57:32+02:00,50.0
2022-06-08 07:58:32+02:00,90.2
2022-06-08 07:59:33+02:00,90.5
2022-06-08 08:00:33+02:00,90.5
2022-06-08 08:01:33+02:00,50.0
2022-06-08 08:02:33+02:00,92.0
2022-06-08 08:03:33+02:00,94.5
2022-06-08 08:04:33+02:00,95.8
2022-06-08 08:05:33+02:00,95.4
2022-06-08 08:06:34+02:00,95.3
2022-06-08 08:07:34+02:00,94.5
2022-06-08 08:08:34+02:00,93.8
2022-06-08 08:09:34+02:00,93.0
2022-06-08 08:10:34+02:00,92.6
2022-06-08 08:11:34+02:00,92.1
2022-06-08 08:12:34+02:00,91.9
2022-06-08 08:13:34+02:00,91.5
2022-06-08 08:14:35+02:00,91.9
2022-06-08 08:15:35+02:00,92.9
2022-06-08 08:16:35+02:00,93.3
2022-06-08 08:17:35+02:00,93.8
2022-06-08 08:18:35+02:00,94.0
2022-06-08 08:19:35+02:00,92.8
2022-06-08 08:20:35+02:00,91.0
2022-06-08 08:21:36+02:00,90.3
2022-06-08 08:22:36+02:00,89.2
2022-06-08 08:23:36+02:00,88.4
2022-06-08 08:24:36+02:00,88.9
2022-06-08 08:25:36+02:00,88.2
2022-06-08 08:26:36+02:00,50.0
2022-06-08 08:27:36+02:00,89.4
2022-06-08 08:28:37+02:00,50.0
2022-06-08 08:29:37+02:00,90.3
2022-06-08 08:30:37+02:00,90.7
2022-06-08 08:31:37+02:00,90.2
2022-06-08 08:32:37+02:00,91.0
2022-06-08 08:33:37+02:00,90.7
2022-06-08 08:34:37+02:00,90.5
2022-06-08 08:35:38+02:00,90.0
2022-06-08 08:36:38+02:00,89.9
2022-06-08 08:37:38+02:00,50.0
2022-06-08 08:38:38+02:00,90.1
2022-06-08 08:39:38+02:00,90.8
2022-06-08 08:40:38+02:00,90.9
2022-06-08 08:41:38+02:00,91.1
2022-06-08 08:42:39+02:00,91.1
2022-06-08 08:43:39+02:00,91.2
2022-06-08 08:44:39+02:00,91.4
2022-06-08 08:45:39+02:00,91.3
2022-06-08 08:46:39+02:00,91.1
2022-06-08 08:47:39+02:00,90.9
2022-06-08 08:48:39+02:00,90.8
2022-06-08 08:49:40+02:00,90.8
2022-06-08 08:50:40+02:00,50.0
2022-06-08 08:51:40+02:00,91.1
2022-06-08 08:52:40+02:00,90.7
2022-06-08 08:53:40+02:00,91.3
2022-06-08 08:54:40+02:00,91.3
2022-06-08 08:55:40+02:00,91.2
2022-06-08 08:56:41+02:00,91.4
2022-06-08 08:57:41+02:00,91.3
2022-06-08 08:58:41+02:00,50.0
2022-06-08 08:59:41+02:00,50.0
2022-06-08 09:00:41+02:00,50.0
2022-06-08 09:01:41+02:00,91.0
2022-06-08 09:02:42+02:00,91.8
2022-06-08 09:03:42+02:00,92.1
2022-06-08 09:04:42+02:00,92.5
2022-06-08 09:05:42+02:00,92.5
2022-06-08 09:06:42+02:00,92.9
2022-06-08 09:07:42+02:00,92.9
2022-06-08 09:08:42+02:00,92.7
2022-06-08 09:09:43+02:00,92.7
2022-06-08 09:10:43+02:00,92.6
2022-06-08 09:11:43+02:00,92.6
2022-06-08 09:12:43+02:00,92.6
2022-06-08 09:13:43+02:00,92.5
2022-06-08 09:14:43+02:00,92.3
2022-06-08 09:15:43+02:00,50.0
2022-06-08 09:16:44+02:00,91.4
2022-06-08 09:17:44+02:00,50.0
2022-06-08 09:18:44+02:00,92.5
2022-06-08 09:19:44+02:00,50.0
2022-06-08 09:20:44+02:00,50.0
2022-06-08 09:21:44+02:00,50.0
2022-06-08 09:22:44+02:00,92.6
2022-06-08 09:23:44+02:00,50.0
2022-06-08 09:24:45+02:00,92.5
2022-06-08 09:25:45+02:00,92.1
2022-06-08 09:26:45+02:00,92.7
2022-06-08 09:27:45+02:00,93.3
2022-06-08 09:28:45+02:00,50.0
2022-06-08 09:29:45+02:00,50.0
2022-06-08 09:30:46+02:00,93.3
2022-06-08 09:31:46+02:00,92.6
2022-06-08 09:32:46+02:00,93.5
2022-06-08 09:33:46+02:00,94.2
2022-06-08 09:34:46+02:00,95.1
2022-06-08 09:35:46+02:00,95.6
2022-06-08 09:36:46+02:00,94.9
2022-06-08 09:37:47+02:00,94.6
2022-06-08 09:38:47+02:00,94.1
2022-06-08 09:39:47+02:00,50.0
2022-06-08 09:40:47+02:00,94.3
2022-06-08 09:41:47+02:00,94.9
2022-06-08 09:42:47+02:00,50.0
2022-06-08 09:43:48+02:00,93.9
2022-06-08 09:44:48+02:00,90.9
2022-06-08 09:45:48+02:00,91.1
2022-06-08 09:46:48+02:00,92.6
2022-06-08 09:47:48+02:00,92.6
2022-06-08 09:48:48+02:00,93.1
2022-06-08 09:49:48+02:00,50.0
2022-06-08 09:50:49+02:00,50.0
2022-06-08 09:51:49+02:00,50.0
2022-06-08 09:52:49+02:00,50.0
2022-06-08 09:53:49+02:00,50.0
2022-06-08 09:54:49+02:00,50.0
2022-06-08 09:55:49+02:00,50.0
2022-06-08 09:56:49+02:00,50.0
2022-06-08 09:57:50+02:00,50.0
2022-06-08 09:58:50+02:00,50.0
2022-06-08 09:59:50+02:00,50.0
2022-06-08 10:00:50+02:00,50.0
2022-06-08 10:01:50+02:00,50.0
2022-06-08 10:02:50+02:00,50.0
2022-06-08 10:03:50+02:00,50.0
2022-06-08 10:04:51+02:00,50.0
2022-06-08 10:05:51+02:00,90.9
2022-06-08 10:06:51+02:00,50.0
2022-06-08 10:07:51+02:00,50.0
2022-06-08 10:08:51+02:00,50.0
2022-06-08 10:09:51+02:00,88.9
2022-06-08 10:10:51+02:00,88.2
2022-06-08 10:11:51+02:00,50.0
2022-06-08 10:12:51+02:00,50.0
2022-06-08 10:13:51+02:00,50.0
2022-06-08 10:14:51+02:00,50.0
2022-06-08 10:15:52+02:00,50.0
2022-06-08 10:16:52+02:00,50.0
2022-06-08 10:17:52+02:00,50.0
2022-06-08 10:18:52+02:00,50.0
2022-06-08 10:19:52+02:00,50.0
2022-06-08 10:20:52+02:00,87.4
2022-06-08 10:21:52+02:00,87.4
2022-06-08 10:22:52+02:00,50.0
2022-06-09 00:59:00+02:00,50.0
2022-06-09 01:00:00+02:00,94.2
2022-06-09 01:01:00+02:00,93.5
2022-06-09 01:02:00+02:00,93.2
2022-06-09 01:03:00+02:00,92.2
2022-06-09 01:04:00+02:00,92.2
2022-06-09 01:05:00+02:00,92.4
2022-06-09 01:06:00+02:00,92.5
2022-06-09 01:07:00+02:00,92.9
2022-06-09 01:08:00+02:00,92.1
2022-06-09 01:09:00+02:00,92.4
2022-06-09 01:10:00+02:00,50.0
2022-06-09 01:11:00+02:00,92.7
2022-06-09 01:12:01+02:00,50.0
2022-06-09 01:13:01+02:00,50.0
2022-06-09 01:14:01+02:00,91.5
2022-06-09 01:15:01+02:00,91.8
2022-06-09 01:16:01+02:00,91.5
2022-06-09 01:17:01+02:00,91.7
2022-06-09 01:18:01+02:00,91.4
2022-06-09 01:19:01+02:00,90.8
2022-06-09 01:20:02+02:00,90.5
2022-06-09 01:21:02+02:00,90.2
2022-06-09 01:22:02+02:00,90.0
2022-06-09 01:23:02+02:00,89.7
2022-06-09 01:24:02+02:00,89.7
2022-06-09 01:25:02+02:00,89.9
2022-06-09 01:26:02+02:00,89.6
2022-06-09 01:27:02+02:00,89.9
2022-06-09 01:28:02+02:00,90.0
2022-06-09 01:29:02+02:00,89.6
2022-06-09 01:30:03+02:00,89.6
2022-06-09 01:31:03+02:00,89.5
2022-06-09 01:32:03+02:00,89.3
2022-06-09 01:33:03+02:00,89.1
2022-06-09 01:34:03+02:00,89.4
2022-06-09 01:35:03+02:00,89.5
2022-06-09 01:36:03+02:00,89.2
2022-06-09 01:37:03+02:00,88.8
2022-06-09 01:38:03+02:00,88.7
2022-06-09 01:39:04+02:00,88.8
2022-06-09 01:40:04+02:00,88.8
2022-06-09 01:41:04+02:00,88.7
2022-06-09 01:42:04+02:00,88.5
2022-06-09 01:43:04+02:00,88.3
2022-06-09 01:44:04+02:00,88.5
2022-06-09 01:45:04+02:00,88.3
2022-06-09 01:46:04+02:00,88.1
2022-06-09 01:47:05+02:00,88.1
2022-06-09 01:48:05+02:00,88.1
2022-06-09 01:49:05+02:00,88.0
2022-06-09 01:50:05+02:00,87.9
2022-06-09 01:51:05+02:00,87.6
2022-06-09 01:52:05+02:00,87.7
2022-06-09 01:53:05+02:00,87.5
2022-06-09 01:54:05+02:00,87.4
2022-06-09 01:55:05+02:00,87.4
2022-06-09 01:56:06+02:00,87.4
2022-06-09 01:57:06+02:00,87.5
2022-06-09 01:58:06+02:00,87.5
2022-06-09 01:59:06+02:00,87.6
2022-06-09 02:00:06+02:00,87.4
2022-06-09 02:00:06+02:00,87.4
2022-06-09 02:01:06+02:00,87.3
2022-06-09 02:02:06+02:00,87.1
2022-06-09 02:03:06+02:00,87.1
2022-06-09 02:04:07+02:00,87.3
2022-06-09 02:05:07+02:00,87.6
2022-06-09 02:06:07+02:00,87.6
2022-06-09 02:07:07+02:00,87.7
2022-06-09 02:08:07+02:00,87.6
2022-06-09 02:09:07+02:00,87.6
2022-06-09 02:10:07+02:00,88.1
2022-06-09 02:11:07+02:00,88.1
2022-06-09 02:12:07+02:00,88.1
2022-06-09 02:13:07+02:00,88.0
2022-06-09 02:14:07+02:00,88.0
2022-06-09 02:15:08+02:00,88.1
2022-06-09 02:16:08+02:00,88.2
2022-06-09 02:17:08+02:00,88.3
2022-06-09 02:18:08+02:00,88.4
2022-06-09 02:19:08+02:00,88.5
2022-06-09 02:20:08+02:00,88.4
2022-06-09 02:21:08+02:00,88.5
2022-06-09 02:22:08+02:00,88.6
2022-06-09 02:23:08+02:00,88.7
2022-06-09 02:24:08+02:00,88.8
2022-06-09 02:25:09+02:00,88.7
2022-06-09 02:26:09+02:00,88.8
2022-06-09 02:27:09+02:00,88.8
2022-06-09 02:28:09+02:00,89.0
2022-06-09 02:29:09+02:00,88.8
2022-06-09 02:30:09+02:00,50.0
2022-06-09 02:31:09+02:00,89.0
2022-06-09 02:32:09+02:00,89.7
2022-06-09 02:33:09+02:00,89.6
2022-06-09 02:34:09+02:00,89.7
2022-06-09 02:35:09+02:00,90.0
2022-06-09 02:36:10+02:00,90.1
2022-06-09 02:37:10+02:00,90.2
2022-06-09 02:38:10+02:00,90.3
2022-06-09 02:39:10+02:00,90.2
2022-06-09 02:40:10+02:00,90.3
2022-06-09 02:41:10+02:00,90.5
2022-06-09 02:42:10+02:00,90.4
2022-06-09 02:43:10+02:00,90.5
2022-06-09 02:44:10+02:00,90.7
2022-06-09 02:45:10+02:00,91.0
2022-06-09 02:46:10+02:00,91.1
2022-06-09 02:47:11+02:00,91.2
2022-06-09 02:48:11+02:00,91.0
2022-06-09 02:49:11+02:00,91.1
2022-06-09 02:50:11+02:00,91.1
2022-06-09 02:51:11+02:00,91.0
2022-06-09 02:52:11+02:00,91.0
2022-06-09 02:53:11+02:00,91.0
2022-06-09 02:54:11+02:00,91.1
2022-06-09 02:55:11+02:00,90.8
2022-06-09 02:56:11+02:00,50.0
2022-06-09 02:57:12+02:00,90.9
2022-06-09 02:58:12+02:00,91.3
2022-06-09 02:59:12+02:00,91.7
2022-06-09 03:00:12+02:00,92.1
2022-06-09 03:01:12+02:00,92.6
2022-06-09 03:02:12+02:00,92.6
2022-06-09 03:03:13+02:00,92.7
2022-06-09 03:04:13+02:00,92.9
2022-06-09 03:05:13+02:00,92.8
2022-06-09 03:06:13+02:00,92.7
2022-06-09 03:07:13+02:00,50.0
2022-06-09 03:08:13+02:00,92.9
2022-06-09 03:09:13+02:00,92.8
2022-06-09 03:10:14+02:00,92.6
2022-06-09 03:11:14+02:00,92.4
2022-06-09 03:12:14+02:00,92.2
2022-06-09 03:13:14+02:00,92.5
2022-06-09 03:14:14+02:00,50.0
2022-06-09 03:15:14+02:00,50.0
2022-06-09 03:16:14+02:00,50.0
2022-06-09 03:17:14+02:00,92.7
2022-06-09 03:18:15+02:00,90.2
2022-06-09 03:19:15+02:00,87.7
2022-06-09 03:20:15+02:00,88.8
2022-06-09 03:21:15+02:00,88.0
2022-06-09 03:22:15+02:00,88.3
2022-06-09 03:23:15+02:00,50.0
2022-06-09 03:24:15+02:00,87.7
2022-06-09 03:25:16+02:00,87.4
2022-06-09 03:26:16+02:00,88.0
2022-06-09 03:27:16+02:00,88.9
2022-06-09 03:28:16+02:00,89.3
2022-06-09 03:29:16+02:00,89.5
2022-06-09 03:30:16+02:00,89.7
2022-06-09 03:31:17+02:00,89.7
2022-06-09 03:32:17+02:00,89.9
2022-06-09 03:33:17+02:00,90.3
2022-06-09 03:34:17+02:00,91.2
2022-06-09 03:35:17+02:00,91.2
2022-06-09 03:36:17+02:00,91.3
2022-06-09 03:37:17+02:00,91.4
2022-06-09 03:38:17+02:00,91.8
2022-06-09 03:39:18+02:00,91.6
2022-06-09 03:40:18+02:00,91.4
2022-06-09 03:41:18+02:00,91.3
2022-06-09 03:42:18+02:00,91.4
2022-06-09 03:43:18+02:00,91.4
2022-06-09 03:44:18+02:00,91.4
2022-06-09 03:45:19+02:00,91.2
2022-06-09 03:46:19+02:00,91.3
2022-06-09 03:47:19+02:00,91.3
2022-06-09 03:48:19+02:00,91.5
2022-06-09 03:49:19+02:00,91.4
2022-06-09 03:50:19+02:00,91.5
2022-06-09 03:51:20+02:00,91.5
2022-06-09 03:52:20+02:00,91.6
2022-06-09 03:53:20+02:00,91.6
2022-06-09 03:54:20+02:00,91.5
2022-06-09 03:55:20+02:00,91.2
2022-06-09 03:56:20+02:00,91.2
2022-06-09 03:57:20+02:00,91.3
2022-06-09 03:58:21+02:00,91.3
2022-06-09 03:59:21+02:00,91.4
2022-06-09 04:00:21+02:00,91.5
2022-06-09 04:01:21+02:00,91.3
2022-06-09 04:02:21+02:00,91.3
2022-06-09 04:03:21+02:00,91.5
2022-06-09 04:04:21+02:00,91.2
2022-06-09 04:05:22+02:00,91.0
2022-06-09 04:06:22+02:00,91.3
2022-06-09 04:07:22+02:00,91.1
2022-06-09 04:08:22+02:00,90.9
2022-06-09 04:09:22+02:00,90.7
2022-06-09 04:10:22+02:00,90.7
2022-06-09 04:11:22+02:00,90.7
2022-06-09 04:12:23+02:00,90.4
2022-06-09 04:13:23+02:00,90.5
2022-06-09 04:14:23+02:00,90.5
2022-06-09 04:15:23+02:00,90.5
2022-06-09 04:16:23+02:00,90.5
2022-06-09 04:17:23+02:00,90.5
2022-06-09 04:18:23+02:00,90.6
2022-06-09 04:19:24+02:00,90.7
2022-06-09 04:20:24+02:00,90.7
2022-06-09 04:21:24+02:00,90.5
2022-06-09 04:22:24+02:00,90.5
2022-06-09 04:23:24+02:00,90.9
2022-06-09 04:24:24+02:00,90.6
2022-06-09 04:25:25+02:00,90.5
2022-06-09 04:26:25+02:00,90.5
2022-06-09 04:27:25+02:00,90.2
2022-06-09 04:28:25+02:00,90.2
2022-06-09 04:29:25+02:00,90.4
2022-06-09 04:30:25+02:00,90.6
2022-06-09 04:31:25+02:00,90.5
2022-06-09 04:32:26+02:00,90.5
2022-06-09 04:33:26+02:00,90.5
2022-06-09 04:34:26+02:00,90.6
2022-06-09 04:35:26+02:00,90.5
2022-06-09 04:36:26+02:00,90.9
2022-06-09 04:37:26+02:00,90.9
2022-06-09 04:38:26+02:00,90.9
2022-06-09 04:39:27+02:00,90.7
2022-06-09 04:40:27+02:00,90.7
2022-06-09 04:41:27+02:00,90.7
2022-06-09 04:42:27+02:00,90.6
2022-06-09 04:43:27+02:00,90.5
2022-06-09 04:44:27+02:00,50.0
2022-06-09 04:45:28+02:00,90.7
2022-06-09 04:46:28+02:00,91.1
2022-06-09 04:47:28+02:00,91.1
2022-06-09 04:48:28+02:00,91.0
2022-06-09 04:49:28+02:00,90.7
2022-06-09 04:50:28+02:00,90.7
2022-06-09 04:51:28+02:00,90.7
2022-06-09 04:52:29+02:00,90.8
2022-06-09 04:53:29+02:00,90.4
2022-06-09 04:54:29+02:00,90.4
2022-06-09 04:55:29+02:00,50.0
2022-06-09 04:56:29+02:00,91.0
2022-06-09 04:57:29+02:00,91.4
2022-06-09 04:58:29+02:00,50.0
2022-06-09 04:59:30+02:00,91.9
2022-06-09 05:00:30+02:00,92.2
2022-06-09 05:01:30+02:00,92.5
2022-06-09 05:02:30+02:00,92.4
2022-06-09 05:03:30+02:00,50.0
2022-06-09 05:04:30+02:00,92.3
2022-06-09 05:05:31+02:00,92.3
2022-06-09 05:06:31+02:00,92.2
2022-06-09 05:07:31+02:00,50.0
2022-06-09 05:08:31+02:00,92.1
2022-06-09 05:09:31+02:00,50.0
2022-06-09 05:10:31+02:00,91.1
2022-06-09 05:11:31+02:00,91.9
2022-06-09 05:12:31+02:00,93.2
2022-06-09 05:13:32+02:00,93.0
2022-06-09 05:14:32+02:00,92.4
2022-06-09 05:15:32+02:00,92.2
2022-06-09 05:16:32+02:00,92.6
2022-06-09 05:17:32+02:00,92.6
2022-06-09 05:18:32+02:00,94.0
2022-06-09 05:19:33+02:00,93.9
2022-06-09 05:20:33+02:00,94.4
2022-06-09 05:21:33+02:00,94.9
2022-06-09 05:22:33+02:00,95.1
2022-06-09 05:23:33+02:00,95.3
2022-06-09 05:24:33+02:00,95.8
2022-06-09 05:25:33+02:00,96.2
2022-06-09 05:26:34+02:00,95.0
2022-06-09 05:27:34+02:00,94.8
2022-06-09 05:28:34+02:00,96.1
2022-06-09 05:29:34+02:00,96.8
2022-06-09 05:30:34+02:00,97.2
2022-06-09 05:31:34+02:00,98.1
2022-06-09 05:32:34+02:00,98.3
2022-06-09 05:33:35+02:00,97.8
2022-06-09 05:34:35+02:00,97.4
2022-06-09 05:35:35+02:00,98.0
2022-06-09 05:36:35+02:00,98.0
2022-06-09 05:37:35+02:00,97.9
2022-06-09 05:38:35+02:00,98.2
2022-06-09 05:39:36+02:00,98.3
2022-06-09 05:40:36+02:00,98.0
2022-06-09 05:41:36+02:00,98.0
2022-06-09 05:42:36+02:00,50.0
2022-06-09 05:43:36+02:00,94.6
2022-06-09 05:44:36+02:00,93.7
2022-06-09 05:45:36+02:00,92.8
2022-06-09 05:46:37+02:00,92.3
2022-06-09 05:47:37+02:00,92.1
2022-06-09 05:48:37+02:00,92.0
2022-06-09 05:49:37+02:00,50.0
2022-06-09 05:50:37+02:00,50.0
2022-06-09 05:51:37+02:00,92.1
2022-06-09 05:52:37+02:00,91.9
2022-06-09 05:53:38+02:00,91.5
2022-06-09 05:54:38+02:00,91.0
2022-06-09 05:55:38+02:00,90.3
2022-06-09 05:56:38+02:00,89.3
2022-06-09 05:57:38+02:00,89.1
2022-06-09 05:58:38+02:00,88.7
2022-06-09 05:59:39+02:00,50.0
2022-06-09 06:00:39+02:00,89.9
2022-06-09 06:01:39+02:00,90.7
2022-06-09 06:02:39+02:00,90.0
2022-06-09 06:03:39+02:00,90.1
2022-06-09 06:04:39+02:00,90.7
2022-06-09 06:05:39+02:00,91.2
2022-06-09 06:06:40+02:00,91.5
2022-06-09 06:07:40+02:00,91.8
2022-06-09 06:08:40+02:00,91.6
2022-06-09 06:09:40+02:00,91.7
2022-06-09 06:10:40+02:00,91.4
2022-06-09 06:11:40+02:00,91.0
2022-06-09 06:12:40+02:00,91.3
2022-06-09 06:13:41+02:00,91.0
2022-06-09 06:14:41+02:00,91.3
2022-06-09 06:15:41+02:00,90.9
2022-06-09 06:16:41+02:00,91.1
2022-06-09 06:17:41+02:00,91.0
2022-06-09 06:18:41+02:00,90.8
2022-06-09 06:19:42+02:00,90.9
2022-06-09 06:20:42+02:00,91.7
2022-06-09 06:21:42+02:00,50.0
2022-06-09 06:22:42+02:00,50.0
2022-06-09 06:23:42+02:00,91.4
2022-06-09 06:24:42+02:00,91.6
2022-06-09 06:25:42+02:00,91.1
2022-06-09 06:26:43+02:00,91.3
2022-06-09 06:27:43+02:00,89.8
2022-06-09 06:28:43+02:00,88.8
2022-06-09 06:29:43+02:00,88.8
2022-06-09 06:30:43+02:00,89.0
2022-06-09 06:31:43+02:00,88.5
2022-06-09 06:32:43+02:00,88.5
2022-06-09 06:33:44+02:00,87.8
2022-06-09 06:34:44+02:00,87.9
2022-06-09 06:35:44+02:00,88.2
2022-06-09 06:36:44+02:00,50.0
2022-06-09 06:37:44+02:00,88.8
2022-06-09 06:38:44+02:00,89.8
2022-06-09 06:39:44+02:00,90.2
2022-06-09 06:40:45+02:00,90.6
2022-06-09 06:41:45+02:00,90.6
2022-06-09 06:42:45+02:00,91.0
2022-06-09 06:43:45+02:00,91.2
2022-06-09 06:44:45+02:00,91.4
2022-06-09 06:45:45+02:00,91.5
2022-06-09 06:46:46+02:00,50.0
2022-06-09 06:47:46+02:00,90.6
2022-06-09 06:48:46+02:00,50.0
2022-06-09 06:49:46+02:00,91.4
2022-06-09 06:50:46+02:00,92.6
2022-06-09 06:51:46+02:00,93.9
2022-06-09 06:52:46+02:00,95.2
2022-06-09 06:53:47+02:00,94.8
2022-06-09 06:54:47+02:00,94.3
2022-06-09 06:55:47+02:00,95.7
2022-06-09 06:56:47+02:00,96.5
2022-06-09 06:57:47+02:00,97.4
2022-06-09 06:58:47+02:00,97.9
2022-06-09 06:59:48+02:00,98.3
2022-06-09 07:00:48+02:00,98.4
2022-06-09 07:01:48+02:00,50.0
2022-06-09 07:02:48+02:00,98.0
2022-06-09 07:03:48+02:00,96.5
2022-06-09 07:04:48+02:00,95.4
2022-06-09 07:05:49+02:00,94.7
2022-06-09 07:06:49+02:00,94.2
2022-06-09 07:07:49+02:00,93.8
2022-06-09 07:08:49+02:00,93.4
2022-06-09 07:09:49+02:00,93.2
2022-06-09 07:10:49+02:00,93.2
2022-06-09 07:11:49+02:00,93.2
2022-06-09 07:12:50+02:00,93.1
2022-06-09 07:13:50+02:00,50.0
2022-06-09 07:14:50+02:00,92.9
2022-06-09 07:15:50+02:00,92.7
2022-06-09 07:16:50+02:00,50.0
2022-06-09 07:17:50+02:00,92.1
2022-06-09 07:18:50+02:00,92.2
2022-06-09 07:19:51+02:00,92.4
2022-06-09 07:20:51+02:00,91.2
2022-06-09 07:21:51+02:00,90.7
2022-06-09 07:22:51+02:00,91.2
2022-06-09 07:23:51+02:00,91.4
2022-06-09 07:24:51+02:00,92.0
2022-06-09 07:25:51+02:00,93.0
2022-06-09 07:26:52+02:00,93.2
2022-06-09 07:27:52+02:00,93.5
2022-06-09 07:28:52+02:00,93.9
2022-06-09 07:29:52+02:00,93.5
2022-06-09 07:30:52+02:00,93.3
2022-06-09 07:31:52+02:00,93.3
2022-06-09 07:32:53+02:00,50.0
2022-06-09 07:33:53+02:00,92.7
2022-06-09 07:34:53+02:00,92.5
2022-06-09 07:35:53+02:00,92.3
2022-06-09 07:36:53+02:00,92.2
2022-06-09 07:37:53+02:00,92.0
2022-06-09 07:38:53+02:00,92.6
2022-06-09 07:39:54+02:00,92.5
2022-06-09 07:40:54+02:00,92.7
2022-06-09 07:41:54+02:00,92.6
2022-06-09 07:42:54+02:00,92.2
2022-06-09 07:43:54+02:00,91.9
2022-06-09 07:44:54+02:00,91.7
2022-06-09 07:45:54+02:00,91.7
2022-06-09 07:46:55+02:00,91.9
2022-06-09 07:47:55+02:00,91.9
2022-06-09 07:48:55+02:00,91.1
2022-06-09 07:49:55+02:00,50.0
2022-06-09 07:50:55+02:00,50.0
2022-06-09 07:51:55+02:00,50.0
2022-06-09 07:52:55+02:00,91.7
2022-06-09 07:53:56+02:00,90.9
2022-06-09 07:54:56+02:00,90.8
2022-06-09 07:55:56+02:00,50.0
2022-06-09 07:56:56+02:00,91.0
2022-06-09 07:57:56+02:00,93.1
2022-06-09 07:58:56+02:00,92.8
2022-06-09 07:59:57+02:00,93.2
2022-06-09 08:00:57+02:00,93.6
2022-06-09 08:01:57+02:00,92.5
2022-06-09 08:02:57+02:00,92.8
2022-06-09 08:03:57+02:00,93.9
2022-06-09 08:04:57+02:00,93.8
2022-06-09 08:05:57+02:00,50.0
2022-06-09 08:06:58+02:00,93.3
2022-06-09 08:07:58+02:00,93.3
2022-06-09 08:08:58+02:00,93.3
2022-06-09 08:09:58+02:00,93.8
2022-06-09 08:10:58+02:00,93.8
2022-06-09 08:11:58+02:00,93.0
2022-06-09 08:12:58+02:00,91.0
2022-06-09 08:13:59+02:00,91.9
2022-06-09 08:14:59+02:00,92.9
2022-06-09 08:15:59+02:00,94.1
2022-06-09 08:16:59+02:00,94.1
2022-06-09 08:17:59+02:00,95.1
2022-06-09 08:18:59+02:00,95.1
2022-06-09 08:20:00+02:00,50.0
2022-06-09 08:21:00+02:00,93.8
2022-06-09 08:22:00+02:00,93.4
2022-06-09 08:23:00+02:00,92.9
2022-06-09 08:24:00+02:00,92.5
2022-06-09 08:25:00+02:00,92.7
2022-06-09 08:26:00+02:00,93.1
2022-06-09 08:27:00+02:00,93.2
2022-06-09 08:28:00+02:00,93.1
2022-06-09 08:29:01+02:00,92.3
2022-06-09 08:30:01+02:00,92.4
2022-06-09 08:31:01+02:00,92.8
2022-06-09 08:32:01+02:00,50.0
2022-06-09 08:33:01+02:00,92.0
2022-06-09 08:34:01+02:00,91.8
2022-06-09 08:35:01+02:00,91.7
2022-06-09 08:36:01+02:00,91.6
2022-06-09 08:37:01+02:00,91.7
2022-06-09 08:38:01+02:00,91.9
2022-06-09 08:39:02+02:00,91.8
2022-06-09 08:40:02+02:00,91.7
2022-06-09 08:41:02+02:00,91.5
2022-06-09 08:42:02+02:00,91.3
2022-06-09 08:43:02+02:00,91.2
2022-06-09 08:44:02+02:00,91.5
2022-06-09 08:45:02+02:00,91.7
2022-06-09 08:46:02+02:00,91.7
2022-06-09 08:47:03+02:00,91.7
2022-06-09 08:48:03+02:00,91.3
2022-06-09 08:49:03+02:00,91.4
2022-06-09 08:50:03+02:00,91.4
2022-06-09 08:51:03+02:00,91.3
2022-06-09 08:52:03+02:00,91.4
2022-06-09 08:53:03+02:00,91.4
2022-06-09 08:54:03+02:00,91.5
2022-06-09 08:55:04+02:00,91.3
2022-06-09 08:56:04+02:00,91.4
2022-06-09 08:57:04+02:00,91.3
2022-06-09 08:58:04+02:00,91.2
2022-06-09 08:59:04+02:00,91.2
2022-06-09 09:00:04+02:00,91.3
2022-06-09 09:01:04+02:00,90.8
2022-06-09 09:02:04+02:00,91.0
2022-06-09 09:03:05+02:00,90.4
2022-06-09 09:04:05+02:00,90.0
2022-06-09 09:05:05+02:00,90.0
2022-06-09 09:06:05+02:00,89.6
2022-06-09 09:07:05+02:00,89.9
2022-06-09 09:08:05+02:00,90.2
2022-06-09 09:09:05+02:00,50.0
2022-06-09 09:10:05+02:00,90.2
2022-06-09 09:11:06+02:00,90.5
2022-06-09 09:12:06+02:00,90.6
2022-06-09 09:13:06+02:00,90.7
2022-06-09 09:14:06+02:00,90.6
2022-06-09 09:15:06+02:00,90.7
2022-06-09 09:16:06+02:00,90.9
2022-06-09 09:17:06+02:00,90.8
2022-06-09 09:18:06+02:00,90.7
2022-06-09 09:19:07+02:00,50.0
2022-06-09 09:20:07+02:00,90.8
2022-06-09 09:21:07+02:00,90.9
2022-06-09 09:22:07+02:00,90.4
2022-06-09 09:23:07+02:00,90.4
2022-06-09 09:24:07+02:00,90.0
2022-06-09 09:25:07+02:00,90.3
2022-06-09 09:26:07+02:00,90.5
2022-06-09 09:27:08+02:00,90.5
2022-06-09 09:28:08+02:00,89.7
2022-06-09 09:29:08+02:00,50.0
2022-06-09 09:30:08+02:00,89.0
2022-06-09 09:31:08+02:00,88.5
2022-06-09 09:32:08+02:00,87.0
2022-06-09 09:33:08+02:00,85.6
2022-06-09 09:34:08+02:00,84.6
2022-06-09 09:35:08+02:00,85.4
2022-06-09 09:36:08+02:00,86.0
2022-06-09 09:37:09+02:00,87.4
2022-06-09 09:38:09+02:00,87.4
2022-06-09 09:39:09+02:00,88.0
2022-06-09 09:40:09+02:00,50.0
2022-06-09 09:41:09+02:00,88.3
2022-06-09 09:42:09+02:00,90.1
2022-06-09 09:43:09+02:00,90.4
2022-06-09 09:44:09+02:00,92.1
2022-06-09 09:45:09+02:00,50.0
2022-06-09 09:46:09+02:00,50.0
2022-06-09 09:47:09+02:00,50.0
2022-06-09 09:48:09+02:00,50.0
2022-06-09 09:49:10+02:00,50.0
2022-06-09 09:50:10+02:00,50.0
2022-06-09 09:51:10+02:00,50.0
2022-06-09 09:52:10+02:00,50.0
2022-06-09 09:53:10+02:00,50.0
2022-06-09 09:54:10+02:00,50.0
2022-06-09 09:55:10+02:00,50.0
2022-06-09 09:56:10+02:00,50.0
2022-06-09 09:57:10+02:00,50.0
2022-06-09 09:58:10+02:00,50.0
2022-06-09 09:59:10+02:00,50.0
2022-06-09 10:00:10+02:00,50.0
2022-06-09 10:01:11+02:00,50.0
2022-06-09 10:02:11+02:00,50.0
2022-06-09 10:03:11+02:00,50.0
2022-06-09 10:04:11+02:00,50.0
2022-06-09 10:05:11+02:00,50.0
2022-06-09 10:06:11+02:00,50.0
2022-06-09 10:07:11+02:00,50.0
2022-06-09 10:08:11+02:00,50.0
2022-06-09 10:09:11+02:00,50.0
2022-06-09 10:10:12+02:00,50.0
2022-06-09 10:11:12+02:00,50.0
2022-06-09 10:12:12+02:00,50.0
2022-06-09 10:13:12+02:00,50.0
2022-06-09 10:14:12+02:00,50.0
2022-06-09 10:15:12+02:00,50.0
2022-06-09 10:16:12+02:00,50.0
2022-06-09 10:17:13+02:00,50.0
2022-06-09 10:18:13+02:00,50.0
2022-06-09 10:19:13+02:00,50.0
2022-06-09 10:20:13+02:00,50.0
2022-06-10 02:24:30+02:00,50.0
2022-06-10 02:25:30+02:00,92.1
2022-06-10 02:26:30+02:00,93.0
2022-06-10 02:27:30+02:00,94.1
2022-06-10 02:28:30+02:00,94.6
2022-06-10 02:29:30+02:00,94.6
2022-06-10 02:30:30+02:00,94.5
2022-06-10 02:31:30+02:00,94.8
2022-06-10 02:32:30+02:00,94.6
2022-06-10 02:33:30+02:00,95.0
2022-06-10 02:34:30+02:00,94.7
2022-06-10 02:35:31+02:00,94.7
2022-06-10 02:36:31+02:00,95.0
2022-06-10 02:37:31+02:00,95.6
2022-06-10 02:38:31+02:00,96.3
2022-06-10 02:39:31+02:00,96.3
2022-06-10 02:40:31+02:00,96.1
2022-06-10 02:41:31+02:00,96.1
2022-06-10 02:42:32+02:00,96.1
2022-06-10 02:43:32+02:00,96.3
2022-06-10 02:44:32+02:00,95.0
2022-06-10 02:45:32+02:00,94.7
2022-06-10 02:46:32+02:00,94.9
2022-06-10 02:47:32+02:00,94.4
2022-06-10 02:48:33+02:00,94.0
2022-06-10 02:49:33+02:00,50.0
2022-06-10 02:50:33+02:00,93.5
2022-06-10 02:51:33+02:00,92.6
2022-06-10 02:52:33+02:00,92.1
2022-06-10 02:53:33+02:00,91.7
2022-06-10 02:54:34+02:00,91.5
2022-06-10 02:55:34+02:00,91.5
2022-06-10 02:56:34+02:00,91.5
2022-06-10 02:57:34+02:00,91.4
2022-06-10 02:58:34+02:00,91.5
2022-06-10 02:59:34+02:00,91.2
2022-06-10 03:00:34+02:00,91.1
2022-06-10 03:01:35+02:00,91.0
2022-06-10 03:02:35+02:00,90.9
2022-06-10 03:03:35+02:00,91.2
2022-06-10 03:04:35+02:00,91.3
2022-06-10 03:05:35+02:00,91.3
2022-06-10 03:06:35+02:00,91.5
2022-06-10 03:07:36+02:00,91.5
2022-06-10 03:08:36+02:00,91.7
2022-06-10 03:09:36+02:00,91.8
2022-06-10 03:10:36+02:00,91.7
2022-06-10 03:11:36+02:00,91.9
2022-06-10 03:12:36+02:00,91.8
2022-06-10 03:13:36+02:00,91.8
2022-06-10 03:14:37+02:00,91.5
2022-06-10 03:15:37+02:00,93.1
2022-06-10 03:16:37+02:00,94.5
2022-06-10 03:17:37+02:00,94.7
2022-06-10 03:18:37+02:00,94.9
2022-06-10 03:19:37+02:00,95.5
2022-06-10 03:20:38+02:00,94.8
2022-06-10 03:21:38+02:00,94.9
2022-06-10 03:22:38+02:00,95.1
2022-06-10 03:23:38+02:00,94.1
2022-06-10 03:24:38+02:00,93.6
2022-06-10 03:25:38+02:00,92.6
2022-06-10 03:26:39+02:00,91.2
2022-06-10 03:27:39+02:00,90.8
2022-06-10 03:28:39+02:00,91.1
2022-06-10 03:29:39+02:00,92.4
2022-06-10 03:30:39+02:00,93.0
2022-06-10 03:31:39+02:00,50.0
2022-06-10 03:32:39+02:00,92.1
2022-06-10 03:33:40+02:00,91.8
2022-06-10 03:34:40+02:00,91.5
2022-06-10 03:35:40+02:00,90.0
2022-06-10 03:36:40+02:00,88.4
2022-06-10 03:37:40+02:00,87.6
2022-06-10 03:38:40+02:00,86.7
2022-06-10 03:39:41+02:00,50.0
2022-06-10 03:40:41+02:00,88.0
2022-06-10 03:41:41+02:00,89.4
2022-06-10 03:42:41+02:00,90.9
2022-06-10 03:43:41+02:00,89.4
2022-06-10 03:44:41+02:00,50.0
2022-06-10 03:45:42+02:00,90.1
2022-06-10 03:46:42+02:00,50.0
2022-06-10 03:47:42+02:00,89.4
2022-06-10 03:48:42+02:00,88.1
2022-06-10 03:49:42+02:00,88.7
2022-06-10 03:50:42+02:00,88.7
2022-06-10 03:51:42+02:00,89.1
2022-06-10 03:52:43+02:00,88.9
2022-06-10 03:53:43+02:00,89.0
2022-06-10 03:54:43+02:00,89.5
2022-06-10 03:55:43+02:00,90.1
2022-06-10 03:56:43+02:00,90.7
2022-06-10 03:57:43+02:00,90.9
2022-06-10 03:58:44+02:00,91.1
2022-06-10 03:59:44+02:00,91.3
2022-06-10 04:00:44+02:00,91.2
2022-06-10 04:01:44+02:00,91.0
2022-06-10 04:02:44+02:00,90.6
2022-06-10 04:03:44+02:00,90.9
2022-06-10 04:04:45+02:00,91.2
2022-06-10 04:05:45+02:00,91.0
2022-06-10 04:06:45+02:00,91.0
2022-06-10 04:07:45+02:00,90.9
2022-06-10 04:08:45+02:00,91.1
2022-06-10 04:09:45+02:00,90.7
2022-06-10 04:10:45+02:00,91.0
2022-06-10 04:11:46+02:00,91.2
2022-06-10 04:12:46+02:00,90.9
2022-06-10 04:13:46+02:00,91.0
2022-06-10 04:14:46+02:00,91.0
2022-06-10 04:15:46+02:00,91.1
2022-06-10 04:16:46+02:00,90.7
2022-06-10 04:17:46+02:00,90.4
2022-06-10 04:18:47+02:00,90.5
2022-06-10 04:19:47+02:00,90.4
2022-06-10 04:20:47+02:00,90.4
2022-06-10 04:21:47+02:00,90.3
2022-06-10 04:22:47+02:00,90.2
2022-06-10 04:23:47+02:00,50.0
2022-06-10 04:24:47+02:00,91.2
2022-06-10 04:25:48+02:00,91.7
2022-06-10 04:26:48+02:00,92.3
2022-06-10 04:27:48+02:00,92.6
2022-06-10 04:28:48+02:00,92.5
2022-06-10 04:29:48+02:00,92.6
2022-06-10 04:30:48+02:00,92.8
2022-06-10 04:31:48+02:00,92.7
2022-06-10 04:32:49+02:00,92.2
2022-06-10 04:33:49+02:00,92.2
2022-06-10 04:34:49+02:00,92.0
2022-06-10 04:35:49+02:00,92.0
2022-06-10 04:36:49+02:00,50.0
2022-06-10 04:37:49+02:00,50.0
2022-06-10 04:38:49+02:00,50.0
2022-06-10 04:39:50+02:00,91.1
2022-06-10 04:40:50+02:00,91.3
2022-06-10 04:41:50+02:00,91.2
2022-06-10 04:42:50+02:00,90.8
2022-06-10 04:43:50+02:00,90.7
2022-06-10 04:44:50+02:00,91.0
2022-06-10 04:45:50+02:00,91.5
2022-06-10 04:46:51+02:00,91.8
2022-06-10 04:47:51+02:00,91.8
2022-06-10 04:48:51+02:00,91.3
2022-06-10 04:49:51+02:00,91.3
2022-06-10 04:50:51+02:00,91.4
2022-06-10 04:51:51+02:00,50.0
2022-06-10 04:52:52+02:00,90.9
2022-06-10 04:53:52+02:00,91.1
2022-06-10 04:54:52+02:00,91.6
2022-06-10 04:55:52+02:00,91.4
2022-06-10 04:56:52+02:00,90.6
2022-06-10 04:57:52+02:00,90.8
2022-06-10 04:58:53+02:00,90.7
2022-06-10 04:59:53+02:00,90.4
2022-06-10 05:00:53+02:00,90.3
2022-06-10 05:01:53+02:00,50.0
2022-06-10 05:02:53+02:00,89.9
2022-06-10 05:03:53+02:00,88.0
2022-06-10 05:04:53+02:00,88.3
2022-06-10 05:05:54+02:00,88.4
2022-06-10 05:06:54+02:00,88.3
2022-06-10 05:07:54+02:00,88.5
2022-06-10 05:08:54+02:00,88.9
2022-06-10 05:09:54+02:00,89.0
2022-06-10 05:10:54+02:00,89.3
2022-06-10 05:11:55+02:00,50.0
2022-06-10 05:12:55+02:00,89.6
2022-06-10 05:13:55+02:00,91.8
2022-06-10 05:14:55+02:00,92.9
2022-06-10 05:15:55+02:00,93.3
2022-06-10 05:16:55+02:00,93.6
2022-06-10 05:17:56+02:00,93.5
2022-06-10 05:18:56+02:00,93.6
2022-06-10 05:19:56+02:00,93.8
2022-06-10 05:20:56+02:00,93.8
2022-06-10 05:21:56+02:00,93.7
2022-06-10 05:22:56+02:00,93.5
2022-06-10 05:23:56+02:00,93.2
2022-06-10 05:24:57+02:00,93.2
2022-06-10 05:25:57+02:00,93.2
2022-06-10 05:26:57+02:00,93.0
2022-06-10 05:27:57+02:00,92.7
2022-06-10 05:28:57+02:00,92.9
2022-06-10 05:29:57+02:00,93.6
2022-06-10 05:30:58+02:00,94.1
2022-06-10 05:31:58+02:00,94.0
2022-06-10 05:32:58+02:00,93.7
2022-06-10 05:33:58+02:00,93.6
2022-06-10 05:34:58+02:00,50.0
2022-06-10 05:35:58+02:00,93.7
2022-06-10 05:36:59+02:00,93.4
2022-06-10 05:37:59+02:00,92.7
2022-06-10 05:38:59+02:00,91.5
2022-06-10 05:39:59+02:00,90.9
2022-06-10 05:40:59+02:00,50.0
2022-06-10 05:41:59+02:00,89.9
2022-06-10 05:42:59+02:00,90.2
2022-06-10 05:44:00+02:00,90.6
2022-06-10 05:45:00+02:00,90.7
2022-06-10 05:46:00+02:00,90.9
2022-06-10 05:47:00+02:00,91.1
2022-06-10 05:48:00+02:00,91.4
2022-06-10 05:49:00+02:00,91.4
2022-06-10 05:50:00+02:00,91.9
2022-06-10 05:51:00+02:00,91.6
2022-06-10 05:52:01+02:00,90.2
2022-06-10 05:53:01+02:00,91.3
2022-06-10 05:54:01+02:00,91.9
2022-06-10 05:55:01+02:00,91.8
2022-06-10 05:56:01+02:00,91.5
2022-06-10 05:57:01+02:00,91.8
2022-06-10 05:58:01+02:00,91.3
2022-06-10 05:59:01+02:00,91.4
2022-06-10 06:00:01+02:00,91.2
2022-06-10 06:01:01+02:00,90.5
2022-06-10 06:02:01+02:00,89.8
2022-06-10 06:03:01+02:00,89.7
2022-06-10 06:04:02+02:00,89.7
2022-06-10 06:05:02+02:00,89.4
2022-06-10 06:06:02+02:00,89.5
2022-06-10 06:07:02+02:00,89.5
2022-06-10 06:08:02+02:00,89.7
2022-06-10 06:09:02+02:00,89.2
2022-06-10 06:10:02+02:00,89.0
2022-06-10 06:11:02+02:00,50.0
2022-06-10 06:12:03+02:00,50.0
2022-06-10 06:13:03+02:00,89.6
2022-06-10 06:14:03+02:00,88.7
2022-06-10 06:15:03+02:00,90.0
2022-06-10 06:16:03+02:00,91.9
2022-06-10 06:17:03+02:00,92.1
2022-06-10 06:18:03+02:00,94.3
2022-06-10 06:19:03+02:00,94.5
2022-06-10 06:20:04+02:00,96.1
2022-06-10 06:21:04+02:00,96.7
2022-06-10 06:22:04+02:00,97.0
2022-06-10 06:23:04+02:00,97.5
2022-06-10 06:24:04+02:00,96.9
2022-06-10 06:25:04+02:00,95.8
2022-06-10 06:26:04+02:00,95.4
2022-06-10 06:27:04+02:00,94.9
2022-06-10 06:28:05+02:00,94.5
2022-06-10 06:29:05+02:00,94.6
2022-06-10 06:30:05+02:00,94.6
2022-06-10 06:31:05+02:00,95.1
2022-06-10 06:32:05+02:00,94.9
2022-06-10 06:33:05+02:00,95.1
2022-06-10 06:34:05+02:00,94.9
2022-06-10 06:35:05+02:00,95.3
2022-06-10 06:36:06+02:00,95.4
2022-06-10 06:37:06+02:00,96.6
2022-06-10 06:38:06+02:00,98.4
2022-06-10 06:39:06+02:00,99.5
2022-06-10 06:40:06+02:00,100.0
2022-06-10 06:41:06+02:00,100.0
2022-06-10 06:42:06+02:00,100.0
2022-06-10 06:43:06+02:00,100.0
2022-06-10 06:44:06+02:00,100.0
2022-06-10 06:45:07+02:00,100.0
2022-06-10 06:46:07+02:00,99.8
2022-06-10 06:47:07+02:00,98.9
2022-06-10 06:48:07+02:00,98.0
2022-06-10 06:49:07+02:00,98.4
2022-06-10 06:50:07+02:00,99.3
2022-06-10 06:51:07+02:00,100.0
2022-06-10 06:52:07+02:00,100.0
2022-06-10 06:53:07+02:00,100.0
2022-06-10 06:54:07+02:00,100.0
2022-06-10 06:55:08+02:00,100.0
2022-06-10 06:56:08+02:00,100.0
2022-06-10 06:57:08+02:00,100.0
2022-06-10 06:58:08+02:00,100.0
2022-06-10 06:59:08+02:00,100.0
2022-06-10 07:00:08+02:00,99.0
2022-06-10 07:01:08+02:00,98.3
2022-06-10 07:02:08+02:00,96.5
2022-06-10 07:03:08+02:00,96.2
2022-06-10 07:04:09+02:00,95.8
2022-06-10 07:05:09+02:00,95.7
2022-06-10 07:06:09+02:00,95.8
2022-06-10 07:07:09+02:00,94.1
2022-06-10 07:08:09+02:00,94.4
2022-06-10 07:09:09+02:00,94.8
2022-06-10 07:10:09+02:00,97.2
2022-06-10 07:11:09+02:00,98.4
2022-06-10 07:12:09+02:00,97.6
2022-06-10 07:13:09+02:00,98.5
2022-06-10 07:14:10+02:00,98.9
2022-06-10 07:15:10+02:00,99.3
2022-06-10 07:16:10+02:00,99.6
2022-06-10 07:17:10+02:00,99.5
2022-06-10 07:18:10+02:00,99.5
2022-06-10 07:19:10+02:00,99.7
2022-06-10 07:20:10+02:00,99.9
2022-06-10 07:21:10+02:00,100.0
2022-06-10 07:22:10+02:00,100.0
2022-06-10 07:23:10+02:00,98.9
2022-06-10 07:24:11+02:00,99.4
2022-06-10 07:25:11+02:00,98.0
2022-06-10 07:26:11+02:00,50.0
2022-06-10 07:27:11+02:00,96.7
2022-06-10 07:28:11+02:00,94.9
2022-06-10 07:29:11+02:00,93.9
2022-06-10 07:30:11+02:00,93.0
2022-06-10 07:31:11+02:00,92.6
2022-06-10 07:32:11+02:00,92.3
2022-06-10 07:33:12+02:00,92.3
2022-06-10 07:34:12+02:00,91.8
2022-06-10 07:35:12+02:00,90.9
2022-06-10 07:36:12+02:00,91.0
2022-06-10 07:37:12+02:00,91.4
2022-06-10 07:38:12+02:00,91.4
2022-06-10 07:39:12+02:00,90.9
2022-06-10 07:40:13+02:00,91.1
2022-06-10 07:41:13+02:00,91.6
2022-06-10 07:42:13+02:00,91.7
2022-06-10 07:43:13+02:00,92.1
2022-06-10 07:44:13+02:00,92.3
2022-06-10 07:45:13+02:00,91.9
2022-06-10 07:46:14+02:00,91.9
2022-06-10 07:47:14+02:00,91.9
2022-06-10 07:48:14+02:00,92.4
2022-06-10 07:49:14+02:00,92.2
2022-06-10 07:50:14+02:00,92.1
2022-06-10 07:51:14+02:00,92.1
2022-06-10 07:52:15+02:00,91.8
2022-06-10 07:53:15+02:00,91.2
2022-06-10 07:54:15+02:00,91.3
2022-06-10 07:55:15+02:00,91.5
2022-06-10 07:56:15+02:00,91.2
2022-06-10 07:57:15+02:00,91.1
2022-06-10 07:58:15+02:00,90.7
2022-06-10 07:59:15+02:00,91.0
2022-06-10 08:00:16+02:00,90.8
2022-06-10 08:01:16+02:00,90.7
2022-06-10 08:02:16+02:00,50.0
2022-06-10 08:03:16+02:00,90.8
2022-06-10 08:04:16+02:00,90.9
2022-06-10 08:05:16+02:00,90.6
2022-06-10 08:06:17+02:00,90.5
2022-06-10 08:07:17+02:00,90.9
2022-06-10 08:08:17+02:00,90.7
2022-06-10 08:09:17+02:00,90.5
2022-06-10 08:10:17+02:00,90.3
2022-06-10 08:11:17+02:00,90.0
2022-06-10 08:12:17+02:00,90.1
2022-06-10 08:13:18+02:00,91.0
2022-06-10 08:14:18+02:00,91.1
2022-06-10 08:15:18+02:00,90.3
2022-06-10 08:16:18+02:00,90.5
2022-06-10 08:17:18+02:00,90.9
2022-06-10 08:18:18+02:00,90.8
2022-06-10 08:19:19+02:00,50.0
2022-06-10 08:20:19+02:00,91.5
2022-06-10 08:21:19+02:00,92.8
2022-06-10 08:22:19+02:00,93.0
2022-06-10 08:23:19+02:00,93.6
2022-06-10 08:24:19+02:00,93.9
2022-06-10 08:25:19+02:00,93.0
2022-06-10 08:26:20+02:00,92.9
2022-06-10 08:27:20+02:00,92.2
2022-06-10 08:28:20+02:00,93.2
2022-06-10 08:29:20+02:00,93.9
2022-06-10 08:30:20+02:00,92.3
2022-06-10 08:31:20+02:00,91.4
2022-06-10 08:32:20+02:00,89.8
2022-06-10 08:33:21+02:00,50.0
2022-06-10 08:34:21+02:00,88.7
2022-06-10 08:35:21+02:00,88.8
2022-06-10 08:36:21+02:00,89.8
2022-06-10 08:37:21+02:00,90.3
2022-06-10 08:38:21+02:00,90.5
2022-06-10 08:39:22+02:00,90.7
2022-06-10 08:40:22+02:00,90.8
2022-06-10 08:41:22+02:00,91.0
2022-06-10 08:42:22+02:00,90.9
2022-06-10 08:43:22+02:00,90.9
2022-06-10 08:44:22+02:00,90.9
2022-06-10 08:45:23+02:00,91.2
2022-06-10 08:46:23+02:00,91.3
2022-06-10 08:47:23+02:00,91.3
2022-06-10 08:48:23+02:00,50.0
2022-06-10 08:49:23+02:00,91.4
2022-06-10 08:50:23+02:00,91.8
2022-06-10 08:51:23+02:00,92.2
2022-06-10 08:52:24+02:00,91.5
2022-06-10 08:53:24+02:00,91.4
2022-06-10 08:54:24+02:00,91.7
2022-06-10 08:55:24+02:00,91.8
2022-06-10 08:56:24+02:00,91.8
2022-06-10 08:57:24+02:00,91.8
2022-06-10 08:58:25+02:00,92.0
2022-06-10 08:59:25+02:00,50.0
2022-06-10 09:00:25+02:00,92.1
2022-06-10 09:01:25+02:00,92.1
2022-06-10 09:02:25+02:00,92.0
2022-06-10 09:03:25+02:00,92.3
2022-06-10 09:04:25+02:00,92.5
2022-06-10 09:05:26+02:00,92.5
2022-06-10 09:06:26+02:00,92.5
2022-06-10 09:07:26+02:00,92.5
2022-06-10 09:08:26+02:00,92.5
2022-06-10 09:09:26+02:00,92.4
2022-06-10 09:10:26+02:00,92.2
2022-06-10 09:11:26+02:00,92.4
2022-06-10 09:12:27+02:00,92.4
2022-06-10 09:13:27+02:00,92.4
2022-06-10 09:14:27+02:00,92.4
2022-06-10 09:15:27+02:00,92.4
2022-06-10 09:16:27+02:00,92.4
2022-06-10 09:17:27+02:00,50.0
2022-06-10 09:18:27+02:00,92.2
2022-06-10 09:19:27+02:00,92.1
2022-06-10 09:20:28+02:00,50.0
2022-06-10 09:21:28+02:00,91.9
2022-06-10 09:22:28+02:00,91.9
2022-06-10 09:23:28+02:00,50.0
2022-06-10 09:24:28+02:00,50.0
2022-06-10 09:25:28+02:00,91.7
2022-06-10 09:26:28+02:00,50.0
2022-06-10 09:27:29+02:00,50.0
2022-06-10 09:28:29+02:00,50.0
2022-06-10 09:29:29+02:00,50.0
2022-06-10 09:30:29+02:00,50.0
2022-06-10 09:31:29+02:00,50.0
2022-06-10 09:32:29+02:00,50.0
2022-06-10 09:33:29+02:00,50.0
2022-06-10 09:34:30+02:00,50.0
2022-06-10 09:35:30+02:00,50.0
2022-06-10 09:36:30+02:00,50.0
2022-06-10 09:37:30+02:00,91.9
2022-06-10 09:38:30+02:00,92.0
2022-06-10 09:39:30+02:00,50.0
2022-06-10 09:40:30+02:00,50.0
2022-06-10 09:41:30+02:00,92.3
2022-06-10 09:42:31+02:00,50.0
2022-06-10 09:43:31+02:00,90.7
2022-06-10 09:44:31+02:00,89.9
2022-06-10 09:45:31+02:00,50.0
2022-06-10 09:46:31+02:00,50.0
2022-06-10 09:47:31+02:00,50.0
2022-06-10 09:48:31+02:00,90.9
2022-06-10 09:49:31+02:00,50.0
2022-06-10 09:50:31+02:00,91.9
2022-06-10 09:51:32+02:00,50.0
2022-06-10 09:52:32+02:00,50.0
2022-06-10 09:53:32+02:00,50.0
2022-06-10 09:54:32+02:00,50.0
2022-06-10 09:55:32+02:00,50.0
2022-06-10 09:56:32+02:00,50.0
2022-06-10 09:57:32+02:00,50.0
2022-06-10 09:58:33+02:00,50.0
2022-06-10 09:59:33+02:00,50.0
2022-06-10 10:00:33+02:00,50.0
2022-06-10 10:01:33+02:00,50.0
2022-06-11 01:12:00+02:00,50.0
2022-06-11 01:13:00+02:00,83.7
2022-06-11 01:14:00+02:00,82.9
2022-06-11 01:15:00+02:00,82.9
2022-06-11 01:16:00+02:00,82.5
2022-06-11 01:17:00+02:00,82.7
2022-06-11 01:18:00+02:00,82.2
2022-06-11 01:19:00+02:00,50.0
2022-06-11 01:20:00+02:00,50.0
2022-06-11 01:21:00+02:00,50.0
2022-06-11 01:22:00+02:00,83.5
2022-06-11 01:23:00+02:00,86.9
2022-06-11 01:24:00+02:00,88.9
2022-06-11 01:25:01+02:00,90.6
2022-06-11 01:26:01+02:00,92.2
2022-06-11 01:27:01+02:00,92.7
2022-06-11 01:28:01+02:00,93.4
2022-06-11 01:29:01+02:00,94.6
2022-06-11 01:30:01+02:00,95.1
2022-06-11 01:31:01+02:00,95.6
2022-06-11 01:32:02+02:00,95.6
2022-06-11 01:33:02+02:00,95.6
2022-06-11 01:34:02+02:00,95.7
2022-06-11 01:35:02+02:00,95.7
2022-06-11 01:36:02+02:00,95.7
2022-06-11 01:37:02+02:00,95.7
2022-06-11 01:38:02+02:00,95.6
2022-06-11 01:39:02+02:00,95.5
2022-06-11 01:40:02+02:00,95.5
2022-06-11 01:41:03+02:00,95.3
2022-06-11 01:42:03+02:00,50.0
2022-06-11 01:43:03+02:00,95.1
2022-06-11 01:44:03+02:00,97.6
2022-06-11 01:45:03+02:00,98.5
2022-06-11 01:46:03+02:00,99.1
2022-06-11 01:47:03+02:00,99.5
2022-06-11 01:48:03+02:00,99.7
2022-06-11 01:49:04+02:00,99.8
2022-06-11 01:50:04+02:00,100.0
2022-06-11 01:51:04+02:00,100.0
2022-06-11 01:52:04+02:00,100.0
2022-06-11 01:53:04+02:00,100.0
2022-06-11 01:54:04+02:00,99.9
2022-06-11 01:55:04+02:00,100.0
2022-06-11 01:56:04+02:00,100.0
2022-06-11 01:57:05+02:00,100.0
2022-06-11 01:58:05+02:00,100.0
2022-06-11 01:59:05+02:00,100.0
2022-06-11 02:00:05+02:00,100.0
2022-06-11 02:00:05+02:00,100.0
2022-06-11 02:01:05+02:00,100.0
2022-06-11 02:02:05+02:00,100.0
2022-06-11 02:03:05+02:00,99.1
2022-06-11 02:04:05+02:00,99.3
2022-06-11 02:05:06+02:00,99.5
2022-06-11 02:06:06+02:00,99.6
2022-06-11 02:07:06+02:00,99.8
2022-06-11 02:08:06+02:00,99.9
2022-06-11 02:09:06+02:00,98.3
2022-06-11 02:10:06+02:00,98.5
2022-06-11 02:11:06+02:00,98.8
2022-06-11 02:12:07+02:00,99.1
2022-06-11 02:13:07+02:00,98.3
2022-06-11 02:14:07+02:00,98.5
2022-06-11 02:15:07+02:00,98.4
2022-06-11 02:16:07+02:00,50.0
2022-06-11 02:17:07+02:00,97.4
2022-06-11 02:18:07+02:00,95.4
2022-06-11 02:19:07+02:00,93.8
2022-06-11 02:20:07+02:00,91.9
2022-06-11 02:21:07+02:00,91.1
2022-06-11 02:22:08+02:00,90.2
2022-06-11 02:23:08+02:00,89.3
2022-06-11 02:24:08+02:00,88.5
2022-06-11 02:25:08+02:00,88.0
2022-06-11 02:26:08+02:00,87.6
2022-06-11 02:27:08+02:00,87.4
2022-06-11 02:28:08+02:00,86.7
2022-06-11 02:29:08+02:00,86.0
2022-06-11 02:30:08+02:00,85.7
2022-06-11 02:31:09+02:00,85.4
2022-06-11 02:32:09+02:00,85.3
2022-06-11 02:33:09+02:00,85.4
2022-06-11 02:34:09+02:00,85.5
2022-06-11 02:35:09+02:00,85.7
2022-06-11 02:36:09+02:00,85.6
2022-06-11 02:37:09+02:00,85.6
2022-06-11 02:38:09+02:00,85.7
2022-06-11 02:39:09+02:00,86.1
2022-06-11 02:40:10+02:00,86.5
2022-06-11 02:41:10+02:00,86.8
2022-06-11 02:42:10+02:00,87.1
2022-06-11 02:43:10+02:00,87.5
2022-06-11 02:44:10+02:00,87.8
2022-06-11 02:45:10+02:00,50.0
2022-06-11 02:46:10+02:00,88.5
2022-06-11 02:47:10+02:00,89.8
2022-06-11 02:48:10+02:00,90.7
2022-06-11 02:49:11+02:00,91.2
2022-06-11 02:50:11+02:00,91.5
2022-06-11 02:51:11+02:00,91.7
2022-06-11 02:52:11+02:00,91.6
2022-06-11 02:53:11+02:00,91.6
2022-06-11 02:54:11+02:00,91.4
2022-06-11 02:55:11+02:00,91.4
2022-06-11 02:56:11+02:00,91.4
2022-06-11 02:57:11+02:00,91.5
2022-06-11 02:58:11+02:00,91.6
2022-06-11 02:59:11+02:00,91.6
2022-06-11 03:00:11+02:00,91.5
2022-06-11 03:01:12+02:00,91.6
2022-06-11 03:02:12+02:00,91.3
2022-06-11 03:03:12+02:00,91.1
2022-06-11 03:04:12+02:00,90.9
2022-06-11 03:05:12+02:00,90.9
2022-06-11 03:06:12+02:00,90.8
2022-06-11 03:07:13+02:00,50.0
2022-06-11 03:08:13+02:00,91.2
2022-06-11 03:09:13+02:00,92.3
2022-06-11 03:10:13+02:00,92.8
2022-06-11 03:11:13+02:00,93.2
2022-06-11 03:12:13+02:00,93.5
2022-06-11 03:13:14+02:00,93.3
2022-06-11 03:14:14+02:00,93.8
2022-06-11 03:15:14+02:00,93.8
2022-06-11 03:16:14+02:00,94.2
2022-06-11 03:17:14+02:00,50.0
2022-06-11 03:18:14+02:00,93.2
2022-06-11 03:19:15+02:00,92.4
2022-06-11 03:20:15+02:00,92.2
2022-06-11 03:21:15+02:00,91.8
2022-06-11 03:22:15+02:00,91.6
2022-06-11 03:23:15+02:00,91.5
2022-06-11 03:24:15+02:00,91.3
2022-06-11 03:25:15+02:00,91.1
2022-06-11 03:26:16+02:00,91.1
2022-06-11 03:27:16+02:00,91.0
2022-06-11 03:28:16+02:00,91.1
2022-06-11 03:29:16+02:00,91.2
2022-06-11 03:30:16+02:00,91.2
2022-06-11 03:31:16+02:00,91.1
2022-06-11 03:32:17+02:00,91.1
2022-06-11 03:33:17+02:00,91.1
2022-06-11 03:34:17+02:00,91.1
2022-06-11 03:35:17+02:00,91.0
2022-06-11 03:36:17+02:00,91.1
2022-06-11 03:37:17+02:00,91.0
2022-06-11 03:38:17+02:00,91.1
2022-06-11 03:39:18+02:00,91.1
2022-06-11 03:40:18+02:00,91.4
2022-06-11 03:41:18+02:00,91.4
2022-06-11 03:42:18+02:00,91.5
2022-06-11 03:43:18+02:00,91.5
2022-06-11 03:44:18+02:00,91.5
2022-06-11 03:45:19+02:00,91.6
2022-06-11 03:46:19+02:00,91.7
2022-06-11 03:47:19+02:00,91.7
2022-06-11 03:48:19+02:00,91.7
2022-06-11 03:49:19+02:00,91.7
2022-06-11 03:50:19+02:00,91.6
2022-06-11 03:51:19+02:00,91.6
2022-06-11 03:52:20+02:00,91.6
2022-06-11 03:53:20+02:00,91.5
2022-06-11 03:54:20+02:00,91.5
2022-06-11 03:55:20+02:00,91.5
2022-06-11 03:56:20+02:00,91.5
2022-06-11 03:57:20+02:00,91.5
2022-06-11 03:58:21+02:00,91.6
2022-06-11 03:59:21+02:00,91.5
2022-06-11 04:00:21+02:00,91.6
2022-06-11 04:01:21+02:00,91.8
2022-06-11 04:02:21+02:00,91.7
2022-06-11 04:03:21+02:00,91.8
2022-06-11 04:04:21+02:00,91.9
2022-06-11 04:05:22+02:00,91.9
2022-06-11 04:06:22+02:00,91.9
2022-06-11 04:07:22+02:00,91.7
2022-06-11 04:08:22+02:00,91.5
2022-06-11 04:09:22+02:00,91.6
2022-06-11 04:10:22+02:00,91.7
2022-06-11 04:11:23+02:00,91.7
2022-06-11 04:12:23+02:00,91.7
2022-06-11 04:13:23+02:00,91.7
2022-06-11 04:14:23+02:00,91.7
2022-06-11 04:15:23+02:00,91.7
2022-06-11 04:16:23+02:00,91.8
2022-06-11 04:17:24+02:00,91.9
2022-06-11 04:18:24+02:00,91.8
2022-06-11 04:19:24+02:00,91.9
2022-06-11 04:20:24+02:00,91.9
2022-06-11 04:21:24+02:00,91.8
2022-06-11 04:22:24+02:00,91.7
2022-06-11 04:23:24+02:00,91.7
2022-06-11 04:24:25+02:00,91.8
2022-06-11 04:25:25+02:00,91.9
2022-06-11 04:26:25+02:00,91.9
2022-06-11 04:27:25+02:00,91.8
2022-06-11 04:28:25+02:00,91.8
2022-06-11 04:29:25+02:00,91.8
2022-06-11 04:30:26+02:00,91.8
2022-06-11 04:31:26+02:00,91.8
2022-06-11 04:32:26+02:00,91.8
2022-06-11 04:33:26+02:00,91.8
2022-06-11 04:34:26+02:00,91.8
2022-06-11 04:35:26+02:00,91.8
2022-06-11 04:36:27+02:00,91.7
2022-06-11 04:37:27+02:00,91.6
2022-06-11 04:38:27+02:00,91.7
2022-06-11 04:39:27+02:00,91.7
2022-06-11 04:40:27+02:00,91.6
2022-06-11 04:41:27+02:00,91.5
2022-06-11 04:42:27+02:00,91.6
2022-06-11 04:43:28+02:00,91.6
2022-06-11 04:44:28+02:00,91.8
2022-06-11 04:45:28+02:00,91.9
2022-06-11 04:46:28+02:00,91.8
2022-06-11 04:47:28+02:00,91.9
2022-06-11 04:48:28+02:00,91.9
2022-06-11 04:49:29+02:00,91.9
2022-06-11 04:50:29+02:00,92.0
2022-06-11 04:51:29+02:00,91.9
2022-06-11 04:52:29+02:00,92.0
2022-06-11 04:53:29+02:00,92.3
2022-06-11 04:54:29+02:00,92.2
2022-06-11 04:55:30+02:00,92.0
2022-06-11 04:56:30+02:00,92.0
2022-06-11 04:57:30+02:00,92.0
2022-06-11 04:58:30+02:00,92.0
2022-06-11 04:59:30+02:00,92.0
2022-06-11 05:00:30+02:00,92.2
2022-06-11 05:01:30+02:00,92.0
2022-06-11 05:02:30+02:00,92.2
2022-06-11 05:03:31+02:00,92.3
2022-06-11 05:04:31+02:00,92.3
2022-06-11 05:05:31+02:00,92.4
2022-06-11 05:06:31+02:00,92.4
2022-06-11 05:07:31+02:00,92.3
2022-06-11 05:08:31+02:00,91.8
2022-06-11 05:09:31+02:00,91.9
2022-06-11 05:10:31+02:00,92.6
2022-06-11 05:11:32+02:00,92.2
2022-06-11 05:12:32+02:00,50.0
2022-06-11 05:13:32+02:00,91.7
2022-06-11 05:14:32+02:00,50.0
2022-06-11 05:15:32+02:00,91.4
2022-06-11 05:16:32+02:00,50.0
2022-06-11 05:17:32+02:00,91.6
2022-06-11 05:18:33+02:00,91.8
2022-06-11 05:19:33+02:00,91.9
2022-06-11 05:20:33+02:00,91.6
2022-06-11 05:21:33+02:00,92.0
2022-06-11 05:22:33+02:00,92.2
2022-06-11 05:23:33+02:00,92.4
2022-06-11 05:24:33+02:00,92.5
2022-06-11 05:25:34+02:00,92.6
2022-06-11 05:26:34+02:00,92.6
2022-06-11 05:27:34+02:00,50.0
2022-06-11 05:28:34+02:00,92.3
2022-06-11 05:29:34+02:00,50.0
2022-06-11 05:30:34+02:00,92.4
2022-06-11 05:31:34+02:00,92.2
2022-06-11 05:32:34+02:00,50.0
2022-06-11 05:33:35+02:00,92.5
2022-06-11 05:34:35+02:00,50.0
2022-06-11 05:35:35+02:00,92.3
2022-06-11 05:36:35+02:00,93.1
2022-06-11 05:37:35+02:00,93.4
2022-06-11 05:38:35+02:00,93.8
2022-06-11 05:39:35+02:00,93.9
2022-06-11 05:40:36+02:00,94.1
2022-06-11 05:41:36+02:00,94.5
2022-06-11 05:42:36+02:00,94.6
2022-06-11 05:43:36+02:00,93.5
2022-06-11 05:44:36+02:00,50.0
2022-06-11 05:45:36+02:00,92.5
2022-06-11 05:46:37+02:00,91.7
2022-06-11 05:47:37+02:00,91.8
2022-06-11 05:48:37+02:00,91.8
2022-06-11 05:49:37+02:00,92.3
2022-06-11 05:50:37+02:00,92.1
2022-06-11 05:51:37+02:00,92.3
2022-06-11 05:52:37+02:00,92.3
2022-06-11 05:53:38+02:00,92.3
2022-06-11 05:54:38+02:00,92.3
2022-06-11 05:55:38+02:00,92.3
2022-06-11 05:56:38+02:00,92.5
2022-06-11 05:57:38+02:00,92.7
2022-06-11 05:58:38+02:00,92.6
2022-06-11 05:59:38+02:00,92.6
2022-06-11 06:00:39+02:00,92.6
2022-06-11 06:01:39+02:00,92.6
2022-06-11 06:02:39+02:00,92.7
2022-06-11 06:03:39+02:00,92.8
2022-06-11 06:04:39+02:00,92.9
2022-06-11 06:05:39+02:00,92.9
2022-06-11 06:06:39+02:00,92.9
2022-06-11 06:07:39+02:00,92.9
2022-06-11 06:08:40+02:00,92.8
2022-06-11 06:09:40+02:00,92.8
2022-06-11 06:10:40+02:00,92.8
2022-06-11 06:11:40+02:00,92.7
2022-06-11 06:12:40+02:00,92.7
2022-06-11 06:13:40+02:00,92.6
2022-06-11 06:14:40+02:00,92.7
2022-06-11 06:15:40+02:00,92.7
2022-06-11 06:16:41+02:00,92.7
2022-06-11 06:17:41+02:00,92.8
2022-06-11 06:18:41+02:00,92.8
2022-06-11 06:19:41+02:00,92.8
2022-06-11 06:20:41+02:00,92.8
2022-06-11 06:21:41+02:00,92.7
2022-06-11 06:22:41+02:00,92.6
2022-06-11 06:23:41+02:00,92.8
2022-06-11 06:24:42+02:00,92.6
2022-06-11 06:25:42+02:00,92.7
2022-06-11 06:26:42+02:00,92.7
2022-06-11 06:27:42+02:00,92.7
2022-06-11 06:28:42+02:00,92.8
2022-06-11 06:29:42+02:00,92.8
2022-06-11 06:30:42+02:00,92.8
2022-06-11 06:31:42+02:00,92.7
2022-06-11 06:32:43+02:00,92.7
2022-06-11 06:33:43+02:00,92.7
2022-06-11 06:34:43+02:00,92.6
2022-06-11 06:35:43+02:00,92.6
2022-06-11 06:36:43+02:00,92.6
2022-06-11 06:37:43+02:00,92.5
2022-06-11 06:38:43+02:00,92.3
2022-06-11 06:39:44+02:00,92.3
2022-06-11 06:40:44+02:00,50.0
2022-06-11 06:41:44+02:00,92.7
2022-06-11 06:42:44+02:00,93.1
2022-06-11 06:43:44+02:00,50.0
2022-06-11 06:44:44+02:00,92.7
2022-06-11 06:45:44+02:00,91.6
2022-06-11 06:46:44+02:00,90.2
2022-06-11 06:47:45+02:00,89.7
2022-06-11 06:48:45+02:00,90.1
2022-06-11 06:49:45+02:00,90.5
2022-06-11 06:50:45+02:00,90.9
2022-06-11 06:51:45+02:00,50.0
2022-06-11 06:52:45+02:00,91.3
2022-06-11 06:53:45+02:00,89.9
2022-06-11 06:54:46+02:00,89.1
2022-06-11 06:55:46+02:00,88.8
2022-06-11 06:56:46+02:00,88.0
2022-06-11 06:57:46+02:00,88.2
2022-06-11 06:58:46+02:00,88.3
2022-06-11 06:59:46+02:00,89.1
2022-06-11 07:00:46+02:00,50.0
2022-06-11 07:01:47+02:00,89.2
2022-06-11 07:02:47+02:00,89.7
2022-06-11 07:03:47+02:00,50.0
2022-06-11 07:04:47+02:00,90.5
2022-06-11 07:05:47+02:00,91.3
2022-06-11 07:06:47+02:00,92.0
2022-06-11 07:07:47+02:00,91.9
2022-06-11 07:08:47+02:00,91.7
2022-06-11 07:09:48+02:00,91.6
2022-06-11 07:10:48+02:00,91.3
2022-06-11 07:11:48+02:00,92.4
2022-06-11 07:12:48+02:00,92.1
2022-06-11 07:13:48+02:00,50.0
2022-06-11 07:14:48+02:00,92.2
2022-06-11 07:15:49+02:00,92.1
2022-06-11 07:16:49+02:00,92.2
2022-06-11 07:17:49+02:00,92.4
2022-06-11 07:18:49+02:00,93.1
2022-06-11 07:19:49+02:00,50.0
2022-06-11 07:20:49+02:00,92.9
2022-06-11 07:21:49+02:00,92.8
2022-06-11 07:22:49+02:00,92.8
2022-06-11 07:23:50+02:00,93.0
2022-06-11 07:24:50+02:00,92.9
2022-06-11 07:25:50+02:00,92.8
2022-06-11 07:26:50+02:00,92.7
2022-06-11 07:27:50+02:00,50.0
2022-06-11 07:28:50+02:00,92.0
2022-06-11 07:29:51+02:00,92.5
2022-06-11 07:30:51+02:00,90.2
2022-06-11 07:31:51+02:00,90.8
2022-06-11 07:32:51+02:00,91.5
2022-06-11 07:33:51+02:00,92.4
2022-06-11 07:34:51+02:00,92.8
2022-06-11 07:35:51+02:00,93.2
2022-06-11 07:36:52+02:00,93.5
2022-06-11 07:37:52+02:00,93.8
2022-06-11 07:38:52+02:00,94.2
2022-06-11 07:39:52+02:00,94.6
2022-06-11 07:40:52+02:00,94.5
2022-06-11 07:41:52+02:00,94.6
2022-06-11 07:42:52+02:00,94.5
2022-06-11 07:43:52+02:00,94.3
2022-06-11 07:44:53+02:00,94.4
2022-06-11 07:45:53+02:00,94.4
2022-06-11 07:46:53+02:00,94.4
2022-06-11 07:47:53+02:00,94.3
2022-06-11 07:48:53+02:00,94.5
2022-06-11 07:49:53+02:00,94.2
2022-06-11 07:50:53+02:00,94.2
2022-06-11 07:51:54+02:00,93.8
2022-06-11 07:52:54+02:00,94.0
2022-06-11 07:53:54+02:00,50.0
2022-06-11 07:54:54+02:00,93.4
2022-06-11 07:55:54+02:00,93.4
2022-06-11 07:56:54+02:00,93.4
2022-06-11 07:57:54+02:00,93.4
2022-06-11 07:58:55+02:00,50.0
2022-06-11 07:59:55+02:00,93.7
2022-06-11 08:00:55+02:00,93.6
2022-06-11 08:01:55+02:00,93.5
2022-06-11 08:02:55+02:00,93.4
2022-06-11 08:03:55+02:00,93.3
2022-06-11 08:04:55+02:00,93.3
2022-06-11 08:05:56+02:00,93.3
2022-06-11 08:06:56+02:00,93.2
2022-06-11 08:07:56+02:00,93.2
2022-06-11 08:08:56+02:00,93.3
2022-06-11 08:09:56+02:00,93.2
2022-06-11 08:10:56+02:00,93.2
2022-06-11 08:11:56+02:00,50.0
2022-06-11 08:12:57+02:00,50.0
2022-06-11 08:13:57+02:00,93.1
2022-06-11 08:14:57+02:00,92.6
2022-06-11 08:15:57+02:00,92.3
2022-06-11 08:16:57+02:00,92.3
2022-06-11 08:17:57+02:00,50.0
2022-06-11 08:18:58+02:00,92.7
2022-06-11 08:19:58+02:00,92.8
2022-06-11 08:20:58+02:00,92.8
2022-06-11 08:21:58+02:00,92.6
2022-06-11 08:22:58+02:00,92.7
2022-06-11 08:23:58+02:00,92.6
2022-06-11 08:24:58+02:00,93.2
2022-06-11 08:25:58+02:00,92.9
2022-06-11 08:26:59+02:00,50.0
2022-06-11 08:27:59+02:00,50.0
2022-06-11 08:28:59+02:00,50.0
2022-06-11 08:29:59+02:00,91.6
2022-06-11 08:30:59+02:00,91.7
2022-06-11 08:31:59+02:00,92.6
2022-06-11 08:32:59+02:00,93.9
2022-06-11 08:34:00+02:00,94.5
2022-06-11 08:35:00+02:00,95.3
2022-06-11 08:36:00+02:00,95.5
2022-06-11 08:37:00+02:00,95.7
2022-06-11 08:38:00+02:00,50.0
2022-06-11 08:39:00+02:00,94.5
2022-06-11 08:40:00+02:00,94.5
2022-06-11 08:41:00+02:00,95.0
2022-06-11 08:42:01+02:00,92.8
2022-06-11 08:43:01+02:00,50.0
2022-06-11 08:44:01+02:00,50.0
2022-06-11 08:45:01+02:00,93.0
2022-06-11 08:46:01+02:00,93.0
2022-06-11 08:47:01+02:00,93.1
2022-06-11 08:48:01+02:00,93.2
2022-06-11 08:49:01+02:00,93.3
2022-06-11 08:50:02+02:00,92.7
2022-06-11 08:51:02+02:00,92.6
2022-06-11 08:52:02+02:00,92.9
2022-06-11 08:53:02+02:00,93.0
2022-06-11 08:54:02+02:00,93.0
2022-06-11 08:55:02+02:00,92.9
2022-06-11 08:56:02+02:00,92.9
2022-06-11 08:57:02+02:00,92.9
2022-06-11 08:58:03+02:00,93.0
2022-06-11 08:59:03+02:00,92.8
2022-06-11 09:00:03+02:00,92.8
2022-06-11 09:01:03+02:00,89.9
2022-06-11 09:02:03+02:00,86.8
2022-06-11 09:03:03+02:00,86.5
2022-06-11 09:04:03+02:00,84.8
2022-06-11 09:05:03+02:00,84.2
2022-06-11 09:06:03+02:00,50.0
2022-06-11 09:07:04+02:00,83.8
2022-06-11 09:08:04+02:00,83.5
2022-06-11 09:09:04+02:00,85.3
2022-06-11 09:10:04+02:00,89.2
2022-06-11 09:11:04+02:00,91.1
2022-06-11 09:12:04+02:00,91.2
2022-06-11 09:13:04+02:00,50.0
2022-06-11 09:14:05+02:00,87.4
2022-06-11 09:15:05+02:00,84.6
2022-06-11 09:16:05+02:00,87.8
2022-06-11 09:17:05+02:00,86.7
2022-06-11 09:18:05+02:00,86.8
2022-06-11 09:19:05+02:00,87.6
2022-06-11 09:20:05+02:00,89.6
2022-06-11 09:21:05+02:00,90.1
2022-06-11 09:22:06+02:00,84.6
2022-06-11 09:23:06+02:00,50.0
2022-06-11 09:24:06+02:00,88.8
2022-06-11 09:25:06+02:00,92.0
2022-06-11 09:26:06+02:00,93.3
2022-06-11 09:27:06+02:00,93.4
2022-06-11 09:28:06+02:00,95.0
2022-06-11 09:29:06+02:00,93.9
2022-06-11 09:30:06+02:00,93.5
2022-06-11 09:31:07+02:00,93.7
2022-06-11 09:32:07+02:00,92.7
2022-06-11 09:33:07+02:00,50.0
2022-06-11 09:34:07+02:00,50.0
2022-06-11 09:35:07+02:00,50.0
2022-06-11 09:36:07+02:00,50.0
2022-06-11 09:37:07+02:00,50.0
2022-06-11 09:38:07+02:00,93.2
2022-06-11 09:39:07+02:00,50.0
2022-06-11 09:40:08+02:00,50.0
2022-06-11 09:41:08+02:00,50.0
2022-06-11 09:42:08+02:00,50.0
2022-06-11 09:43:08+02:00,50.0
2022-06-11 09:44:08+02:00,91.3
2022-06-11 09:45:08+02:00,91.8
2022-06-11 09:46:08+02:00,91.6
2022-06-11 09:47:08+02:00,50.0
2022-06-11 09:48:08+02:00,50.0
2022-06-11 09:49:09+02:00,50.0
2022-06-11 09:50:09+02:00,50.0
2022-06-11 09:51:09+02:00,50.0
2022-06-11 09:52:09+02:00,50.0
2022-06-11 09:53:09+02:00,50.0
2022-06-11 09:54:09+02:00,50.0
2022-06-11 09:55:09+02:00,90.2
2022-06-11 09:56:09+02:00,92.0
2022-06-11 09:57:09+02:00,92.8
2022-06-11 09:58:10+02:00,93.4
2022-06-11 09:59:10+02:00,94.5
2022-06-11 10:00:10+02:00,50.0
2022-06-11 10:01:10+02:00,50.0
2022-06-11 10:02:10+02:00,50.0
2022-06-11 10:03:10+02:00,50.0
2022-06-11 10:04:10+02:00,50.0
2022-06-11 10:05:10+02:00,50.0
2022-06-11 10:06:10+02:00,50.0
2022-06-11 10:07:10+02:00,50.0
2022-06-11 10:08:10+02:00,50.0
2022-06-11 10:09:11+02:00,50.0
2022-06-11 10:10:11+02:00,50.0
2022-06-11 10:11:11+02:00,50.0
2022-06-11 10:12:11+02:00,50.0
2022-06-11 10:13:11+02:00,50.0
2022-06-11 10:14:11+02:00,50.0
2022-06-11 10:15:11+02:00,50.0
2022-06-11 10:16:11+02:00,50.0
2022-06-11 10:17:11+02:00,50.0
2022-06-11 10:18:11+02:00,50.0
2022-06-11 10:19:12+02:00,50.0
2022-06-11 10:20:12+02:00,50.0
2022-06-11 10:21:12+02:00,50.0
2022-06-11 10:22:12+02:00,50.0
2022-06-11 10:23:12+02:00,50.0
2022-06-11 10:24:12+02:00,50.0
2022-06-11 10:25:12+02:00,50.0
2022-06-12 01:58:30+02:00,50.0
2022-06-12 01:59:30+02:00,96.2
2022-06-12 02:00:30+02:00,50.0
2022-06-12 02:00:30+02:00,50.0
2022-06-12 02:01:30+02:00,50.0
2022-06-12 02:02:30+02:00,93.6
2022-06-12 02:03:30+02:00,91.8
2022-06-12 02:04:30+02:00,92.2
2022-06-12 02:05:30+02:00,91.6
2022-06-12 02:06:30+02:00,90.8
2022-06-12 02:07:30+02:00,89.1
2022-06-12 02:08:30+02:00,88.6
2022-06-12 02:09:30+02:00,86.0
2022-06-12 02:10:31+02:00,86.9
2022-06-12 02:11:31+02:00,50.0
2022-06-12 02:12:31+02:00,87.4
2022-06-12 02:13:31+02:00,87.6
2022-06-12 02:14:31+02:00,88.5
2022-06-12 02:15:31+02:00,88.5
2022-06-12 02:16:31+02:00,88.1
2022-06-12 02:17:32+02:00,88.3
2022-06-12 02:18:32+02:00,50.0
2022-06-12 02:19:32+02:00,89.1
2022-06-12 02:20:32+02:00,88.5
2022-06-12 02:21:32+02:00,88.8
2022-06-12 02:22:32+02:00,88.8
2022-06-12 02:23:33+02:00,88.8
2022-06-12 02:24:33+02:00,88.5
2022-06-12 02:25:33+02:00,87.8
2022-06-12 02:26:33+02:00,87.8
2022-06-12 02:27:33+02:00,88.8
2022-06-12 02:28:33+02:00,88.9
2022-06-12 02:29:33+02:00,88.8
2022-06-12 02:30:34+02:00,88.9
2022-06-12 02:31:34+02:00,89.0
2022-06-12 02:32:34+02:00,89.0
2022-06-12 02:33:34+02:00,89.1
2022-06-12 02:34:34+02:00,89.4
2022-06-12 02:35:34+02:00,89.5
2022-06-12 02:36:35+02:00,89.6
2022-06-12 02:37:35+02:00,89.7
2022-06-12 02:38:35+02:00,89.8
2022-06-12 02:39:35+02:00,89.9
2022-06-12 02:40:35+02:00,89.8
2022-06-12 02:41:35+02:00,89.8
2022-06-12 02:42:35+02:00,90.1
2022-06-12 02:43:36+02:00,90.3
2022-06-12 02:44:36+02:00,90.3
2022-06-12 02:45:36+02:00,90.2
2022-06-12 02:46:36+02:00,90.0
2022-06-12 02:47:36+02:00,90.2
2022-06-12 02:48:36+02:00,90.0
2022-06-12 02:49:36+02:00,90.0
2022-06-12 02:50:37+02:00,89.8
2022-06-12 02:51:37+02:00,89.7
2022-06-12 02:52:37+02:00,89.6
2022-06-12 02:53:37+02:00,89.5
2022-06-12 02:54:37+02:00,89.3
2022-06-12 02:55:37+02:00,89.3
2022-06-12 02:56:37+02:00,88.8
2022-06-12 02:57:38+02:00,88.6
2022-06-12 02:58:38+02:00,88.8
2022-06-12 02:59:38+02:00,89.1
2022-06-12 03:00:38+02:00,89.1
2022-06-12 03:01:38+02:00,89.2
2022-06-12 03:02:38+02:00,89.2
2022-06-12 03:03:39+02:00,89.2
2022-06-12 03:04:39+02:00,89.0
2022-06-12 03:05:39+02:00,89.0
2022-06-12 03:06:39+02:00,88.6
2022-06-12 03:07:39+02:00,88.4
2022-06-12 03:08:39+02:00,88.5
2022-06-12 03:09:39+02:00,88.5
2022-06-12 03:10:40+02:00,88.4
2022-06-12 03:11:40+02:00,88.3
2022-06-12 03:12:40+02:00,88.4
2022-06-12 03:13:40+02:00,88.3
2022-06-12 03:14:40+02:00,88.5
2022-06-12 03:15:40+02:00,88.5
2022-06-12 03:16:40+02:00,88.7
2022-06-12 03:17:41+02:00,88.9
2022-06-12 03:18:41+02:00,88.8
2022-06-12 03:19:41+02:00,88.8
2022-06-12 03:20:41+02:00,88.7
2022-06-12 03:21:41+02:00,88.7
2022-06-12 03:22:41+02:00,88.9
2022-06-12 03:23:42+02:00,88.9
2022-06-12 03:24:42+02:00,89.0
2022-06-12 03:25:42+02:00,89.1
2022-06-12 03:26:42+02:00,89.2
2022-06-12 03:27:42+02:00,89.3
2022-06-12 03:28:42+02:00,89.3
2022-06-12 03:29:42+02:00,89.3
2022-06-12 03:30:43+02:00,89.2
2022-06-12 03:31:43+02:00,89.3
2022-06-12 03:32:43+02:00,89.3
2022-06-12 03:33:43+02:00,89.2
2022-06-12 03:34:43+02:00,89.3
2022-06-12 03:35:43+02:00,89.2
2022-06-12 03:36:44+02:00,89.2
2022-06-12 03:37:44+02:00,89.3
2022-06-12 03:38:44+02:00,89.3
2022-06-12 03:39:44+02:00,89.4
2022-06-12 03:40:44+02:00,89.4
2022-06-12 03:41:44+02:00,89.5
2022-06-12 03:42:44+02:00,89.5
2022-06-12 03:43:45+02:00,89.5
2022-06-12 03:44:45+02:00,89.5
2022-06-12 03:45:45+02:00,89.5
2022-06-12 03:46:45+02:00,89.4
2022-06-12 03:47:45+02:00,89.5
2022-06-12 03:48:45+02:00,89.6
2022-06-12 03:49:45+02:00,89.7
2022-06-12 03:50:46+02:00,89.9
2022-06-12 03:51:46+02:00,90.1
2022-06-12 03:52:46+02:00,90.1
2022-06-12 03:53:46+02:00,90.0
2022-06-12 03:54:46+02:00,90.1
2022-06-12 03:55:46+02:00,90.5
2022-06-12 03:56:46+02:00,90.6
2022-06-12 03:57:47+02:00,90.6
2022-06-12 03:58:47+02:00,90.6
2022-06-12 03:59:47+02:00,90.7
2022-06-12 04:00:47+02:00,90.7
2022-06-12 04:01:47+02:00,90.6
2022-06-12 04:02:47+02:00,90.6
2022-06-12 04:03:48+02:00,90.7
2022-06-12 04:04:48+02:00,90.3
2022-06-12 04:05:48+02:00,90.1
2022-06-12 04:06:48+02:00,90.5
2022-06-12 04:07:48+02:00,90.8
2022-06-12 04:08:48+02:00,91.0
2022-06-12 04:09:48+02:00,90.9
2022-06-12 04:10:49+02:00,91.1
2022-06-12 04:11:49+02:00,91.0
2022-06-12 04:12:49+02:00,91.1
2022-06-12 04:13:49+02:00,91.4
2022-06-12 04:14:49+02:00,91.4
2022-06-12 04:15:49+02:00,91.1
2022-06-12 04:16:49+02:00,91.1
2022-06-12 04:17:50+02:00,91.3
2022-06-12 04:18:50+02:00,91.6
2022-06-12 04:19:50+02:00,91.7
2022-06-12 04:20:50+02:00,91.7
2022-06-12 04:21:50+02:00,91.5
2022-06-12 04:22:50+02:00,91.7
2022-06-12 04:23:50+02:00,92.4
2022-06-12 04:24:51+02:00,92.5
2022-06-12 04:25:51+02:00,92.3
2022-06-12 04:26:51+02:00,92.0
2022-06-12 04:27:51+02:00,91.8
2022-06-12 04:28:51+02:00,91.9
2022-06-12 04:29:51+02:00,91.6
2022-06-12 04:30:52+02:00,91.5
2022-06-12 04:31:52+02:00,91.6
2022-06-12 04:32:52+02:00,91.3
2022-06-12 04:33:52+02:00,91.5
2022-06-12 04:34:52+02:00,91.7
2022-06-12 04:35:52+02:00,91.8
2022-06-12 04:36:52+02:00,91.9
2022-06-12 04:37:53+02:00,90.9
2022-06-12 04:38:53+02:00,91.1
2022-06-12 04:39:53+02:00,91.3
2022-06-12 04:40:53+02:00,91.1
2022-06-12 04:41:53+02:00,91.4
2022-06-12 04:42:53+02:00,50.0
2022-06-12 04:43:53+02:00,91.5
2022-06-12 04:44:54+02:00,91.1
2022-06-12 04:45:54+02:00,90.3
2022-06-12 04:46:54+02:00,90.2
2022-06-12 04:47:54+02:00,90.6
2022-06-12 04:48:54+02:00,91.0
2022-06-12 04:49:54+02:00,90.8
2022-06-12 04:50:55+02:00,90.8
2022-06-12 04:51:55+02:00,50.0
2022-06-12 04:52:55+02:00,91.4
2022-06-12 04:53:55+02:00,93.0
2022-06-12 04:54:55+02:00,92.8
2022-06-12 04:55:55+02:00,92.8
2022-06-12 04:56:55+02:00,92.7
2022-06-12 04:57:56+02:00,92.1
2022-06-12 04:58:56+02:00,92.1
2022-06-12 04:59:56+02:00,91.3
2022-06-12 05:00:56+02:00,91.6
2022-06-12 05:01:56+02:00,91.9
2022-06-12 05:02:56+02:00,91.5
2022-06-12 05:03:57+02:00,91.2
2022-06-12 05:04:57+02:00,91.8
2022-06-12 05:05:57+02:00,91.4
2022-06-12 05:06:57+02:00,91.3
2022-06-12 05:07:57+02:00,91.3
2022-06-12 05:08:57+02:00,91.1
2022-06-12 05:09:57+02:00,91.3
2022-06-12 05:10:58+02:00,91.5
2022-06-12 05:11:58+02:00,91.5
2022-06-12 05:12:58+02:00,91.7
2022-06-12 05:13:58+02:00,91.7
2022-06-12 05:14:58+02:00,91.5
2022-06-12 05:15:58+02:00,91.6
2022-06-12 05:16:58+02:00,91.6
2022-06-12 05:17:59+02:00,91.9
2022-06-12 05:18:59+02:00,91.8
2022-06-12 05:19:59+02:00,92.2
2022-06-12 05:20:59+02:00,92.5
2022-06-12 05:21:59+02:00,92.4
2022-06-12 05:22:59+02:00,92.3
2022-06-12 05:23:59+02:00,92.4
2022-06-12 05:25:00+02:00,92.4
2022-06-12 05:26:00+02:00,92.6
2022-06-12 05:27:00+02:00,92.2
2022-06-12 05:28:00+02:00,92.5
2022-06-12 05:29:00+02:00,92.3
2022-06-12 05:30:00+02:00,92.1
2022-06-12 05:31:00+02:00,92.2
2022-06-12 05:32:01+02:00,92.4
2022-06-12 05:33:01+02:00,92.5
2022-06-12 05:34:01+02:00,92.3
2022-06-12 05:35:01+02:00,92.1
2022-06-12 05:36:01+02:00,92.1
2022-06-12 05:37:01+02:00,92.3
2022-06-12 05:38:01+02:00,91.5
2022-06-12 05:39:01+02:00,88.5
2022-06-12 05:40:02+02:00,87.8
2022-06-12 05:41:02+02:00,87.0
2022-06-12 05:42:02+02:00,86.5
2022-06-12 05:43:02+02:00,86.6
2022-06-12 05:44:02+02:00,86.1
2022-06-12 05:45:02+02:00,86.6
2022-06-12 05:46:02+02:00,85.7
2022-06-12 05:47:02+02:00,84.6
2022-06-12 05:48:02+02:00,83.6
2022-06-12 05:49:03+02:00,83.8
2022-06-12 05:50:03+02:00,84.0
2022-06-12 05:51:03+02:00,84.5
2022-06-12 05:52:03+02:00,84.8
2022-06-12 05:53:03+02:00,84.6
2022-06-12 05:54:03+02:00,84.9
2022-06-12 05:55:03+02:00,85.0
2022-06-12 05:56:03+02:00,85.3
2022-06-12 05:57:04+02:00,84.2
2022-06-12 05:58:04+02:00,85.1
2022-06-12 05:59:04+02:00,85.8
2022-06-12 06:00:04+02:00,86.6
2022-06-12 06:01:04+02:00,86.8
2022-06-12 06:02:04+02:00,87.3
2022-06-12 06:03:04+02:00,87.6
2022-06-12 06:04:05+02:00,88.1
2022-06-12 06:05:05+02:00,88.4
2022-06-12 06:06:05+02:00,87.5
2022-06-12 06:07:05+02:00,87.6
2022-06-12 06:08:05+02:00,86.9
2022-06-12 06:09:05+02:00,87.5
2022-06-12 06:10:05+02:00,89.4
2022-06-12 06:11:05+02:00,89.5
2022-06-12 06:12:05+02:00,90.6
2022-06-12 06:13:05+02:00,91.1
2022-06-12 06:14:06+02:00,91.4
2022-06-12 06:15:06+02:00,91.6
2022-06-12 06:16:06+02:00,92.2
2022-06-12 06:17:06+02:00,92.4
2022-06-12 06:18:06+02:00,92.5
2022-06-12 06:19:06+02:00,92.8
2022-06-12 06:20:06+02:00,91.2
2022-06-12 06:21:06+02:00,50.0
2022-06-12 06:22:07+02:00,88.4
2022-06-12 06:23:07+02:00,86.0
2022-06-12 06:24:07+02:00,84.4
2022-06-12 06:25:07+02:00,50.0
2022-06-12 06:26:07+02:00,83.4
2022-06-12 06:27:07+02:00,83.8
2022-06-12 06:28:07+02:00,83.5
2022-06-12 06:29:07+02:00,83.8
2022-06-12 06:30:07+02:00,83.9
2022-06-12 06:31:08+02:00,83.8
2022-06-12 06:32:08+02:00,83.7
2022-06-12 06:33:08+02:00,83.7
2022-06-12 06:34:08+02:00,83.0
2022-06-12 06:35:08+02:00,83.4
2022-06-12 06:36:08+02:00,83.6
2022-06-12 06:37:08+02:00,84.0
2022-06-12 06:38:08+02:00,83.9
2022-06-12 06:39:09+02:00,50.0
2022-06-12 06:40:09+02:00,50.0
2022-06-12 06:41:09+02:00,87.5
2022-06-12 06:42:09+02:00,89.9
2022-06-12 06:43:09+02:00,50.0
2022-06-12 06:44:09+02:00,91.6
2022-06-12 06:45:09+02:00,93.2
2022-06-12 06:46:09+02:00,94.8
2022-06-12 06:47:10+02:00,95.5
2022-06-12 06:48:10+02:00,95.9
2022-06-12 06:49:10+02:00,96.1
2022-06-12 06:50:10+02:00,95.5
2022-06-12 06:51:10+02:00,96.2
2022-06-12 06:52:10+02:00,96.6
2022-06-12 06:53:10+02:00,96.6
2022-06-12 06:54:10+02:00,96.8
2022-06-12 06:55:11+02:00,50.0
2022-06-12 06:56:11+02:00,50.0
2022-06-12 06:57:11+02:00,50.0
2022-06-12 06:58:11+02:00,50.0
2022-06-12 06:59:11+02:00,95.4
2022-06-12 07:00:11+02:00,94.3
2022-06-12 07:01:11+02:00,93.9
2022-06-12 07:02:11+02:00,94.0
2022-06-12 07:03:12+02:00,93.9
2022-06-12 07:04:12+02:00,93.8
2022-06-12 07:05:12+02:00,93.6
2022-06-12 07:06:12+02:00,93.2
2022-06-12 07:07:12+02:00,92.9
2022-06-12 07:08:12+02:00,93.1
2022-06-12 07:09:12+02:00,92.9
2022-06-12 07:10:13+02:00,92.6
2022-06-12 07:11:13+02:00,92.6
2022-06-12 07:12:13+02:00,92.6
2022-06-12 07:13:13+02:00,92.8
2022-06-12 07:14:13+02:00,92.9
2022-06-12 07:15:13+02:00,93.1
2022-06-12 07:16:14+02:00,92.8
2022-06-12 07:17:14+02:00,92.6
2022-06-12 07:18:14+02:00,92.7
2022-06-12 07:19:14+02:00,92.6
2022-06-12 07:20:14+02:00,92.5
2022-06-12 07:21:14+02:00,92.5
2022-06-12 07:22:14+02:00,92.2
2022-06-12 07:23:15+02:00,92.1
2022-06-12 07:24:15+02:00,92.5
2022-06-12 07:25:15+02:00,93.0
2022-06-12 07:26:15+02:00,92.7
2022-06-12 07:27:15+02:00,92.8
2022-06-12 07:28:15+02:00,93.0
2022-06-12 07:29:15+02:00,93.0
2022-06-12 07:30:16+02:00,50.0
2022-06-12 07:31:16+02:00,50.0
2022-06-12 07:32:16+02:00,91.7
2022-06-12 07:33:16+02:00,93.3
2022-06-12 07:34:16+02:00,92.7
2022-06-12 07:35:16+02:00,93.6
2022-06-12 07:36:17+02:00,93.5
2022-06-12 07:37:17+02:00,50.0
2022-06-12 07:38:17+02:00,50.0
2022-06-12 07:39:17+02:00,92.8
2022-06-12 07:40:17+02:00,92.0
2022-06-12 07:41:17+02:00,90.9
2022-06-12 07:42:17+02:00,90.5
2022-06-12 07:43:18+02:00,90.4
2022-06-12 07:44:18+02:00,89.6
2022-06-12 07:45:18+02:00,88.5
2022-06-12 07:46:18+02:00,88.6
2022-06-12 07:47:18+02:00,89.1
2022-06-12 07:48:18+02:00,89.0
2022-06-12 07:49:19+02:00,88.8
2022-06-12 07:50:19+02:00,88.9
2022-06-12 07:51:19+02:00,88.7
2022-06-12 07:52:19+02:00,89.0
2022-06-12 07:53:19+02:00,88.8
2022-06-12 07:54:19+02:00,50.0
2022-06-12 07:55:19+02:00,88.7
2022-06-12 07:56:20+02:00,89.9
2022-06-12 07:57:20+02:00,90.5
2022-06-12 07:58:20+02:00,90.9
2022-06-12 07:59:20+02:00,91.3
2022-06-12 08:00:20+02:00,91.5
2022-06-12 08:01:20+02:00,91.8
2022-06-12 08:02:21+02:00,50.0
2022-06-12 08:03:21+02:00,92.1
2022-06-12 08:04:21+02:00,92.2
2022-06-12 08:05:21+02:00,91.7
2022-06-12 08:06:21+02:00,91.3
2022-06-12 08:07:21+02:00,50.0
2022-06-12 08:08:21+02:00,91.8
2022-06-12 08:09:22+02:00,92.1
2022-06-12 08:10:22+02:00,92.7
2022-06-12 08:11:22+02:00,92.6
2022-06-12 08:12:22+02:00,92.6
2022-06-12 08:13:22+02:00,92.5
2022-06-12 08:14:22+02:00,92.8
2022-06-12 08:15:22+02:00,92.8
2022-06-12 08:16:23+02:00,93.1
2022-06-12 08:17:23+02:00,93.6
2022-06-12 08:18:23+02:00,93.9
2022-06-12 08:19:23+02:00,93.7
2022-06-12 08:20:23+02:00,93.9
2022-06-12 08:21:23+02:00,93.8
2022-06-12 08:22:23+02:00,93.9
2022-06-12 08:23:24+02:00,94.0
2022-06-12 08:24:24+02:00,94.0
2022-06-12 08:25:24+02:00,94.0
2022-06-12 08:26:24+02:00,93.6
2022-06-12 08:27:24+02:00,93.9
2022-06-12 08:28:24+02:00,93.7
2022-06-12 08:29:24+02:00,93.6
2022-06-12 08:30:25+02:00,93.6
2022-06-12 08:31:25+02:00,93.6
2022-06-12 08:32:25+02:00,93.6
2022-06-12 08:33:25+02:00,93.3
2022-06-12 08:34:25+02:00,93.4
2022-06-12 08:35:25+02:00,93.4
2022-06-12 08:36:25+02:00,93.3
2022-06-12 08:37:26+02:00,93.2
2022-06-12 08:38:26+02:00,93.3
2022-06-12 08:39:26+02:00,50.0
2022-06-12 08:40:26+02:00,50.0
2022-06-12 08:41:26+02:00,92.4
2022-06-12 08:42:26+02:00,92.2
2022-06-12 08:43:26+02:00,92.5
2022-06-12 08:44:27+02:00,92.6
2022-06-12 08:45:27+02:00,91.1
2022-06-12 08:46:27+02:00,91.2
2022-06-12 08:47:27+02:00,91.2
2022-06-12 08:48:27+02:00,91.3
2022-06-12 08:49:27+02:00,89.0
2022-06-12 08:50:27+02:00,50.0
2022-06-12 08:51:28+02:00,89.4
2022-06-12 08:52:28+02:00,90.5
2022-06-12 08:53:28+02:00,91.7
2022-06-12 08:54:28+02:00,91.9
2022-06-12 08:55:28+02:00,91.3
2022-06-12 08:56:28+02:00,50.0
2022-06-12 08:57:29+02:00,90.9
2022-06-12 08:58:29+02:00,91.8
2022-06-12 08:59:29+02:00,92.3
2022-06-12 09:00:29+02:00,92.3
2022-06-12 09:01:29+02:00,92.5
2022-06-12 09:02:29+02:00,50.0
2022-06-12 09:03:29+02:00,92.8
2022-06-12 09:04:30+02:00,93.0
2022-06-12 09:05:30+02:00,93.0
2022-06-12 09:06:30+02:00,92.3
2022-06-12 09:07:30+02:00,91.8
2022-06-12 09:08:30+02:00,91.3
2022-06-12 09:09:30+02:00,91.2
2022-06-12 09:10:31+02:00,91.1
2022-06-12 09:11:31+02:00,91.0
2022-06-12 09:12:31+02:00,91.0
2022-06-12 09:13:31+02:00,92.0
2022-06-12 09:14:31+02:00,50.0
2022-06-12 09:15:31+02:00,92.8
2022-06-12 09:16:31+02:00,94.7
2022-06-12 09:17:32+02:00,95.3
2022-06-12 09:18:32+02:00,50.0
2022-06-12 09:19:32+02:00,95.4
2022-06-12 09:20:32+02:00,94.9
2022-06-12 09:21:32+02:00,94.4
2022-06-12 09:22:32+02:00,94.0
2022-06-12 09:23:33+02:00,94.0
2022-06-12 09:24:33+02:00,50.0
2022-06-12 09:25:33+02:00,93.6
2022-06-12 09:26:33+02:00,50.0
2022-06-12 09:27:33+02:00,93.7
2022-06-12 09:28:33+02:00,94.6
2022-06-12 09:29:34+02:00,94.9
2022-06-12 09:30:34+02:00,95.0
2022-06-12 09:31:34+02:00,95.2
2022-06-12 09:32:34+02:00,94.7
2022-06-12 09:33:34+02:00,94.6
2022-06-12 09:34:34+02:00,94.9
2022-06-12 09:35:34+02:00,95.6
2022-06-12 09:36:35+02:00,96.1
2022-06-12 09:37:35+02:00,95.7
2022-06-12 09:38:35+02:00,50.0
2022-06-12 09:39:35+02:00,50.0
2022-06-12 09:40:35+02:00,50.0
2022-06-12 09:41:35+02:00,50.0
2022-06-12 09:42:36+02:00,50.0
2022-06-12 09:43:36+02:00,50.0
2022-06-12 09:44:36+02:00,50.0
2022-06-12 09:45:36+02:00,50.0
2022-06-12 09:46:36+02:00,50.0
2022-06-12 09:47:36+02:00,50.0
2022-06-12 09:48:36+02:00,50.0
2022-06-12 09:49:36+02:00,50.0
2022-06-12 09:50:37+02:00,50.0
2022-06-12 09:51:37+02:00,50.0
2022-06-12 09:52:37+02:00,50.0
2022-06-12 09:53:37+02:00,50.0
2022-06-12 09:54:37+02:00,50.0
2022-06-12 09:55:37+02:00,50.0
2022-06-12 09:56:37+02:00,50.0
2022-06-12 09:57:38+02:00,50.0
2022-06-12 09:58:38+02:00,50.0
2022-06-12 09:59:38+02:00,50.0
2022-06-12 10:00:38+02:00,50.0
2022-06-12 10:01:38+02:00,50.0
2022-06-12 10:02:38+02:00,50.0
2022-06-12 10:03:38+02:00,50.0
2022-06-12 10:04:39+02:00,50.0
2022-06-12 10:05:39+02:00,50.0
2022-06-12 10:06:39+02:00,50.0
2022-06-12 10:07:39+02:00,50.0
2022-06-12 10:08:39+02:00,50.0
2022-06-12 10:09:39+02:00,50.0
2022-06-12 10:10:40+02:00,50.0
2022-06-12 10:11:40+02:00,50.0
2022-06-12 10:12:40+02:00,50.0
2022-06-12 10:13:40+02:00,50.0
2022-06-12 10:14:40+02:00,50.0
2022-06-12 23:49:00+02:00,50.0
2022-06-12 23:50:00+02:00,50.0
2022-06-12 23:51:00+02:00,50.0
2022-06-12 23:52:00+02:00,50.0
2022-06-12 23:53:00+02:00,50.0
2022-06-12 23:54:00+02:00,50.0
2022-06-12 23:55:00+02:00,50.0
2022-06-12 23:56:00+02:00,94.1
2022-06-12 23:57:00+02:00,50.0
2022-06-12 23:58:00+02:00,50.0
2022-06-12 23:59:00+02:00,94.5
2022-06-13 00:00:00+02:00,95.0
2022-06-13 00:01:00+02:00,50.0
2022-06-13 00:02:01+02:00,50.0
2022-06-13 00:03:01+02:00,50.0
2022-06-13 00:04:01+02:00,93.3
2022-06-13 00:05:01+02:00,50.0
2022-06-13 00:06:01+02:00,50.0
2022-06-13 00:07:01+02:00,50.0
2022-06-13 00:08:01+02:00,93.2
2022-06-13 00:09:01+02:00,50.0
2022-06-13 00:10:01+02:00,93.7
2022-06-13 00:11:01+02:00,94.2
2022-06-13 00:12:01+02:00,50.0
2022-06-13 00:13:01+02:00,94.9
2022-06-13 00:14:01+02:00,95.5
2022-06-13 00:15:01+02:00,95.9
2022-06-13 00:16:02+02:00,96.4
2022-06-13 00:17:02+02:00,96.6
2022-06-13 00:18:02+02:00,96.7
2022-06-13 00:19:02+02:00,96.6
2022-06-13 00:20:02+02:00,50.0
2022-06-13 00:21:02+02:00,50.0
2022-06-13 00:22:02+02:00,50.0
2022-06-13 00:23:02+02:00,95.8
2022-06-13 00:24:03+02:00,95.1
2022-06-13 00:25:03+02:00,94.6
2022-06-13 00:26:03+02:00,94.2
2022-06-13 00:27:03+02:00,93.9
2022-06-13 00:28:03+02:00,93.8
2022-06-13 00:29:03+02:00,93.8
2022-06-13 00:30:03+02:00,93.8
2022-06-13 00:31:03+02:00,93.8
2022-06-13 00:32:04+02:00,93.7
2022-06-13 00:33:04+02:00,93.8
2022-06-13 00:34:04+02:00,93.8
2022-06-13 00:35:04+02:00,93.6
2022-06-13 00:36:04+02:00,93.5
2022-06-13 00:37:04+02:00,93.4
2022-06-13 00:38:04+02:00,93.4
2022-06-13 00:39:04+02:00,93.5
2022-06-13 00:40:05+02:00,93.5
2022-06-13 00:41:05+02:00,93.6
2022-06-13 00:42:05+02:00,93.6
2022-06-13 00:43:05+02:00,93.5
2022-06-13 00:44:05+02:00,93.5
2022-06-13 00:45:05+02:00,93.5
2022-06-13 00:46:05+02:00,93.5
2022-06-13 00:47:06+02:00,93.6
2022-06-13 00:48:06+02:00,93.5
2022-06-13 00:49:06+02:00,93.5
2022-06-13 00:50:06+02:00,93.5
2022-06-13 00:51:06+02:00,93.4
2022-06-13 00:52:06+02:00,93.2
2022-06-13 00:53:06+02:00,93.2
2022-06-13 00:54:06+02:00,93.1
2022-06-13 00:55:06+02:00,93.1
2022-06-13 00:56:06+02:00,93.0
2022-06-13 00:57:07+02:00,92.9
2022-06-13 00:58:07+02:00,92.8
2022-06-13 00:59:07+02:00,92.8
2022-06-13 01:00:07+02:00,92.7
2022-06-13 01:01:07+02:00,92.7
2022-06-13 01:02:07+02:00,92.6
2022-06-13 01:03:07+02:00,92.5
2022-06-13 01:04:07+02:00,92.5
2022-06-13 01:05:07+02:00,92.5
2022-06-13 01:06:07+02:00,92.5
2022-06-13 01:07:08+02:00,92.6
2022-06-13 01:08:08+02:00,92.6
2022-06-13 01:09:08+02:00,92.5
2022-06-13 01:10:08+02:00,92.6
2022-06-13 01:11:08+02:00,92.6
2022-06-13 01:12:08+02:00,92.6
2022-06-13 01:13:08+02:00,92.7
2022-06-13 01:14:08+02:00,92.8
2022-06-13 01:15:08+02:00,92.8
2022-06-13 01:16:08+02:00,92.9
2022-06-13 01:17:09+02:00,92.9
2022-06-13 01:18:09+02:00,93.0
2022-06-13 01:19:09+02:00,93.1
2022-06-13 01:20:09+02:00,93.2
2022-06-13 01:21:09+02:00,93.3
2022-06-13 01:22:09+02:00,93.4
2022-06-13 01:23:09+02:00,93.3
2022-06-13 01:24:09+02:00,93.3
2022-06-13 01:25:09+02:00,93.4
2022-06-13 01:26:09+02:00,50.0
2022-06-13 01:27:09+02:00,93.4
2022-06-13 01:28:10+02:00,93.2
2022-06-13 01:29:10+02:00,92.9
2022-06-13 01:30:10+02:00,92.7
2022-06-13 01:31:10+02:00,92.6
2022-06-13 01:32:10+02:00,92.5
2022-06-13 01:33:10+02:00,92.4
2022-06-13 01:34:10+02:00,92.4
2022-06-13 01:35:10+02:00,92.4
2022-06-13 01:36:10+02:00,92.4
2022-06-13 01:37:10+02:00,50.0
2022-06-13 01:38:11+02:00,92.2
2022-06-13 01:39:11+02:00,92.7
2022-06-13 01:40:11+02:00,93.0
2022-06-13 01:41:11+02:00,50.0
2022-06-13 01:42:11+02:00,93.3
2022-06-13 01:43:11+02:00,93.5
2022-06-13 01:44:11+02:00,93.8
2022-06-13 01:45:11+02:00,93.9
2022-06-13 01:46:11+02:00,94.1
2022-06-13 01:47:12+02:00,94.2
2022-06-13 01:48:12+02:00,94.2
2022-06-13 01:49:12+02:00,94.3
2022-06-13 01:50:12+02:00,94.4
2022-06-13 01:51:12+02:00,94.4
2022-06-13 01:52:12+02:00,94.4
2022-06-13 01:53:12+02:00,94.3
2022-06-13 01:54:13+02:00,94.3
2022-06-13 01:55:13+02:00,94.3
2022-06-13 01:56:13+02:00,94.3
2022-06-13 01:57:13+02:00,94.1
2022-06-13 01:58:13+02:00,94.3
2022-06-13 01:59:14+02:00,94.4
2022-06-13 02:00:14+02:00,94.5
2022-06-13 02:00:14+02:00,94.5
2022-06-13 02:01:14+02:00,94.6
2022-06-13 02:02:14+02:00,94.7
2022-06-13 02:03:14+02:00,94.8
2022-06-13 02:04:14+02:00,94.7
2022-06-13 02:05:15+02:00,94.7
2022-06-13 02:06:15+02:00,94.7
2022-06-13 02:07:15+02:00,94.7
2022-06-13 02:08:15+02:00,94.8
2022-06-13 02:09:15+02:00,94.8
2022-06-13 02:10:15+02:00,94.8
2022-06-13 02:11:16+02:00,94.8
2022-06-13 02:12:16+02:00,94.7
2022-06-13 02:13:16+02:00,94.7
2022-06-13 02:14:16+02:00,94.7
2022-06-13 02:15:16+02:00,94.7
2022-06-13 02:16:16+02:00,94.7
2022-06-13 02:17:17+02:00,94.8
2022-06-13 02:18:17+02:00,94.8
2022-06-13 02:19:17+02:00,94.7
2022-06-13 02:20:17+02:00,94.7
2022-06-13 02:21:17+02:00,94.8
2022-06-13 02:22:17+02:00,94.9
2022-06-13 02:23:18+02:00,94.8
2022-06-13 02:24:18+02:00,94.7
2022-06-13 02:25:18+02:00,94.7
2022-06-13 02:26:18+02:00,94.8
2022-06-13 02:27:18+02:00,94.7
2022-06-13 02:28:18+02:00,94.8
2022-06-13 02:29:19+02:00,94.9
2022-06-13 02:30:19+02:00,94.8
2022-06-13 02:31:19+02:00,94.8
2022-06-13 02:32:19+02:00,94.7
2022-06-13 02:33:19+02:00,94.8
2022-06-13 02:34:19+02:00,94.9
2022-06-13 02:35:20+02:00,94.8
2022-06-13 02:36:20+02:00,94.7
2022-06-13 02:37:20+02:00,94.5
2022-06-13 02:38:20+02:00,94.4
2022-06-13 02:39:20+02:00,94.5
2022-06-13 02:40:20+02:00,94.6
2022-06-13 02:41:20+02:00,94.7
2022-06-13 02:42:21+02:00,94.9
2022-06-13 02:43:21+02:00,95.0
2022-06-13 02:44:21+02:00,95.0
2022-06-13 02:45:21+02:00,95.1
2022-06-13 02:46:21+02:00,50.0
2022-06-13 02:47:21+02:00,95.3
2022-06-13 02:48:22+02:00,95.1
2022-06-13 02:49:22+02:00,95.7
2022-06-13 02:50:22+02:00,96.1
2022-06-13 02:51:22+02:00,96.8
2022-06-13 02:52:22+02:00,96.5
2022-06-13 02:53:22+02:00,95.5
2022-06-13 02:54:23+02:00,50.0
2022-06-13 02:55:23+02:00,50.0
2022-06-13 02:56:23+02:00,95.5
2022-06-13 02:57:23+02:00,95.4
2022-06-13 02:58:23+02:00,95.3
2022-06-13 02:59:23+02:00,95.2
2022-06-13 03:00:23+02:00,95.1
2022-06-13 03:01:24+02:00,95.0
2022-06-13 03:02:24+02:00,94.9
2022-06-13 03:03:24+02:00,95.1
2022-06-13 03:04:24+02:00,95.2
2022-06-13 03:05:24+02:00,95.3
2022-06-13 03:06:24+02:00,95.3
2022-06-13 03:07:25+02:00,95.3
2022-06-13 03:08:25+02:00,95.4
2022-06-13 03:09:25+02:00,95.4
2022-06-13 03:10:25+02:00,95.4
2022-06-13 03:11:25+02:00,95.3
2022-06-13 03:12:25+02:00,95.4
2022-06-13 03:13:25+02:00,95.3
2022-06-13 03:14:25+02:00,95.3
2022-06-13 03:15:26+02:00,95.3
2022-06-13 03:16:26+02:00,95.3
2022-06-13 03:17:26+02:00,95.3
2022-06-13 03:18:26+02:00,95.2
2022-06-13 03:19:26+02:00,95.2
2022-06-13 03:20:26+02:00,95.1
2022-06-13 03:21:26+02:00,95.2
2022-06-13 03:22:27+02:00,95.1
2022-06-13 03:23:27+02:00,95.0
2022-06-13 03:24:27+02:00,95.0
2022-06-13 03:25:27+02:00,94.9
2022-06-13 03:26:27+02:00,94.9
2022-06-13 03:27:27+02:00,94.9
2022-06-13 03:28:27+02:00,94.9
2022-06-13 03:29:28+02:00,94.9
2022-06-13 03:30:28+02:00,94.9
2022-06-13 03:31:28+02:00,94.9
2022-06-13 03:32:28+02:00,94.9
2022-06-13 03:33:28+02:00,94.9
2022-06-13 03:34:28+02:00,94.8
2022-06-13 03:35:28+02:00,94.8
2022-06-13 03:36:29+02:00,94.8
2022-06-13 03:37:29+02:00,94.5
2022-06-13 03:38:29+02:00,94.7
2022-06-13 03:39:29+02:00,94.9
2022-06-13 03:40:29+02:00,94.9
2022-06-13 03:41:29+02:00,94.9
2022-06-13 03:42:29+02:00,94.9
2022-06-13 03:43:30+02:00,94.9
2022-06-13 03:44:30+02:00,94.9
2022-06-13 03:45:30+02:00,94.8
2022-06-13 03:46:30+02:00,94.8
2022-06-13 03:47:30+02:00,94.8
2022-06-13 03:48:30+02:00,94.8
2022-06-13 03:49:31+02:00,94.8
2022-06-13 03:50:31+02:00,94.7
2022-06-13 03:51:31+02:00,94.8
2022-06-13 03:52:31+02:00,94.8
2022-06-13 03:53:31+02:00,50.0
2022-06-13 03:54:31+02:00,94.7
2022-06-13 03:55:31+02:00,94.5
2022-06-13 03:56:31+02:00,94.3
2022-06-13 03:57:32+02:00,94.2
2022-06-13 03:58:32+02:00,94.0
2022-06-13 03:59:32+02:00,93.9
2022-06-13 04:00:32+02:00,93.9
2022-06-13 04:01:32+02:00,93.9
2022-06-13 04:02:32+02:00,94.0
2022-06-13 04:03:33+02:00,94.0
2022-06-13 04:04:33+02:00,93.9
2022-06-13 04:05:33+02:00,94.0
2022-06-13 04:06:33+02:00,94.0
2022-06-13 04:07:33+02:00,94.0
2022-06-13 04:08:33+02:00,93.9
2022-06-13 04:09:33+02:00,93.9
2022-06-13 04:10:34+02:00,93.9
2022-06-13 04:11:34+02:00,94.0
2022-06-13 04:12:34+02:00,94.0
2022-06-13 04:13:34+02:00,94.1
2022-06-13 04:14:34+02:00,94.1
2022-06-13 04:15:34+02:00,94.1
2022-06-13 04:16:34+02:00,94.0
2022-06-13 04:17:35+02:00,94.0
2022-06-13 04:18:35+02:00,50.0
2022-06-13 04:19:35+02:00,50.0
2022-06-13 04:20:35+02:00,94.8
2022-06-13 04:21:35+02:00,95.3
2022-06-13 04:22:35+02:00,95.5
2022-06-13 04:23:35+02:00,95.7
2022-06-13 04:24:36+02:00,95.9
2022-06-13 04:25:36+02:00,96.1
2022-06-13 04:26:36+02:00,96.0
2022-06-13 04:27:36+02:00,96.1
2022-06-13 04:28:36+02:00,96.2
2022-06-13 04:29:36+02:00,96.1
2022-06-13 04:30:36+02:00,96.1
2022-06-13 04:31:37+02:00,96.1
2022-06-13 04:32:37+02:00,96.2
2022-06-13 04:33:37+02:00,50.0
2022-06-13 04:34:37+02:00,95.8
2022-06-13 04:35:37+02:00,95.2
2022-06-13 04:36:37+02:00,94.8
2022-06-13 04:37:38+02:00,94.5
2022-06-13 04:38:38+02:00,94.3
2022-06-13 04:39:38+02:00,94.2
2022-06-13 04:40:38+02:00,50.0
2022-06-13 04:41:38+02:00,94.3
2022-06-13 04:42:38+02:00,50.0
2022-06-13 04:43:38+02:00,94.9
2022-06-13 04:44:38+02:00,95.6
2022-06-13 04:45:39+02:00,96.3
2022-06-13 04:46:39+02:00,96.8
2022-06-13 04:47:39+02:00,97.1
2022-06-13 04:48:39+02:00,97.4
2022-06-13 04:49:39+02:00,97.8
2022-06-13 04:50:39+02:00,50.0
2022-06-13 04:51:40+02:00,50.0
2022-06-13 04:52:40+02:00,50.0
2022-06-13 04:53:40+02:00,96.4
2022-06-13 04:54:40+02:00,50.0
2022-06-13 04:55:40+02:00,95.8
2022-06-13 04:56:40+02:00,50.0
2022-06-13 04:57:40+02:00,50.0
2022-06-13 04:58:41+02:00,95.3
2022-06-13 04:59:41+02:00,94.6
2022-06-13 05:00:41+02:00,94.3
2022-06-13 05:01:41+02:00,93.6
2022-06-13 05:02:41+02:00,93.2
2022-06-13 05:03:41+02:00,93.4
2022-06-13 05:04:41+02:00,93.5
2022-06-13 05:05:42+02:00,50.0
2022-06-13 05:06:42+02:00,93.9
2022-06-13 05:07:42+02:00,94.0
2022-06-13 05:08:42+02:00,94.2
2022-06-13 05:09:42+02:00,94.3
2022-06-13 05:10:42+02:00,94.1
2022-06-13 05:11:42+02:00,94.1
2022-06-13 05:12:43+02:00,94.2
2022-06-13 05:13:43+02:00,94.0
2022-06-13 05:14:43+02:00,94.0
2022-06-13 05:15:43+02:00,94.2
2022-06-13 05:16:43+02:00,94.1
2022-06-13 05:17:43+02:00,94.1
2022-06-13 05:18:43+02:00,94.1
2022-06-13 05:19:44+02:00,94.4
2022-06-13 05:20:44+02:00,94.5
2022-06-13 05:21:44+02:00,94.5
2022-06-13 05:22:44+02:00,94.5
2022-06-13 05:23:44+02:00,94.4
2022-06-13 05:24:44+02:00,94.3
2022-06-13 05:25:44+02:00,94.4
2022-06-13 05:26:45+02:00,94.4
2022-06-13 05:27:45+02:00,94.5
2022-06-13 05:28:45+02:00,94.5
2022-06-13 05:29:45+02:00,94.5
2022-06-13 05:30:45+02:00,94.5
2022-06-13 05:31:45+02:00,50.0
2022-06-13 05:32:46+02:00,94.7
2022-06-13 05:33:46+02:00,95.0
2022-06-13 05:34:46+02:00,95.2
2022-06-13 05:35:46+02:00,95.5
2022-06-13 05:36:46+02:00,95.7
2022-06-13 05:37:46+02:00,96.1
2022-06-13 05:38:46+02:00,50.0
2022-06-13 05:39:46+02:00,96.2
2022-06-13 05:40:47+02:00,95.6
2022-06-13 05:41:47+02:00,95.2
2022-06-13 05:42:47+02:00,94.9
2022-06-13 05:43:47+02:00,94.7
2022-06-13 05:44:47+02:00,94.5
2022-06-13 05:45:47+02:00,94.4
2022-06-13 05:46:48+02:00,94.3
2022-06-13 05:47:48+02:00,94.2
2022-06-13 05:48:48+02:00,94.1
2022-06-13 05:49:48+02:00,94.1
2022-06-13 05:50:48+02:00,94.2
2022-06-13 05:51:48+02:00,94.1
2022-06-13 05:52:48+02:00,94.2
2022-06-13 05:53:49+02:00,94.2
2022-06-13 05:54:49+02:00,94.2
2022-06-13 05:55:49+02:00,94.3
2022-06-13 05:56:49+02:00,94.2
2022-06-13 05:57:49+02:00,94.2
2022-06-13 05:58:49+02:00,94.1
2022-06-13 05:59:49+02:00,94.1
2022-06-13 06:00:50+02:00,94.2
2022-06-13 06:01:50+02:00,94.1
2022-06-13 06:02:50+02:00,94.2
2022-06-13 06:03:50+02:00,94.2
2022-06-13 06:04:50+02:00,94.3
2022-06-13 06:05:50+02:00,50.0
2022-06-13 06:06:50+02:00,94.5
2022-06-13 06:07:51+02:00,94.6
2022-06-13 06:08:51+02:00,94.5
2022-06-13 06:09:51+02:00,94.3
2022-06-13 06:10:51+02:00,94.1
2022-06-13 06:11:51+02:00,94.0
2022-06-13 06:12:51+02:00,94.0
2022-06-13 06:13:51+02:00,94.1
2022-06-13 06:14:52+02:00,94.0
2022-06-13 06:15:52+02:00,50.0
2022-06-13 06:16:52+02:00,94.0
2022-06-13 06:17:52+02:00,94.0
2022-06-13 06:18:52+02:00,94.0
2022-06-13 06:19:52+02:00,94.1
2022-06-13 06:20:52+02:00,94.1
2022-06-13 06:21:53+02:00,94.0
2022-06-13 06:22:53+02:00,94.0
2022-06-13 06:23:53+02:00,94.1
2022-06-13 06:24:53+02:00,94.1
2022-06-13 06:25:53+02:00,94.1
2022-06-13 06:26:53+02:00,94.1
2022-06-13 06:27:53+02:00,94.1
2022-06-13 06:28:54+02:00,94.1
2022-06-13 06:29:54+02:00,50.0
2022-06-13 06:30:54+02:00,94.2
2022-06-13 06:31:54+02:00,95.4
2022-06-13 06:32:54+02:00,96.4
2022-06-13 06:33:54+02:00,96.8
2022-06-13 06:34:54+02:00,97.2
2022-06-13 06:35:55+02:00,97.8
2022-06-13 06:36:55+02:00,98.2
2022-06-13 06:37:55+02:00,98.4
2022-06-13 06:38:55+02:00,98.7
2022-06-13 06:39:55+02:00,98.9
2022-06-13 06:40:55+02:00,99.1
2022-06-13 06:41:55+02:00,99.2
2022-06-13 06:42:56+02:00,99.3
2022-06-13 06:43:56+02:00,99.4
2022-06-13 06:44:56+02:00,99.4
2022-06-13 06:45:56+02:00,99.4
2022-06-13 06:46:56+02:00,99.3
2022-06-13 06:47:56+02:00,98.6
2022-06-13 06:48:57+02:00,96.9
2022-06-13 06:49:57+02:00,95.9
2022-06-13 06:50:57+02:00,95.1
2022-06-13 06:51:57+02:00,94.4
2022-06-13 06:52:57+02:00,94.1
2022-06-13 06:53:57+02:00,93.8
2022-06-13 06:54:57+02:00,93.6
2022-06-13 06:55:58+02:00,93.5
2022-06-13 06:56:58+02:00,93.4
2022-06-13 06:57:58+02:00,93.3
2022-06-13 06:58:58+02:00,93.4
2022-06-13 06:59:58+02:00,93.6
2022-06-13 07:00:58+02:00,93.5
2022-06-13 07:01:59+02:00,93.6
2022-06-13 07:02:59+02:00,93.7
2022-06-13 07:03:59+02:00,93.7
2022-06-13 07:04:59+02:00,50.0
2022-06-13 07:05:59+02:00,93.1
2022-06-13 07:06:59+02:00,92.6
2022-06-13 07:07:59+02:00,93.3
2022-06-13 07:08:59+02:00,94.0
2022-06-13 07:10:00+02:00,94.0
2022-06-13 07:11:00+02:00,93.7
2022-06-13 07:12:00+02:00,93.9
2022-06-13 07:13:00+02:00,94.0
2022-06-13 07:14:00+02:00,94.0
2022-06-13 07:15:00+02:00,94.8
2022-06-13 07:16:00+02:00,94.9
2022-06-13 07:17:01+02:00,95.6
2022-06-13 07:18:01+02:00,50.0
2022-06-13 07:19:01+02:00,96.0
2022-06-13 07:20:01+02:00,95.4
2022-06-13 07:21:01+02:00,95.1
2022-06-13 07:22:01+02:00,94.6
2022-06-13 07:23:01+02:00,94.4
2022-06-13 07:24:01+02:00,94.5
2022-06-13 07:25:01+02:00,94.4
2022-06-13 07:26:02+02:00,94.5
2022-06-13 07:27:02+02:00,50.0
2022-06-13 07:28:02+02:00,94.6
2022-06-13 07:29:02+02:00,94.6
2022-06-13 07:30:02+02:00,50.0
2022-06-13 07:31:02+02:00,94.5
2022-06-13 07:32:02+02:00,50.0
2022-06-13 07:33:02+02:00,50.0
2022-06-13 07:34:02+02:00,50.0
2022-06-13 07:35:03+02:00,50.0
2022-06-13 07:36:03+02:00,50.0
2022-06-13 07:37:03+02:00,50.0
2022-06-13 07:38:03+02:00,50.0
2022-06-13 07:39:03+02:00,50.0
2022-06-13 07:40:03+02:00,50.0
2022-06-13 07:41:03+02:00,50.0
2022-06-13 07:42:03+02:00,50.0
2022-06-13 07:43:03+02:00,50.0
2022-06-13 07:44:04+02:00,50.0
2022-06-13 07:45:04+02:00,50.0
2022-06-13 07:46:04+02:00,50.0
2022-06-13 07:47:04+02:00,50.0
2022-06-13 07:48:04+02:00,94.9
2022-06-13 07:49:04+02:00,50.0
2022-06-13 07:50:04+02:00,50.0
2022-06-13 07:51:04+02:00,50.0
2022-06-13 07:52:05+02:00,50.0
2022-06-13 07:53:05+02:00,50.0
2022-06-13 07:54:05+02:00,50.0
2022-06-13 07:55:05+02:00,50.0
2022-06-13 07:56:05+02:00,95.3
2022-06-13 07:57:05+02:00,50.0
2022-06-13 07:58:05+02:00,50.0
2022-06-13 07:59:05+02:00,50.0
2022-06-13 08:00:05+02:00,50.0
2022-06-13 08:01:06+02:00,50.0
2022-06-13 08:02:06+02:00,50.0
2022-06-13 08:03:06+02:00,50.0
2022-06-13 08:04:06+02:00,50.0
2022-06-13 08:05:06+02:00,50.0
2022-06-13 08:06:06+02:00,50.0
2022-06-13 08:07:06+02:00,50.0
2022-06-13 08:08:06+02:00,50.0
2022-06-16 01:34:30+02:00,50.0
2022-06-16 01:35:30+02:00,91.5
2022-06-16 01:36:30+02:00,92.1
2022-06-16 01:37:30+02:00,91.9
2022-06-16 01:38:30+02:00,92.1
2022-06-16 01:39:30+02:00,91.7
2022-06-16 01:40:30+02:00,92.2
2022-06-16 01:41:30+02:00,92.5
2022-06-16 01:42:30+02:00,91.9
2022-06-16 01:43:30+02:00,92.0
2022-06-16 01:44:30+02:00,91.9
2022-06-16 01:45:31+02:00,91.9
2022-06-16 01:46:31+02:00,92.4
2022-06-16 01:47:31+02:00,92.6
2022-06-16 01:48:31+02:00,92.5
2022-06-16 01:49:31+02:00,92.5
2022-06-16 01:50:31+02:00,92.8
2022-06-16 01:51:32+02:00,92.9
2022-06-16 01:52:32+02:00,92.6
2022-06-16 01:53:32+02:00,92.6
2022-06-16 01:54:32+02:00,92.8
2022-06-16 01:55:32+02:00,92.4
2022-06-16 01:56:32+02:00,92.5
2022-06-16 01:57:32+02:00,92.4
2022-06-16 01:58:33+02:00,92.1
2022-06-16 01:59:33+02:00,91.5
2022-06-16 02:00:33+02:00,91.3
2022-06-16 02:00:33+02:00,91.3
2022-06-16 02:01:33+02:00,91.1
2022-06-16 02:02:33+02:00,90.3
2022-06-16 02:03:33+02:00,90.1
2022-06-16 02:04:34+02:00,89.8
2022-06-16 02:05:34+02:00,89.7
2022-06-16 02:06:34+02:00,89.5
2022-06-16 02:07:34+02:00,89.1
2022-06-16 02:08:34+02:00,88.9
2022-06-16 02:09:34+02:00,88.8
2022-06-16 02:10:34+02:00,88.5
2022-06-16 02:11:35+02:00,88.5
2022-06-16 02:12:35+02:00,88.8
2022-06-16 02:13:35+02:00,88.9
2022-06-16 02:14:35+02:00,88.9
2022-06-16 02:15:35+02:00,89.1
2022-06-16 02:16:35+02:00,88.8
2022-06-16 02:17:36+02:00,89.0
2022-06-16 02:18:36+02:00,89.0
2022-06-16 02:19:36+02:00,89.2
2022-06-16 02:20:36+02:00,89.4
2022-06-16 02:21:36+02:00,89.4
2022-06-16 02:22:36+02:00,89.3
2022-06-16 02:23:36+02:00,89.6
2022-06-16 02:24:36+02:00,89.7
2022-06-16 02:25:37+02:00,89.8
2022-06-16 02:26:37+02:00,89.9
2022-06-16 02:27:37+02:00,89.7
2022-06-16 02:28:37+02:00,89.6
2022-06-16 02:29:37+02:00,89.8
2022-06-16 02:30:37+02:00,89.8
2022-06-16 02:31:37+02:00,89.6
2022-06-16 02:32:37+02:00,90.0
2022-06-16 02:33:38+02:00,90.2
2022-06-16 02:34:38+02:00,90.4
2022-06-16 02:35:38+02:00,90.3
2022-06-16 02:36:38+02:00,90.6
2022-06-16 02:37:38+02:00,90.8
2022-06-16 02:38:38+02:00,91.2
2022-06-16 02:39:38+02:00,91.3
2022-06-16 02:40:39+02:00,91.5
2022-06-16 02:41:39+02:00,91.8
2022-06-16 02:42:39+02:00,92.0
2022-06-16 02:43:39+02:00,92.2
2022-06-16 02:44:39+02:00,92.3
2022-06-16 02:45:39+02:00,92.5
2022-06-16 02:46:39+02:00,92.3
2022-06-16 02:47:39+02:00,92.1
2022-06-16 02:48:40+02:00,92.1
2022-06-16 02:49:40+02:00,92.2
2022-06-16 02:50:40+02:00,92.0
2022-06-16 02:51:40+02:00,91.9
2022-06-16 02:52:40+02:00,91.9
2022-06-16 02:53:40+02:00,92.0
2022-06-16 02:54:40+02:00,50.0
2022-06-16 02:55:41+02:00,91.6
2022-06-16 02:56:41+02:00,91.4
2022-06-16 02:57:41+02:00,91.2
2022-06-16 02:58:41+02:00,90.5
2022-06-16 02:59:41+02:00,90.3
2022-06-16 03:00:41+02:00,90.5
2022-06-16 03:01:41+02:00,90.4
2022-06-16 03:02:42+02:00,90.6
2022-06-16 03:03:42+02:00,90.8
2022-06-16 03:04:42+02:00,90.6
2022-06-16 03:05:42+02:00,90.7
2022-06-16 03:06:42+02:00,91.2
2022-06-16 03:07:42+02:00,91.3
2022-06-16 03:08:42+02:00,50.0
2022-06-16 03:09:42+02:00,91.4
2022-06-16 03:10:43+02:00,91.6
2022-06-16 03:11:43+02:00,91.2
2022-06-16 03:12:43+02:00,91.2
2022-06-16 03:13:43+02:00,91.5
2022-06-16 03:14:43+02:00,91.8
2022-06-16 03:15:43+02:00,91.8
2022-06-16 03:16:43+02:00,91.6
2022-06-16 03:17:44+02:00,91.7
2022-06-16 03:18:44+02:00,50.0
2022-06-16 03:19:44+02:00,91.7
2022-06-16 03:20:44+02:00,50.0
2022-06-16 03:21:44+02:00,91.8
2022-06-16 03:22:44+02:00,91.9
2022-06-16 03:23:44+02:00,91.8
2022-06-16 03:24:45+02:00,91.8
2022-06-16 03:25:45+02:00,91.8
2022-06-16 03:26:45+02:00,91.7
2022-06-16 03:27:45+02:00,91.8
2022-06-16 03:28:45+02:00,91.8
2022-06-16 03:29:45+02:00,91.9
2022-06-16 03:30:45+02:00,92.1
2022-06-16 03:31:46+02:00,92.1
2022-06-16 03:32:46+02:00,92.3
2022-06-16 03:33:46+02:00,92.2
2022-06-16 03:34:46+02:00,92.2
2022-06-16 03:35:46+02:00,92.2
2022-06-16 03:36:46+02:00,92.1
2022-06-16 03:37:46+02:00,92.1
2022-06-16 03:38:46+02:00,50.0
2022-06-16 03:39:47+02:00,92.4
2022-06-16 03:40:47+02:00,92.6
2022-06-16 03:41:47+02:00,92.6
2022-06-16 03:42:47+02:00,92.5
2022-06-16 03:43:47+02:00,92.6
2022-06-16 03:44:47+02:00,92.6
2022-06-16 03:45:47+02:00,92.7
2022-06-16 03:46:48+02:00,92.7
2022-06-16 03:47:48+02:00,92.7
2022-06-16 03:48:48+02:00,92.7
2022-06-16 03:49:48+02:00,92.5
2022-06-16 03:50:48+02:00,92.5
2022-06-16 03:51:48+02:00,92.5
2022-06-16 03:52:48+02:00,92.5
2022-06-16 03:53:48+02:00,92.4
2022-06-16 03:54:49+02:00,92.3
2022-06-16 03:55:49+02:00,92.4
2022-06-16 03:56:49+02:00,92.4
2022-06-16 03:57:49+02:00,92.4
2022-06-16 03:58:49+02:00,92.4
2022-06-16 03:59:49+02:00,92.4
2022-06-16 04:00:49+02:00,92.4
2022-06-16 04:01:50+02:00,92.4
2022-06-16 04:02:50+02:00,92.4
2022-06-16 04:03:50+02:00,92.4
2022-06-16 04:04:50+02:00,92.3
2022-06-16 04:05:50+02:00,92.4
2022-06-16 04:06:50+02:00,92.4
2022-06-16 04:07:50+02:00,92.5
2022-06-16 04:08:51+02:00,92.4
2022-06-16 04:09:51+02:00,92.3
2022-06-16 04:10:51+02:00,92.3
2022-06-16 04:11:51+02:00,92.5
2022-06-16 04:12:51+02:00,92.5
2022-06-16 04:13:51+02:00,92.5
2022-06-16 04:14:51+02:00,92.5
2022-06-16 04:15:52+02:00,92.3
2022-06-16 04:16:52+02:00,92.4
2022-06-16 04:17:52+02:00,92.6
2022-06-16 04:18:52+02:00,92.5
2022-06-16 04:19:52+02:00,92.4
2022-06-16 04:20:52+02:00,92.3
2022-06-16 04:21:52+02:00,92.4
2022-06-16 04:22:53+02:00,92.5
2022-06-16 04:23:53+02:00,92.4
2022-06-16 04:24:53+02:00,50.0
2022-06-16 04:25:53+02:00,92.9
2022-06-16 04:26:53+02:00,92.3
2022-06-16 04:27:53+02:00,91.7
2022-06-16 04:28:53+02:00,91.3
2022-06-16 04:29:53+02:00,91.0
2022-06-16 04:30:54+02:00,91.2
2022-06-16 04:31:54+02:00,91.3
2022-06-16 04:32:54+02:00,91.2
2022-06-16 04:33:54+02:00,91.2
2022-06-16 04:34:54+02:00,91.3
2022-06-16 04:35:54+02:00,91.5
2022-06-16 04:36:55+02:00,91.5
2022-06-16 04:37:55+02:00,50.0
2022-06-16 04:38:55+02:00,50.0
2022-06-16 04:39:55+02:00,93.3
2022-06-16 04:40:55+02:00,94.3
2022-06-16 04:41:55+02:00,94.0
2022-06-16 04:42:55+02:00,95.4
2022-06-16 04:43:56+02:00,96.3
2022-06-16 04:44:56+02:00,96.9
2022-06-16 04:45:56+02:00,96.5
2022-06-16 04:46:56+02:00,97.0
2022-06-16 04:47:56+02:00,50.0
2022-06-16 04:48:56+02:00,97.6
2022-06-16 04:49:56+02:00,95.8
2022-06-16 04:50:56+02:00,94.0
2022-06-16 04:51:57+02:00,93.2
2022-06-16 04:52:57+02:00,92.2
2022-06-16 04:53:57+02:00,91.7
2022-06-16 04:54:57+02:00,91.4
2022-06-16 04:55:57+02:00,91.5
2022-06-16 04:56:57+02:00,92.0
2022-06-16 04:57:57+02:00,91.7
2022-06-16 04:58:58+02:00,91.5
2022-06-16 04:59:58+02:00,91.7
2022-06-16 05:00:58+02:00,50.0
2022-06-16 05:01:58+02:00,92.4
2022-06-16 05:02:58+02:00,93.4
2022-06-16 05:03:58+02:00,94.9
2022-06-16 05:04:58+02:00,95.9
2022-06-16 05:05:59+02:00,96.5
2022-06-16 05:06:59+02:00,50.0
2022-06-16 05:07:59+02:00,95.9
2022-06-16 05:08:59+02:00,94.6
2022-06-16 05:09:59+02:00,93.8
2022-06-16 05:10:59+02:00,93.2
2022-06-16 05:11:59+02:00,92.9
2022-06-16 05:13:00+02:00,92.8
2022-06-16 05:14:00+02:00,92.5
2022-06-16 05:15:00+02:00,92.7
2022-06-16 05:16:00+02:00,92.8
2022-06-16 05:17:00+02:00,92.2
2022-06-16 05:18:00+02:00,92.0
2022-06-16 05:19:00+02:00,92.0
2022-06-16 05:20:00+02:00,92.3
2022-06-16 05:21:01+02:00,92.3
2022-06-16 05:22:01+02:00,92.5
2022-06-16 05:23:01+02:00,92.6
2022-06-16 05:24:01+02:00,92.4
2022-06-16 05:25:01+02:00,92.0
2022-06-16 05:26:01+02:00,92.2
2022-06-16 05:27:01+02:00,91.7
2022-06-16 05:28:01+02:00,91.7
2022-06-16 05:29:01+02:00,92.0
2022-06-16 05:30:02+02:00,92.0
2022-06-16 05:31:02+02:00,91.8
2022-06-16 05:32:02+02:00,91.6
2022-06-16 05:33:02+02:00,91.8
2022-06-16 05:34:02+02:00,91.8
2022-06-16 05:35:02+02:00,91.7
2022-06-16 05:36:02+02:00,91.6
2022-06-16 05:37:03+02:00,91.8
2022-06-16 05:38:03+02:00,91.6
2022-06-16 05:39:03+02:00,91.5
2022-06-16 05:40:03+02:00,91.4
2022-06-16 05:41:03+02:00,91.2
2022-06-16 05:42:03+02:00,91.4
2022-06-16 05:43:03+02:00,91.5
2022-06-16 05:44:03+02:00,91.5
2022-06-16 05:45:03+02:00,91.1
2022-06-16 05:46:04+02:00,91.2
2022-06-16 05:47:04+02:00,91.2
2022-06-16 05:48:04+02:00,91.1
2022-06-16 05:49:04+02:00,91.0
2022-06-16 05:50:04+02:00,91.0
2022-06-16 05:51:04+02:00,91.0
2022-06-16 05:52:04+02:00,90.9
2022-06-16 05:53:04+02:00,91.0
2022-06-16 05:54:05+02:00,91.0
2022-06-16 05:55:05+02:00,91.0
2022-06-16 05:56:05+02:00,91.1
2022-06-16 05:57:05+02:00,91.2
2022-06-16 05:58:05+02:00,91.2
2022-06-16 05:59:05+02:00,91.3
2022-06-16 06:00:05+02:00,91.2
2022-06-16 06:01:05+02:00,91.3
2022-06-16 06:02:06+02:00,50.0
2022-06-16 06:03:06+02:00,91.4
2022-06-16 06:04:06+02:00,91.6
2022-06-16 06:05:06+02:00,91.6
2022-06-16 06:06:06+02:00,91.5
2022-06-16 06:07:06+02:00,91.6
2022-06-16 06:08:06+02:00,91.6
2022-06-16 06:09:06+02:00,91.8
2022-06-16 06:10:06+02:00,91.9
2022-06-16 06:11:06+02:00,91.9
2022-06-16 06:12:07+02:00,91.8
2022-06-16 06:13:07+02:00,91.9
2022-06-16 06:14:07+02:00,91.8
2022-06-16 06:15:07+02:00,91.8
2022-06-16 06:16:07+02:00,91.7
2022-06-16 06:17:07+02:00,91.6
2022-06-16 06:18:07+02:00,91.8
2022-06-16 06:19:07+02:00,50.0
2022-06-16 06:20:07+02:00,91.9
2022-06-16 06:21:08+02:00,90.4
2022-06-16 06:22:08+02:00,90.6
2022-06-16 06:23:08+02:00,90.4
2022-06-16 06:24:08+02:00,90.1
2022-06-16 06:25:08+02:00,90.3
2022-06-16 06:26:08+02:00,89.8
2022-06-16 06:27:08+02:00,90.2
2022-06-16 06:28:08+02:00,50.0
2022-06-16 06:29:08+02:00,50.0
2022-06-16 06:30:08+02:00,50.0
2022-06-16 06:31:09+02:00,50.0
2022-06-16 06:32:09+02:00,89.6
2022-06-16 06:33:09+02:00,89.8
2022-06-16 06:34:09+02:00,90.0
2022-06-16 06:35:09+02:00,90.2
2022-06-16 06:36:09+02:00,89.9
2022-06-16 06:37:09+02:00,91.4
2022-06-16 06:38:09+02:00,92.8
2022-06-16 06:39:09+02:00,92.9
2022-06-16 06:40:09+02:00,92.5
2022-06-16 06:41:09+02:00,93.6
2022-06-16 06:42:09+02:00,94.6
2022-06-16 06:43:10+02:00,95.7
2022-06-16 06:44:10+02:00,97.0
2022-06-16 06:45:10+02:00,96.7
2022-06-16 06:46:10+02:00,97.3
2022-06-16 06:47:10+02:00,98.1
2022-06-16 06:48:10+02:00,97.2
2022-06-16 06:49:10+02:00,98.0
2022-06-16 06:50:10+02:00,50.0
2022-06-16 06:51:10+02:00,96.0
2022-06-16 06:52:11+02:00,94.2
2022-06-16 06:53:11+02:00,91.9
2022-06-16 06:54:11+02:00,89.8
2022-06-16 06:55:11+02:00,86.6
2022-06-16 06:56:11+02:00,87.3
2022-06-16 06:57:11+02:00,89.1
2022-06-16 06:58:11+02:00,88.8
2022-06-16 06:59:11+02:00,88.5
2022-06-16 07:00:11+02:00,87.8
2022-06-16 07:01:11+02:00,50.0
2022-06-16 07:02:11+02:00,87.6
2022-06-16 07:03:12+02:00,50.0
2022-06-16 07:04:12+02:00,87.0
2022-06-16 07:05:12+02:00,86.6
2022-06-16 07:06:12+02:00,86.8
2022-06-16 07:07:12+02:00,89.3
2022-06-16 07:08:12+02:00,88.3
2022-06-16 07:09:12+02:00,90.0
2022-06-16 07:10:12+02:00,50.0
2022-06-16 07:11:13+02:00,91.4
2022-06-16 07:12:13+02:00,91.9
2022-06-16 07:13:13+02:00,91.2
2022-06-16 07:14:13+02:00,91.5
2022-06-16 07:15:13+02:00,91.9
2022-06-16 07:16:13+02:00,50.0
2022-06-16 07:17:13+02:00,92.4
2022-06-16 07:18:14+02:00,92.4
2022-06-16 07:19:14+02:00,91.9
2022-06-16 07:20:14+02:00,92.4
2022-06-16 07:21:14+02:00,92.5
2022-06-16 07:22:14+02:00,92.5
2022-06-16 07:23:14+02:00,92.0
2022-06-16 07:24:14+02:00,92.1
2022-06-16 07:25:14+02:00,92.4
2022-06-16 07:26:15+02:00,92.6
2022-06-16 07:27:15+02:00,50.0
2022-06-16 07:28:15+02:00,92.2
2022-06-16 07:29:15+02:00,92.0
2022-06-16 07:30:15+02:00,91.4
2022-06-16 07:31:15+02:00,91.3
2022-06-16 07:32:16+02:00,91.5
2022-06-16 07:33:16+02:00,91.7
2022-06-16 07:34:16+02:00,91.5
2022-06-16 07:35:16+02:00,91.6
2022-06-16 07:36:16+02:00,91.9
2022-06-16 07:37:16+02:00,92.2
2022-06-16 07:38:16+02:00,92.2
2022-06-16 07:39:17+02:00,92.2
2022-06-16 07:40:17+02:00,92.2
2022-06-16 07:41:17+02:00,92.0
2022-06-16 07:42:17+02:00,92.2
2022-06-16 07:43:17+02:00,91.9
2022-06-16 07:44:17+02:00,92.0
2022-06-16 07:45:17+02:00,92.0
2022-06-16 07:46:18+02:00,50.0
2022-06-16 07:47:18+02:00,91.8
2022-06-16 07:48:18+02:00,91.9
2022-06-16 07:49:18+02:00,91.7
2022-06-16 07:50:18+02:00,91.7
2022-06-16 07:51:18+02:00,91.1
2022-06-16 07:52:19+02:00,90.7
2022-06-16 07:53:19+02:00,90.5
2022-06-16 07:54:19+02:00,90.6
2022-06-16 07:55:19+02:00,90.7
2022-06-16 07:56:19+02:00,90.4
2022-06-16 07:57:19+02:00,90.1
2022-06-16 07:58:19+02:00,90.6
2022-06-16 07:59:20+02:00,90.4
2022-06-16 08:00:20+02:00,90.7
2022-06-16 08:01:20+02:00,90.9
2022-06-16 08:02:20+02:00,90.9
2022-06-16 08:03:20+02:00,90.9
2022-06-16 08:04:20+02:00,90.2
2022-06-16 08:05:20+02:00,90.1
2022-06-16 08:06:21+02:00,90.3
2022-06-16 08:07:21+02:00,90.2
2022-06-16 08:08:21+02:00,90.3
2022-06-16 08:09:21+02:00,90.3
2022-06-16 08:10:21+02:00,90.1
2022-06-16 08:11:21+02:00,90.1
2022-06-16 08:12:22+02:00,90.2
2022-06-16 08:13:22+02:00,90.5
2022-06-16 08:14:22+02:00,90.2
2022-06-16 08:15:22+02:00,90.0
2022-06-16 08:16:22+02:00,88.8
2022-06-16 08:17:22+02:00,89.2
2022-06-16 08:18:22+02:00,89.5
2022-06-16 08:19:23+02:00,88.9
2022-06-16 08:20:23+02:00,90.0
2022-06-16 08:21:23+02:00,90.3
2022-06-16 08:22:23+02:00,90.3
2022-06-16 08:23:23+02:00,50.0
2022-06-16 08:24:23+02:00,90.7
2022-06-16 08:25:23+02:00,91.1
2022-06-16 08:26:24+02:00,91.5
2022-06-16 08:27:24+02:00,91.6
2022-06-16 08:28:24+02:00,91.9
2022-06-16 08:29:24+02:00,91.4
2022-06-16 08:30:24+02:00,50.0
2022-06-16 08:31:24+02:00,89.6
2022-06-16 08:32:24+02:00,88.0
2022-06-16 08:33:25+02:00,85.7
2022-06-16 08:34:25+02:00,83.3
2022-06-16 08:35:25+02:00,84.7
2022-06-16 08:36:25+02:00,87.3
2022-06-16 08:37:25+02:00,88.9
2022-06-16 08:38:25+02:00,90.1
2022-06-16 08:39:26+02:00,90.8
2022-06-16 08:40:26+02:00,91.1
2022-06-16 08:41:26+02:00,91.5
2022-06-16 08:42:26+02:00,50.0
2022-06-16 08:43:26+02:00,91.3
2022-06-16 08:44:26+02:00,91.8
2022-06-16 08:45:26+02:00,91.4
2022-06-16 08:46:26+02:00,92.1
2022-06-16 08:47:27+02:00,92.1
2022-06-16 08:48:27+02:00,92.0
2022-06-16 08:49:27+02:00,92.5
2022-06-16 08:50:27+02:00,92.4
2022-06-16 08:51:27+02:00,92.5
2022-06-16 08:52:27+02:00,93.0
2022-06-16 08:53:27+02:00,92.4
2022-06-16 08:54:28+02:00,92.0
2022-06-16 08:55:28+02:00,92.4
2022-06-16 08:56:28+02:00,92.7
2022-06-16 08:57:28+02:00,50.0
2022-06-16 08:58:28+02:00,92.4
2022-06-16 08:59:28+02:00,50.0
2022-06-16 09:00:28+02:00,93.5
2022-06-16 09:01:29+02:00,50.0
2022-06-16 09:02:29+02:00,50.0
2022-06-16 09:03:29+02:00,50.0
2022-06-16 09:04:29+02:00,50.0
2022-06-16 09:05:29+02:00,50.0
2022-06-16 09:06:29+02:00,50.0
2022-06-16 09:07:30+02:00,50.0
2022-06-16 09:08:30+02:00,50.0
2022-06-16 09:09:30+02:00,50.0
2022-06-16 09:10:30+02:00,50.0
2022-06-16 09:11:30+02:00,50.0
2022-06-16 09:12:30+02:00,50.0
2022-06-16 09:13:30+02:00,50.0
2022-06-16 09:14:31+02:00,50.0
2022-06-16 09:15:31+02:00,50.0
2022-06-16 09:16:31+02:00,50.0
2022-06-16 09:17:31+02:00,50.0
2022-06-16 09:18:31+02:00,50.0
2022-06-16 09:19:31+02:00,50.0
2022-06-16 09:20:32+02:00,50.0
2022-06-16 09:21:32+02:00,50.0
2022-06-16 09:22:32+02:00,50.0
2022-06-16 09:23:32+02:00,88.9
2022-06-16 09:24:32+02:00,88.1
2022-06-16 09:25:32+02:00,87.5
2022-06-16 09:26:32+02:00,87.9
2022-06-16 09:27:33+02:00,50.0
2022-06-16 09:28:33+02:00,50.0
2022-06-16 09:29:33+02:00,50.0
2022-06-16 09:30:33+02:00,50.0
2022-06-16 09:31:33+02:00,88.1
2022-06-16 09:32:33+02:00,50.0
2022-06-16 09:33:34+02:00,86.4
2022-06-16 09:34:34+02:00,50.0
2022-06-16 09:35:34+02:00,50.0
