timestamp,oxygen_saturation_by_minute
2022-06-07 00:43:30+02:00,50.0
2022-06-07 00:44:30+02:00,92.9
2022-06-07 00:45:30+02:00,93.2
2022-06-07 00:46:30+02:00,93.5
2022-06-07 00:47:30+02:00,93.6
2022-06-07 00:48:30+02:00,93.9
2022-06-07 00:49:30+02:00,93.6
2022-06-07 00:50:30+02:00,93.6
2022-06-07 00:51:30+02:00,93.5
2022-06-07 00:52:30+02:00,93.5
2022-06-07 00:53:30+02:00,93.6
2022-06-07 00:54:31+02:00,93.6
2022-06-07 00:55:31+02:00,93.8
2022-06-07 00:56:31+02:00,93.9
2022-06-07 00:57:31+02:00,93.8
2022-06-07 00:58:31+02:00,93.9
2022-06-07 00:59:31+02:00,93.7
2022-06-07 01:00:31+02:00,93.6
2022-06-07 01:01:32+02:00,94.2
2022-06-07 01:02:32+02:00,94.0
2022-06-07 01:03:32+02:00,94.1
2022-06-07 01:04:32+02:00,93.9
2022-06-07 01:05:32+02:00,93.7
2022-06-07 01:06:32+02:00,93.7
2022-06-07 01:07:32+02:00,93.8
2022-06-07 01:08:33+02:00,93.6
2022-06-07 01:09:33+02:00,93.6
2022-06-07 01:10:33+02:00,93.6
2022-06-07 01:11:33+02:00,93.7
2022-06-07 01:12:33+02:00,93.6
2022-06-07 01:13:33+02:00,93.6
2022-06-07 01:14:34+02:00,93.6
2022-06-07 01:15:34+02:00,93.6
2022-06-07 01:16:34+02:00,93.6
2022-06-07 01:17:34+02:00,93.4
2022-06-07 01:18:34+02:00,93.3
2022-06-07 01:19:34+02:00,93.2
2022-06-07 01:20:35+02:00,50.0
2022-06-07 01:21:35+02:00,92.8
2022-06-07 01:22:35+02:00,92.3
2022-06-07 01:23:35+02:00,92.2
2022-06-07 01:24:35+02:00,92.6
2022-06-07 01:25:35+02:00,92.9
2022-06-07 01:26:35+02:00,93.0
2022-06-07 01:27:36+02:00,93.1
2022-06-07 01:28:36+02:00,93.2
2022-06-07 01:29:36+02:00,93.4
2022-06-07 01:30:36+02:00,93.8
2022-06-07 01:31:36+02:00,50.0
2022-06-07 01:32:36+02:00,94.1
2022-06-07 01:33:37+02:00,94.6
2022-06-07 01:34:37+02:00,94.9
2022-06-07 01:35:37+02:00,95.2
2022-06-07 01:36:37+02:00,95.3
2022-06-07 01:37:37+02:00,95.4
2022-06-07 01:38:37+02:00,95.4
2022-06-07 01:39:37+02:00,95.3
2022-06-07 01:40:37+02:00,95.2
2022-06-07 01:41:38+02:00,95.3
2022-06-07 01:42:38+02:00,95.3
2022-06-07 01:43:38+02:00,95.3
2022-06-07 01:44:38+02:00,95.4
2022-06-07 01:45:38+02:00,95.5
2022-06-07 01:46:38+02:00,95.6
2022-06-07 01:47:38+02:00,50.0
2022-06-07 01:48:39+02:00,94.8
2022-06-07 01:49:39+02:00,94.2
2022-06-07 01:50:39+02:00,93.7
2022-06-07 01:51:39+02:00,93.3
2022-06-07 01:52:39+02:00,93.1
2022-06-07 01:53:39+02:00,93.0
2022-06-07 01:54:39+02:00,92.9
2022-06-07 01:55:39+02:00,92.9
2022-06-07 01:56:40+02:00,92.8
2022-06-07 01:57:40+02:00,92.7
2022-06-07 01:58:40+02:00,93.1
2022-06-07 01:59:40+02:00,50.0
2022-06-07 02:00:40+02:00,50.0
2022-06-07 02:00:40+02:00,50.0
2022-06-07 02:01:40+02:00,93.4
2022-06-07 02:02:40+02:00,93.0
2022-06-07 02:03:40+02:00,93.0
2022-06-07 02:04:40+02:00,93.3
2022-06-07 02:05:41+02:00,93.4
2022-06-07 02:06:41+02:00,93.3
2022-06-07 02:07:41+02:00,93.2
2022-06-07 02:08:41+02:00,93.2
2022-06-07 02:09:41+02:00,93.2
2022-06-07 02:10:41+02:00,93.2
2022-06-07 02:11:41+02:00,93.1
2022-06-07 02:12:42+02:00,93.0
2022-06-07 02:13:42+02:00,93.0
2022-06-07 02:14:42+02:00,93.0
2022-06-07 02:15:42+02:00,93.0
2022-06-07 02:16:42+02:00,93.0
2022-06-07 02:17:42+02:00,93.0
2022-06-07 02:18:42+02:00,93.0
2022-06-07 02:19:43+02:00,93.0
2022-06-07 02:20:43+02:00,93.0
2022-06-07 02:21:43+02:00,93.0
2022-06-07 02:22:43+02:00,93.0
2022-06-07 02:23:43+02:00,93.0
2022-06-07 02:24:43+02:00,93.0
2022-06-07 02:25:43+02:00,93.1
2022-06-07 02:26:44+02:00,93.1
2022-06-07 02:27:44+02:00,93.1
2022-06-07 02:28:44+02:00,93.0
2022-06-07 02:29:44+02:00,93.0
2022-06-07 02:30:44+02:00,93.0
2022-06-07 02:31:44+02:00,93.0
2022-06-07 02:32:44+02:00,93.0
2022-06-07 02:33:44+02:00,50.0
2022-06-07 02:34:44+02:00,93.0
2022-06-07 02:35:44+02:00,93.2
2022-06-07 02:36:45+02:00,93.3
2022-06-07 02:37:45+02:00,93.5
2022-06-07 02:38:45+02:00,93.7
2022-06-07 02:39:45+02:00,93.8
2022-06-07 02:40:45+02:00,93.8
2022-06-07 02:41:45+02:00,93.8
2022-06-07 02:42:45+02:00,50.0
2022-06-07 02:43:45+02:00,94.0
2022-06-07 02:44:45+02:00,94.0
2022-06-07 02:45:45+02:00,94.0
2022-06-07 02:46:46+02:00,94.1
2022-06-07 02:47:46+02:00,94.0
2022-06-07 02:48:46+02:00,94.0
2022-06-07 02:49:46+02:00,50.0
2022-06-07 02:50:46+02:00,50.0
2022-06-07 02:51:46+02:00,93.4
2022-06-07 02:52:46+02:00,92.3
2022-06-07 02:53:46+02:00,91.6
2022-06-07 02:54:46+02:00,91.3
2022-06-07 02:55:46+02:00,91.2
2022-06-07 02:56:46+02:00,90.9
2022-06-07 02:57:47+02:00,90.6
2022-06-07 02:58:47+02:00,90.8
2022-06-07 02:59:47+02:00,91.2
2022-06-07 03:00:47+02:00,91.6
2022-06-07 03:01:47+02:00,91.1
2022-06-07 03:02:47+02:00,91.3
2022-06-07 03:03:47+02:00,91.3
2022-06-07 03:04:47+02:00,91.3
2022-06-07 03:05:47+02:00,91.5
2022-06-07 03:06:47+02:00,91.6
2022-06-07 03:07:47+02:00,91.8
2022-06-07 03:08:47+02:00,92.4
2022-06-07 03:09:48+02:00,92.3
2022-06-07 03:10:48+02:00,92.3
2022-06-07 03:11:48+02:00,92.7
2022-06-07 03:12:48+02:00,92.2
2022-06-07 03:13:48+02:00,92.3
2022-06-07 03:14:48+02:00,92.4
2022-06-07 03:15:48+02:00,50.0
2022-06-07 03:16:48+02:00,92.6
2022-06-07 03:17:48+02:00,93.2
2022-06-07 03:18:48+02:00,93.4
2022-06-07 03:19:48+02:00,93.6
2022-06-07 03:20:48+02:00,93.7
2022-06-07 03:21:49+02:00,93.8
2022-06-07 03:22:49+02:00,93.7
2022-06-07 03:23:49+02:00,93.6
2022-06-07 03:24:49+02:00,93.7
2022-06-07 03:25:49+02:00,93.7
2022-06-07 03:26:49+02:00,93.8
2022-06-07 03:27:49+02:00,94.1
2022-06-07 03:28:49+02:00,93.8
2022-06-07 03:29:49+02:00,93.7
2022-06-07 03:30:49+02:00,94.1
2022-06-07 03:31:50+02:00,94.2
2022-06-07 03:32:50+02:00,94.0
2022-06-07 03:33:50+02:00,93.8
2022-06-07 03:34:50+02:00,50.0
2022-06-07 03:35:50+02:00,93.5
2022-06-07 03:36:50+02:00,93.8
2022-06-07 03:37:50+02:00,93.7
2022-06-07 03:38:51+02:00,93.6
2022-06-07 03:39:51+02:00,93.7
2022-06-07 03:40:51+02:00,93.7
2022-06-07 03:41:51+02:00,93.9
2022-06-07 03:42:51+02:00,93.8
2022-06-07 03:43:51+02:00,94.2
2022-06-07 03:44:51+02:00,94.3
2022-06-07 03:45:52+02:00,94.2
2022-06-07 03:46:52+02:00,94.1
2022-06-07 03:47:52+02:00,94.1
2022-06-07 03:48:52+02:00,94.0
2022-06-07 03:49:52+02:00,94.2
2022-06-07 03:50:52+02:00,94.2
2022-06-07 03:51:52+02:00,94.2
2022-06-07 03:52:53+02:00,94.0
2022-06-07 03:53:53+02:00,94.0
2022-06-07 03:54:53+02:00,94.2
2022-06-07 03:55:53+02:00,94.2
2022-06-07 03:56:53+02:00,94.1
2022-06-07 03:57:53+02:00,94.2
2022-06-07 03:58:53+02:00,94.1
2022-06-07 03:59:54+02:00,94.1
2022-06-07 04:00:54+02:00,94.2
2022-06-07 04:01:54+02:00,94.0
2022-06-07 04:02:54+02:00,94.0
2022-06-07 04:03:54+02:00,93.9
2022-06-07 04:04:54+02:00,93.7
2022-06-07 04:05:55+02:00,93.8
2022-06-07 04:06:55+02:00,93.9
2022-06-07 04:07:55+02:00,94.0
2022-06-07 04:08:55+02:00,94.3
2022-06-07 04:09:55+02:00,94.0
2022-06-07 04:10:55+02:00,94.0
2022-06-07 04:11:55+02:00,94.0
2022-06-07 04:12:56+02:00,94.1
2022-06-07 04:13:56+02:00,94.0
2022-06-07 04:14:56+02:00,94.2
2022-06-07 04:15:56+02:00,94.3
2022-06-07 04:16:56+02:00,50.0
2022-06-07 04:17:56+02:00,94.1
2022-06-07 04:18:56+02:00,93.6
2022-06-07 04:19:57+02:00,93.6
2022-06-07 04:20:57+02:00,50.0
2022-06-07 04:21:57+02:00,93.7
2022-06-07 04:22:57+02:00,94.0
2022-06-07 04:23:57+02:00,94.2
2022-06-07 04:24:57+02:00,94.3
2022-06-07 04:25:57+02:00,94.5
2022-06-07 04:26:58+02:00,94.6
2022-06-07 04:27:58+02:00,94.6
2022-06-07 04:28:58+02:00,94.8
2022-06-07 04:29:58+02:00,50.0
2022-06-07 04:30:58+02:00,94.4
2022-06-07 04:31:58+02:00,94.1
2022-06-07 04:32:58+02:00,94.2
2022-06-07 04:33:59+02:00,94.1
2022-06-07 04:34:59+02:00,94.0
2022-06-07 04:35:59+02:00,94.1
2022-06-07 04:36:59+02:00,93.9
2022-06-07 04:37:59+02:00,93.9
2022-06-07 04:38:59+02:00,93.9
2022-06-07 04:39:59+02:00,94.5
2022-06-07 04:41:00+02:00,94.5
2022-06-07 04:42:00+02:00,94.7
2022-06-07 04:43:00+02:00,95.0
2022-06-07 04:44:00+02:00,94.8
2022-06-07 04:45:00+02:00,94.8
2022-06-07 04:46:00+02:00,95.0
2022-06-07 04:47:00+02:00,95.0
2022-06-07 04:48:01+02:00,94.7
2022-06-07 04:49:01+02:00,95.0
2022-06-07 04:50:01+02:00,94.9
2022-06-07 04:51:01+02:00,94.9
2022-06-07 04:52:01+02:00,94.9
2022-06-07 04:53:01+02:00,95.1
2022-06-07 04:54:02+02:00,95.4
2022-06-07 04:55:02+02:00,95.0
2022-06-07 04:56:02+02:00,95.2
2022-06-07 04:57:02+02:00,95.8
2022-06-07 04:58:02+02:00,95.8
2022-06-07 04:59:02+02:00,50.0
2022-06-07 05:00:02+02:00,95.5
2022-06-07 05:01:02+02:00,94.9
2022-06-07 05:02:02+02:00,50.0
2022-06-07 05:03:03+02:00,93.9
2022-06-07 05:04:03+02:00,94.0
2022-06-07 05:05:03+02:00,50.0
2022-06-07 05:06:03+02:00,94.1
2022-06-07 05:07:03+02:00,94.5
2022-06-07 05:08:03+02:00,94.7
2022-06-07 05:09:03+02:00,94.9
2022-06-07 05:10:03+02:00,94.7
2022-06-07 05:11:03+02:00,94.8
2022-06-07 05:12:04+02:00,50.0
2022-06-07 05:13:04+02:00,50.0
2022-06-07 05:14:04+02:00,93.1
2022-06-07 05:15:04+02:00,92.5
2022-06-07 05:16:04+02:00,92.2
2022-06-07 05:17:04+02:00,92.0
2022-06-07 05:18:04+02:00,91.6
2022-06-07 05:19:05+02:00,91.7
2022-06-07 05:20:05+02:00,91.4
2022-06-07 05:21:05+02:00,91.4
2022-06-07 05:22:05+02:00,91.2
2022-06-07 05:23:05+02:00,91.3
2022-06-07 05:24:05+02:00,91.1
2022-06-07 05:25:05+02:00,91.1
2022-06-07 05:26:06+02:00,90.9
2022-06-07 05:27:06+02:00,91.2
2022-06-07 05:28:06+02:00,91.3
2022-06-07 05:29:06+02:00,92.1
2022-06-07 05:30:06+02:00,92.3
2022-06-07 05:31:06+02:00,92.3
2022-06-07 05:32:06+02:00,50.0
2022-06-07 05:33:07+02:00,92.7
2022-06-07 05:34:07+02:00,93.2
2022-06-07 05:35:07+02:00,50.0
2022-06-07 05:36:07+02:00,93.4
2022-06-07 05:37:07+02:00,94.5
2022-06-07 05:38:07+02:00,50.0
2022-06-07 05:39:07+02:00,95.0
2022-06-07 05:40:08+02:00,50.0
2022-06-07 05:41:08+02:00,95.4
2022-06-07 05:42:08+02:00,95.4
2022-06-07 05:43:08+02:00,95.4
2022-06-07 05:44:08+02:00,95.4
2022-06-07 05:45:08+02:00,95.3
2022-06-07 05:46:08+02:00,50.0
2022-06-07 05:47:09+02:00,50.0
2022-06-07 05:48:09+02:00,50.0
2022-06-07 05:49:09+02:00,95.5
2022-06-07 05:50:09+02:00,95.5
2022-06-07 05:51:09+02:00,95.5
2022-06-07 05:52:09+02:00,95.5
2022-06-07 05:53:09+02:00,95.7
2022-06-07 05:54:10+02:00,95.6
2022-06-07 05:55:10+02:00,95.7
2022-06-07 05:56:10+02:00,95.5
2022-06-07 05:57:10+02:00,95.7
2022-06-07 05:58:10+02:00,95.6
2022-06-07 05:59:10+02:00,95.5
2022-06-07 06:00:10+02:00,95.5
2022-06-07 06:01:11+02:00,95.6
2022-06-07 06:02:11+02:00,95.7
2022-06-07 06:03:11+02:00,95.7
2022-06-07 06:04:11+02:00,95.6
2022-06-07 06:05:11+02:00,95.5
2022-06-07 06:06:11+02:00,50.0
2022-06-07 06:07:11+02:00,50.0
2022-06-07 06:08:12+02:00,96.1
2022-06-07 06:09:12+02:00,96.6
2022-06-07 06:10:12+02:00,97.1
2022-06-07 06:11:12+02:00,50.0
2022-06-07 06:12:12+02:00,97.7
2022-06-07 06:13:12+02:00,96.5
2022-06-07 06:14:13+02:00,96.5
2022-06-07 06:15:13+02:00,96.4
2022-06-07 06:16:13+02:00,95.6
2022-06-07 06:17:13+02:00,50.0
2022-06-07 06:18:13+02:00,95.4
2022-06-07 06:19:13+02:00,95.7
2022-06-07 06:20:13+02:00,95.6
2022-06-07 06:21:14+02:00,95.4
2022-06-07 06:22:14+02:00,95.2
2022-06-07 06:23:14+02:00,95.4
2022-06-07 06:24:14+02:00,95.4
2022-06-07 06:25:14+02:00,95.4
2022-06-07 06:26:14+02:00,95.2
2022-06-07 06:27:15+02:00,95.2
2022-06-07 06:28:15+02:00,50.0
2022-06-07 06:29:15+02:00,95.4
2022-06-07 06:30:15+02:00,95.6
2022-06-07 06:31:15+02:00,95.9
2022-06-07 06:32:15+02:00,50.0
2022-06-07 06:33:15+02:00,94.9
2022-06-07 06:34:16+02:00,93.6
2022-06-07 06:35:16+02:00,91.9
2022-06-07 06:36:16+02:00,92.1
2022-06-07 06:37:16+02:00,92.1
2022-06-07 06:38:16+02:00,50.0
2022-06-07 06:39:16+02:00,91.1
2022-06-07 06:40:16+02:00,90.9
2022-06-07 06:41:17+02:00,50.0
2022-06-07 06:42:17+02:00,50.0
2022-06-07 06:43:17+02:00,91.9
2022-06-07 06:44:17+02:00,92.5
2022-06-07 06:45:17+02:00,93.1
2022-06-07 06:46:17+02:00,93.7
2022-06-07 06:47:17+02:00,94.1
2022-06-07 06:48:18+02:00,50.0
2022-06-07 06:49:18+02:00,93.9
2022-06-07 06:50:18+02:00,94.4
2022-06-07 06:51:18+02:00,94.6
2022-06-07 06:52:18+02:00,94.7
2022-06-07 06:53:18+02:00,94.9
2022-06-07 06:54:18+02:00,94.8
2022-06-07 06:55:19+02:00,94.8
2022-06-07 06:56:19+02:00,94.9
2022-06-07 06:57:19+02:00,50.0
2022-06-07 06:58:19+02:00,94.6
2022-06-07 06:59:19+02:00,94.6
2022-06-07 07:00:19+02:00,94.5
2022-06-07 07:01:20+02:00,94.4
2022-06-07 07:02:20+02:00,94.5
2022-06-07 07:03:20+02:00,94.6
2022-06-07 07:04:20+02:00,94.6
2022-06-07 07:05:20+02:00,94.6
2022-06-07 07:06:20+02:00,94.5
2022-06-07 07:07:20+02:00,94.4
2022-06-07 07:08:21+02:00,94.5
2022-06-07 07:09:21+02:00,94.7
2022-06-07 07:10:21+02:00,94.8
2022-06-07 07:11:21+02:00,94.8
2022-06-07 07:12:21+02:00,50.0
2022-06-07 07:13:21+02:00,94.8
2022-06-07 07:14:21+02:00,94.2
2022-06-07 07:15:22+02:00,94.0
2022-06-07 07:16:22+02:00,94.0
2022-06-07 07:17:22+02:00,94.0
2022-06-07 07:18:22+02:00,94.2
2022-06-07 07:19:22+02:00,94.1
2022-06-07 07:20:22+02:00,94.0
2022-06-07 07:21:23+02:00,50.0
2022-06-07 07:22:23+02:00,50.0
2022-06-07 07:23:23+02:00,93.8
2022-06-07 07:24:23+02:00,92.7
2022-06-07 07:25:23+02:00,92.3
2022-06-07 07:26:23+02:00,92.0
2022-06-07 07:27:23+02:00,91.7
2022-06-07 07:28:23+02:00,91.7
2022-06-07 07:29:24+02:00,50.0
2022-06-07 07:30:24+02:00,50.0
2022-06-07 07:31:24+02:00,50.0
2022-06-07 07:32:24+02:00,50.0
2022-06-07 07:33:24+02:00,50.0
2022-06-07 07:34:24+02:00,50.0
2022-06-07 07:35:24+02:00,50.0
2022-06-07 07:36:25+02:00,50.0
2022-06-07 07:37:25+02:00,50.0
2022-06-07 07:38:25+02:00,50.0
2022-06-07 07:39:25+02:00,50.0
2022-06-07 07:40:25+02:00,50.0
2022-06-07 07:41:25+02:00,50.0
2022-06-07 07:42:25+02:00,50.0
2022-06-07 07:43:25+02:00,50.0
2022-06-07 07:44:26+02:00,50.0
2022-06-07 07:45:26+02:00,50.0
2022-06-07 07:46:26+02:00,50.0
2022-06-07 07:47:26+02:00,50.0
2022-06-07 07:48:26+02:00,50.0
2022-06-07 07:49:26+02:00,50.0
2022-06-07 07:50:27+02:00,50.0
2022-06-07 07:51:27+02:00,50.0
2022-06-07 07:52:27+02:00,50.0
2022-06-07 07:53:27+02:00,50.0
2022-06-07 07:54:27+02:00,50.0
2022-06-07 07:55:27+02:00,50.0
2022-06-07 07:56:27+02:00,50.0
2022-06-07 07:57:28+02:00,50.0
2022-06-07 07:58:28+02:00,50.0
2022-06-07 07:59:28+02:00,50.0
2022-06-07 08:00:28+02:00,50.0
2022-06-07 08:01:28+02:00,50.0
2022-06-07 08:02:28+02:00,50.0
2022-06-07 08:03:28+02:00,50.0
2022-06-07 08:04:29+02:00,90.1
2022-06-07 08:05:29+02:00,50.0
2022-06-09 00:39:30+02:00,95.4
2022-06-09 00:40:30+02:00,95.6
2022-06-09 00:41:30+02:00,95.6
2022-06-09 00:42:30+02:00,95.7
2022-06-09 00:43:30+02:00,95.9
2022-06-09 00:44:30+02:00,95.9
2022-06-09 00:45:30+02:00,95.9
2022-06-09 00:46:30+02:00,95.7
2022-06-09 00:47:30+02:00,95.6
2022-06-09 00:48:30+02:00,95.4
2022-06-09 00:49:30+02:00,95.3
2022-06-09 00:50:31+02:00,95.5
2022-06-09 00:51:31+02:00,95.3
2022-06-09 00:52:31+02:00,95.2
2022-06-09 00:53:31+02:00,95.1
2022-06-09 00:54:31+02:00,95.2
2022-06-09 00:55:31+02:00,95.3
2022-06-09 00:56:31+02:00,95.2
2022-06-09 00:57:32+02:00,95.1
2022-06-09 00:58:32+02:00,95.1
2022-06-09 00:59:32+02:00,95.1
2022-06-09 01:00:32+02:00,95.0
2022-06-09 01:01:32+02:00,95.1
2022-06-09 01:02:32+02:00,95.2
2022-06-09 01:03:33+02:00,95.1
2022-06-09 01:04:33+02:00,95.0
2022-06-09 01:05:33+02:00,50.0
2022-06-09 01:06:33+02:00,95.1
2022-06-09 01:07:33+02:00,95.2
2022-06-09 01:08:33+02:00,95.2
2022-06-09 01:09:33+02:00,50.0
2022-06-09 01:10:34+02:00,95.0
2022-06-09 01:11:34+02:00,94.7
2022-06-09 01:12:34+02:00,94.6
2022-06-09 01:13:34+02:00,94.6
2022-06-09 01:14:34+02:00,94.7
2022-06-09 01:15:34+02:00,94.8
2022-06-09 01:16:35+02:00,94.8
2022-06-09 01:17:35+02:00,94.7
2022-06-09 01:18:35+02:00,94.6
2022-06-09 01:19:35+02:00,94.4
2022-06-09 01:20:35+02:00,94.4
2022-06-09 01:21:35+02:00,94.6
2022-06-09 01:22:35+02:00,94.5
2022-06-09 01:23:36+02:00,94.6
2022-06-09 01:24:36+02:00,94.6
2022-06-09 01:25:36+02:00,94.6
2022-06-09 01:26:36+02:00,94.3
2022-06-09 01:27:36+02:00,94.2
2022-06-09 01:28:36+02:00,94.5
2022-06-09 01:29:36+02:00,94.4
2022-06-09 01:30:37+02:00,94.4
2022-06-09 01:31:37+02:00,94.2
2022-06-09 01:32:37+02:00,50.0
2022-06-09 01:33:37+02:00,95.0
2022-06-09 01:34:37+02:00,95.0
2022-06-09 01:35:37+02:00,95.5
2022-06-09 01:36:38+02:00,95.5
2022-06-09 01:37:38+02:00,50.0
2022-06-09 01:38:38+02:00,94.9
2022-06-09 01:39:38+02:00,94.1
2022-06-09 01:40:38+02:00,92.8
2022-06-09 01:41:38+02:00,92.0
2022-06-09 01:42:38+02:00,91.6
2022-06-09 01:43:39+02:00,91.1
2022-06-09 01:44:39+02:00,91.3
2022-06-09 01:45:39+02:00,91.1
2022-06-09 01:46:39+02:00,91.3
2022-06-09 01:47:39+02:00,91.6
2022-06-09 01:48:39+02:00,91.6
2022-06-09 01:49:40+02:00,91.4
2022-06-09 01:50:40+02:00,91.4
2022-06-09 01:51:40+02:00,91.2
2022-06-09 01:52:40+02:00,91.3
2022-06-09 01:53:40+02:00,91.5
2022-06-09 01:54:40+02:00,92.0
2022-06-09 01:55:40+02:00,50.0
2022-06-09 01:56:41+02:00,92.8
2022-06-09 01:57:41+02:00,94.0
2022-06-09 01:58:41+02:00,94.8
2022-06-09 01:59:41+02:00,95.2
2022-06-09 02:00:41+02:00,95.5
2022-06-09 02:00:41+02:00,95.5
2022-06-09 02:01:41+02:00,95.8
2022-06-09 02:02:41+02:00,95.9
2022-06-09 02:03:42+02:00,96.4
2022-06-09 02:04:42+02:00,96.4
2022-06-09 02:05:42+02:00,96.3
2022-06-09 02:06:42+02:00,96.2
2022-06-09 02:07:42+02:00,96.1
2022-06-09 02:08:42+02:00,50.0
2022-06-09 02:09:42+02:00,95.5
2022-06-09 02:10:43+02:00,95.3
2022-06-09 02:11:43+02:00,94.8
2022-06-09 02:12:43+02:00,94.9
2022-06-09 02:13:43+02:00,94.8
2022-06-09 02:14:43+02:00,95.0
2022-06-09 02:15:43+02:00,94.8
2022-06-09 02:16:44+02:00,94.5
2022-06-09 02:17:44+02:00,94.1
2022-06-09 02:18:44+02:00,94.1
2022-06-09 02:19:44+02:00,94.1
2022-06-09 02:20:44+02:00,93.7
2022-06-09 02:21:44+02:00,93.3
2022-06-09 02:22:44+02:00,93.4
2022-06-09 02:23:44+02:00,92.9
2022-06-09 02:24:44+02:00,92.6
2022-06-09 02:25:44+02:00,92.6
2022-06-09 02:26:44+02:00,92.9
2022-06-09 02:27:45+02:00,92.7
2022-06-09 02:28:45+02:00,92.4
2022-06-09 02:29:45+02:00,92.1
2022-06-09 02:30:45+02:00,92.0
2022-06-09 02:31:45+02:00,92.9
2022-06-09 02:32:45+02:00,93.0
2022-06-09 02:33:45+02:00,92.3
2022-06-09 02:34:45+02:00,92.2
2022-06-09 02:35:45+02:00,92.5
2022-06-09 02:36:45+02:00,93.0
2022-06-09 02:37:45+02:00,92.9
2022-06-09 02:38:46+02:00,50.0
2022-06-09 02:39:46+02:00,93.3
2022-06-09 02:40:46+02:00,94.0
2022-06-09 02:41:46+02:00,94.3
2022-06-09 02:42:46+02:00,94.7
2022-06-09 02:43:46+02:00,95.0
2022-06-09 02:44:46+02:00,94.7
2022-06-09 02:45:46+02:00,94.5
2022-06-09 02:46:46+02:00,94.2
2022-06-09 02:47:46+02:00,94.2
2022-06-09 02:48:47+02:00,94.2
2022-06-09 02:49:47+02:00,94.4
2022-06-09 02:50:47+02:00,94.1
2022-06-09 02:51:47+02:00,93.8
2022-06-09 02:52:47+02:00,93.8
2022-06-09 02:53:47+02:00,93.7
2022-06-09 02:54:47+02:00,93.4
2022-06-09 02:55:47+02:00,93.4
2022-06-09 02:56:47+02:00,93.9
2022-06-09 02:57:47+02:00,94.1
2022-06-09 02:58:47+02:00,93.9
2022-06-09 02:59:47+02:00,93.9
2022-06-09 03:00:48+02:00,93.6
2022-06-09 03:01:48+02:00,93.5
2022-06-09 03:02:48+02:00,93.4
2022-06-09 03:03:48+02:00,93.6
2022-06-09 03:04:48+02:00,93.4
2022-06-09 03:05:48+02:00,93.5
2022-06-09 03:06:48+02:00,93.2
2022-06-09 03:07:48+02:00,93.2
2022-06-09 03:08:48+02:00,93.3
2022-06-09 03:09:48+02:00,93.1
2022-06-09 03:10:48+02:00,93.3
2022-06-09 03:11:48+02:00,93.6
2022-06-09 03:12:49+02:00,93.4
2022-06-09 03:13:49+02:00,93.2
2022-06-09 03:14:49+02:00,92.9
2022-06-09 03:15:49+02:00,92.9
2022-06-09 03:16:49+02:00,93.3
2022-06-09 03:17:49+02:00,93.3
2022-06-09 03:18:49+02:00,50.0
2022-06-09 03:19:49+02:00,93.4
2022-06-09 03:20:49+02:00,93.2
2022-06-09 03:21:49+02:00,50.0
2022-06-09 03:22:49+02:00,92.3
2022-06-09 03:23:50+02:00,91.9
2022-06-09 03:24:50+02:00,91.9
2022-06-09 03:25:50+02:00,91.8
2022-06-09 03:26:50+02:00,92.0
2022-06-09 03:27:50+02:00,92.7
2022-06-09 03:28:50+02:00,92.8
2022-06-09 03:29:51+02:00,93.3
2022-06-09 03:30:51+02:00,93.7
2022-06-09 03:31:51+02:00,94.2
2022-06-09 03:32:51+02:00,94.4
2022-06-09 03:33:51+02:00,94.4
2022-06-09 03:34:51+02:00,50.0
2022-06-09 03:35:52+02:00,50.0
2022-06-09 03:36:52+02:00,94.7
2022-06-09 03:37:52+02:00,95.0
2022-06-09 03:38:52+02:00,95.3
2022-06-09 03:39:52+02:00,95.2
2022-06-09 03:40:52+02:00,95.1
2022-06-09 03:41:52+02:00,95.0
2022-06-09 03:42:53+02:00,50.0
2022-06-09 03:43:53+02:00,95.1
2022-06-09 03:44:53+02:00,95.0
2022-06-09 03:45:53+02:00,94.7
2022-06-09 03:46:53+02:00,94.8
2022-06-09 03:47:53+02:00,94.9
2022-06-09 03:48:54+02:00,94.6
2022-06-09 03:49:54+02:00,94.4
2022-06-09 03:50:54+02:00,94.2
2022-06-09 03:51:54+02:00,94.0
2022-06-09 03:52:54+02:00,94.2
2022-06-09 03:53:54+02:00,93.9
2022-06-09 03:54:54+02:00,93.8
2022-06-09 03:55:55+02:00,92.7
2022-06-09 03:56:55+02:00,91.9
2022-06-09 03:57:55+02:00,91.6
2022-06-09 03:58:55+02:00,91.1
2022-06-09 03:59:55+02:00,91.0
2022-06-09 04:00:55+02:00,90.8
2022-06-09 04:01:55+02:00,50.0
2022-06-09 04:02:56+02:00,92.4
2022-06-09 04:03:56+02:00,93.5
2022-06-09 04:04:56+02:00,94.1
2022-06-09 04:05:56+02:00,94.1
2022-06-09 04:06:56+02:00,94.3
2022-06-09 04:07:56+02:00,94.3
2022-06-09 04:08:56+02:00,94.6
2022-06-09 04:09:57+02:00,50.0
2022-06-09 04:10:57+02:00,94.9
2022-06-09 04:11:57+02:00,94.7
2022-06-09 04:12:57+02:00,94.9
2022-06-09 04:13:57+02:00,94.9
2022-06-09 04:14:57+02:00,94.7
2022-06-09 04:15:58+02:00,94.6
2022-06-09 04:16:58+02:00,94.6
2022-06-09 04:17:58+02:00,94.5
2022-06-09 04:18:58+02:00,50.0
2022-06-09 04:19:58+02:00,94.2
2022-06-09 04:20:58+02:00,50.0
2022-06-09 04:21:58+02:00,94.3
2022-06-09 04:22:59+02:00,94.5
2022-06-09 04:23:59+02:00,94.8
2022-06-09 04:24:59+02:00,50.0
2022-06-09 04:25:59+02:00,50.0
2022-06-09 04:26:59+02:00,94.8
2022-06-09 04:27:59+02:00,94.3
2022-06-09 04:28:59+02:00,50.0
2022-06-09 04:30:00+02:00,50.0
2022-06-09 04:31:00+02:00,94.1
2022-06-09 04:32:00+02:00,94.5
2022-06-09 04:33:00+02:00,94.8
2022-06-09 04:34:00+02:00,94.8
2022-06-09 04:35:00+02:00,94.9
2022-06-09 04:36:01+02:00,95.2
2022-06-09 04:37:01+02:00,95.4
2022-06-09 04:38:01+02:00,95.5
2022-06-09 04:39:01+02:00,50.0
2022-06-09 04:40:01+02:00,95.3
2022-06-09 04:41:01+02:00,95.5
2022-06-09 04:42:01+02:00,95.8
2022-06-09 04:43:01+02:00,95.8
2022-06-09 04:44:01+02:00,50.0
2022-06-09 04:45:02+02:00,95.6
2022-06-09 04:46:02+02:00,95.4
2022-06-09 04:47:02+02:00,50.0
2022-06-09 04:48:02+02:00,95.4
2022-06-09 04:49:02+02:00,95.6
2022-06-09 04:50:02+02:00,50.0
2022-06-09 04:51:03+02:00,95.5
2022-06-09 04:52:03+02:00,94.6
2022-06-09 04:53:03+02:00,94.3
2022-06-09 04:54:03+02:00,94.0
2022-06-09 04:55:03+02:00,93.9
2022-06-09 04:56:03+02:00,93.8
2022-06-09 04:57:03+02:00,93.6
2022-06-09 04:58:03+02:00,93.7
2022-06-09 04:59:03+02:00,93.5
2022-06-09 05:00:03+02:00,93.5
2022-06-09 05:01:04+02:00,93.4
2022-06-09 05:02:04+02:00,93.5
2022-06-09 05:03:04+02:00,93.4
2022-06-09 05:04:04+02:00,93.3
2022-06-09 05:05:04+02:00,50.0
2022-06-09 05:06:04+02:00,93.6
2022-06-09 05:07:04+02:00,93.9
2022-06-09 05:08:05+02:00,94.1
2022-06-09 05:09:05+02:00,94.2
2022-06-09 05:10:05+02:00,94.2
2022-06-09 05:11:05+02:00,94.6
2022-06-09 05:12:05+02:00,94.8
2022-06-09 05:13:05+02:00,94.7
2022-06-09 05:14:06+02:00,94.7
2022-06-09 05:15:06+02:00,94.7
2022-06-09 05:16:06+02:00,94.8
2022-06-09 05:17:06+02:00,94.6
2022-06-09 05:18:06+02:00,94.4
2022-06-09 05:19:06+02:00,94.6
2022-06-09 05:20:06+02:00,94.6
2022-06-09 05:21:07+02:00,94.7
2022-06-09 05:22:07+02:00,94.9
2022-06-09 05:23:07+02:00,95.0
2022-06-09 05:24:07+02:00,95.0
2022-06-09 05:25:07+02:00,94.9
2022-06-09 05:26:07+02:00,95.0
2022-06-09 05:27:08+02:00,94.9
2022-06-09 05:28:08+02:00,94.7
2022-06-09 05:29:08+02:00,94.8
2022-06-09 05:30:08+02:00,94.9
2022-06-09 05:31:08+02:00,94.9
2022-06-09 05:32:08+02:00,95.0
2022-06-09 05:33:08+02:00,95.0
2022-06-09 05:34:09+02:00,50.0
2022-06-09 05:35:09+02:00,95.2
2022-06-09 05:36:09+02:00,95.0
2022-06-09 05:37:09+02:00,94.8
2022-06-09 05:38:09+02:00,94.6
2022-06-09 05:39:09+02:00,94.5
2022-06-09 05:40:09+02:00,94.4
2022-06-09 05:41:10+02:00,94.7
2022-06-09 05:42:10+02:00,94.6
2022-06-09 05:43:10+02:00,94.5
2022-06-09 05:44:10+02:00,94.7
2022-06-09 05:45:10+02:00,94.9
2022-06-09 05:46:10+02:00,94.8
2022-06-09 05:47:11+02:00,94.7
2022-06-09 05:48:11+02:00,94.8
2022-06-09 05:49:11+02:00,94.8
2022-06-09 05:50:11+02:00,94.8
2022-06-09 05:51:11+02:00,94.9
2022-06-09 05:52:11+02:00,95.2
2022-06-09 05:53:11+02:00,95.1
2022-06-09 05:54:12+02:00,95.2
2022-06-09 05:55:12+02:00,95.1
2022-06-09 05:56:12+02:00,95.2
2022-06-09 05:57:12+02:00,95.4
2022-06-09 05:58:12+02:00,50.0
2022-06-09 05:59:12+02:00,95.1
2022-06-09 06:00:12+02:00,94.7
2022-06-09 06:01:13+02:00,94.8
2022-06-09 06:02:13+02:00,94.9
2022-06-09 06:03:13+02:00,94.8
2022-06-09 06:04:13+02:00,94.9
2022-06-09 06:05:13+02:00,50.0
2022-06-09 06:06:13+02:00,95.1
2022-06-09 06:07:13+02:00,95.5
2022-06-09 06:08:14+02:00,95.7
2022-06-09 06:09:14+02:00,95.9
2022-06-09 06:10:14+02:00,95.8
2022-06-09 06:11:14+02:00,50.0
2022-06-09 06:12:14+02:00,50.0
2022-06-09 06:13:14+02:00,95.4
2022-06-09 06:14:15+02:00,95.3
2022-06-09 06:15:15+02:00,95.7
2022-06-09 06:16:15+02:00,50.0
2022-06-09 06:17:15+02:00,50.0
2022-06-09 06:18:15+02:00,95.7
2022-06-09 06:19:15+02:00,50.0
2022-06-09 06:20:15+02:00,95.5
2022-06-09 06:21:16+02:00,95.3
2022-06-09 06:22:16+02:00,95.4
2022-06-09 06:23:16+02:00,95.6
2022-06-09 06:24:16+02:00,95.6
2022-06-09 06:25:16+02:00,95.8
2022-06-09 06:26:16+02:00,95.8
2022-06-09 06:27:16+02:00,95.8
2022-06-09 06:28:17+02:00,95.8
2022-06-09 06:29:17+02:00,95.9
2022-06-09 06:30:17+02:00,96.1
2022-06-09 06:31:17+02:00,96.0
2022-06-09 06:32:17+02:00,95.8
2022-06-09 06:33:17+02:00,96.2
2022-06-09 06:34:18+02:00,96.2
2022-06-09 06:35:18+02:00,96.1
2022-06-09 06:36:18+02:00,96.1
2022-06-09 06:37:18+02:00,95.9
2022-06-09 06:38:18+02:00,95.5
2022-06-09 06:39:18+02:00,95.0
2022-06-09 06:40:18+02:00,95.3
2022-06-09 06:41:19+02:00,95.0
2022-06-09 06:42:19+02:00,50.0
2022-06-09 06:43:19+02:00,95.0
2022-06-09 06:44:19+02:00,95.1
2022-06-09 06:45:19+02:00,95.2
2022-06-09 06:46:19+02:00,95.2
2022-06-09 06:47:20+02:00,50.0
2022-06-09 06:48:20+02:00,94.9
2022-06-09 06:49:20+02:00,50.0
2022-06-09 06:50:20+02:00,94.7
2022-06-09 06:51:20+02:00,94.8
2022-06-09 06:52:20+02:00,94.7
2022-06-09 06:53:20+02:00,94.9
2022-06-09 06:54:21+02:00,94.8
2022-06-09 06:55:21+02:00,95.0
2022-06-09 06:56:21+02:00,50.0
2022-06-09 06:57:21+02:00,95.0
2022-06-09 06:58:21+02:00,94.8
2022-06-09 06:59:21+02:00,94.7
2022-06-09 07:00:22+02:00,94.6
2022-06-09 07:01:22+02:00,94.6
2022-06-09 07:02:22+02:00,94.7
2022-06-09 07:03:22+02:00,94.9
2022-06-09 07:04:22+02:00,95.1
2022-06-09 07:05:22+02:00,94.9
2022-06-09 07:06:22+02:00,95.0
2022-06-09 07:07:22+02:00,95.0
2022-06-09 07:08:23+02:00,95.1
2022-06-09 07:09:23+02:00,95.0
2022-06-09 07:10:23+02:00,94.9
2022-06-09 07:11:23+02:00,95.0
2022-06-09 07:12:23+02:00,95.0
2022-06-09 07:13:23+02:00,94.8
2022-06-09 07:14:23+02:00,94.8
2022-06-09 07:15:24+02:00,50.0
2022-06-09 07:16:24+02:00,94.9
2022-06-09 07:17:24+02:00,94.8
2022-06-09 07:18:24+02:00,94.7
2022-06-09 07:19:24+02:00,94.8
2022-06-09 07:20:25+02:00,94.7
2022-06-09 07:21:25+02:00,94.8
2022-06-09 07:22:25+02:00,94.6
2022-06-09 07:23:25+02:00,94.7
2022-06-09 07:24:25+02:00,94.7
2022-06-09 07:25:25+02:00,94.8
2022-06-09 07:26:25+02:00,94.9
2022-06-09 07:27:26+02:00,50.0
2022-06-09 07:28:26+02:00,95.0
2022-06-09 07:29:26+02:00,95.0
2022-06-09 07:30:26+02:00,95.1
2022-06-09 07:31:26+02:00,95.1
2022-06-09 07:32:26+02:00,95.0
2022-06-09 07:33:27+02:00,95.1
2022-06-09 07:34:27+02:00,95.1
2022-06-09 07:35:27+02:00,95.2
2022-06-09 07:36:27+02:00,95.2
2022-06-09 07:37:27+02:00,95.1
2022-06-09 07:38:27+02:00,95.1
2022-06-09 07:39:27+02:00,95.2
2022-06-09 07:40:28+02:00,95.2
2022-06-09 07:41:28+02:00,95.1
2022-06-09 07:42:28+02:00,50.0
2022-06-09 07:43:28+02:00,95.1
2022-06-09 07:44:28+02:00,94.9
2022-06-09 07:45:28+02:00,94.8
2022-06-09 07:46:29+02:00,94.9
2022-06-09 07:47:29+02:00,94.9
2022-06-09 07:48:29+02:00,94.9
2022-06-09 07:49:29+02:00,94.9
2022-06-09 07:50:29+02:00,95.1
2022-06-09 07:51:29+02:00,95.2
2022-06-09 07:52:29+02:00,50.0
2022-06-09 07:53:30+02:00,50.0
2022-06-09 07:54:30+02:00,95.4
2022-06-09 07:55:30+02:00,94.9
2022-06-09 07:56:30+02:00,94.7
2022-06-09 07:57:30+02:00,94.7
2022-06-09 07:58:30+02:00,94.6
2022-06-09 07:59:31+02:00,94.5
2022-06-09 08:00:31+02:00,94.4
2022-06-09 08:01:31+02:00,50.0
2022-06-09 08:02:31+02:00,50.0
2022-06-09 08:03:31+02:00,94.5
2022-06-09 08:04:31+02:00,94.5
2022-06-09 08:05:31+02:00,94.5
2022-06-09 08:06:32+02:00,94.5
2022-06-09 08:07:32+02:00,94.5
2022-06-09 08:08:32+02:00,94.7
2022-06-09 08:09:32+02:00,94.7
2022-06-09 08:10:32+02:00,50.0
2022-06-09 08:11:32+02:00,50.0
2022-06-09 08:12:32+02:00,94.3
2022-06-09 08:13:33+02:00,94.3
2022-06-09 08:14:33+02:00,94.3
2022-06-09 08:15:33+02:00,94.4
2022-06-09 08:16:33+02:00,94.4
2022-06-09 08:17:33+02:00,94.6
2022-06-09 08:18:34+02:00,94.6
2022-06-09 08:19:34+02:00,50.0
2022-06-09 08:20:34+02:00,50.0
2022-06-09 08:21:34+02:00,91.5
2022-06-09 08:22:34+02:00,89.2
2022-06-09 08:23:34+02:00,88.4
2022-06-09 08:24:34+02:00,89.4
2022-06-09 08:25:35+02:00,90.1
2022-06-09 08:26:35+02:00,90.9
2022-06-09 08:27:35+02:00,91.6
2022-06-09 08:28:35+02:00,92.2
2022-06-09 08:29:35+02:00,50.0
2022-06-09 08:30:35+02:00,50.0
2022-06-09 08:31:36+02:00,50.0
2022-06-09 08:32:36+02:00,50.0
2022-06-09 08:33:36+02:00,50.0
2022-06-09 08:34:36+02:00,50.0
2022-06-09 08:35:36+02:00,50.0
2022-06-09 08:36:36+02:00,50.0
2022-06-09 08:37:36+02:00,50.0
2022-06-09 08:38:37+02:00,50.0
2022-06-09 08:39:37+02:00,50.0
2022-06-09 08:40:37+02:00,50.0
2022-06-09 08:41:37+02:00,50.0
2022-06-09 08:42:37+02:00,50.0
2022-06-09 08:43:37+02:00,50.0
2022-06-09 08:44:37+02:00,50.0
2022-06-09 08:45:37+02:00,50.0
2022-06-09 08:46:38+02:00,50.0
2022-06-09 08:47:38+02:00,50.0
2022-06-09 08:48:38+02:00,50.0
2022-06-09 08:49:38+02:00,50.0
2022-06-09 08:50:38+02:00,50.0
2022-06-09 08:51:38+02:00,50.0
2022-06-09 08:52:39+02:00,50.0
2022-06-09 08:53:39+02:00,50.0
2022-06-09 08:54:39+02:00,50.0
2022-06-09 08:55:39+02:00,50.0
2022-06-09 08:56:39+02:00,50.0
2022-06-09 08:57:39+02:00,50.0
2022-06-09 08:58:39+02:00,50.0
2022-06-09 08:59:40+02:00,50.0
2022-06-09 09:00:40+02:00,50.0
2022-06-09 09:01:40+02:00,50.0
2022-06-09 09:02:40+02:00,50.0
2022-06-09 09:03:40+02:00,50.0
2022-06-09 09:04:40+02:00,50.0
2022-06-10 00:56:30+02:00,50.0
2022-06-10 00:57:30+02:00,91.5
2022-06-10 00:58:30+02:00,91.6
2022-06-10 00:59:30+02:00,91.6
2022-06-10 01:00:30+02:00,91.6
2022-06-10 01:01:30+02:00,91.7
2022-06-10 01:02:30+02:00,91.7
2022-06-10 01:03:30+02:00,91.7
2022-06-10 01:04:30+02:00,91.7
2022-06-10 01:05:30+02:00,91.8
2022-06-10 01:06:30+02:00,91.9
2022-06-10 01:07:30+02:00,91.9
2022-06-10 01:08:31+02:00,92.0
2022-06-10 01:09:31+02:00,92.1
2022-06-10 01:10:31+02:00,92.1
2022-06-10 01:11:31+02:00,92.2
2022-06-10 01:12:31+02:00,92.4
2022-06-10 01:13:31+02:00,92.4
2022-06-10 01:14:32+02:00,92.5
2022-06-10 01:15:32+02:00,92.4
2022-06-10 01:16:32+02:00,92.6
2022-06-10 01:17:32+02:00,92.7
2022-06-10 01:18:32+02:00,92.7
2022-06-10 01:19:32+02:00,92.8
2022-06-10 01:20:32+02:00,92.9
2022-06-10 01:21:33+02:00,92.9
2022-06-10 01:22:33+02:00,92.8
2022-06-10 01:23:33+02:00,93.0
2022-06-10 01:24:33+02:00,50.0
2022-06-10 01:25:33+02:00,50.0
2022-06-10 01:26:33+02:00,92.7
2022-06-10 01:27:33+02:00,92.3
2022-06-10 01:28:34+02:00,92.1
2022-06-10 01:29:34+02:00,92.2
2022-06-10 01:30:34+02:00,92.2
2022-06-10 01:31:34+02:00,92.1
2022-06-10 01:32:34+02:00,92.1
2022-06-10 01:33:34+02:00,91.9
2022-06-10 01:34:35+02:00,91.9
2022-06-10 01:35:35+02:00,91.9
2022-06-10 01:36:35+02:00,92.1
2022-06-10 01:37:35+02:00,91.9
2022-06-10 01:38:35+02:00,91.9
2022-06-10 01:39:35+02:00,91.8
2022-06-10 01:40:35+02:00,91.7
2022-06-10 01:41:36+02:00,91.7
2022-06-10 01:42:36+02:00,91.8
2022-06-10 01:43:36+02:00,92.0
2022-06-10 01:44:36+02:00,92.1
2022-06-10 01:45:36+02:00,91.9
2022-06-10 01:46:36+02:00,91.8
2022-06-10 01:47:36+02:00,91.8
2022-06-10 01:48:37+02:00,91.8
2022-06-10 01:49:37+02:00,91.8
2022-06-10 01:50:37+02:00,91.8
2022-06-10 01:51:37+02:00,91.6
2022-06-10 01:52:37+02:00,50.0
2022-06-10 01:53:37+02:00,91.2
2022-06-10 01:54:38+02:00,89.2
2022-06-10 01:55:38+02:00,89.7
2022-06-10 01:56:38+02:00,90.0
2022-06-10 01:57:38+02:00,90.3
2022-06-10 01:58:38+02:00,91.0
2022-06-10 01:59:38+02:00,91.0
2022-06-10 02:00:38+02:00,91.9
2022-06-10 02:00:38+02:00,91.9
2022-06-10 02:01:39+02:00,92.4
2022-06-10 02:02:39+02:00,92.2
2022-06-10 02:03:39+02:00,92.8
2022-06-10 02:04:39+02:00,92.9
2022-06-10 02:05:39+02:00,92.8
2022-06-10 02:06:39+02:00,92.6
2022-06-10 02:07:39+02:00,93.5
2022-06-10 02:08:40+02:00,93.3
2022-06-10 02:09:40+02:00,93.4
2022-06-10 02:10:40+02:00,93.8
2022-06-10 02:11:40+02:00,93.7
2022-06-10 02:12:40+02:00,94.5
2022-06-10 02:13:40+02:00,94.4
2022-06-10 02:14:41+02:00,50.0
2022-06-10 02:15:41+02:00,93.1
2022-06-10 02:16:41+02:00,91.3
2022-06-10 02:17:41+02:00,90.1
2022-06-10 02:18:41+02:00,89.3
2022-06-10 02:19:41+02:00,88.6
2022-06-10 02:20:41+02:00,50.0
2022-06-10 02:21:42+02:00,89.6
2022-06-10 02:22:42+02:00,90.9
2022-06-10 02:23:42+02:00,91.7
2022-06-10 02:24:42+02:00,92.2
2022-06-10 02:25:42+02:00,92.6
2022-06-10 02:26:42+02:00,92.7
2022-06-10 02:27:42+02:00,50.0
2022-06-10 02:28:43+02:00,92.8
2022-06-10 02:29:43+02:00,92.5
2022-06-10 02:30:43+02:00,92.5
2022-06-10 02:31:43+02:00,92.3
2022-06-10 02:32:43+02:00,92.4
2022-06-10 02:33:43+02:00,92.5
2022-06-10 02:34:44+02:00,92.6
2022-06-10 02:35:44+02:00,92.5
2022-06-10 02:36:44+02:00,92.4
2022-06-10 02:37:44+02:00,92.4
2022-06-10 02:38:44+02:00,92.3
2022-06-10 02:39:44+02:00,92.4
2022-06-10 02:40:44+02:00,92.4
2022-06-10 02:41:44+02:00,92.5
2022-06-10 02:42:45+02:00,92.6
2022-06-10 02:43:45+02:00,92.7
2022-06-10 02:44:45+02:00,92.6
2022-06-10 02:45:45+02:00,92.8
2022-06-10 02:46:45+02:00,92.8
2022-06-10 02:47:45+02:00,92.9
2022-06-10 02:48:45+02:00,92.9
2022-06-10 02:49:45+02:00,50.0
2022-06-10 02:50:45+02:00,92.8
2022-06-10 02:51:46+02:00,93.2
2022-06-10 02:52:46+02:00,93.2
2022-06-10 02:53:46+02:00,93.4
2022-06-10 02:54:46+02:00,93.3
2022-06-10 02:55:46+02:00,93.0
2022-06-10 02:56:46+02:00,92.7
2022-06-10 02:57:46+02:00,92.6
2022-06-10 02:58:46+02:00,92.7
2022-06-10 02:59:47+02:00,92.8
2022-06-10 03:00:47+02:00,92.8
2022-06-10 03:01:47+02:00,92.7
2022-06-10 03:02:47+02:00,50.0
2022-06-10 03:03:47+02:00,92.9
2022-06-10 03:04:47+02:00,92.7
2022-06-10 03:05:47+02:00,50.0
2022-06-10 03:06:47+02:00,92.4
2022-06-10 03:07:47+02:00,92.6
2022-06-10 03:08:48+02:00,92.7
2022-06-10 03:09:48+02:00,92.7
2022-06-10 03:10:48+02:00,50.0
2022-06-10 03:11:48+02:00,92.9
2022-06-10 03:12:48+02:00,93.1
2022-06-10 03:13:48+02:00,93.3
2022-06-10 03:14:48+02:00,93.3
2022-06-10 03:15:48+02:00,93.2
2022-06-10 03:16:48+02:00,93.3
2022-06-10 03:17:48+02:00,93.1
2022-06-10 03:18:49+02:00,93.1
2022-06-10 03:19:49+02:00,93.2
2022-06-10 03:20:49+02:00,93.2
2022-06-10 03:21:49+02:00,93.2
2022-06-10 03:22:49+02:00,93.2
2022-06-10 03:23:49+02:00,93.2
2022-06-10 03:24:49+02:00,50.0
2022-06-10 03:25:49+02:00,93.1
2022-06-10 03:26:49+02:00,92.2
2022-06-10 03:27:49+02:00,91.9
2022-06-10 03:28:50+02:00,50.0
2022-06-10 03:29:50+02:00,91.5
2022-06-10 03:30:50+02:00,91.3
2022-06-10 03:31:50+02:00,91.7
2022-06-10 03:32:50+02:00,91.8
2022-06-10 03:33:50+02:00,92.5
2022-06-10 03:34:50+02:00,92.3
2022-06-10 03:35:51+02:00,92.4
2022-06-10 03:36:51+02:00,92.3
2022-06-10 03:37:51+02:00,92.6
2022-06-10 03:38:51+02:00,92.7
2022-06-10 03:39:51+02:00,93.0
2022-06-10 03:40:51+02:00,93.1
2022-06-10 03:41:51+02:00,93.1
2022-06-10 03:42:52+02:00,93.0
2022-06-10 03:43:52+02:00,50.0
2022-06-10 03:44:52+02:00,50.0
2022-06-10 03:45:52+02:00,93.8
2022-06-10 03:46:52+02:00,93.7
2022-06-10 03:47:52+02:00,93.6
2022-06-10 03:48:52+02:00,93.7
2022-06-10 03:49:53+02:00,93.7
2022-06-10 03:50:53+02:00,93.6
2022-06-10 03:51:53+02:00,93.5
2022-06-10 03:52:53+02:00,93.5
2022-06-10 03:53:53+02:00,93.7
2022-06-10 03:54:53+02:00,93.6
2022-06-10 03:55:54+02:00,93.6
2022-06-10 03:56:54+02:00,93.6
2022-06-10 03:57:54+02:00,93.6
2022-06-10 03:58:54+02:00,93.5
2022-06-10 03:59:54+02:00,93.4
2022-06-10 04:00:54+02:00,93.4
2022-06-10 04:01:54+02:00,93.4
2022-06-10 04:02:55+02:00,50.0
2022-06-10 04:03:55+02:00,93.3
2022-06-10 04:04:55+02:00,93.1
2022-06-10 04:05:55+02:00,92.6
2022-06-10 04:06:55+02:00,92.4
2022-06-10 04:07:55+02:00,92.3
2022-06-10 04:08:55+02:00,92.1
2022-06-10 04:09:56+02:00,92.0
2022-06-10 04:10:56+02:00,91.8
2022-06-10 04:11:56+02:00,91.8
2022-06-10 04:12:56+02:00,91.9
2022-06-10 04:13:56+02:00,91.9
2022-06-10 04:14:56+02:00,92.0
2022-06-10 04:15:56+02:00,50.0
2022-06-10 04:16:57+02:00,92.3
2022-06-10 04:17:57+02:00,92.4
2022-06-10 04:18:57+02:00,92.8
2022-06-10 04:19:57+02:00,92.8
2022-06-10 04:20:57+02:00,92.8
2022-06-10 04:21:57+02:00,92.9
2022-06-10 04:22:58+02:00,93.1
2022-06-10 04:23:58+02:00,93.1
2022-06-10 04:24:58+02:00,93.2
2022-06-10 04:25:58+02:00,93.1
2022-06-10 04:26:58+02:00,93.1
2022-06-10 04:27:58+02:00,93.3
2022-06-10 04:28:58+02:00,93.5
2022-06-10 04:29:59+02:00,93.5
2022-06-10 04:30:59+02:00,93.5
2022-06-10 04:31:59+02:00,93.5
2022-06-10 04:32:59+02:00,93.5
2022-06-10 04:33:59+02:00,93.6
2022-06-10 04:34:59+02:00,93.6
2022-06-10 04:36:00+02:00,93.7
2022-06-10 04:37:00+02:00,93.7
2022-06-10 04:38:00+02:00,50.0
2022-06-10 04:39:00+02:00,93.8
2022-06-10 04:40:00+02:00,94.0
2022-06-10 04:41:00+02:00,93.9
2022-06-10 04:42:00+02:00,50.0
2022-06-10 04:43:00+02:00,94.1
2022-06-10 04:44:00+02:00,94.3
2022-06-10 04:45:00+02:00,94.4
2022-06-10 04:46:01+02:00,50.0
2022-06-10 04:47:01+02:00,94.7
2022-06-10 04:48:01+02:00,94.8
2022-06-10 04:49:01+02:00,95.0
2022-06-10 04:50:01+02:00,50.0
2022-06-10 04:51:01+02:00,94.9
2022-06-10 04:52:01+02:00,95.0
2022-06-10 04:53:02+02:00,95.1
2022-06-10 04:54:02+02:00,95.2
2022-06-10 04:55:02+02:00,95.2
2022-06-10 04:56:02+02:00,50.0
2022-06-10 04:57:02+02:00,95.3
2022-06-10 04:58:02+02:00,95.3
2022-06-10 04:59:03+02:00,50.0
2022-06-10 05:00:03+02:00,95.5
2022-06-10 05:01:03+02:00,96.1
2022-06-10 05:02:03+02:00,96.4
2022-06-10 05:03:03+02:00,96.7
2022-06-10 05:04:03+02:00,96.8
2022-06-10 05:05:03+02:00,96.9
2022-06-10 05:06:03+02:00,97.0
2022-06-10 05:07:03+02:00,97.2
2022-06-10 05:08:03+02:00,97.2
2022-06-10 05:09:04+02:00,97.2
2022-06-10 05:10:04+02:00,97.2
2022-06-10 05:11:04+02:00,97.3
2022-06-10 05:12:04+02:00,97.2
2022-06-10 05:13:04+02:00,97.2
2022-06-10 05:14:04+02:00,97.3
2022-06-10 05:15:04+02:00,97.4
2022-06-10 05:16:05+02:00,97.4
2022-06-10 05:17:05+02:00,97.2
2022-06-10 05:18:05+02:00,97.1
2022-06-10 05:19:05+02:00,97.2
2022-06-10 05:20:05+02:00,97.1
2022-06-10 05:21:05+02:00,97.1
2022-06-10 05:22:05+02:00,97.0
2022-06-10 05:23:06+02:00,96.9
2022-06-10 05:24:06+02:00,96.9
2022-06-10 05:25:06+02:00,50.0
2022-06-10 05:26:06+02:00,96.2
2022-06-10 05:27:06+02:00,95.5
2022-06-10 05:28:06+02:00,95.1
2022-06-10 05:29:06+02:00,95.1
2022-06-10 05:30:07+02:00,95.3
2022-06-10 05:31:07+02:00,50.0
2022-06-10 05:32:07+02:00,95.4
2022-06-10 05:33:07+02:00,50.0
2022-06-10 05:34:07+02:00,94.8
2022-06-10 05:35:07+02:00,94.6
2022-06-10 05:36:07+02:00,94.5
2022-06-10 05:37:07+02:00,94.5
2022-06-10 05:38:08+02:00,94.5
2022-06-10 05:39:08+02:00,94.5
2022-06-10 05:40:08+02:00,94.5
2022-06-10 05:41:08+02:00,94.6
2022-06-10 05:42:08+02:00,94.5
2022-06-10 05:43:08+02:00,94.3
2022-06-10 05:44:08+02:00,94.5
2022-06-10 05:45:09+02:00,94.6
2022-06-10 05:46:09+02:00,94.5
2022-06-10 05:47:09+02:00,94.7
2022-06-10 05:48:09+02:00,94.4
2022-06-10 05:49:09+02:00,94.5
2022-06-10 05:50:09+02:00,94.5
2022-06-10 05:51:10+02:00,94.6
2022-06-10 05:52:10+02:00,94.7
2022-06-10 05:53:10+02:00,94.5
2022-06-10 05:54:10+02:00,94.4
2022-06-10 05:55:10+02:00,94.5
2022-06-10 05:56:10+02:00,94.4
2022-06-10 05:57:10+02:00,94.5
2022-06-10 05:58:11+02:00,50.0
2022-06-10 05:59:11+02:00,94.7
2022-06-10 06:00:11+02:00,95.1
2022-06-10 06:01:11+02:00,95.5
2022-06-10 06:02:11+02:00,50.0
2022-06-10 06:03:11+02:00,95.5
2022-06-10 06:04:12+02:00,93.7
2022-06-10 06:05:12+02:00,92.3
2022-06-10 06:06:12+02:00,90.8
2022-06-10 06:07:12+02:00,90.5
2022-06-10 06:08:12+02:00,90.3
2022-06-10 06:09:12+02:00,90.5
2022-06-10 06:10:12+02:00,91.2
2022-06-10 06:11:13+02:00,92.6
2022-06-10 06:12:13+02:00,92.5
2022-06-10 06:13:13+02:00,50.0
2022-06-10 06:14:13+02:00,92.2
2022-06-10 06:15:13+02:00,92.7
2022-06-10 06:16:13+02:00,93.3
2022-06-10 06:17:13+02:00,93.8
2022-06-10 06:18:14+02:00,94.1
2022-06-10 06:19:14+02:00,94.2
2022-06-10 06:20:14+02:00,94.2
2022-06-10 06:21:14+02:00,94.3
2022-06-10 06:22:14+02:00,94.3
2022-06-10 06:23:14+02:00,94.4
2022-06-10 06:24:15+02:00,94.4
2022-06-10 06:25:15+02:00,50.0
2022-06-10 06:26:15+02:00,94.4
2022-06-10 06:27:15+02:00,94.3
2022-06-10 06:28:15+02:00,94.3
2022-06-10 06:29:15+02:00,94.2
2022-06-10 06:30:15+02:00,50.0
2022-06-10 06:31:16+02:00,94.2
2022-06-10 06:32:16+02:00,94.2
2022-06-10 06:33:16+02:00,94.4
2022-06-10 06:34:16+02:00,94.3
2022-06-10 06:35:16+02:00,50.0
2022-06-10 06:36:16+02:00,50.0
2022-06-10 06:37:16+02:00,94.5
2022-06-10 06:38:17+02:00,94.9
2022-06-10 06:39:17+02:00,95.2
2022-06-10 06:40:17+02:00,95.5
2022-06-10 06:41:17+02:00,95.8
2022-06-10 06:42:17+02:00,96.0
2022-06-10 06:43:17+02:00,96.1
2022-06-10 06:44:17+02:00,96.3
2022-06-10 06:45:18+02:00,96.3
2022-06-10 06:46:18+02:00,96.3
2022-06-10 06:47:18+02:00,96.3
2022-06-10 06:48:18+02:00,96.3
2022-06-10 06:49:18+02:00,96.3
2022-06-10 06:50:18+02:00,96.3
2022-06-10 06:51:19+02:00,96.3
2022-06-10 06:52:19+02:00,96.3
2022-06-10 06:53:19+02:00,96.3
2022-06-10 06:54:19+02:00,96.2
2022-06-10 06:55:19+02:00,96.2
2022-06-10 06:56:19+02:00,96.1
2022-06-10 06:57:19+02:00,95.9
2022-06-10 06:58:20+02:00,95.8
2022-06-10 06:59:20+02:00,95.7
2022-06-10 07:00:20+02:00,95.6
2022-06-10 07:01:20+02:00,95.5
2022-06-10 07:02:20+02:00,95.4
2022-06-10 07:03:20+02:00,50.0
2022-06-10 07:04:20+02:00,95.3
2022-06-10 07:05:21+02:00,95.2
2022-06-10 07:06:21+02:00,95.2
2022-06-10 07:07:21+02:00,95.1
2022-06-10 07:08:21+02:00,95.2
2022-06-10 07:09:21+02:00,95.3
2022-06-10 07:10:21+02:00,95.3
2022-06-10 07:11:22+02:00,95.3
2022-06-10 07:12:22+02:00,95.4
2022-06-10 07:13:22+02:00,95.6
2022-06-10 07:14:22+02:00,95.6
2022-06-10 07:15:22+02:00,95.7
2022-06-10 07:16:22+02:00,95.8
2022-06-10 07:17:22+02:00,95.9
2022-06-10 07:18:23+02:00,96.1
2022-06-10 07:19:23+02:00,96.1
2022-06-10 07:20:23+02:00,96.2
2022-06-10 07:21:23+02:00,50.0
2022-06-10 07:22:23+02:00,96.0
2022-06-10 07:23:23+02:00,96.0
2022-06-10 07:24:24+02:00,96.1
2022-06-10 07:25:24+02:00,50.0
2022-06-10 07:26:24+02:00,96.0
2022-06-10 07:27:24+02:00,95.8
2022-06-10 07:28:24+02:00,95.7
2022-06-10 07:29:24+02:00,50.0
2022-06-10 07:30:24+02:00,50.0
2022-06-10 07:31:25+02:00,50.0
2022-06-10 07:32:25+02:00,50.0
2022-06-10 07:33:25+02:00,50.0
2022-06-10 07:34:25+02:00,50.0
2022-06-10 07:35:25+02:00,50.0
2022-06-10 07:36:25+02:00,50.0
2022-06-10 07:37:25+02:00,50.0
2022-06-10 07:38:25+02:00,50.0
2022-06-10 07:39:26+02:00,50.0
2022-06-10 07:40:26+02:00,50.0
2022-06-10 07:41:26+02:00,50.0
2022-06-10 07:42:26+02:00,50.0
2022-06-10 07:43:26+02:00,50.0
2022-06-10 07:44:26+02:00,50.0
2022-06-10 07:45:27+02:00,50.0
2022-06-10 07:46:27+02:00,50.0
2022-06-10 07:47:27+02:00,50.0
2022-06-10 07:48:27+02:00,50.0
2022-06-10 07:49:27+02:00,50.0
2022-06-10 07:50:27+02:00,50.0
2022-06-10 07:51:27+02:00,50.0
2022-06-10 07:52:28+02:00,50.0
2022-06-10 07:53:28+02:00,50.0
2022-06-10 07:54:28+02:00,50.0
2022-06-10 07:55:28+02:00,50.0
2022-06-10 07:56:28+02:00,50.0
2022-06-10 07:57:28+02:00,50.0
2022-06-10 07:58:28+02:00,50.0
2022-06-10 07:59:28+02:00,50.0
2022-06-10 08:00:29+02:00,50.0
2022-06-10 08:01:29+02:00,50.0
2022-06-10 08:02:29+02:00,50.0
2022-06-10 08:03:29+02:00,50.0
2022-06-10 08:04:29+02:00,50.0
2022-06-10 08:05:29+02:00,50.0
2022-06-10 08:06:30+02:00,50.0
2022-06-10 08:07:30+02:00,50.0
2022-06-10 08:08:30+02:00,50.0
2022-06-10 08:09:30+02:00,50.0
2022-06-10 08:10:30+02:00,50.0
2022-06-10 08:11:30+02:00,50.0
2022-06-10 08:12:30+02:00,50.0
2022-06-10 08:13:30+02:00,50.0
2022-06-10 08:14:31+02:00,50.0
2022-06-10 08:15:31+02:00,50.0
2022-06-10 08:16:31+02:00,50.0
2022-06-10 08:17:31+02:00,50.0
2022-06-10 08:18:31+02:00,50.0
2022-06-10 08:19:31+02:00,50.0
2022-06-10 08:20:32+02:00,50.0
2022-06-10 08:21:32+02:00,50.0
2022-06-10 08:22:32+02:00,93.8
2022-06-10 08:23:32+02:00,50.0
2022-06-10 08:24:32+02:00,50.0
2022-06-10 08:25:32+02:00,93.5
2022-06-10 08:26:32+02:00,50.0
2022-06-10 08:27:32+02:00,50.0
2022-06-10 08:28:33+02:00,50.0
2022-06-10 08:29:33+02:00,90.9
2022-06-10 08:30:33+02:00,50.0
2022-06-12 01:10:00+02:00,50.0
2022-06-12 01:11:00+02:00,92.9
2022-06-12 01:12:00+02:00,92.9
2022-06-12 01:13:00+02:00,92.9
2022-06-12 01:14:00+02:00,92.9
2022-06-12 01:15:00+02:00,92.9
2022-06-12 01:16:00+02:00,92.8
2022-06-12 01:17:00+02:00,92.7
2022-06-12 01:18:00+02:00,92.7
2022-06-12 01:19:00+02:00,92.7
2022-06-12 01:20:00+02:00,92.8
2022-06-12 01:21:01+02:00,92.8
2022-06-12 01:22:01+02:00,92.7
2022-06-12 01:23:01+02:00,92.8
2022-06-12 01:24:01+02:00,92.9
2022-06-12 01:25:01+02:00,92.9
2022-06-12 01:26:01+02:00,92.8
2022-06-12 01:27:01+02:00,92.7
2022-06-12 01:28:01+02:00,92.6
2022-06-12 01:29:02+02:00,92.8
2022-06-12 01:30:02+02:00,92.9
2022-06-12 01:31:02+02:00,92.9
2022-06-12 01:32:02+02:00,92.8
2022-06-12 01:33:02+02:00,92.8
2022-06-12 01:34:02+02:00,92.8
2022-06-12 01:35:02+02:00,92.8
2022-06-12 01:36:02+02:00,92.8
2022-06-12 01:37:02+02:00,92.8
2022-06-12 01:38:02+02:00,92.7
2022-06-12 01:39:03+02:00,92.7
2022-06-12 01:40:03+02:00,92.6
2022-06-12 01:41:03+02:00,92.7
2022-06-12 01:42:03+02:00,92.7
2022-06-12 01:43:03+02:00,50.0
2022-06-12 01:44:03+02:00,92.7
2022-06-12 01:45:03+02:00,92.7
2022-06-12 01:46:03+02:00,92.5
2022-06-12 01:47:04+02:00,92.4
2022-06-12 01:48:04+02:00,92.3
2022-06-12 01:49:04+02:00,92.6
2022-06-12 01:50:04+02:00,92.7
2022-06-12 01:51:04+02:00,92.7
2022-06-12 01:52:04+02:00,92.5
2022-06-12 01:53:04+02:00,92.5
2022-06-12 01:54:05+02:00,93.1
2022-06-12 01:55:05+02:00,93.3
2022-06-12 01:56:05+02:00,93.4
2022-06-12 01:57:05+02:00,93.4
2022-06-12 01:58:05+02:00,93.5
2022-06-12 01:59:05+02:00,93.5
2022-06-12 02:00:05+02:00,93.6
2022-06-12 02:00:05+02:00,93.6
2022-06-12 02:01:05+02:00,93.7
2022-06-12 02:02:06+02:00,93.7
2022-06-12 02:03:06+02:00,93.7
2022-06-12 02:04:06+02:00,94.1
2022-06-12 02:05:06+02:00,94.2
2022-06-12 02:06:06+02:00,94.2
2022-06-12 02:07:06+02:00,94.0
2022-06-12 02:08:06+02:00,94.3
2022-06-12 02:09:07+02:00,94.2
2022-06-12 02:10:07+02:00,50.0
2022-06-12 02:11:07+02:00,94.4
2022-06-12 02:12:07+02:00,94.7
2022-06-12 02:13:07+02:00,94.9
2022-06-12 02:14:07+02:00,94.8
2022-06-12 02:15:08+02:00,94.9
2022-06-12 02:16:08+02:00,95.1
2022-06-12 02:17:08+02:00,95.2
2022-06-12 02:18:08+02:00,50.0
2022-06-12 02:19:08+02:00,95.3
2022-06-12 02:20:08+02:00,95.2
2022-06-12 02:21:09+02:00,95.3
2022-06-12 02:22:09+02:00,95.3
2022-06-12 02:23:09+02:00,95.3
2022-06-12 02:24:09+02:00,50.0
2022-06-12 02:25:09+02:00,95.3
2022-06-12 02:26:09+02:00,95.2
2022-06-12 02:27:10+02:00,50.0
2022-06-12 02:28:10+02:00,50.0
2022-06-12 02:29:10+02:00,95.1
2022-06-12 02:30:10+02:00,95.0
2022-06-12 02:31:10+02:00,95.1
2022-06-12 02:32:10+02:00,95.1
2022-06-12 02:33:11+02:00,95.0
2022-06-12 02:34:11+02:00,50.0
2022-06-12 02:35:11+02:00,95.4
2022-06-12 02:36:11+02:00,95.8
2022-06-12 02:37:11+02:00,96.0
2022-06-12 02:38:11+02:00,96.2
2022-06-12 02:39:11+02:00,96.2
2022-06-12 02:40:12+02:00,96.3
2022-06-12 02:41:12+02:00,96.4
2022-06-12 02:42:12+02:00,96.4
2022-06-12 02:43:12+02:00,96.4
2022-06-12 02:44:12+02:00,50.0
2022-06-12 02:45:12+02:00,95.9
2022-06-12 02:46:13+02:00,95.7
2022-06-12 02:47:13+02:00,95.6
2022-06-12 02:48:13+02:00,50.0
2022-06-12 02:49:13+02:00,50.0
2022-06-12 02:50:13+02:00,95.3
2022-06-12 02:51:13+02:00,95.0
2022-06-12 02:52:13+02:00,95.3
2022-06-12 02:53:14+02:00,95.4
2022-06-12 02:54:14+02:00,95.6
2022-06-12 02:55:14+02:00,95.7
2022-06-12 02:56:14+02:00,95.8
2022-06-12 02:57:14+02:00,95.8
2022-06-12 02:58:14+02:00,95.8
2022-06-12 02:59:15+02:00,95.8
2022-06-12 03:00:15+02:00,50.0
2022-06-12 03:01:15+02:00,95.8
2022-06-12 03:02:15+02:00,50.0
2022-06-12 03:03:15+02:00,95.8
2022-06-12 03:04:15+02:00,50.0
2022-06-12 03:05:15+02:00,50.0
2022-06-12 03:06:15+02:00,95.9
2022-06-12 03:07:16+02:00,96.0
2022-06-12 03:08:16+02:00,96.1
2022-06-12 03:09:16+02:00,96.1
2022-06-12 03:10:16+02:00,96.2
2022-06-12 03:11:16+02:00,50.0
2022-06-12 03:12:16+02:00,96.2
2022-06-12 03:13:17+02:00,96.2
2022-06-12 03:14:17+02:00,96.2
2022-06-12 03:15:17+02:00,96.2
2022-06-12 03:16:17+02:00,96.2
2022-06-12 03:17:17+02:00,96.2
2022-06-12 03:18:17+02:00,96.2
2022-06-12 03:19:18+02:00,96.2
2022-06-12 03:20:18+02:00,96.2
2022-06-12 03:21:18+02:00,96.2
2022-06-12 03:22:18+02:00,96.2
2022-06-12 03:23:18+02:00,96.2
2022-06-12 03:24:18+02:00,96.2
2022-06-12 03:25:19+02:00,96.3
2022-06-12 03:26:19+02:00,96.2
2022-06-12 03:27:19+02:00,96.2
2022-06-12 03:28:19+02:00,96.2
2022-06-12 03:29:19+02:00,96.2
2022-06-12 03:30:19+02:00,96.2
2022-06-12 03:31:19+02:00,96.2
2022-06-12 03:32:20+02:00,50.0
2022-06-12 03:33:20+02:00,96.2
2022-06-12 03:34:20+02:00,96.2
2022-06-12 03:35:20+02:00,96.2
2022-06-12 03:36:20+02:00,96.0
2022-06-12 03:37:20+02:00,96.0
2022-06-12 03:38:21+02:00,95.8
2022-06-12 03:39:21+02:00,95.8
2022-06-12 03:40:21+02:00,95.7
2022-06-12 03:41:21+02:00,96.0
2022-06-12 03:42:21+02:00,96.4
2022-06-12 03:43:21+02:00,96.0
2022-06-12 03:44:22+02:00,50.0
2022-06-12 03:45:22+02:00,95.8
2022-06-12 03:46:22+02:00,95.6
2022-06-12 03:47:22+02:00,95.3
2022-06-12 03:48:22+02:00,95.6
2022-06-12 03:49:22+02:00,95.6
2022-06-12 03:50:23+02:00,95.6
2022-06-12 03:51:23+02:00,95.6
2022-06-12 03:52:23+02:00,95.7
2022-06-12 03:53:23+02:00,95.8
2022-06-12 03:54:23+02:00,95.7
2022-06-12 03:55:23+02:00,95.9
2022-06-12 03:56:23+02:00,95.9
2022-06-12 03:57:24+02:00,95.8
2022-06-12 03:58:24+02:00,95.7
2022-06-12 03:59:24+02:00,95.8
2022-06-12 04:00:24+02:00,95.8
2022-06-12 04:01:24+02:00,95.7
2022-06-12 04:02:24+02:00,95.6
2022-06-12 04:03:25+02:00,95.6
2022-06-12 04:04:25+02:00,95.5
2022-06-12 04:05:25+02:00,95.6
2022-06-12 04:06:25+02:00,95.6
2022-06-12 04:07:25+02:00,95.6
2022-06-12 04:08:25+02:00,95.7
2022-06-12 04:09:25+02:00,95.9
2022-06-12 04:10:26+02:00,96.1
2022-06-12 04:11:26+02:00,96.0
2022-06-12 04:12:26+02:00,95.9
2022-06-12 04:13:26+02:00,50.0
2022-06-12 04:14:26+02:00,50.0
2022-06-12 04:15:26+02:00,95.9
2022-06-12 04:16:27+02:00,50.0
2022-06-12 04:17:27+02:00,95.3
2022-06-12 04:18:27+02:00,94.8
2022-06-12 04:19:27+02:00,50.0
2022-06-12 04:20:27+02:00,95.0
2022-06-12 04:21:27+02:00,95.5
2022-06-12 04:22:27+02:00,95.9
2022-06-12 04:23:28+02:00,96.0
2022-06-12 04:24:28+02:00,96.1
2022-06-12 04:25:28+02:00,96.2
2022-06-12 04:26:28+02:00,96.2
2022-06-12 04:27:28+02:00,96.4
2022-06-12 04:28:29+02:00,96.2
2022-06-12 04:29:29+02:00,96.0
2022-06-12 04:30:29+02:00,96.1
2022-06-12 04:31:29+02:00,96.3
2022-06-12 04:32:29+02:00,96.1
2022-06-12 04:33:29+02:00,96.2
2022-06-12 04:34:29+02:00,96.5
2022-06-12 04:35:30+02:00,96.6
2022-06-12 04:36:30+02:00,96.7
2022-06-12 04:37:30+02:00,96.7
2022-06-12 04:38:30+02:00,96.8
2022-06-12 04:39:30+02:00,96.5
2022-06-12 04:40:30+02:00,96.5
2022-06-12 04:41:30+02:00,96.3
2022-06-12 04:42:31+02:00,96.5
2022-06-12 04:43:31+02:00,96.3
2022-06-12 04:44:31+02:00,96.3
2022-06-12 04:45:31+02:00,50.0
2022-06-12 04:46:31+02:00,96.0
2022-06-12 04:47:31+02:00,96.0
2022-06-12 04:48:32+02:00,96.0
2022-06-12 04:49:32+02:00,96.0
2022-06-12 04:50:32+02:00,96.0
2022-06-12 04:51:32+02:00,96.0
2022-06-12 04:52:32+02:00,96.1
2022-06-12 04:53:32+02:00,96.1
2022-06-12 04:54:32+02:00,95.9
2022-06-12 04:55:32+02:00,95.9
2022-06-12 04:56:33+02:00,95.9
2022-06-12 04:57:33+02:00,95.9
2022-06-12 04:58:33+02:00,95.9
2022-06-12 04:59:33+02:00,95.9
2022-06-12 05:00:33+02:00,95.9
2022-06-12 05:01:33+02:00,96.0
2022-06-12 05:02:34+02:00,96.0
2022-06-12 05:03:34+02:00,96.0
2022-06-12 05:04:34+02:00,95.9
2022-06-12 05:05:34+02:00,95.9
2022-06-12 05:06:34+02:00,96.0
2022-06-12 05:07:34+02:00,96.0
2022-06-12 05:08:34+02:00,95.9
2022-06-12 05:09:34+02:00,50.0
2022-06-12 05:10:35+02:00,96.0
2022-06-12 05:11:35+02:00,50.0
2022-06-12 05:12:35+02:00,50.0
2022-06-12 05:13:35+02:00,96.0
2022-06-12 05:14:35+02:00,96.0
2022-06-12 05:15:35+02:00,96.0
2022-06-12 05:16:35+02:00,95.9
2022-06-12 05:17:36+02:00,95.8
2022-06-12 05:18:36+02:00,95.9
2022-06-12 05:19:36+02:00,95.9
2022-06-12 05:20:36+02:00,95.9
2022-06-12 05:21:36+02:00,95.9
2022-06-12 05:22:36+02:00,95.9
2022-06-12 05:23:36+02:00,95.8
2022-06-12 05:24:37+02:00,95.9
2022-06-12 05:25:37+02:00,95.9
2022-06-12 05:26:37+02:00,96.0
2022-06-12 05:27:37+02:00,95.8
2022-06-12 05:28:37+02:00,50.0
2022-06-12 05:29:37+02:00,50.0
2022-06-12 05:30:37+02:00,96.1
2022-06-12 05:31:38+02:00,50.0
2022-06-12 05:32:38+02:00,96.4
2022-06-12 05:33:38+02:00,96.5
2022-06-12 05:34:38+02:00,96.6
2022-06-12 05:35:38+02:00,96.7
2022-06-12 05:36:38+02:00,96.6
2022-06-12 05:37:38+02:00,96.6
2022-06-12 05:38:39+02:00,96.7
2022-06-12 05:39:39+02:00,96.7
2022-06-12 05:40:39+02:00,96.7
2022-06-12 05:41:39+02:00,96.8
2022-06-12 05:42:39+02:00,96.6
2022-06-12 05:43:39+02:00,96.7
2022-06-12 05:44:39+02:00,96.7
2022-06-12 05:45:39+02:00,96.7
2022-06-12 05:46:40+02:00,96.6
2022-06-12 05:47:40+02:00,96.7
2022-06-12 05:48:40+02:00,96.7
2022-06-12 05:49:40+02:00,96.6
2022-06-12 05:50:40+02:00,96.6
2022-06-12 05:51:40+02:00,96.7
2022-06-12 05:52:40+02:00,96.7
2022-06-12 05:53:40+02:00,96.7
2022-06-12 05:54:41+02:00,96.6
2022-06-12 05:55:41+02:00,96.6
2022-06-12 05:56:41+02:00,96.6
2022-06-12 05:57:41+02:00,96.6
2022-06-12 05:58:41+02:00,96.7
2022-06-12 05:59:41+02:00,96.7
2022-06-12 06:00:41+02:00,96.7
2022-06-12 06:01:42+02:00,96.6
2022-06-12 06:02:42+02:00,96.7
2022-06-12 06:03:42+02:00,96.7
2022-06-12 06:04:42+02:00,96.6
2022-06-12 06:05:42+02:00,96.7
2022-06-12 06:06:42+02:00,96.6
2022-06-12 06:07:42+02:00,96.6
2022-06-12 06:08:42+02:00,96.6
2022-06-12 06:09:43+02:00,96.6
2022-06-12 06:10:43+02:00,96.3
2022-06-12 06:11:43+02:00,95.9
2022-06-12 06:12:43+02:00,95.8
2022-06-12 06:13:43+02:00,95.6
2022-06-12 06:14:43+02:00,95.5
2022-06-12 06:15:44+02:00,95.5
2022-06-12 06:16:44+02:00,95.3
2022-06-12 06:17:44+02:00,95.3
2022-06-12 06:18:44+02:00,95.5
2022-06-12 06:19:44+02:00,95.5
2022-06-12 06:20:44+02:00,95.4
2022-06-12 06:21:44+02:00,95.3
2022-06-12 06:22:44+02:00,95.2
2022-06-12 06:23:44+02:00,95.1
2022-06-12 06:24:45+02:00,50.0
2022-06-12 06:25:45+02:00,50.0
2022-06-12 06:26:45+02:00,50.0
2022-06-12 06:27:45+02:00,50.0
2022-06-12 06:28:45+02:00,50.0
2022-06-12 06:29:45+02:00,95.4
2022-06-12 06:30:45+02:00,95.8
2022-06-12 06:31:45+02:00,96.1
2022-06-12 06:32:45+02:00,95.9
2022-06-12 06:33:45+02:00,95.8
2022-06-12 06:34:45+02:00,95.7
2022-06-12 06:35:46+02:00,95.7
2022-06-12 06:36:46+02:00,95.3
2022-06-12 06:37:46+02:00,95.4
2022-06-12 06:38:46+02:00,95.3
2022-06-12 06:39:46+02:00,94.4
2022-06-12 06:40:46+02:00,93.6
2022-06-12 06:41:46+02:00,93.1
2022-06-12 06:42:46+02:00,92.6
2022-06-12 06:43:46+02:00,92.1
2022-06-12 06:44:46+02:00,91.7
2022-06-12 06:45:47+02:00,91.9
2022-06-12 06:46:47+02:00,92.0
2022-06-12 06:47:47+02:00,92.0
2022-06-12 06:48:47+02:00,92.3
2022-06-12 06:49:47+02:00,92.2
2022-06-12 06:50:47+02:00,92.0
2022-06-12 06:51:47+02:00,50.0
2022-06-12 06:52:47+02:00,92.5
2022-06-12 06:53:48+02:00,94.0
2022-06-12 06:54:48+02:00,94.7
2022-06-12 06:55:48+02:00,95.1
2022-06-12 06:56:48+02:00,95.5
2022-06-12 06:57:48+02:00,95.5
2022-06-12 06:58:48+02:00,95.7
2022-06-12 06:59:48+02:00,95.8
2022-06-12 07:00:48+02:00,95.9
2022-06-12 07:01:48+02:00,96.0
2022-06-12 07:02:49+02:00,50.0
2022-06-12 07:03:49+02:00,96.5
2022-06-12 07:04:49+02:00,96.8
2022-06-12 07:05:49+02:00,97.0
2022-06-12 07:06:49+02:00,97.1
2022-06-12 07:07:49+02:00,97.1
2022-06-12 07:08:49+02:00,97.2
2022-06-12 07:09:49+02:00,97.3
2022-06-12 07:10:49+02:00,97.3
2022-06-12 07:11:49+02:00,97.3
2022-06-12 07:12:50+02:00,97.4
2022-06-12 07:13:50+02:00,97.4
2022-06-12 07:14:50+02:00,97.3
2022-06-12 07:15:50+02:00,97.4
2022-06-12 07:16:50+02:00,97.4
2022-06-12 07:17:50+02:00,97.4
2022-06-12 07:18:50+02:00,97.4
2022-06-12 07:19:51+02:00,97.3
2022-06-12 07:20:51+02:00,97.3
2022-06-12 07:21:51+02:00,97.3
2022-06-12 07:22:51+02:00,97.3
2022-06-12 07:23:51+02:00,97.2
2022-06-12 07:24:51+02:00,97.2
2022-06-12 07:25:51+02:00,97.2
2022-06-12 07:26:52+02:00,97.3
2022-06-12 07:27:52+02:00,97.3
2022-06-12 07:28:52+02:00,97.3
2022-06-12 07:29:52+02:00,97.3
2022-06-12 07:30:52+02:00,50.0
2022-06-12 07:31:52+02:00,97.2
2022-06-12 07:32:52+02:00,97.0
2022-06-12 07:33:53+02:00,97.0
2022-06-12 07:34:53+02:00,97.0
2022-06-12 07:35:53+02:00,96.8
2022-06-12 07:36:53+02:00,50.0
2022-06-12 07:37:53+02:00,50.0
2022-06-12 07:38:53+02:00,96.8
2022-06-12 07:39:53+02:00,96.4
2022-06-12 07:40:54+02:00,96.0
2022-06-12 07:41:54+02:00,95.8
2022-06-12 07:42:54+02:00,95.7
2022-06-12 07:43:54+02:00,95.8
2022-06-12 07:44:54+02:00,50.0
2022-06-12 07:45:54+02:00,95.6
2022-06-12 07:46:54+02:00,95.5
2022-06-12 07:47:55+02:00,95.4
2022-06-12 07:48:55+02:00,95.3
2022-06-12 07:49:55+02:00,95.3
2022-06-12 07:50:55+02:00,95.3
2022-06-12 07:51:55+02:00,95.2
2022-06-12 07:52:55+02:00,95.2
2022-06-12 07:53:55+02:00,95.2
2022-06-12 07:54:56+02:00,95.3
2022-06-12 07:55:56+02:00,95.3
2022-06-12 07:56:56+02:00,95.3
2022-06-12 07:57:56+02:00,95.2
2022-06-12 07:58:56+02:00,95.3
2022-06-12 07:59:56+02:00,95.2
2022-06-12 08:00:56+02:00,95.2
2022-06-12 08:01:57+02:00,95.2
2022-06-12 08:02:57+02:00,95.2
2022-06-12 08:03:57+02:00,95.2
2022-06-12 08:04:57+02:00,50.0
2022-06-12 08:05:57+02:00,95.7
2022-06-12 08:06:57+02:00,96.1
2022-06-12 08:07:57+02:00,96.5
2022-06-12 08:08:58+02:00,96.7
2022-06-12 08:09:58+02:00,96.9
2022-06-12 08:10:58+02:00,97.0
2022-06-12 08:11:58+02:00,97.0
2022-06-12 08:12:58+02:00,97.1
2022-06-12 08:13:58+02:00,97.2
2022-06-12 08:14:59+02:00,97.1
2022-06-12 08:15:59+02:00,97.2
2022-06-12 08:16:59+02:00,97.2
2022-06-12 08:17:59+02:00,97.1
2022-06-12 08:18:59+02:00,97.2
2022-06-12 08:19:59+02:00,97.2
2022-06-12 08:20:59+02:00,97.2
2022-06-12 08:22:00+02:00,97.1
2022-06-12 08:23:00+02:00,50.0
2022-06-12 08:24:00+02:00,96.8
2022-06-12 08:25:00+02:00,96.5
2022-06-12 08:26:00+02:00,96.1
2022-06-12 08:27:00+02:00,95.9
2022-06-12 08:28:00+02:00,95.9
2022-06-12 08:29:00+02:00,95.8
2022-06-12 08:30:01+02:00,95.7
2022-06-12 08:31:01+02:00,95.6
2022-06-12 08:32:01+02:00,95.7
2022-06-12 08:33:01+02:00,95.6
2022-06-12 08:34:01+02:00,95.8
2022-06-12 08:35:01+02:00,50.0
2022-06-12 08:36:01+02:00,50.0
2022-06-12 08:37:01+02:00,95.7
2022-06-12 08:38:01+02:00,95.4
2022-06-12 08:39:02+02:00,95.1
2022-06-12 08:40:02+02:00,94.9
2022-06-12 08:41:02+02:00,94.8
2022-06-12 08:42:02+02:00,94.7
2022-06-12 08:43:02+02:00,50.0
2022-06-12 08:44:02+02:00,94.8
2022-06-12 08:45:02+02:00,95.3
2022-06-12 08:46:02+02:00,95.6
2022-06-12 08:47:02+02:00,95.8
2022-06-12 08:48:03+02:00,95.9
2022-06-12 08:49:03+02:00,95.9
2022-06-12 08:50:03+02:00,95.9
2022-06-12 08:51:03+02:00,96.1
2022-06-12 08:52:03+02:00,96.1
2022-06-12 08:53:03+02:00,96.2
2022-06-12 08:54:03+02:00,96.1
2022-06-12 08:55:03+02:00,96.0
2022-06-12 08:56:04+02:00,50.0
2022-06-12 08:57:04+02:00,96.1
2022-06-12 08:58:04+02:00,50.0
2022-06-12 08:59:04+02:00,50.0
2022-06-12 09:00:04+02:00,50.0
2022-06-12 09:01:04+02:00,96.0
2022-06-12 09:02:04+02:00,95.9
2022-06-12 09:03:04+02:00,95.9
2022-06-12 09:04:04+02:00,50.0
2022-06-12 09:05:05+02:00,95.8
2022-06-12 09:06:05+02:00,95.7
2022-06-12 09:07:05+02:00,95.6
2022-06-12 09:08:05+02:00,95.5
2022-06-12 09:09:05+02:00,95.7
2022-06-12 09:10:05+02:00,95.6
2022-06-12 09:11:05+02:00,95.6
2022-06-12 09:12:05+02:00,95.6
2022-06-12 09:13:06+02:00,95.5
2022-06-12 09:14:06+02:00,95.3
2022-06-12 09:15:06+02:00,95.4
2022-06-12 09:16:06+02:00,95.3
2022-06-12 09:17:06+02:00,95.2
2022-06-12 09:18:06+02:00,95.2
2022-06-12 09:19:06+02:00,95.3
2022-06-12 09:20:07+02:00,95.3
2022-06-12 09:21:07+02:00,50.0
2022-06-12 09:22:07+02:00,94.7
2022-06-12 09:23:07+02:00,94.9
2022-06-12 09:24:07+02:00,50.0
2022-06-12 09:25:07+02:00,95.0
2022-06-12 09:26:07+02:00,95.2
2022-06-12 09:27:08+02:00,95.7
2022-06-12 09:28:08+02:00,95.8
2022-06-12 09:29:08+02:00,96.0
2022-06-12 09:30:08+02:00,96.2
2022-06-12 09:31:08+02:00,96.1
2022-06-12 09:32:08+02:00,95.8
2022-06-12 09:33:09+02:00,95.6
2022-06-12 09:34:09+02:00,95.7
2022-06-12 09:35:09+02:00,95.9
2022-06-12 09:36:09+02:00,95.5
2022-06-12 09:37:09+02:00,95.6
2022-06-12 09:38:09+02:00,95.9
2022-06-12 09:39:09+02:00,96.2
2022-06-12 09:40:10+02:00,96.1
2022-06-12 09:41:10+02:00,95.9
2022-06-12 09:42:10+02:00,95.8
2022-06-12 09:43:10+02:00,95.9
2022-06-12 09:44:10+02:00,95.6
2022-06-12 09:45:10+02:00,95.5
2022-06-12 09:46:10+02:00,95.6
2022-06-12 09:47:11+02:00,95.6
2022-06-12 09:48:11+02:00,95.5
2022-06-12 09:49:11+02:00,95.8
2022-06-12 09:50:11+02:00,95.9
2022-06-12 09:51:11+02:00,96.1
2022-06-12 09:52:11+02:00,96.1
2022-06-12 09:53:11+02:00,50.0
2022-06-12 09:54:12+02:00,96.2
2022-06-12 09:55:12+02:00,50.0
2022-06-12 09:56:12+02:00,50.0
2022-06-12 09:57:12+02:00,50.0
2022-06-12 09:58:12+02:00,95.5
2022-06-12 09:59:12+02:00,94.0
2022-06-12 10:00:12+02:00,93.4
2022-06-12 10:01:13+02:00,93.6
2022-06-12 10:02:13+02:00,93.9
2022-06-12 10:03:13+02:00,93.7
2022-06-12 10:04:13+02:00,93.3
2022-06-12 10:05:13+02:00,92.5
2022-06-12 10:06:13+02:00,50.0
2022-06-12 10:07:13+02:00,93.8
2022-06-12 10:08:14+02:00,94.7
2022-06-12 10:09:14+02:00,95.1
2022-06-12 10:10:14+02:00,95.2
2022-06-12 10:11:14+02:00,95.3
2022-06-12 10:12:14+02:00,95.3
2022-06-12 10:13:14+02:00,95.3
2022-06-12 10:14:14+02:00,95.5
2022-06-12 10:15:15+02:00,95.8
2022-06-12 10:16:15+02:00,96.1
2022-06-12 10:17:15+02:00,96.3
2022-06-12 10:18:15+02:00,96.4
2022-06-12 10:19:15+02:00,96.6
2022-06-12 10:20:15+02:00,96.6
2022-06-12 10:21:16+02:00,96.5
2022-06-12 10:22:16+02:00,96.4
2022-06-12 10:23:16+02:00,96.4
2022-06-12 10:24:16+02:00,96.4
2022-06-12 10:25:16+02:00,96.4
2022-06-12 10:26:16+02:00,96.4
2022-06-12 10:27:16+02:00,96.6
2022-06-12 10:28:17+02:00,50.0
2022-06-12 10:29:17+02:00,95.7
2022-06-12 10:30:17+02:00,50.0
2022-06-12 10:31:17+02:00,95.2
2022-06-12 10:32:17+02:00,95.2
2022-06-12 10:33:17+02:00,95.3
2022-06-12 10:34:18+02:00,95.4
2022-06-12 10:35:18+02:00,95.5
2022-06-12 10:36:18+02:00,95.6
2022-06-12 10:37:18+02:00,95.6
2022-06-12 10:38:18+02:00,95.6
2022-06-12 10:39:18+02:00,95.6
2022-06-12 10:40:18+02:00,95.5
2022-06-12 10:41:18+02:00,95.5
2022-06-12 10:42:19+02:00,95.5
2022-06-12 10:43:19+02:00,95.5
2022-06-12 10:44:19+02:00,95.5
2022-06-12 10:45:19+02:00,95.5
2022-06-12 10:46:19+02:00,95.5
2022-06-12 10:47:19+02:00,95.5
2022-06-12 10:48:20+02:00,95.5
2022-06-12 10:49:20+02:00,95.6
2022-06-12 10:50:20+02:00,95.5
2022-06-12 10:51:20+02:00,95.6
2022-06-12 10:52:20+02:00,95.6
2022-06-12 10:53:20+02:00,95.6
2022-06-12 10:54:20+02:00,95.5
2022-06-12 10:55:21+02:00,95.6
2022-06-12 10:56:21+02:00,95.6
2022-06-12 10:57:21+02:00,95.6
2022-06-12 10:58:21+02:00,95.5
2022-06-12 10:59:21+02:00,50.0
2022-06-12 11:00:21+02:00,95.6
2022-06-12 11:01:22+02:00,95.6
2022-06-12 11:02:22+02:00,95.7
2022-06-12 11:03:22+02:00,95.7
2022-06-12 11:04:22+02:00,95.8
2022-06-12 11:05:22+02:00,95.9
2022-06-12 11:06:22+02:00,95.9
2022-06-12 11:07:22+02:00,95.8
2022-06-12 11:08:22+02:00,95.8
2022-06-12 11:09:23+02:00,95.8
2022-06-12 11:10:23+02:00,95.9
2022-06-12 11:11:23+02:00,95.9
2022-06-12 11:12:23+02:00,96.0
2022-06-12 11:13:23+02:00,95.9
2022-06-12 11:14:23+02:00,95.9
2022-06-12 11:15:24+02:00,50.0
2022-06-12 11:16:24+02:00,95.7
2022-06-12 11:17:24+02:00,95.4
2022-06-12 11:18:24+02:00,50.0
2022-06-12 11:19:24+02:00,95.1
2022-06-12 11:20:24+02:00,95.1
2022-06-12 11:21:24+02:00,95.0
2022-06-12 11:22:24+02:00,95.2
2022-06-12 11:23:25+02:00,95.1
2022-06-12 11:24:25+02:00,50.0
2022-06-12 11:25:25+02:00,94.9
2022-06-12 11:26:25+02:00,50.0
2022-06-12 11:27:25+02:00,94.8
2022-06-12 11:28:25+02:00,50.0
2022-06-12 11:29:26+02:00,50.0
2022-06-12 11:30:26+02:00,50.0
2022-06-12 11:31:26+02:00,50.0
2022-06-12 11:32:26+02:00,50.0
2022-06-12 11:33:26+02:00,50.0
2022-06-12 11:34:26+02:00,50.0
2022-06-12 11:35:26+02:00,50.0
2022-06-12 11:36:27+02:00,50.0
2022-06-12 11:37:27+02:00,50.0
2022-06-12 11:38:27+02:00,50.0
2022-06-12 11:39:27+02:00,50.0
2022-06-12 11:40:27+02:00,50.0
2022-06-12 11:41:27+02:00,50.0
2022-06-12 11:42:27+02:00,50.0
2022-06-12 11:43:28+02:00,94.5
2022-06-12 11:44:28+02:00,50.0
2022-06-12 11:45:28+02:00,94.5
2022-06-12 11:46:28+02:00,50.0
2022-06-12 11:47:28+02:00,50.0
2022-06-12 11:48:28+02:00,50.0
2022-06-12 11:49:29+02:00,50.0
2022-06-12 11:50:29+02:00,50.0
2022-06-12 11:51:29+02:00,50.0
2022-06-12 11:52:29+02:00,94.4
2022-06-12 11:53:29+02:00,50.0
2022-06-12 11:54:29+02:00,50.0
2022-06-12 11:55:29+02:00,50.0
2022-06-12 11:56:29+02:00,50.0
2022-06-12 11:57:30+02:00,50.0
2022-06-12 11:58:30+02:00,50.0
2022-06-12 11:59:30+02:00,50.0
2022-06-12 12:00:30+02:00,50.0
2022-06-12 12:01:30+02:00,50.0
2022-06-12 12:02:30+02:00,50.0
2022-06-12 12:03:30+02:00,50.0
2022-06-12 12:04:30+02:00,50.0
2022-06-13 02:05:30+02:00,50.0
2022-06-13 02:06:30+02:00,96.0
2022-06-13 02:07:30+02:00,95.9
2022-06-13 02:08:30+02:00,95.8
2022-06-13 02:09:30+02:00,95.7
2022-06-13 02:10:30+02:00,95.6
2022-06-13 02:11:30+02:00,95.5
2022-06-13 02:12:30+02:00,95.2
2022-06-13 02:13:30+02:00,95.1
2022-06-13 02:14:30+02:00,50.0
2022-06-13 02:15:30+02:00,95.0
2022-06-13 02:16:31+02:00,94.9
2022-06-13 02:17:31+02:00,94.6
2022-06-13 02:18:31+02:00,50.0
2022-06-13 02:19:31+02:00,50.0
2022-06-13 02:20:31+02:00,94.6
2022-06-13 02:21:31+02:00,94.7
2022-06-13 02:22:31+02:00,94.7
2022-06-13 02:23:32+02:00,94.6
2022-06-13 02:24:32+02:00,94.6
2022-06-13 02:25:32+02:00,94.7
2022-06-13 02:26:32+02:00,94.7
2022-06-13 02:27:32+02:00,94.6
2022-06-13 02:28:32+02:00,94.6
2022-06-13 02:29:32+02:00,94.6
2022-06-13 02:30:33+02:00,94.7
2022-06-13 02:31:33+02:00,94.6
2022-06-13 02:32:33+02:00,94.7
2022-06-13 02:33:33+02:00,94.6
2022-06-13 02:34:33+02:00,94.6
2022-06-13 02:35:33+02:00,94.7
2022-06-13 02:36:34+02:00,94.6
2022-06-13 02:37:34+02:00,94.8
2022-06-13 02:38:34+02:00,94.7
2022-06-13 02:39:34+02:00,94.8
2022-06-13 02:40:34+02:00,94.8
2022-06-13 02:41:34+02:00,94.9
2022-06-13 02:42:34+02:00,94.9
2022-06-13 02:43:35+02:00,50.0
2022-06-13 02:44:35+02:00,50.0
2022-06-13 02:45:35+02:00,50.0
2022-06-13 02:46:35+02:00,94.9
2022-06-13 02:47:35+02:00,93.4
2022-06-13 02:48:35+02:00,50.0
2022-06-13 02:49:36+02:00,92.8
2022-06-13 02:50:36+02:00,94.8
2022-06-13 02:51:36+02:00,96.1
2022-06-13 02:52:36+02:00,97.0
2022-06-13 02:53:36+02:00,97.0
2022-06-13 02:54:36+02:00,96.6
2022-06-13 02:55:36+02:00,96.3
2022-06-13 02:56:37+02:00,96.2
2022-06-13 02:57:37+02:00,96.2
2022-06-13 02:58:37+02:00,95.9
2022-06-13 02:59:37+02:00,95.7
2022-06-13 03:00:37+02:00,95.4
2022-06-13 03:01:37+02:00,95.5
2022-06-13 03:02:37+02:00,95.3
2022-06-13 03:03:38+02:00,95.2
2022-06-13 03:04:38+02:00,95.2
2022-06-13 03:05:38+02:00,95.2
2022-06-13 03:06:38+02:00,50.0
2022-06-13 03:07:38+02:00,94.5
2022-06-13 03:08:38+02:00,93.7
2022-06-13 03:09:38+02:00,92.7
2022-06-13 03:10:39+02:00,91.7
2022-06-13 03:11:39+02:00,91.4
2022-06-13 03:12:39+02:00,90.8
2022-06-13 03:13:39+02:00,90.1
2022-06-13 03:14:39+02:00,89.6
2022-06-13 03:15:39+02:00,50.0
2022-06-13 03:16:40+02:00,91.0
2022-06-13 03:17:40+02:00,91.4
2022-06-13 03:18:40+02:00,90.8
2022-06-13 03:19:40+02:00,90.6
2022-06-13 03:20:40+02:00,90.2
2022-06-13 03:21:40+02:00,89.8
2022-06-13 03:22:40+02:00,90.5
2022-06-13 03:23:41+02:00,90.1
2022-06-13 03:24:41+02:00,89.9
2022-06-13 03:25:41+02:00,89.7
2022-06-13 03:26:41+02:00,89.9
2022-06-13 03:27:41+02:00,90.2
2022-06-13 03:28:41+02:00,90.1
2022-06-13 03:29:42+02:00,90.0
2022-06-13 03:30:42+02:00,90.0
2022-06-13 03:31:42+02:00,90.0
2022-06-13 03:32:42+02:00,90.2
2022-06-13 03:33:42+02:00,90.3
2022-06-13 03:34:42+02:00,90.5
2022-06-13 03:35:43+02:00,90.8
2022-06-13 03:36:43+02:00,90.8
2022-06-13 03:37:43+02:00,90.6
2022-06-13 03:38:43+02:00,91.2
2022-06-13 03:39:43+02:00,91.3
2022-06-13 03:40:43+02:00,91.4
2022-06-13 03:41:43+02:00,91.1
2022-06-13 03:42:44+02:00,91.1
2022-06-13 03:43:44+02:00,91.1
2022-06-13 03:44:44+02:00,91.4
2022-06-13 03:45:44+02:00,91.4
2022-06-13 03:46:44+02:00,90.9
2022-06-13 03:47:44+02:00,91.4
2022-06-13 03:48:44+02:00,91.0
2022-06-13 03:49:44+02:00,90.4
2022-06-13 03:50:44+02:00,90.2
2022-06-13 03:51:45+02:00,90.6
2022-06-13 03:52:45+02:00,91.3
2022-06-13 03:53:45+02:00,50.0
2022-06-13 03:54:45+02:00,91.1
2022-06-13 03:55:45+02:00,89.2
2022-06-13 03:56:45+02:00,88.9
2022-06-13 03:57:45+02:00,50.0
2022-06-13 03:58:45+02:00,88.6
2022-06-13 03:59:45+02:00,50.0
2022-06-13 04:00:45+02:00,90.5
2022-06-13 04:01:45+02:00,92.1
2022-06-13 04:02:46+02:00,93.1
2022-06-13 04:03:46+02:00,50.0
2022-06-13 04:04:46+02:00,50.0
2022-06-13 04:05:46+02:00,94.0
2022-06-13 04:06:46+02:00,95.1
2022-06-13 04:07:46+02:00,95.9
2022-06-13 04:08:46+02:00,96.6
2022-06-13 04:09:46+02:00,96.8
2022-06-13 04:10:46+02:00,96.1
2022-06-13 04:11:46+02:00,96.0
2022-06-13 04:12:46+02:00,95.2
2022-06-13 04:13:46+02:00,94.4
2022-06-13 04:14:47+02:00,94.9
2022-06-13 04:15:47+02:00,94.5
2022-06-13 04:16:47+02:00,50.0
2022-06-13 04:17:47+02:00,50.0
2022-06-13 04:18:47+02:00,95.1
2022-06-13 04:19:47+02:00,95.7
2022-06-13 04:20:47+02:00,96.4
2022-06-13 04:21:47+02:00,50.0
2022-06-13 04:22:47+02:00,96.5
2022-06-13 04:23:47+02:00,50.0
2022-06-13 04:24:47+02:00,96.3
2022-06-13 04:25:48+02:00,96.4
2022-06-13 04:26:48+02:00,96.4
2022-06-13 04:27:48+02:00,96.5
2022-06-13 04:28:48+02:00,96.5
2022-06-13 04:29:48+02:00,96.6
2022-06-13 04:30:48+02:00,96.5
2022-06-13 04:31:48+02:00,96.6
2022-06-13 04:32:48+02:00,96.6
2022-06-13 04:33:48+02:00,96.7
2022-06-13 04:34:48+02:00,96.6
2022-06-13 04:35:48+02:00,50.0
2022-06-13 04:36:49+02:00,96.5
2022-06-13 04:37:49+02:00,95.8
2022-06-13 04:38:49+02:00,95.9
2022-06-13 04:39:49+02:00,95.7
2022-06-13 04:40:49+02:00,95.9
2022-06-13 04:41:49+02:00,50.0
2022-06-13 04:42:49+02:00,96.1
2022-06-13 04:43:49+02:00,96.5
2022-06-13 04:44:49+02:00,97.0
2022-06-13 04:45:50+02:00,97.1
2022-06-13 04:46:50+02:00,97.3
2022-06-13 04:47:50+02:00,97.3
2022-06-13 04:48:50+02:00,97.3
2022-06-13 04:49:50+02:00,97.4
2022-06-13 04:50:50+02:00,97.6
2022-06-13 04:51:51+02:00,50.0
2022-06-13 04:52:51+02:00,50.0
2022-06-13 04:53:51+02:00,97.3
2022-06-13 04:54:51+02:00,97.3
2022-06-13 04:55:51+02:00,97.2
2022-06-13 04:56:51+02:00,96.9
2022-06-13 04:57:51+02:00,97.5
2022-06-13 04:58:52+02:00,98.0
2022-06-13 04:59:52+02:00,97.7
2022-06-13 05:00:52+02:00,97.8
2022-06-13 05:01:52+02:00,97.7
2022-06-13 05:02:52+02:00,97.4
2022-06-13 05:03:52+02:00,97.5
2022-06-13 05:04:52+02:00,97.2
2022-06-13 05:05:53+02:00,50.0
2022-06-13 05:06:53+02:00,50.0
2022-06-13 05:07:53+02:00,97.1
2022-06-13 05:08:53+02:00,96.9
2022-06-13 05:09:53+02:00,96.8
2022-06-13 05:10:53+02:00,96.7
2022-06-13 05:11:53+02:00,96.6
2022-06-13 05:12:54+02:00,96.6
2022-06-13 05:13:54+02:00,96.5
2022-06-13 05:14:54+02:00,96.5
2022-06-13 05:15:54+02:00,96.6
2022-06-13 05:16:54+02:00,50.0
2022-06-13 05:17:54+02:00,50.0
2022-06-13 05:18:54+02:00,96.3
2022-06-13 05:19:55+02:00,95.9
2022-06-13 05:20:55+02:00,95.8
2022-06-13 05:21:55+02:00,95.8
2022-06-13 05:22:55+02:00,95.7
2022-06-13 05:23:55+02:00,95.8
2022-06-13 05:24:55+02:00,95.8
2022-06-13 05:25:55+02:00,95.8
2022-06-13 05:26:56+02:00,95.8
2022-06-13 05:27:56+02:00,95.9
2022-06-13 05:28:56+02:00,95.8
2022-06-13 05:29:56+02:00,95.7
2022-06-13 05:30:56+02:00,95.7
2022-06-13 05:31:56+02:00,95.7
2022-06-13 05:32:57+02:00,95.7
2022-06-13 05:33:57+02:00,95.7
2022-06-13 05:34:57+02:00,95.7
2022-06-13 05:35:57+02:00,95.7
2022-06-13 05:36:57+02:00,95.6
2022-06-13 05:37:57+02:00,95.6
2022-06-13 05:38:57+02:00,95.6
2022-06-13 05:39:58+02:00,95.6
2022-06-13 05:40:58+02:00,95.6
2022-06-13 05:41:58+02:00,95.5
2022-06-13 05:42:58+02:00,95.6
2022-06-13 05:43:58+02:00,95.6
2022-06-13 05:44:58+02:00,95.7
2022-06-13 05:45:59+02:00,95.7
2022-06-13 05:46:59+02:00,95.7
2022-06-13 05:47:59+02:00,95.7
2022-06-13 05:48:59+02:00,95.7
2022-06-13 05:49:59+02:00,95.7
2022-06-13 05:50:59+02:00,95.7
2022-06-13 05:51:59+02:00,95.7
2022-06-13 05:53:00+02:00,95.7
2022-06-13 05:54:00+02:00,95.7
2022-06-13 05:55:00+02:00,95.6
2022-06-13 05:56:00+02:00,95.6
2022-06-13 05:57:00+02:00,50.0
2022-06-13 05:58:00+02:00,95.0
2022-06-13 05:59:00+02:00,92.6
2022-06-13 06:00:00+02:00,91.1
2022-06-13 06:01:01+02:00,90.4
2022-06-13 06:02:01+02:00,89.7
2022-06-13 06:03:01+02:00,50.0
2022-06-13 06:04:01+02:00,91.2
2022-06-13 06:05:01+02:00,92.8
2022-06-13 06:06:01+02:00,93.8
2022-06-13 06:07:01+02:00,94.5
2022-06-13 06:08:01+02:00,95.0
2022-06-13 06:09:01+02:00,95.3
2022-06-13 06:10:02+02:00,95.5
2022-06-13 06:11:02+02:00,95.6
2022-06-13 06:12:02+02:00,95.8
2022-06-13 06:13:02+02:00,95.8
2022-06-13 06:14:02+02:00,95.8
2022-06-13 06:15:02+02:00,95.8
2022-06-13 06:16:02+02:00,95.8
2022-06-13 06:17:02+02:00,50.0
2022-06-13 06:18:03+02:00,95.3
2022-06-13 06:19:03+02:00,93.0
2022-06-13 06:20:03+02:00,50.0
2022-06-13 06:21:03+02:00,50.0
2022-06-13 06:22:03+02:00,92.5
2022-06-13 06:23:03+02:00,93.5
2022-06-13 06:24:03+02:00,94.1
2022-06-13 06:25:04+02:00,94.5
2022-06-13 06:26:04+02:00,50.0
2022-06-13 06:27:04+02:00,94.9
2022-06-13 06:28:04+02:00,94.9
2022-06-13 06:29:04+02:00,95.2
2022-06-13 06:30:04+02:00,50.0
2022-06-13 06:31:04+02:00,95.4
2022-06-13 06:32:04+02:00,95.7
2022-06-13 06:33:05+02:00,96.2
2022-06-13 06:34:05+02:00,96.7
2022-06-13 06:35:05+02:00,96.8
2022-06-13 06:36:05+02:00,97.0
2022-06-13 06:37:05+02:00,97.5
2022-06-13 06:38:05+02:00,50.0
2022-06-13 06:39:05+02:00,97.8
2022-06-13 06:40:05+02:00,97.9
2022-06-13 06:41:05+02:00,98.1
2022-06-13 06:42:06+02:00,98.3
2022-06-13 06:43:06+02:00,98.4
2022-06-13 06:44:06+02:00,98.4
2022-06-13 06:45:06+02:00,98.5
2022-06-13 06:46:06+02:00,50.0
2022-06-13 06:47:06+02:00,50.0
2022-06-13 06:48:06+02:00,98.0
2022-06-13 06:49:07+02:00,97.6
2022-06-13 06:50:07+02:00,97.6
2022-06-13 06:51:07+02:00,97.6
2022-06-13 06:52:07+02:00,97.4
2022-06-13 06:53:07+02:00,97.2
2022-06-13 06:54:07+02:00,97.3
2022-06-13 06:55:08+02:00,97.5
2022-06-13 06:56:08+02:00,97.5
2022-06-13 06:57:08+02:00,97.6
2022-06-13 06:58:08+02:00,50.0
2022-06-13 06:59:08+02:00,97.4
2022-06-13 07:00:08+02:00,97.5
2022-06-13 07:01:08+02:00,97.4
2022-06-13 07:02:09+02:00,97.1
2022-06-13 07:03:09+02:00,97.1
2022-06-13 07:04:09+02:00,97.0
2022-06-13 07:05:09+02:00,50.0
2022-06-13 07:06:09+02:00,97.0
2022-06-13 07:07:09+02:00,96.8
2022-06-13 07:08:09+02:00,96.7
2022-06-13 07:09:10+02:00,96.6
2022-06-13 07:10:10+02:00,96.5
2022-06-13 07:11:10+02:00,96.4
2022-06-13 07:12:10+02:00,96.2
2022-06-13 07:13:10+02:00,96.2
2022-06-13 07:14:10+02:00,96.1
2022-06-13 07:15:11+02:00,96.1
2022-06-13 07:16:11+02:00,96.0
2022-06-13 07:17:11+02:00,95.9
2022-06-13 07:18:11+02:00,95.9
2022-06-13 07:19:11+02:00,50.0
2022-06-13 07:20:11+02:00,96.0
2022-06-13 07:21:11+02:00,95.8
2022-06-13 07:22:12+02:00,50.0
2022-06-13 07:23:12+02:00,50.0
2022-06-13 07:24:12+02:00,95.5
2022-06-13 07:25:12+02:00,95.1
2022-06-13 07:26:12+02:00,95.1
2022-06-13 07:27:12+02:00,95.1
2022-06-13 07:28:12+02:00,95.2
2022-06-13 07:29:13+02:00,95.1
2022-06-13 07:30:13+02:00,95.1
2022-06-13 07:31:13+02:00,95.0
2022-06-13 07:32:13+02:00,95.1
2022-06-13 07:33:13+02:00,94.8
2022-06-13 07:34:13+02:00,94.8
2022-06-13 07:35:14+02:00,94.8
2022-06-13 07:36:14+02:00,95.1
2022-06-13 07:37:14+02:00,95.4
2022-06-13 07:38:14+02:00,95.9
2022-06-13 07:39:14+02:00,50.0
2022-06-13 07:40:14+02:00,50.0
2022-06-13 07:41:14+02:00,50.0
2022-06-13 07:42:15+02:00,96.1
2022-06-13 07:43:15+02:00,50.0
2022-06-13 07:44:15+02:00,95.8
2022-06-13 07:45:15+02:00,95.1
2022-06-13 07:46:15+02:00,94.5
2022-06-13 07:47:15+02:00,94.3
2022-06-13 07:48:15+02:00,94.0
2022-06-13 07:49:16+02:00,93.9
2022-06-13 07:50:16+02:00,93.9
2022-06-13 07:51:16+02:00,94.0
2022-06-13 07:52:16+02:00,94.0
2022-06-13 07:53:16+02:00,93.9
2022-06-13 07:54:16+02:00,94.3
2022-06-13 07:55:17+02:00,94.4
2022-06-13 07:56:17+02:00,94.5
2022-06-13 07:57:17+02:00,94.1
2022-06-13 07:58:17+02:00,50.0
2022-06-13 07:59:17+02:00,94.3
2022-06-13 08:00:17+02:00,50.0
2022-06-13 08:01:17+02:00,50.0
2022-06-13 08:02:18+02:00,94.4
2022-06-13 08:03:18+02:00,94.9
2022-06-13 08:04:18+02:00,95.1
2022-06-13 08:05:18+02:00,95.2
2022-06-13 08:06:18+02:00,50.0
2022-06-13 08:07:18+02:00,94.3
2022-06-13 08:08:18+02:00,92.3
2022-06-13 08:09:19+02:00,92.4
2022-06-13 08:10:19+02:00,91.9
2022-06-13 08:11:19+02:00,91.3
2022-06-13 08:12:19+02:00,92.0
2022-06-13 08:13:19+02:00,92.0
2022-06-13 08:14:19+02:00,91.8
2022-06-13 08:15:20+02:00,91.4
2022-06-13 08:16:20+02:00,50.0
2022-06-13 08:17:20+02:00,91.9
2022-06-13 08:18:20+02:00,93.7
2022-06-13 08:19:20+02:00,50.0
2022-06-13 08:20:20+02:00,95.1
2022-06-13 08:21:20+02:00,95.5
2022-06-13 08:22:21+02:00,95.7
2022-06-13 08:23:21+02:00,95.8
2022-06-13 08:24:21+02:00,96.1
2022-06-13 08:25:21+02:00,96.3
2022-06-13 08:26:21+02:00,96.3
2022-06-13 08:27:21+02:00,96.4
2022-06-13 08:28:22+02:00,96.5
2022-06-13 08:29:22+02:00,96.4
2022-06-13 08:30:22+02:00,50.0
2022-06-13 08:31:22+02:00,50.0
2022-06-13 08:32:22+02:00,96.5
2022-06-13 08:33:22+02:00,96.5
2022-06-13 08:34:23+02:00,96.5
2022-06-13 08:35:23+02:00,96.5
2022-06-13 08:36:23+02:00,50.0
2022-06-13 08:37:23+02:00,50.0
2022-06-13 08:38:23+02:00,96.7
2022-06-13 08:39:23+02:00,97.0
2022-06-13 08:40:23+02:00,50.0
2022-06-13 08:41:24+02:00,96.7
2022-06-13 08:42:24+02:00,96.5
2022-06-13 08:43:24+02:00,96.4
2022-06-13 08:44:24+02:00,96.4
2022-06-13 08:45:24+02:00,96.5
2022-06-13 08:46:24+02:00,96.5
2022-06-13 08:47:24+02:00,96.6
2022-06-13 08:48:25+02:00,96.6
2022-06-13 08:49:25+02:00,96.6
2022-06-13 08:50:25+02:00,96.6
2022-06-13 08:51:25+02:00,96.6
2022-06-13 08:52:25+02:00,96.6
2022-06-13 08:53:25+02:00,96.6
2022-06-13 08:54:26+02:00,96.6
2022-06-13 08:55:26+02:00,96.6
2022-06-13 08:56:26+02:00,96.5
2022-06-13 08:57:26+02:00,96.6
2022-06-13 08:58:26+02:00,96.6
2022-06-13 08:59:26+02:00,96.5
2022-06-13 09:00:26+02:00,96.6
2022-06-13 09:01:27+02:00,96.5
2022-06-13 09:02:27+02:00,96.5
2022-06-13 09:03:27+02:00,96.6
2022-06-13 09:04:27+02:00,96.6
2022-06-13 09:05:27+02:00,96.7
2022-06-13 09:06:27+02:00,96.7
2022-06-13 09:07:27+02:00,96.6
2022-06-13 09:08:28+02:00,50.0
2022-06-13 09:09:28+02:00,96.2
2022-06-13 09:10:28+02:00,95.5
2022-06-13 09:11:28+02:00,95.1
2022-06-13 09:12:28+02:00,95.0
2022-06-13 09:13:28+02:00,94.4
2022-06-13 09:14:28+02:00,50.0
2022-06-13 09:15:29+02:00,94.3
2022-06-13 09:16:29+02:00,94.6
2022-06-13 09:17:29+02:00,94.6
2022-06-13 09:18:29+02:00,94.7
2022-06-13 09:19:29+02:00,94.4
2022-06-13 09:20:29+02:00,94.3
2022-06-13 09:21:30+02:00,50.0
2022-06-13 09:22:30+02:00,94.1
2022-06-13 09:23:30+02:00,94.8
2022-06-13 09:24:30+02:00,94.5
2022-06-13 09:25:30+02:00,95.3
2022-06-13 09:26:30+02:00,95.2
2022-06-13 09:27:30+02:00,95.2
2022-06-13 09:28:31+02:00,95.8
2022-06-13 09:29:31+02:00,95.6
2022-06-13 09:30:31+02:00,96.0
2022-06-13 09:31:31+02:00,95.9
2022-06-13 09:32:31+02:00,95.9
2022-06-13 09:33:31+02:00,95.1
2022-06-13 09:34:32+02:00,95.3
2022-06-13 09:35:32+02:00,95.2
2022-06-13 09:36:32+02:00,94.8
2022-06-13 09:37:32+02:00,94.4
2022-06-13 09:38:32+02:00,95.1
2022-06-13 09:39:32+02:00,95.3
2022-06-13 09:40:32+02:00,95.2
2022-06-13 09:41:33+02:00,94.9
2022-06-13 09:42:33+02:00,94.8
2022-06-13 09:43:33+02:00,94.8
2022-06-13 09:44:33+02:00,94.8
2022-06-13 09:45:33+02:00,94.6
2022-06-13 09:46:33+02:00,94.3
2022-06-13 09:47:34+02:00,94.4
2022-06-13 09:48:34+02:00,94.3
2022-06-13 09:49:34+02:00,94.6
2022-06-13 09:50:34+02:00,94.3
2022-06-13 09:51:34+02:00,94.0
2022-06-13 09:52:34+02:00,94.7
2022-06-13 09:53:34+02:00,94.9
2022-06-13 09:54:35+02:00,50.0
2022-06-13 09:55:35+02:00,93.8
2022-06-13 09:56:35+02:00,92.7
2022-06-13 09:57:35+02:00,92.0
2022-06-13 09:58:35+02:00,91.6
2022-06-13 09:59:35+02:00,50.0
2022-06-13 10:00:35+02:00,91.9
2022-06-13 10:01:36+02:00,92.3
2022-06-13 10:02:36+02:00,92.9
2022-06-13 10:03:36+02:00,93.2
2022-06-13 10:04:36+02:00,93.1
2022-06-13 10:05:36+02:00,93.0
2022-06-13 10:06:36+02:00,93.1
2022-06-13 10:07:37+02:00,93.5
2022-06-13 10:08:37+02:00,50.0
2022-06-13 10:09:37+02:00,93.8
2022-06-13 10:10:37+02:00,50.0
2022-06-13 10:11:37+02:00,50.0
2022-06-13 10:12:37+02:00,50.0
2022-06-13 10:13:38+02:00,50.0
2022-06-13 10:14:38+02:00,95.1
2022-06-13 10:15:38+02:00,50.0
2022-06-13 10:16:38+02:00,50.0
2022-06-13 10:17:38+02:00,95.7
2022-06-13 10:18:38+02:00,50.0
2022-06-13 10:19:38+02:00,50.0
2022-06-13 10:20:39+02:00,50.0
2022-06-13 10:21:39+02:00,50.0
2022-06-13 10:22:39+02:00,50.0
2022-06-13 10:23:39+02:00,96.0
2022-06-13 10:24:39+02:00,50.0
2022-06-13 10:25:39+02:00,50.0
2022-06-13 10:26:39+02:00,50.0
2022-06-13 10:27:39+02:00,50.0
2022-06-13 10:28:40+02:00,50.0
2022-06-13 10:29:40+02:00,50.0
2022-06-13 10:30:40+02:00,50.0
2022-06-13 10:31:40+02:00,50.0
2022-06-13 10:32:40+02:00,50.0
2022-06-13 10:33:40+02:00,50.0
2022-06-13 10:34:40+02:00,50.0
2022-06-13 10:35:41+02:00,50.0
2022-06-13 10:36:41+02:00,50.0
2022-06-13 10:37:41+02:00,50.0
2022-06-13 10:38:41+02:00,50.0
2022-06-13 10:39:41+02:00,50.0
2022-06-13 10:40:41+02:00,50.0
2022-06-13 10:41:41+02:00,50.0
2022-06-13 10:42:41+02:00,50.0
2022-06-13 10:43:42+02:00,50.0
2022-06-13 10:44:42+02:00,50.0
2022-06-13 10:45:42+02:00,50.0
2022-06-13 10:46:42+02:00,50.0
2022-06-13 10:47:42+02:00,50.0
2022-06-13 10:48:42+02:00,50.0
2022-06-13 10:49:43+02:00,50.0
2022-06-13 10:50:43+02:00,50.0
2022-06-13 10:51:43+02:00,50.0
2022-06-13 10:52:43+02:00,50.0
2022-06-14 01:22:30+02:00,87.3
2022-06-14 01:23:30+02:00,87.0
2022-06-14 01:24:30+02:00,87.6
2022-06-14 01:25:30+02:00,87.9
2022-06-14 01:26:30+02:00,87.6
2022-06-14 01:27:30+02:00,88.2
2022-06-14 01:28:30+02:00,88.5
2022-06-14 01:29:30+02:00,89.1
2022-06-14 01:30:30+02:00,88.7
2022-06-14 01:31:30+02:00,89.2
2022-06-14 01:32:30+02:00,88.1
2022-06-14 01:33:31+02:00,89.0
2022-06-14 01:34:31+02:00,89.6
2022-06-14 01:35:31+02:00,89.9
2022-06-14 01:36:31+02:00,90.1
2022-06-14 01:37:31+02:00,90.3
2022-06-14 01:38:31+02:00,90.4
2022-06-14 01:39:32+02:00,90.4
2022-06-14 01:40:32+02:00,90.5
2022-06-14 01:41:32+02:00,90.6
2022-06-14 01:42:32+02:00,90.4
2022-06-14 01:43:32+02:00,90.4
2022-06-14 01:44:32+02:00,90.5
2022-06-14 01:45:32+02:00,90.5
2022-06-14 01:46:33+02:00,90.5
2022-06-14 01:47:33+02:00,90.4
2022-06-14 01:48:33+02:00,90.3
2022-06-14 01:49:33+02:00,90.2
2022-06-14 01:50:33+02:00,90.2
2022-06-14 01:51:33+02:00,90.3
2022-06-14 01:52:33+02:00,90.3
2022-06-14 01:53:34+02:00,90.4
2022-06-14 01:54:34+02:00,90.3
2022-06-14 01:55:34+02:00,90.3
2022-06-14 01:56:34+02:00,90.0
2022-06-14 01:57:34+02:00,89.9
2022-06-14 01:58:34+02:00,89.7
2022-06-14 01:59:35+02:00,89.8
2022-06-14 02:00:35+02:00,89.9
2022-06-14 02:00:35+02:00,89.9
2022-06-14 02:01:35+02:00,89.8
2022-06-14 02:02:35+02:00,89.8
2022-06-14 02:03:35+02:00,89.8
2022-06-14 02:04:35+02:00,89.7
2022-06-14 02:05:35+02:00,89.5
2022-06-14 02:06:36+02:00,89.5
2022-06-14 02:07:36+02:00,89.7
2022-06-14 02:08:36+02:00,89.8
2022-06-14 02:09:36+02:00,50.0
2022-06-14 02:10:36+02:00,50.0
2022-06-14 02:11:36+02:00,89.8
2022-06-14 02:12:36+02:00,90.9
2022-06-14 02:13:37+02:00,50.0
2022-06-14 02:14:37+02:00,92.2
2022-06-14 02:15:37+02:00,93.1
2022-06-14 02:16:37+02:00,93.8
2022-06-14 02:17:37+02:00,94.2
2022-06-14 02:18:37+02:00,94.5
2022-06-14 02:19:38+02:00,94.8
2022-06-14 02:20:38+02:00,94.9
2022-06-14 02:21:38+02:00,94.9
2022-06-14 02:22:38+02:00,95.0
2022-06-14 02:23:38+02:00,50.0
2022-06-14 02:24:38+02:00,95.1
2022-06-14 02:25:38+02:00,50.0
2022-06-14 02:26:39+02:00,95.0
2022-06-14 02:27:39+02:00,95.0
2022-06-14 02:28:39+02:00,50.0
2022-06-14 02:29:39+02:00,95.2
2022-06-14 02:30:39+02:00,95.1
2022-06-14 02:31:39+02:00,94.9
2022-06-14 02:32:39+02:00,94.9
2022-06-14 02:33:40+02:00,95.0
2022-06-14 02:34:40+02:00,95.0
2022-06-14 02:35:40+02:00,95.0
2022-06-14 02:36:40+02:00,95.0
2022-06-14 02:37:40+02:00,95.1
2022-06-14 02:38:40+02:00,95.2
2022-06-14 02:39:41+02:00,95.3
2022-06-14 02:40:41+02:00,95.5
2022-06-14 02:41:41+02:00,95.5
2022-06-14 02:42:41+02:00,95.6
2022-06-14 02:43:41+02:00,95.7
2022-06-14 02:44:41+02:00,95.7
2022-06-14 02:45:41+02:00,95.7
2022-06-14 02:46:42+02:00,50.0
2022-06-14 02:47:42+02:00,95.8
2022-06-14 02:48:42+02:00,95.9
2022-06-14 02:49:42+02:00,95.8
2022-06-14 02:50:42+02:00,95.7
2022-06-14 02:51:42+02:00,95.7
2022-06-14 02:52:42+02:00,95.7
2022-06-14 02:53:43+02:00,50.0
2022-06-14 02:54:43+02:00,50.0
2022-06-14 02:55:43+02:00,95.9
2022-06-14 02:56:43+02:00,96.0
2022-06-14 02:57:43+02:00,95.9
2022-06-14 02:58:43+02:00,95.9
2022-06-14 02:59:44+02:00,95.8
2022-06-14 03:00:44+02:00,95.8
2022-06-14 03:01:44+02:00,95.8
2022-06-14 03:02:44+02:00,95.9
2022-06-14 03:03:44+02:00,95.9
2022-06-14 03:04:44+02:00,50.0
2022-06-14 03:05:44+02:00,96.0
2022-06-14 03:06:44+02:00,96.1
2022-06-14 03:07:44+02:00,96.1
2022-06-14 03:08:44+02:00,96.1
2022-06-14 03:09:45+02:00,96.0
2022-06-14 03:10:45+02:00,95.9
2022-06-14 03:11:45+02:00,95.8
2022-06-14 03:12:45+02:00,95.8
2022-06-14 03:13:45+02:00,95.7
2022-06-14 03:14:45+02:00,95.7
2022-06-14 03:15:45+02:00,95.7
2022-06-14 03:16:45+02:00,95.8
2022-06-14 03:17:45+02:00,95.7
2022-06-14 03:18:45+02:00,95.7
2022-06-14 03:19:45+02:00,50.0
2022-06-14 03:20:46+02:00,50.0
2022-06-14 03:21:46+02:00,95.7
2022-06-14 03:22:46+02:00,95.8
2022-06-14 03:23:46+02:00,95.9
2022-06-14 03:24:46+02:00,95.9
2022-06-14 03:25:46+02:00,95.9
2022-06-14 03:26:46+02:00,96.0
2022-06-14 03:27:46+02:00,96.0
2022-06-14 03:28:46+02:00,96.0
2022-06-14 03:29:46+02:00,96.0
2022-06-14 03:30:46+02:00,96.1
2022-06-14 03:31:47+02:00,96.1
2022-06-14 03:32:47+02:00,96.2
2022-06-14 03:33:47+02:00,96.2
2022-06-14 03:34:47+02:00,96.2
2022-06-14 03:35:47+02:00,96.2
2022-06-14 03:36:47+02:00,96.2
2022-06-14 03:37:47+02:00,96.2
2022-06-14 03:38:47+02:00,96.2
2022-06-14 03:39:47+02:00,96.3
2022-06-14 03:40:47+02:00,96.3
2022-06-14 03:41:47+02:00,96.3
2022-06-14 03:42:48+02:00,96.2
2022-06-14 03:43:48+02:00,96.2
2022-06-14 03:44:48+02:00,96.2
2022-06-14 03:45:48+02:00,96.2
2022-06-14 03:46:48+02:00,96.3
2022-06-14 03:47:48+02:00,96.2
2022-06-14 03:48:48+02:00,96.3
2022-06-14 03:49:48+02:00,96.2
2022-06-14 03:50:48+02:00,50.0
2022-06-14 03:51:48+02:00,50.0
2022-06-14 03:52:48+02:00,96.3
2022-06-14 03:53:48+02:00,50.0
2022-06-14 03:54:49+02:00,50.0
2022-06-14 03:55:49+02:00,95.9
2022-06-14 03:56:49+02:00,95.6
2022-06-14 03:57:49+02:00,95.2
2022-06-14 03:58:49+02:00,50.0
2022-06-14 03:59:49+02:00,95.0
2022-06-14 04:00:49+02:00,50.0
2022-06-14 04:01:49+02:00,50.0
2022-06-14 04:02:49+02:00,94.9
2022-06-14 04:03:49+02:00,94.8
2022-06-14 04:04:49+02:00,94.8
2022-06-14 04:05:49+02:00,94.8
2022-06-14 04:06:50+02:00,94.8
2022-06-14 04:07:50+02:00,94.9
2022-06-14 04:08:50+02:00,50.0
2022-06-14 04:09:50+02:00,95.0
2022-06-14 04:10:50+02:00,95.2
2022-06-14 04:11:50+02:00,95.4
2022-06-14 04:12:50+02:00,95.6
2022-06-14 04:13:51+02:00,95.6
2022-06-14 04:14:51+02:00,95.5
2022-06-14 04:15:51+02:00,95.5
2022-06-14 04:16:51+02:00,95.4
2022-06-14 04:17:51+02:00,50.0
2022-06-14 04:18:51+02:00,50.0
2022-06-14 04:19:52+02:00,50.0
2022-06-14 04:20:52+02:00,95.8
2022-06-14 04:21:52+02:00,95.8
2022-06-14 04:22:52+02:00,95.7
2022-06-14 04:23:52+02:00,95.7
2022-06-14 04:24:52+02:00,95.7
2022-06-14 04:25:52+02:00,95.8
2022-06-14 04:26:53+02:00,95.5
2022-06-14 04:27:53+02:00,95.1
2022-06-14 04:28:53+02:00,95.3
2022-06-14 04:29:53+02:00,95.5
2022-06-14 04:30:53+02:00,95.2
2022-06-14 04:31:53+02:00,95.5
2022-06-14 04:32:53+02:00,95.7
2022-06-14 04:33:54+02:00,95.8
2022-06-14 04:34:54+02:00,95.8
2022-06-14 04:35:54+02:00,95.8
2022-06-14 04:36:54+02:00,95.8
2022-06-14 04:37:54+02:00,95.9
2022-06-14 04:38:54+02:00,95.9
2022-06-14 04:39:55+02:00,95.8
2022-06-14 04:40:55+02:00,95.6
2022-06-14 04:41:55+02:00,95.6
2022-06-14 04:42:55+02:00,95.6
2022-06-14 04:43:55+02:00,95.5
2022-06-14 04:44:55+02:00,95.4
2022-06-14 04:45:56+02:00,95.4
2022-06-14 04:46:56+02:00,95.4
2022-06-14 04:47:56+02:00,95.5
2022-06-14 04:48:56+02:00,95.5
2022-06-14 04:49:56+02:00,95.6
2022-06-14 04:50:56+02:00,95.7
2022-06-14 04:51:56+02:00,95.7
2022-06-14 04:52:57+02:00,95.6
2022-06-14 04:53:57+02:00,95.6
2022-06-14 04:54:57+02:00,95.7
2022-06-14 04:55:57+02:00,95.6
2022-06-14 04:56:57+02:00,95.6
2022-06-14 04:57:57+02:00,95.6
2022-06-14 04:58:57+02:00,95.6
2022-06-14 04:59:58+02:00,95.6
2022-06-14 05:00:58+02:00,95.6
2022-06-14 05:01:58+02:00,50.0
2022-06-14 05:02:58+02:00,95.5
2022-06-14 05:03:58+02:00,95.6
2022-06-14 05:04:58+02:00,95.5
2022-06-14 05:05:58+02:00,95.6
2022-06-14 05:06:59+02:00,95.5
2022-06-14 05:07:59+02:00,95.4
2022-06-14 05:08:59+02:00,95.3
2022-06-14 05:09:59+02:00,95.3
2022-06-14 05:10:59+02:00,50.0
2022-06-14 05:11:59+02:00,50.0
2022-06-14 05:13:00+02:00,95.5
2022-06-14 05:14:00+02:00,95.5
2022-06-14 05:15:00+02:00,50.0
2022-06-14 05:16:00+02:00,95.6
2022-06-14 05:17:00+02:00,95.6
2022-06-14 05:18:00+02:00,50.0
2022-06-14 05:19:00+02:00,95.6
2022-06-14 05:20:01+02:00,95.5
2022-06-14 05:21:01+02:00,95.4
2022-06-14 05:22:01+02:00,50.0
2022-06-14 05:23:01+02:00,50.0
2022-06-14 05:24:01+02:00,95.3
2022-06-14 05:25:01+02:00,95.2
2022-06-14 05:26:01+02:00,95.2
2022-06-14 05:27:01+02:00,95.1
2022-06-14 05:28:02+02:00,95.1
2022-06-14 05:29:02+02:00,95.1
2022-06-14 05:30:02+02:00,95.0
2022-06-14 05:31:02+02:00,95.0
2022-06-14 05:32:02+02:00,95.0
2022-06-14 05:33:02+02:00,94.9
2022-06-14 05:34:02+02:00,94.9
2022-06-14 05:35:02+02:00,94.9
2022-06-14 05:36:03+02:00,95.0
2022-06-14 05:37:03+02:00,95.0
2022-06-14 05:38:03+02:00,94.9
2022-06-14 05:39:03+02:00,94.9
2022-06-14 05:40:03+02:00,94.9
2022-06-14 05:41:03+02:00,94.9
2022-06-14 05:42:03+02:00,94.9
2022-06-14 05:43:03+02:00,94.9
2022-06-14 05:44:04+02:00,94.9
2022-06-14 05:45:04+02:00,94.9
2022-06-14 05:46:04+02:00,94.9
2022-06-14 05:47:04+02:00,94.9
2022-06-14 05:48:04+02:00,94.9
2022-06-14 05:49:04+02:00,94.9
2022-06-14 05:50:04+02:00,94.9
2022-06-14 05:51:05+02:00,95.0
2022-06-14 05:52:05+02:00,95.0
2022-06-14 05:53:05+02:00,94.9
2022-06-14 05:54:05+02:00,94.9
2022-06-14 05:55:05+02:00,94.9
2022-06-14 05:56:05+02:00,94.8
2022-06-14 05:57:05+02:00,94.9
2022-06-14 05:58:06+02:00,94.9
2022-06-14 05:59:06+02:00,94.9
2022-06-14 06:00:06+02:00,94.9
2022-06-14 06:01:06+02:00,94.9
2022-06-14 06:02:06+02:00,94.9
2022-06-14 06:03:06+02:00,94.9
2022-06-14 06:04:07+02:00,94.9
2022-06-14 06:05:07+02:00,94.9
2022-06-14 06:06:07+02:00,94.9
2022-06-14 06:07:07+02:00,94.9
2022-06-14 06:08:07+02:00,95.0
2022-06-14 06:09:07+02:00,94.9
2022-06-14 06:10:07+02:00,94.9
2022-06-14 06:11:07+02:00,50.0
2022-06-14 06:12:08+02:00,95.3
2022-06-14 06:13:08+02:00,50.0
2022-06-14 06:14:08+02:00,95.1
2022-06-14 06:15:08+02:00,94.7
2022-06-14 06:16:08+02:00,94.7
2022-06-14 06:17:08+02:00,95.0
2022-06-14 06:18:09+02:00,95.2
2022-06-14 06:19:09+02:00,95.3
2022-06-14 06:20:09+02:00,95.5
2022-06-14 06:21:09+02:00,95.6
2022-06-14 06:22:09+02:00,50.0
2022-06-14 06:23:09+02:00,50.0
2022-06-14 06:24:09+02:00,95.5
2022-06-14 06:25:10+02:00,95.3
2022-06-14 06:26:10+02:00,50.0
2022-06-14 06:27:10+02:00,95.2
2022-06-14 06:28:10+02:00,95.1
2022-06-14 06:29:10+02:00,95.1
2022-06-14 06:30:10+02:00,95.1
2022-06-14 06:31:10+02:00,50.0
2022-06-14 06:32:11+02:00,50.0
2022-06-14 06:33:11+02:00,95.2
2022-06-14 06:34:11+02:00,95.2
2022-06-14 06:35:11+02:00,50.0
2022-06-14 06:36:11+02:00,95.2
2022-06-14 06:37:11+02:00,95.2
2022-06-14 06:38:11+02:00,95.4
2022-06-14 06:39:12+02:00,95.5
2022-06-14 06:40:12+02:00,95.5
2022-06-14 06:41:12+02:00,95.4
2022-06-14 06:42:12+02:00,95.5
2022-06-14 06:43:12+02:00,95.6
2022-06-14 06:44:12+02:00,95.7
2022-06-14 06:45:12+02:00,95.8
2022-06-14 06:46:13+02:00,95.9
2022-06-14 06:47:13+02:00,95.9
2022-06-14 06:48:13+02:00,50.0
2022-06-14 06:49:13+02:00,50.0
2022-06-14 06:50:13+02:00,50.0
2022-06-14 06:51:13+02:00,95.9
2022-06-14 06:52:13+02:00,50.0
2022-06-14 06:53:14+02:00,95.8
2022-06-14 06:54:14+02:00,95.9
2022-06-14 06:55:14+02:00,50.0
2022-06-14 06:56:14+02:00,50.0
2022-06-14 06:57:14+02:00,50.0
2022-06-14 06:58:14+02:00,50.0
2022-06-14 06:59:14+02:00,50.0
2022-06-14 07:00:15+02:00,95.1
2022-06-14 07:01:15+02:00,93.8
2022-06-14 07:02:15+02:00,93.0
2022-06-14 07:03:15+02:00,92.7
2022-06-14 07:04:15+02:00,92.0
2022-06-14 07:05:15+02:00,50.0
2022-06-14 07:06:15+02:00,91.6
2022-06-14 07:07:15+02:00,93.0
2022-06-14 07:08:16+02:00,50.0
2022-06-14 07:09:16+02:00,94.2
2022-06-14 07:10:16+02:00,94.8
2022-06-14 07:11:16+02:00,95.2
2022-06-14 07:12:16+02:00,95.4
2022-06-14 07:13:16+02:00,95.5
2022-06-14 07:14:17+02:00,95.6
2022-06-14 07:15:17+02:00,95.6
2022-06-14 07:16:17+02:00,95.7
2022-06-14 07:17:17+02:00,95.8
2022-06-14 07:18:17+02:00,95.8
2022-06-14 07:19:17+02:00,95.8
2022-06-14 07:20:17+02:00,95.8
2022-06-14 07:21:18+02:00,95.9
2022-06-14 07:22:18+02:00,50.0
2022-06-14 07:23:18+02:00,50.0
2022-06-14 07:24:18+02:00,95.9
2022-06-14 07:25:18+02:00,96.0
2022-06-14 07:26:18+02:00,50.0
2022-06-14 07:27:18+02:00,95.9
2022-06-14 07:28:19+02:00,95.9
2022-06-14 07:29:19+02:00,95.9
2022-06-14 07:30:19+02:00,95.9
2022-06-14 07:31:19+02:00,95.9
2022-06-14 07:32:19+02:00,95.9
2022-06-14 07:33:19+02:00,95.9
2022-06-14 07:34:20+02:00,50.0
2022-06-14 07:35:20+02:00,95.9
2022-06-14 07:36:20+02:00,95.8
2022-06-14 07:37:20+02:00,95.9
2022-06-14 07:38:20+02:00,95.9
2022-06-14 07:39:20+02:00,95.9
2022-06-14 07:40:20+02:00,96.0
2022-06-14 07:41:20+02:00,96.0
2022-06-14 07:42:21+02:00,96.0
2022-06-14 07:43:21+02:00,95.9
2022-06-14 07:44:21+02:00,96.0
2022-06-14 07:45:21+02:00,96.0
2022-06-14 07:46:21+02:00,96.0
2022-06-14 07:47:21+02:00,96.1
2022-06-14 07:48:22+02:00,50.0
2022-06-14 07:49:22+02:00,96.1
2022-06-14 07:50:22+02:00,96.0
2022-06-14 07:51:22+02:00,96.0
2022-06-14 07:52:22+02:00,96.1
2022-06-14 07:53:22+02:00,96.1
2022-06-14 07:54:22+02:00,96.1
2022-06-14 07:55:23+02:00,96.2
2022-06-14 07:56:23+02:00,96.2
2022-06-14 07:57:23+02:00,96.2
2022-06-14 07:58:23+02:00,50.0
2022-06-14 07:59:23+02:00,50.0
2022-06-14 08:00:23+02:00,96.1
2022-06-14 08:01:23+02:00,95.9
2022-06-14 08:02:24+02:00,95.9
2022-06-14 08:03:24+02:00,50.0
2022-06-14 08:04:24+02:00,95.9
2022-06-14 08:05:24+02:00,95.9
2022-06-14 08:06:24+02:00,95.9
2022-06-14 08:07:24+02:00,95.8
2022-06-14 08:08:24+02:00,95.9
2022-06-14 08:09:25+02:00,95.9
2022-06-14 08:10:25+02:00,95.9
2022-06-14 08:11:25+02:00,95.9
2022-06-14 08:12:25+02:00,95.9
2022-06-14 08:13:25+02:00,95.9
2022-06-14 08:14:25+02:00,95.9
2022-06-14 08:15:26+02:00,95.9
2022-06-14 08:16:26+02:00,95.9
2022-06-14 08:17:26+02:00,95.9
2022-06-14 08:18:26+02:00,95.9
2022-06-14 08:19:26+02:00,95.9
2022-06-14 08:20:26+02:00,95.9
2022-06-14 08:21:26+02:00,95.9
2022-06-14 08:22:27+02:00,95.9
2022-06-14 08:23:27+02:00,95.9
2022-06-14 08:24:27+02:00,95.9
2022-06-14 08:25:27+02:00,50.0
2022-06-14 08:26:27+02:00,95.9
2022-06-14 08:27:27+02:00,50.0
2022-06-14 08:28:27+02:00,96.0
2022-06-14 08:29:28+02:00,96.1
2022-06-14 08:30:28+02:00,96.1
2022-06-14 08:31:28+02:00,96.1
2022-06-14 08:32:28+02:00,96.1
2022-06-14 08:33:28+02:00,96.0
2022-06-14 08:34:28+02:00,96.1
2022-06-14 08:35:29+02:00,96.1
2022-06-14 08:36:29+02:00,96.1
2022-06-14 08:37:29+02:00,96.1
2022-06-14 08:38:29+02:00,96.1
2022-06-14 08:39:29+02:00,96.1
2022-06-14 08:40:29+02:00,96.2
2022-06-14 08:41:29+02:00,96.1
2022-06-14 08:42:30+02:00,96.1
2022-06-14 08:43:30+02:00,96.1
2022-06-14 08:44:30+02:00,50.0
2022-06-14 08:45:30+02:00,50.0
2022-06-14 08:46:30+02:00,94.4
2022-06-14 08:47:30+02:00,92.7
2022-06-14 08:48:31+02:00,91.4
2022-06-14 08:49:31+02:00,90.5
2022-06-14 08:50:31+02:00,89.9
2022-06-14 08:51:31+02:00,89.9
2022-06-14 08:52:31+02:00,89.7
2022-06-14 08:53:31+02:00,89.4
2022-06-14 08:54:31+02:00,89.1
2022-06-14 08:55:32+02:00,88.8
2022-06-14 08:56:32+02:00,89.1
2022-06-14 08:57:32+02:00,89.4
2022-06-14 08:58:32+02:00,89.3
2022-06-14 08:59:32+02:00,50.0
2022-06-14 09:00:32+02:00,88.5
2022-06-14 09:01:32+02:00,90.1
2022-06-14 09:02:33+02:00,92.1
2022-06-14 09:03:33+02:00,93.3
2022-06-14 09:04:33+02:00,50.0
2022-06-14 09:05:33+02:00,94.3
2022-06-14 09:06:33+02:00,94.7
2022-06-14 09:07:33+02:00,95.0
2022-06-14 09:08:33+02:00,95.2
2022-06-14 09:09:34+02:00,95.3
2022-06-14 09:10:34+02:00,95.3
2022-06-14 09:11:34+02:00,95.4
2022-06-14 09:12:34+02:00,95.4
2022-06-14 09:13:34+02:00,95.5
2022-06-14 09:14:34+02:00,95.5
2022-06-14 09:15:35+02:00,95.5
2022-06-14 09:16:35+02:00,50.0
2022-06-14 09:17:35+02:00,95.4
2022-06-14 09:18:35+02:00,95.4
2022-06-14 09:19:35+02:00,95.4
2022-06-14 09:20:35+02:00,95.4
2022-06-14 09:21:35+02:00,50.0
2022-06-14 09:22:36+02:00,50.0
2022-06-14 09:23:36+02:00,95.4
2022-06-14 09:24:36+02:00,95.5
2022-06-14 09:25:36+02:00,95.5
2022-06-14 09:26:36+02:00,95.6
2022-06-14 09:27:36+02:00,95.7
2022-06-14 09:28:37+02:00,50.0
2022-06-14 09:29:37+02:00,50.0
2022-06-14 09:30:37+02:00,96.0
2022-06-14 09:31:37+02:00,50.0
2022-06-14 09:32:37+02:00,96.2
2022-06-14 09:33:37+02:00,50.0
2022-06-14 09:34:37+02:00,96.0
2022-06-14 09:35:38+02:00,50.0
2022-06-14 09:36:38+02:00,96.1
2022-06-14 09:37:38+02:00,96.5
2022-06-14 09:38:38+02:00,96.7
2022-06-14 09:39:38+02:00,50.0
2022-06-14 09:40:38+02:00,96.7
2022-06-14 09:41:38+02:00,96.7
2022-06-14 09:42:39+02:00,96.7
2022-06-14 09:43:39+02:00,97.0
2022-06-14 09:44:39+02:00,96.9
2022-06-14 09:45:39+02:00,50.0
2022-06-14 09:46:39+02:00,96.7
2022-06-14 09:47:39+02:00,50.0
2022-06-14 09:48:40+02:00,50.0
2022-06-14 09:49:40+02:00,50.0
2022-06-14 09:50:40+02:00,50.0
2022-06-14 09:51:40+02:00,50.0
2022-06-14 09:52:40+02:00,96.3
2022-06-14 09:53:40+02:00,96.2
2022-06-14 09:54:40+02:00,96.1
2022-06-14 09:55:41+02:00,50.0
2022-06-14 09:56:41+02:00,95.7
2022-06-14 09:57:41+02:00,95.3
2022-06-14 09:58:41+02:00,95.2
2022-06-14 09:59:41+02:00,95.2
2022-06-14 10:00:41+02:00,95.1
2022-06-14 10:01:42+02:00,50.0
2022-06-14 10:02:42+02:00,95.2
2022-06-14 10:03:42+02:00,50.0
2022-06-14 10:04:42+02:00,50.0
2022-06-14 10:05:42+02:00,50.0
2022-06-14 10:06:42+02:00,50.0
2022-06-14 10:07:42+02:00,50.0
2022-06-14 10:08:42+02:00,50.0
2022-06-14 10:09:43+02:00,50.0
2022-06-14 10:10:43+02:00,50.0
2022-06-14 10:11:43+02:00,50.0
2022-06-14 10:12:43+02:00,50.0
2022-06-14 10:13:43+02:00,50.0
2022-06-14 10:14:43+02:00,95.4
2022-06-14 10:15:43+02:00,95.3
2022-06-14 10:16:44+02:00,95.4
2022-06-14 10:17:44+02:00,95.6
2022-06-14 10:18:44+02:00,50.0
2022-06-14 10:19:44+02:00,50.0
2022-06-14 10:20:44+02:00,50.0
2022-06-14 10:21:44+02:00,50.0
2022-06-14 10:22:44+02:00,50.0
2022-06-14 10:23:45+02:00,50.0
2022-06-14 10:24:45+02:00,50.0
2022-06-14 10:25:45+02:00,50.0
2022-06-14 10:26:45+02:00,50.0
2022-06-14 10:27:45+02:00,95.8
2022-06-14 10:28:45+02:00,95.8
2022-06-14 10:29:45+02:00,50.0
2022-06-14 10:30:45+02:00,50.0
2022-06-14 10:31:45+02:00,95.7
2022-06-14 10:32:46+02:00,95.7
2022-06-14 10:33:46+02:00,95.4
2022-06-14 10:34:46+02:00,95.2
2022-06-14 10:35:46+02:00,50.0
2022-06-14 10:36:46+02:00,50.0
2022-06-14 10:37:46+02:00,95.4
2022-06-14 10:38:46+02:00,50.0
2022-06-14 10:39:46+02:00,50.0
2022-06-14 10:40:46+02:00,50.0
2022-06-14 10:41:47+02:00,96.1
2022-06-14 10:42:47+02:00,50.0
2022-06-15 02:27:00+02:00,50.0
2022-06-15 02:28:00+02:00,95.4
2022-06-15 02:29:00+02:00,95.5
2022-06-15 02:30:00+02:00,95.5
2022-06-15 02:31:00+02:00,50.0
2022-06-15 02:32:00+02:00,95.6
2022-06-15 02:33:00+02:00,95.2
2022-06-15 02:34:00+02:00,94.8
2022-06-15 02:35:00+02:00,94.5
2022-06-15 02:36:00+02:00,94.7
2022-06-15 02:37:00+02:00,94.6
2022-06-15 02:38:00+02:00,94.6
2022-06-15 02:39:00+02:00,94.6
2022-06-15 02:40:01+02:00,94.6
2022-06-15 02:41:01+02:00,94.5
2022-06-15 02:42:01+02:00,94.5
2022-06-15 02:43:01+02:00,94.3
2022-06-15 02:44:01+02:00,94.2
2022-06-15 02:45:01+02:00,94.4
2022-06-15 02:46:01+02:00,94.6
2022-06-15 02:47:01+02:00,94.7
2022-06-15 02:48:02+02:00,94.7
2022-06-15 02:49:02+02:00,94.6
2022-06-15 02:50:02+02:00,94.8
2022-06-15 02:51:02+02:00,95.0
2022-06-15 02:52:02+02:00,95.3
2022-06-15 02:53:02+02:00,95.2
2022-06-15 02:54:02+02:00,95.1
2022-06-15 02:55:02+02:00,95.2
2022-06-15 02:56:03+02:00,95.2
2022-06-15 02:57:03+02:00,95.2
2022-06-15 02:58:03+02:00,95.2
2022-06-15 02:59:03+02:00,95.2
2022-06-15 03:00:03+02:00,50.0
2022-06-15 03:01:03+02:00,95.0
2022-06-15 03:02:03+02:00,95.1
2022-06-15 03:03:03+02:00,94.9
2022-06-15 03:04:03+02:00,94.6
2022-06-15 03:05:04+02:00,94.4
2022-06-15 03:06:04+02:00,94.7
2022-06-15 03:07:04+02:00,94.7
2022-06-15 03:08:04+02:00,94.7
2022-06-15 03:09:04+02:00,50.0
2022-06-15 03:10:04+02:00,95.2
2022-06-15 03:11:04+02:00,95.4
2022-06-15 03:12:04+02:00,95.6
2022-06-15 03:13:04+02:00,95.7
2022-06-15 03:14:05+02:00,95.9
2022-06-15 03:15:05+02:00,96.0
2022-06-15 03:16:05+02:00,96.0
2022-06-15 03:17:05+02:00,96.0
2022-06-15 03:18:05+02:00,96.1
2022-06-15 03:19:05+02:00,96.1
2022-06-15 03:20:06+02:00,96.1
2022-06-15 03:21:06+02:00,50.0
2022-06-15 03:22:06+02:00,96.2
2022-06-15 03:23:06+02:00,96.1
2022-06-15 03:24:06+02:00,95.8
2022-06-15 03:25:06+02:00,50.0
2022-06-15 03:26:06+02:00,50.0
2022-06-15 03:27:06+02:00,96.0
2022-06-15 03:28:07+02:00,96.1
2022-06-15 03:29:07+02:00,96.1
2022-06-15 03:30:07+02:00,96.1
2022-06-15 03:31:07+02:00,96.0
2022-06-15 03:32:07+02:00,96.1
2022-06-15 03:33:07+02:00,96.1
2022-06-15 03:34:08+02:00,96.0
2022-06-15 03:35:08+02:00,96.0
2022-06-15 03:36:08+02:00,50.0
2022-06-15 03:37:08+02:00,50.0
2022-06-15 03:38:08+02:00,96.0
2022-06-15 03:39:08+02:00,96.0
2022-06-15 03:40:08+02:00,96.0
2022-06-15 03:41:09+02:00,96.0
2022-06-15 03:42:09+02:00,96.0
2022-06-15 03:43:09+02:00,96.0
2022-06-15 03:44:09+02:00,96.0
2022-06-15 03:45:09+02:00,96.0
2022-06-15 03:46:09+02:00,96.0
2022-06-15 03:47:09+02:00,96.0
2022-06-15 03:48:10+02:00,95.9
2022-06-15 03:49:10+02:00,50.0
2022-06-15 03:50:10+02:00,96.0
2022-06-15 03:51:10+02:00,96.1
2022-06-15 03:52:10+02:00,96.1
2022-06-15 03:53:10+02:00,96.2
2022-06-15 03:54:10+02:00,96.2
2022-06-15 03:55:11+02:00,96.2
2022-06-15 03:56:11+02:00,96.1
2022-06-15 03:57:11+02:00,96.1
2022-06-15 03:58:11+02:00,96.1
2022-06-15 03:59:11+02:00,96.1
2022-06-15 04:00:11+02:00,96.1
2022-06-15 04:01:12+02:00,96.1
2022-06-15 04:02:12+02:00,96.0
2022-06-15 04:03:12+02:00,96.0
2022-06-15 04:04:12+02:00,96.0
2022-06-15 04:05:12+02:00,96.0
2022-06-15 04:06:12+02:00,96.0
2022-06-15 04:07:12+02:00,96.0
2022-06-15 04:08:13+02:00,50.0
2022-06-15 04:09:13+02:00,95.9
2022-06-15 04:10:13+02:00,95.7
2022-06-15 04:11:13+02:00,95.6
2022-06-15 04:12:13+02:00,50.0
2022-06-15 04:13:13+02:00,50.0
2022-06-15 04:14:13+02:00,95.6
2022-06-15 04:15:14+02:00,95.4
2022-06-15 04:16:14+02:00,95.3
2022-06-15 04:17:14+02:00,95.3
2022-06-15 04:18:14+02:00,95.5
2022-06-15 04:19:14+02:00,95.8
2022-06-15 04:20:14+02:00,95.8
2022-06-15 04:21:14+02:00,95.8
2022-06-15 04:22:15+02:00,50.0
2022-06-15 04:23:15+02:00,95.9
2022-06-15 04:24:15+02:00,96.0
2022-06-15 04:25:15+02:00,50.0
2022-06-15 04:26:15+02:00,50.0
2022-06-15 04:27:15+02:00,96.0
2022-06-15 04:28:15+02:00,96.0
2022-06-15 04:29:16+02:00,96.0
2022-06-15 04:30:16+02:00,96.0
2022-06-15 04:31:16+02:00,96.0
2022-06-15 04:32:16+02:00,96.0
2022-06-15 04:33:16+02:00,96.0
2022-06-15 04:34:16+02:00,96.0
2022-06-15 04:35:16+02:00,50.0
2022-06-15 04:36:17+02:00,50.0
2022-06-15 04:37:17+02:00,96.0
2022-06-15 04:38:17+02:00,96.0
2022-06-15 04:39:17+02:00,96.0
2022-06-15 04:40:17+02:00,96.0
2022-06-15 04:41:17+02:00,96.1
2022-06-15 04:42:17+02:00,96.1
2022-06-15 04:43:18+02:00,96.1
2022-06-15 04:44:18+02:00,96.0
2022-06-15 04:45:18+02:00,96.0
2022-06-15 04:46:18+02:00,96.0
2022-06-15 04:47:18+02:00,50.0
2022-06-15 04:48:18+02:00,96.1
2022-06-15 04:49:19+02:00,96.1
2022-06-15 04:50:19+02:00,96.2
2022-06-15 04:51:19+02:00,96.2
2022-06-15 04:52:19+02:00,96.2
2022-06-15 04:53:19+02:00,50.0
2022-06-15 04:54:19+02:00,96.2
2022-06-15 04:55:19+02:00,96.2
2022-06-15 04:56:20+02:00,96.2
2022-06-15 04:57:20+02:00,96.2
2022-06-15 04:58:20+02:00,96.2
2022-06-15 04:59:20+02:00,96.2
2022-06-15 05:00:20+02:00,96.2
2022-06-15 05:01:20+02:00,96.2
2022-06-15 05:02:20+02:00,96.1
2022-06-15 05:03:21+02:00,96.1
2022-06-15 05:04:21+02:00,50.0
2022-06-15 05:05:21+02:00,96.2
2022-06-15 05:06:21+02:00,50.0
2022-06-15 05:07:21+02:00,50.0
2022-06-15 05:08:21+02:00,96.3
2022-06-15 05:09:21+02:00,50.0
2022-06-15 05:10:22+02:00,96.1
2022-06-15 05:11:22+02:00,96.1
2022-06-15 05:12:22+02:00,96.0
2022-06-15 05:13:22+02:00,96.0
2022-06-15 05:14:22+02:00,96.1
2022-06-15 05:15:22+02:00,96.0
2022-06-15 05:16:23+02:00,96.0
2022-06-15 05:17:23+02:00,96.0
2022-06-15 05:18:23+02:00,96.0
2022-06-15 05:19:23+02:00,96.0
2022-06-15 05:20:23+02:00,96.1
2022-06-15 05:21:23+02:00,96.1
2022-06-15 05:22:23+02:00,96.0
2022-06-15 05:23:23+02:00,96.0
2022-06-15 05:24:24+02:00,96.1
2022-06-15 05:25:24+02:00,50.0
2022-06-15 05:26:24+02:00,96.1
2022-06-15 05:27:24+02:00,96.1
2022-06-15 05:28:24+02:00,96.1
2022-06-15 05:29:24+02:00,96.1
2022-06-15 05:30:25+02:00,96.1
2022-06-15 05:31:25+02:00,96.2
2022-06-15 05:32:25+02:00,50.0
2022-06-15 05:33:25+02:00,96.0
2022-06-15 05:34:25+02:00,96.0
2022-06-15 05:35:25+02:00,96.0
2022-06-15 05:36:26+02:00,96.0
2022-06-15 05:37:26+02:00,95.9
2022-06-15 05:38:26+02:00,95.9
2022-06-15 05:39:26+02:00,96.0
2022-06-15 05:40:26+02:00,95.9
2022-06-15 05:41:26+02:00,95.9
2022-06-15 05:42:26+02:00,95.9
2022-06-15 05:43:27+02:00,95.8
2022-06-15 05:44:27+02:00,95.8
2022-06-15 05:45:27+02:00,50.0
2022-06-15 05:46:27+02:00,95.8
2022-06-15 05:47:27+02:00,96.0
2022-06-15 05:48:27+02:00,96.0
2022-06-15 05:49:27+02:00,96.1
2022-06-15 05:50:28+02:00,96.1
2022-06-15 05:51:28+02:00,96.1
2022-06-15 05:52:28+02:00,96.1
2022-06-15 05:53:28+02:00,96.1
2022-06-15 05:54:28+02:00,96.1
2022-06-15 05:55:28+02:00,96.1
2022-06-15 05:56:28+02:00,95.9
2022-06-15 05:57:29+02:00,95.8
2022-06-15 05:58:29+02:00,95.8
2022-06-15 05:59:29+02:00,95.9
2022-06-15 06:00:29+02:00,95.9
2022-06-15 06:01:29+02:00,95.9
2022-06-15 06:02:29+02:00,95.9
2022-06-15 06:03:30+02:00,95.8
2022-06-15 06:04:30+02:00,95.8
2022-06-15 06:05:30+02:00,95.8
2022-06-15 06:06:30+02:00,95.9
2022-06-15 06:07:30+02:00,95.9
2022-06-15 06:08:30+02:00,95.9
2022-06-15 06:09:30+02:00,95.9
2022-06-15 06:10:31+02:00,95.9
2022-06-15 06:11:31+02:00,95.9
2022-06-15 06:12:31+02:00,95.9
2022-06-15 06:13:31+02:00,95.9
2022-06-15 06:14:31+02:00,95.9
2022-06-15 06:15:31+02:00,95.9
2022-06-15 06:16:32+02:00,95.9
2022-06-15 06:17:32+02:00,95.9
2022-06-15 06:18:32+02:00,95.9
2022-06-15 06:19:32+02:00,95.9
2022-06-15 06:20:32+02:00,95.9
2022-06-15 06:21:32+02:00,95.9
2022-06-15 06:22:32+02:00,95.9
2022-06-15 06:23:32+02:00,95.9
2022-06-15 06:24:33+02:00,95.9
2022-06-15 06:25:33+02:00,95.9
2022-06-15 06:26:33+02:00,95.9
2022-06-15 06:27:33+02:00,96.0
2022-06-15 06:28:33+02:00,95.9
2022-06-15 06:29:33+02:00,96.0
2022-06-15 06:30:34+02:00,96.0
2022-06-15 06:31:34+02:00,95.9
2022-06-15 06:32:34+02:00,95.9
2022-06-15 06:33:34+02:00,96.0
2022-06-15 06:34:34+02:00,96.0
2022-06-15 06:35:34+02:00,96.0
2022-06-15 06:36:34+02:00,50.0
2022-06-15 06:37:34+02:00,50.0
2022-06-15 06:38:35+02:00,95.9
2022-06-15 06:39:35+02:00,95.6
2022-06-15 06:40:35+02:00,95.2
2022-06-15 06:41:35+02:00,94.7
2022-06-15 06:42:35+02:00,94.6
2022-06-15 06:43:35+02:00,95.0
2022-06-15 06:44:36+02:00,95.3
2022-06-15 06:45:36+02:00,95.4
2022-06-15 06:46:36+02:00,94.8
2022-06-15 06:47:36+02:00,94.9
2022-06-15 06:48:36+02:00,94.7
2022-06-15 06:49:36+02:00,94.5
2022-06-15 06:50:37+02:00,94.8
2022-06-15 06:51:37+02:00,95.2
2022-06-15 06:52:37+02:00,50.0
2022-06-15 06:53:37+02:00,50.0
2022-06-15 06:54:37+02:00,95.4
2022-06-15 06:55:37+02:00,95.6
2022-06-15 06:56:37+02:00,95.6
2022-06-15 06:57:38+02:00,95.8
2022-06-15 06:58:38+02:00,96.0
2022-06-15 06:59:38+02:00,96.0
2022-06-15 07:00:38+02:00,96.1
2022-06-15 07:01:38+02:00,96.1
2022-06-15 07:02:38+02:00,96.0
2022-06-15 07:03:38+02:00,96.0
2022-06-15 07:04:39+02:00,96.0
2022-06-15 07:05:39+02:00,96.1
2022-06-15 07:06:39+02:00,96.1
2022-06-15 07:07:39+02:00,96.0
2022-06-15 07:08:39+02:00,50.0
2022-06-15 07:09:39+02:00,96.1
2022-06-15 07:10:39+02:00,96.1
2022-06-15 07:11:39+02:00,96.2
2022-06-15 07:12:40+02:00,96.2
2022-06-15 07:13:40+02:00,95.9
2022-06-15 07:14:40+02:00,95.6
2022-06-15 07:15:40+02:00,95.6
2022-06-15 07:16:40+02:00,95.5
2022-06-15 07:17:40+02:00,95.4
2022-06-15 07:18:41+02:00,95.3
2022-06-15 07:19:41+02:00,95.3
2022-06-15 07:20:41+02:00,95.3
2022-06-15 07:21:41+02:00,95.2
2022-06-15 07:22:41+02:00,95.6
2022-06-15 07:23:41+02:00,95.5
2022-06-15 07:24:41+02:00,50.0
2022-06-15 07:25:41+02:00,95.4
2022-06-15 07:26:42+02:00,95.6
2022-06-15 07:27:42+02:00,95.7
2022-06-15 07:28:42+02:00,95.8
2022-06-15 07:29:42+02:00,95.8
2022-06-15 07:30:42+02:00,95.9
2022-06-15 07:31:42+02:00,96.0
2022-06-15 07:32:43+02:00,96.1
2022-06-15 07:33:43+02:00,96.1
2022-06-15 07:34:43+02:00,96.1
2022-06-15 07:35:43+02:00,50.0
2022-06-15 07:36:43+02:00,96.1
2022-06-15 07:37:43+02:00,96.0
2022-06-15 07:38:43+02:00,95.9
2022-06-15 07:39:44+02:00,95.8
2022-06-15 07:40:44+02:00,95.7
2022-06-15 07:41:44+02:00,95.7
2022-06-15 07:42:44+02:00,95.7
2022-06-15 07:43:44+02:00,95.8
2022-06-15 07:44:44+02:00,95.9
2022-06-15 07:45:44+02:00,95.7
2022-06-15 07:46:44+02:00,95.6
2022-06-15 07:47:44+02:00,95.6
2022-06-15 07:48:45+02:00,95.6
2022-06-15 07:49:45+02:00,95.7
2022-06-15 07:50:45+02:00,50.0
2022-06-15 07:51:45+02:00,95.8
2022-06-15 07:52:45+02:00,95.8
2022-06-15 07:53:45+02:00,95.8
2022-06-15 07:54:45+02:00,95.7
2022-06-15 07:55:45+02:00,95.8
2022-06-15 07:56:45+02:00,95.8
2022-06-15 07:57:45+02:00,95.8
2022-06-15 07:58:45+02:00,50.0
2022-06-15 07:59:46+02:00,95.9
2022-06-15 08:00:46+02:00,95.8
2022-06-15 08:01:46+02:00,95.8
2022-06-15 08:02:46+02:00,95.8
2022-06-15 08:03:46+02:00,95.8
2022-06-15 08:04:46+02:00,95.8
2022-06-15 08:05:46+02:00,95.8
2022-06-15 08:06:46+02:00,95.8
2022-06-15 08:07:46+02:00,95.8
2022-06-15 08:08:47+02:00,95.8
2022-06-15 08:09:47+02:00,95.9
2022-06-15 08:10:47+02:00,95.9
2022-06-15 08:11:47+02:00,95.8
2022-06-15 08:12:47+02:00,50.0
2022-06-15 08:13:47+02:00,95.8
2022-06-15 08:14:47+02:00,96.4
2022-06-15 08:15:47+02:00,96.5
2022-06-15 08:16:47+02:00,96.5
2022-06-15 08:17:48+02:00,96.8
2022-06-15 08:18:48+02:00,97.0
2022-06-15 08:19:48+02:00,97.0
2022-06-15 08:20:48+02:00,97.1
2022-06-15 08:21:48+02:00,97.4
2022-06-15 08:22:48+02:00,97.3
2022-06-15 08:23:48+02:00,97.4
2022-06-15 08:24:49+02:00,97.3
2022-06-15 08:25:49+02:00,97.2
2022-06-15 08:26:49+02:00,50.0
2022-06-15 08:27:49+02:00,96.9
2022-06-15 08:28:49+02:00,96.5
2022-06-15 08:29:49+02:00,96.4
2022-06-15 08:30:49+02:00,96.3
2022-06-15 08:31:49+02:00,96.1
2022-06-15 08:32:49+02:00,50.0
2022-06-15 08:33:50+02:00,50.0
2022-06-15 08:34:50+02:00,96.0
2022-06-15 08:35:50+02:00,95.9
2022-06-15 08:36:50+02:00,95.9
2022-06-15 08:37:50+02:00,95.9
2022-06-15 08:38:50+02:00,95.9
2022-06-15 08:39:50+02:00,95.9
2022-06-15 08:40:51+02:00,95.9
2022-06-15 08:41:51+02:00,95.8
2022-06-15 08:42:51+02:00,95.8
2022-06-15 08:43:51+02:00,95.8
2022-06-15 08:44:51+02:00,50.0
2022-06-15 08:45:51+02:00,95.9
2022-06-15 08:46:52+02:00,95.8
2022-06-15 08:47:52+02:00,95.9
2022-06-15 08:48:52+02:00,95.9
2022-06-15 08:49:52+02:00,95.8
2022-06-15 08:50:52+02:00,95.8
2022-06-15 08:51:52+02:00,95.8
2022-06-15 08:52:52+02:00,95.8
2022-06-15 08:53:53+02:00,95.8
2022-06-15 08:54:53+02:00,95.8
2022-06-15 08:55:53+02:00,95.9
2022-06-15 08:56:53+02:00,95.8
2022-06-15 08:57:53+02:00,95.8
2022-06-15 08:58:53+02:00,95.8
2022-06-15 08:59:53+02:00,95.8
2022-06-15 09:00:54+02:00,95.8
2022-06-15 09:01:54+02:00,95.8
2022-06-15 09:02:54+02:00,95.8
2022-06-15 09:03:54+02:00,50.0
2022-06-15 09:04:54+02:00,95.8
2022-06-15 09:05:54+02:00,95.7
2022-06-15 09:06:55+02:00,95.8
2022-06-15 09:07:55+02:00,50.0
2022-06-15 09:08:55+02:00,50.0
2022-06-15 09:09:55+02:00,95.8
2022-06-15 09:10:55+02:00,95.8
2022-06-15 09:11:55+02:00,95.8
2022-06-15 09:12:55+02:00,95.8
2022-06-15 09:13:56+02:00,95.8
2022-06-15 09:14:56+02:00,95.9
2022-06-15 09:15:56+02:00,95.9
2022-06-15 09:16:56+02:00,95.9
2022-06-15 09:17:56+02:00,95.9
2022-06-15 09:18:56+02:00,95.9
2022-06-15 09:19:56+02:00,95.9
2022-06-15 09:20:57+02:00,95.8
2022-06-15 09:21:57+02:00,95.8
2022-06-15 09:22:57+02:00,95.8
2022-06-15 09:23:57+02:00,95.8
2022-06-15 09:24:57+02:00,95.8
2022-06-15 09:25:57+02:00,95.8
2022-06-15 09:26:57+02:00,95.8
2022-06-15 09:27:58+02:00,95.9
2022-06-15 09:28:58+02:00,95.8
2022-06-15 09:29:58+02:00,95.8
2022-06-15 09:30:58+02:00,95.7
2022-06-15 09:31:58+02:00,95.7
2022-06-15 09:32:58+02:00,95.8
2022-06-15 09:33:59+02:00,95.8
2022-06-15 09:34:59+02:00,95.7
2022-06-15 09:35:59+02:00,95.7
2022-06-15 09:36:59+02:00,95.7
2022-06-15 09:37:59+02:00,50.0
2022-06-15 09:38:59+02:00,95.6
2022-06-15 09:39:59+02:00,95.3
2022-06-15 09:41:00+02:00,50.0
2022-06-15 09:42:00+02:00,50.0
2022-06-15 09:43:00+02:00,95.1
2022-06-15 09:44:00+02:00,95.0
2022-06-15 09:45:00+02:00,94.9
2022-06-15 09:46:00+02:00,94.9
2022-06-15 09:47:00+02:00,94.8
2022-06-15 09:48:00+02:00,94.7
2022-06-15 09:49:01+02:00,94.7
2022-06-15 09:50:01+02:00,50.0
2022-06-15 09:51:01+02:00,94.8
2022-06-15 09:52:01+02:00,94.9
2022-06-15 09:53:01+02:00,94.9
2022-06-15 09:54:01+02:00,94.9
2022-06-15 09:55:01+02:00,94.8
2022-06-15 09:56:01+02:00,95.0
2022-06-15 09:57:02+02:00,95.3
2022-06-15 09:58:02+02:00,95.3
2022-06-15 09:59:02+02:00,95.3
2022-06-15 10:00:02+02:00,95.2
2022-06-15 10:01:02+02:00,95.1
2022-06-15 10:02:02+02:00,95.1
2022-06-15 10:03:02+02:00,95.1
2022-06-15 10:04:02+02:00,95.2
2022-06-15 10:05:03+02:00,95.3
2022-06-15 10:06:03+02:00,95.4
2022-06-15 10:07:03+02:00,95.4
2022-06-15 10:08:03+02:00,95.5
2022-06-15 10:09:03+02:00,50.0
2022-06-15 10:10:03+02:00,50.0
2022-06-15 10:11:03+02:00,95.5
2022-06-15 10:12:03+02:00,50.0
2022-06-15 10:13:04+02:00,95.5
2022-06-15 10:14:04+02:00,95.6
2022-06-15 10:15:04+02:00,95.7
2022-06-15 10:16:04+02:00,95.7
2022-06-15 10:17:04+02:00,50.0
2022-06-15 10:18:04+02:00,95.7
2022-06-15 10:19:04+02:00,95.7
2022-06-15 10:20:04+02:00,95.6
2022-06-15 10:21:05+02:00,95.6
2022-06-15 10:22:05+02:00,95.6
2022-06-15 10:23:05+02:00,95.7
2022-06-15 10:24:05+02:00,95.7
2022-06-15 10:25:05+02:00,95.6
2022-06-15 10:26:05+02:00,95.6
2022-06-15 10:27:05+02:00,95.6
2022-06-15 10:28:05+02:00,95.5
2022-06-15 10:29:05+02:00,95.4
2022-06-15 10:30:06+02:00,50.0
2022-06-15 10:31:06+02:00,95.6
2022-06-15 10:32:06+02:00,95.7
2022-06-15 10:33:06+02:00,95.7
2022-06-15 10:34:06+02:00,95.8
2022-06-15 10:35:06+02:00,95.8
2022-06-15 10:36:07+02:00,50.0
2022-06-15 10:37:07+02:00,95.7
2022-06-15 10:38:07+02:00,95.4
2022-06-15 10:39:07+02:00,95.1
2022-06-15 10:40:07+02:00,95.1
2022-06-15 10:41:07+02:00,94.9
2022-06-15 10:42:07+02:00,94.8
2022-06-15 10:43:08+02:00,94.8
2022-06-15 10:44:08+02:00,94.9
2022-06-15 10:45:08+02:00,94.8
2022-06-15 10:46:08+02:00,94.9
2022-06-15 10:47:08+02:00,95.1
2022-06-15 10:48:08+02:00,95.2
2022-06-15 10:49:09+02:00,95.3
2022-06-15 10:50:09+02:00,50.0
2022-06-15 10:51:09+02:00,50.0
2022-06-15 10:52:09+02:00,95.6
2022-06-15 10:53:09+02:00,50.0
2022-06-15 10:54:09+02:00,50.0
2022-06-15 10:55:09+02:00,50.0
2022-06-15 10:56:09+02:00,50.0
2022-06-15 10:57:09+02:00,50.0
2022-06-15 10:58:10+02:00,50.0
2022-06-15 10:59:10+02:00,50.0
2022-06-15 11:00:10+02:00,50.0
2022-06-15 11:01:10+02:00,50.0
2022-06-15 11:02:10+02:00,50.0
2022-06-15 11:03:10+02:00,50.0
2022-06-15 11:04:11+02:00,50.0
2022-06-15 11:05:11+02:00,50.0
2022-06-15 11:06:11+02:00,50.0
2022-06-15 11:07:11+02:00,50.0
2022-06-15 11:08:11+02:00,50.0
2022-06-15 11:09:11+02:00,50.0
2022-06-15 11:10:11+02:00,50.0
2022-06-15 11:11:11+02:00,50.0
2022-06-15 11:12:12+02:00,50.0
2022-06-15 11:13:12+02:00,50.0
2022-06-15 11:14:12+02:00,50.0
2022-06-15 11:15:12+02:00,50.0
2022-06-15 11:16:12+02:00,50.0
2022-06-15 11:17:12+02:00,50.0
2022-06-15 11:18:13+02:00,95.7
2022-06-15 11:19:13+02:00,95.9
2022-06-15 11:20:13+02:00,50.0
2022-06-15 11:21:13+02:00,50.0
2022-06-15 11:22:13+02:00,50.0
2022-06-15 11:23:13+02:00,50.0
2022-06-15 11:24:13+02:00,50.0
2022-06-15 11:25:14+02:00,50.0
2022-06-15 11:26:14+02:00,50.0
2022-06-15 11:27:14+02:00,50.0
2022-06-15 11:28:14+02:00,50.0
2022-06-15 11:29:14+02:00,50.0
2022-06-15 11:30:14+02:00,50.0
2022-06-16 02:50:30+02:00,93.3
2022-06-16 02:51:30+02:00,93.5
2022-06-16 02:52:30+02:00,93.4
2022-06-16 02:53:30+02:00,93.5
2022-06-16 02:54:30+02:00,93.6
2022-06-16 02:55:30+02:00,93.7
2022-06-16 02:56:30+02:00,93.9
2022-06-16 02:57:30+02:00,93.6
2022-06-16 02:58:30+02:00,93.2
2022-06-16 02:59:30+02:00,92.9
2022-06-16 03:00:30+02:00,92.7
2022-06-16 03:01:31+02:00,93.1
2022-06-16 03:02:31+02:00,93.0
2022-06-16 03:03:31+02:00,92.9
2022-06-16 03:04:31+02:00,93.0
2022-06-16 03:05:31+02:00,93.0
2022-06-16 03:06:32+02:00,92.9
2022-06-16 03:07:32+02:00,93.2
2022-06-16 03:08:32+02:00,93.0
2022-06-16 03:09:32+02:00,93.0
2022-06-16 03:10:32+02:00,93.0
2022-06-16 03:11:32+02:00,92.9
2022-06-16 03:12:32+02:00,93.2
2022-06-16 03:13:32+02:00,93.1
2022-06-16 03:14:33+02:00,93.5
2022-06-16 03:15:33+02:00,93.5
2022-06-16 03:16:33+02:00,93.5
2022-06-16 03:17:33+02:00,93.6
2022-06-16 03:18:33+02:00,93.5
2022-06-16 03:19:33+02:00,93.5
2022-06-16 03:20:33+02:00,93.5
2022-06-16 03:21:34+02:00,93.9
2022-06-16 03:22:34+02:00,94.0
2022-06-16 03:23:34+02:00,93.7
2022-06-16 03:24:34+02:00,93.7
2022-06-16 03:25:34+02:00,93.5
2022-06-16 03:26:34+02:00,93.3
2022-06-16 03:27:34+02:00,50.0
2022-06-16 03:28:34+02:00,94.1
2022-06-16 03:29:35+02:00,95.0
2022-06-16 03:30:35+02:00,95.6
2022-06-16 03:31:35+02:00,96.1
2022-06-16 03:32:35+02:00,96.5
2022-06-16 03:33:35+02:00,96.8
2022-06-16 03:34:35+02:00,97.3
2022-06-16 03:35:36+02:00,97.6
2022-06-16 03:36:36+02:00,97.8
2022-06-16 03:37:36+02:00,50.0
2022-06-16 03:38:36+02:00,97.6
2022-06-16 03:39:36+02:00,97.5
2022-06-16 03:40:36+02:00,97.3
2022-06-16 03:41:36+02:00,97.1
2022-06-16 03:42:36+02:00,97.4
2022-06-16 03:43:37+02:00,97.4
2022-06-16 03:44:37+02:00,97.6
2022-06-16 03:45:37+02:00,97.7
2022-06-16 03:46:37+02:00,50.0
2022-06-16 03:47:37+02:00,97.5
2022-06-16 03:48:37+02:00,97.2
2022-06-16 03:49:38+02:00,97.3
2022-06-16 03:50:38+02:00,97.2
2022-06-16 03:51:38+02:00,97.1
2022-06-16 03:52:38+02:00,97.1
2022-06-16 03:53:38+02:00,50.0
2022-06-16 03:54:38+02:00,96.6
2022-06-16 03:55:38+02:00,96.5
2022-06-16 03:56:39+02:00,96.4
2022-06-16 03:57:39+02:00,96.4
2022-06-16 03:58:39+02:00,96.4
2022-06-16 03:59:39+02:00,96.4
2022-06-16 04:00:39+02:00,96.3
2022-06-16 04:01:39+02:00,96.3
2022-06-16 04:02:39+02:00,96.3
2022-06-16 04:03:40+02:00,96.3
2022-06-16 04:04:40+02:00,96.2
2022-06-16 04:05:40+02:00,96.3
2022-06-16 04:06:40+02:00,96.3
2022-06-16 04:07:40+02:00,96.3
2022-06-16 04:08:40+02:00,96.3
2022-06-16 04:09:40+02:00,96.3
2022-06-16 04:10:40+02:00,96.3
2022-06-16 04:11:41+02:00,96.1
2022-06-16 04:12:41+02:00,96.2
2022-06-16 04:13:41+02:00,96.2
2022-06-16 04:14:41+02:00,96.2
2022-06-16 04:15:41+02:00,96.2
2022-06-16 04:16:41+02:00,96.2
2022-06-16 04:17:41+02:00,96.3
2022-06-16 04:18:42+02:00,50.0
2022-06-16 04:19:42+02:00,96.4
2022-06-16 04:20:42+02:00,96.4
2022-06-16 04:21:42+02:00,96.4
2022-06-16 04:22:42+02:00,96.4
2022-06-16 04:23:42+02:00,96.5
2022-06-16 04:24:42+02:00,96.5
2022-06-16 04:25:43+02:00,96.5
2022-06-16 04:26:43+02:00,96.5
2022-06-16 04:27:43+02:00,96.4
2022-06-16 04:28:43+02:00,96.4
2022-06-16 04:29:43+02:00,96.4
2022-06-16 04:30:43+02:00,96.4
2022-06-16 04:31:43+02:00,96.4
2022-06-16 04:32:44+02:00,96.5
2022-06-16 04:33:44+02:00,96.5
2022-06-16 04:34:44+02:00,96.4
2022-06-16 04:35:44+02:00,96.3
2022-06-16 04:36:44+02:00,96.1
2022-06-16 04:37:44+02:00,96.0
2022-06-16 04:38:44+02:00,96.0
2022-06-16 04:39:44+02:00,95.8
2022-06-16 04:40:44+02:00,95.8
2022-06-16 04:41:44+02:00,95.7
2022-06-16 04:42:44+02:00,95.8
2022-06-16 04:43:44+02:00,95.8
2022-06-16 04:44:45+02:00,95.8
2022-06-16 04:45:45+02:00,95.8
2022-06-16 04:46:45+02:00,95.8
2022-06-16 04:47:45+02:00,50.0
2022-06-16 04:48:45+02:00,50.0
2022-06-16 04:49:45+02:00,97.3
2022-06-16 04:50:45+02:00,50.0
2022-06-16 04:51:45+02:00,97.3
2022-06-16 04:52:45+02:00,96.7
2022-06-16 04:53:45+02:00,50.0
2022-06-16 04:54:46+02:00,96.3
2022-06-16 04:55:46+02:00,96.2
2022-06-16 04:56:46+02:00,96.2
2022-06-16 04:57:46+02:00,96.2
2022-06-16 04:58:46+02:00,96.2
2022-06-16 04:59:46+02:00,96.2
2022-06-16 05:00:46+02:00,96.2
2022-06-16 05:01:46+02:00,96.2
2022-06-16 05:02:46+02:00,96.2
2022-06-16 05:03:46+02:00,96.2
2022-06-16 05:04:46+02:00,96.2
2022-06-16 05:05:46+02:00,96.2
2022-06-16 05:06:47+02:00,50.0
2022-06-16 05:07:47+02:00,96.2
2022-06-16 05:08:47+02:00,96.1
2022-06-16 05:09:47+02:00,96.2
2022-06-16 05:10:47+02:00,96.2
2022-06-16 05:11:47+02:00,96.2
2022-06-16 05:12:47+02:00,96.2
2022-06-16 05:13:47+02:00,96.3
2022-06-16 05:14:48+02:00,96.3
2022-06-16 05:15:48+02:00,96.3
2022-06-16 05:16:48+02:00,96.4
2022-06-16 05:17:48+02:00,96.5
2022-06-16 05:18:48+02:00,96.5
2022-06-16 05:19:48+02:00,96.5
2022-06-16 05:20:48+02:00,96.5
2022-06-16 05:21:48+02:00,96.4
2022-06-16 05:22:48+02:00,96.5
2022-06-16 05:23:48+02:00,96.5
2022-06-16 05:24:48+02:00,96.5
2022-06-16 05:25:48+02:00,96.5
2022-06-16 05:26:48+02:00,96.6
2022-06-16 05:27:49+02:00,96.6
2022-06-16 05:28:49+02:00,96.6
2022-06-16 05:29:49+02:00,96.7
2022-06-16 05:30:49+02:00,96.8
2022-06-16 05:31:49+02:00,96.8
2022-06-16 05:32:49+02:00,96.8
2022-06-16 05:33:49+02:00,96.8
2022-06-16 05:34:49+02:00,96.7
2022-06-16 05:35:49+02:00,96.6
2022-06-16 05:36:50+02:00,96.6
2022-06-16 05:37:50+02:00,96.7
2022-06-16 05:38:50+02:00,96.6
2022-06-16 05:39:50+02:00,96.6
2022-06-16 05:40:50+02:00,96.6
2022-06-16 05:41:50+02:00,50.0
2022-06-16 05:42:50+02:00,96.5
2022-06-16 05:43:51+02:00,96.5
2022-06-16 05:44:51+02:00,96.6
2022-06-16 05:45:51+02:00,96.5
2022-06-16 05:46:51+02:00,96.5
2022-06-16 05:47:51+02:00,96.5
2022-06-16 05:48:51+02:00,96.4
2022-06-16 05:49:52+02:00,96.4
2022-06-16 05:50:52+02:00,96.5
2022-06-16 05:51:52+02:00,96.4
2022-06-16 05:52:52+02:00,96.4
2022-06-16 05:53:52+02:00,96.4
2022-06-16 05:54:52+02:00,96.4
2022-06-16 05:55:52+02:00,96.5
2022-06-16 05:56:52+02:00,96.5
2022-06-16 05:57:53+02:00,96.5
2022-06-16 05:58:53+02:00,96.5
2022-06-16 05:59:53+02:00,96.4
2022-06-16 06:00:53+02:00,96.4
2022-06-16 06:01:53+02:00,96.4
2022-06-16 06:02:53+02:00,96.4
2022-06-16 06:03:54+02:00,96.4
2022-06-16 06:04:54+02:00,96.4
2022-06-16 06:05:54+02:00,96.4
2022-06-16 06:06:54+02:00,96.4
2022-06-16 06:07:54+02:00,96.3
2022-06-16 06:08:54+02:00,96.4
2022-06-16 06:09:54+02:00,96.4
2022-06-16 06:10:55+02:00,96.4
2022-06-16 06:11:55+02:00,96.4
2022-06-16 06:12:55+02:00,96.4
2022-06-16 06:13:55+02:00,96.4
2022-06-16 06:14:55+02:00,96.4
2022-06-16 06:15:55+02:00,96.4
2022-06-16 06:16:55+02:00,96.4
2022-06-16 06:17:56+02:00,96.4
2022-06-16 06:18:56+02:00,50.0
2022-06-16 06:19:56+02:00,50.0
2022-06-16 06:20:56+02:00,96.2
2022-06-16 06:21:56+02:00,95.8
2022-06-16 06:22:56+02:00,95.5
2022-06-16 06:23:56+02:00,95.6
2022-06-16 06:24:57+02:00,95.8
2022-06-16 06:25:57+02:00,96.3
2022-06-16 06:26:57+02:00,96.6
2022-06-16 06:27:57+02:00,97.0
2022-06-16 06:28:57+02:00,97.3
2022-06-16 06:29:57+02:00,50.0
2022-06-16 06:30:57+02:00,50.0
2022-06-16 06:31:58+02:00,50.0
2022-06-16 06:32:58+02:00,50.0
2022-06-16 06:33:58+02:00,50.0
2022-06-16 06:34:58+02:00,97.0
2022-06-16 06:35:58+02:00,96.8
2022-06-16 06:36:58+02:00,96.6
2022-06-16 06:37:58+02:00,96.4
2022-06-16 06:38:59+02:00,50.0
2022-06-16 06:39:59+02:00,96.5
2022-06-16 06:40:59+02:00,96.4
2022-06-16 06:41:59+02:00,96.2
2022-06-16 06:42:59+02:00,96.2
2022-06-16 06:43:59+02:00,96.1
2022-06-16 06:44:59+02:00,96.1
2022-06-16 06:46:00+02:00,96.2
2022-06-16 06:47:00+02:00,96.3
2022-06-16 06:48:00+02:00,96.3
2022-06-16 06:49:00+02:00,96.5
2022-06-16 06:50:00+02:00,96.4
2022-06-16 06:51:00+02:00,96.7
2022-06-16 06:52:00+02:00,96.7
2022-06-16 06:53:00+02:00,96.7
2022-06-16 06:54:01+02:00,96.6
2022-06-16 06:55:01+02:00,50.0
2022-06-16 06:56:01+02:00,96.7
2022-06-16 06:57:01+02:00,96.9
2022-06-16 06:58:01+02:00,97.0
2022-06-16 06:59:01+02:00,97.0
2022-06-16 07:00:01+02:00,97.0
2022-06-16 07:01:01+02:00,97.0
2022-06-16 07:02:01+02:00,97.0
2022-06-16 07:03:02+02:00,97.0
2022-06-16 07:04:02+02:00,96.9
2022-06-16 07:05:02+02:00,96.9
2022-06-16 07:06:02+02:00,96.9
2022-06-16 07:07:02+02:00,96.8
2022-06-16 07:08:02+02:00,96.7
2022-06-16 07:09:02+02:00,96.7
2022-06-16 07:10:02+02:00,96.7
2022-06-16 07:11:03+02:00,96.8
2022-06-16 07:12:03+02:00,96.9
2022-06-16 07:13:03+02:00,97.1
2022-06-16 07:14:03+02:00,97.1
2022-06-16 07:15:03+02:00,97.2
2022-06-16 07:16:03+02:00,97.0
2022-06-16 07:17:03+02:00,96.9
2022-06-16 07:18:03+02:00,97.0
2022-06-16 07:19:04+02:00,96.9
2022-06-16 07:20:04+02:00,96.8
2022-06-16 07:21:04+02:00,96.8
2022-06-16 07:22:04+02:00,96.8
2022-06-16 07:23:04+02:00,96.8
2022-06-16 07:24:04+02:00,96.8
2022-06-16 07:25:04+02:00,96.8
2022-06-16 07:26:04+02:00,96.8
2022-06-16 07:27:05+02:00,96.8
2022-06-16 07:28:05+02:00,96.8
2022-06-16 07:29:05+02:00,96.8
2022-06-16 07:30:05+02:00,50.0
2022-06-16 07:31:05+02:00,96.8
2022-06-16 07:32:05+02:00,96.9
2022-06-16 07:33:05+02:00,96.9
2022-06-16 07:34:06+02:00,97.0
2022-06-16 07:35:06+02:00,97.0
2022-06-16 07:36:06+02:00,97.0
2022-06-16 07:37:06+02:00,97.0
2022-06-16 07:38:06+02:00,97.0
2022-06-16 07:39:06+02:00,97.0
2022-06-16 07:40:06+02:00,97.0
2022-06-16 07:41:06+02:00,96.9
2022-06-16 07:42:07+02:00,96.9
2022-06-16 07:43:07+02:00,96.9
2022-06-16 07:44:07+02:00,97.0
2022-06-16 07:45:07+02:00,97.0
2022-06-16 07:46:07+02:00,97.0
2022-06-16 07:47:07+02:00,97.0
2022-06-16 07:48:08+02:00,50.0
2022-06-16 07:49:08+02:00,97.0
2022-06-16 07:50:08+02:00,96.7
2022-06-16 07:51:08+02:00,96.5
2022-06-16 07:52:08+02:00,96.5
2022-06-16 07:53:08+02:00,96.2
2022-06-16 07:54:08+02:00,50.0
2022-06-16 07:55:09+02:00,96.5
2022-06-16 07:56:09+02:00,96.5
2022-06-16 07:57:09+02:00,50.0
2022-06-16 07:58:09+02:00,50.0
2022-06-16 07:59:09+02:00,96.5
2022-06-16 08:00:09+02:00,96.6
2022-06-16 08:01:09+02:00,96.5
2022-06-16 08:02:10+02:00,96.4
2022-06-16 08:03:10+02:00,96.4
2022-06-16 08:04:10+02:00,96.4
2022-06-16 08:05:10+02:00,96.3
2022-06-16 08:06:10+02:00,96.3
2022-06-16 08:07:10+02:00,96.4
2022-06-16 08:08:10+02:00,96.4
2022-06-16 08:09:11+02:00,96.3
2022-06-16 08:10:11+02:00,96.3
2022-06-16 08:11:11+02:00,96.3
2022-06-16 08:12:11+02:00,96.4
2022-06-16 08:13:11+02:00,96.4
2022-06-16 08:14:11+02:00,96.3
2022-06-16 08:15:12+02:00,96.4
2022-06-16 08:16:12+02:00,96.4
2022-06-16 08:17:12+02:00,96.4
2022-06-16 08:18:12+02:00,96.3
2022-06-16 08:19:12+02:00,96.3
2022-06-16 08:20:12+02:00,96.3
2022-06-16 08:21:12+02:00,96.2
2022-06-16 08:22:13+02:00,96.2
2022-06-16 08:23:13+02:00,96.2
2022-06-16 08:24:13+02:00,96.3
2022-06-16 08:25:13+02:00,96.3
2022-06-16 08:26:13+02:00,96.3
2022-06-16 08:27:13+02:00,96.3
2022-06-16 08:28:13+02:00,96.3
2022-06-16 08:29:14+02:00,96.2
2022-06-16 08:30:14+02:00,96.2
2022-06-16 08:31:14+02:00,96.3
2022-06-16 08:32:14+02:00,96.3
2022-06-16 08:33:14+02:00,96.1
2022-06-16 08:34:14+02:00,96.1
2022-06-16 08:35:15+02:00,50.0
2022-06-16 08:36:15+02:00,96.3
2022-06-16 08:37:15+02:00,96.5
2022-06-16 08:38:15+02:00,96.7
2022-06-16 08:39:15+02:00,96.7
2022-06-16 08:40:15+02:00,96.6
2022-06-16 08:41:15+02:00,96.6
2022-06-16 08:42:16+02:00,96.3
2022-06-16 08:43:16+02:00,96.3
2022-06-16 08:44:16+02:00,96.1
2022-06-16 08:45:16+02:00,96.3
2022-06-16 08:46:16+02:00,96.3
2022-06-16 08:47:16+02:00,96.0
2022-06-16 08:48:16+02:00,95.7
2022-06-16 08:49:17+02:00,95.5
2022-06-16 08:50:17+02:00,95.6
2022-06-16 08:51:17+02:00,95.7
2022-06-16 08:52:17+02:00,95.7
2022-06-16 08:53:17+02:00,95.8
2022-06-16 08:54:17+02:00,95.9
2022-06-16 08:55:17+02:00,95.7
2022-06-16 08:56:18+02:00,50.0
2022-06-16 08:57:18+02:00,50.0
2022-06-16 08:58:18+02:00,50.0
2022-06-16 08:59:18+02:00,50.0
2022-06-16 09:00:18+02:00,95.8
2022-06-16 09:01:18+02:00,95.2
2022-06-16 09:02:18+02:00,94.9
2022-06-16 09:03:19+02:00,94.4
2022-06-16 09:04:19+02:00,94.1
2022-06-16 09:05:19+02:00,93.8
2022-06-16 09:06:19+02:00,93.9
2022-06-16 09:07:19+02:00,93.8
2022-06-16 09:08:19+02:00,94.0
2022-06-16 09:09:19+02:00,94.1
2022-06-16 09:10:20+02:00,94.3
2022-06-16 09:11:20+02:00,94.7
2022-06-16 09:12:20+02:00,95.0
2022-06-16 09:13:20+02:00,94.9
2022-06-16 09:14:20+02:00,94.9
2022-06-16 09:15:20+02:00,94.8
2022-06-16 09:16:21+02:00,95.0
2022-06-16 09:17:21+02:00,94.9
2022-06-16 09:18:21+02:00,94.9
2022-06-16 09:19:21+02:00,95.1
2022-06-16 09:20:21+02:00,95.0
2022-06-16 09:21:21+02:00,94.9
2022-06-16 09:22:21+02:00,95.0
2022-06-16 09:23:22+02:00,95.0
2022-06-16 09:24:22+02:00,95.1
2022-06-16 09:25:22+02:00,95.4
2022-06-16 09:26:22+02:00,95.7
2022-06-16 09:27:22+02:00,96.0
2022-06-16 09:28:22+02:00,96.0
2022-06-16 09:29:22+02:00,96.0
2022-06-16 09:30:23+02:00,96.1
2022-06-16 09:31:23+02:00,96.4
2022-06-16 09:32:23+02:00,96.3
2022-06-16 09:33:23+02:00,96.4
2022-06-16 09:34:23+02:00,96.4
2022-06-16 09:35:23+02:00,50.0
2022-06-16 09:36:24+02:00,96.6
2022-06-16 09:37:24+02:00,50.0
2022-06-16 09:38:24+02:00,50.0
2022-06-16 09:39:24+02:00,50.0
2022-06-16 09:40:24+02:00,50.0
2022-06-16 09:41:24+02:00,50.0
2022-06-16 09:42:24+02:00,96.1
2022-06-16 09:43:25+02:00,96.3
2022-06-16 09:44:25+02:00,50.0
2022-06-16 09:45:25+02:00,50.0
2022-06-16 09:46:25+02:00,50.0
2022-06-16 09:47:25+02:00,96.1
2022-06-16 09:48:25+02:00,50.0
2022-06-16 09:49:25+02:00,50.0
2022-06-16 09:50:26+02:00,50.0
2022-06-16 09:51:26+02:00,50.0
2022-06-16 09:52:26+02:00,95.4
2022-06-16 09:53:26+02:00,95.0
2022-06-16 09:54:26+02:00,95.2
2022-06-16 09:55:26+02:00,95.2
2022-06-16 09:56:26+02:00,95.3
2022-06-16 09:57:27+02:00,95.9
2022-06-16 09:58:27+02:00,95.9
2022-06-16 09:59:27+02:00,50.0
2022-06-16 10:00:27+02:00,50.0
2022-06-16 10:01:27+02:00,50.0
2022-06-16 10:02:27+02:00,50.0
2022-06-16 10:03:28+02:00,50.0
2022-06-16 10:04:28+02:00,50.0
2022-06-16 10:05:28+02:00,96.0
2022-06-16 10:06:28+02:00,96.1
2022-06-16 10:07:28+02:00,50.0
2022-06-16 10:08:28+02:00,50.0
2022-06-16 10:09:28+02:00,95.9
2022-06-16 10:10:28+02:00,50.0
2022-06-16 10:11:29+02:00,95.9
2022-06-16 10:12:29+02:00,50.0
2022-06-16 10:13:29+02:00,50.0
2022-06-16 10:14:29+02:00,50.0
2022-06-16 10:15:29+02:00,50.0
2022-06-16 10:16:29+02:00,50.0
2022-06-16 10:17:29+02:00,50.0
2022-06-16 10:18:30+02:00,50.0
2022-06-16 10:19:30+02:00,50.0
2022-06-16 10:20:30+02:00,50.0
2022-06-16 10:21:30+02:00,50.0
2022-06-16 10:22:30+02:00,50.0
2022-06-16 10:23:30+02:00,50.0
2022-06-16 10:24:30+02:00,95.8
2022-06-16 10:25:31+02:00,50.0
2022-06-16 10:26:31+02:00,95.7
2022-06-16 10:27:31+02:00,50.0
2022-06-16 10:28:31+02:00,95.7
2022-06-16 10:29:31+02:00,95.7
2022-06-16 10:30:31+02:00,50.0
2022-06-16 10:31:31+02:00,95.9
2022-06-16 10:32:32+02:00,50.0
2022-06-16 10:33:32+02:00,50.0
2022-06-17 01:44:00+02:00,95.4
2022-06-17 01:45:00+02:00,95.4
2022-06-17 01:46:00+02:00,95.5
2022-06-17 01:47:00+02:00,95.6
2022-06-17 01:48:00+02:00,95.7
2022-06-17 01:49:00+02:00,95.6
2022-06-17 01:50:00+02:00,95.7
2022-06-17 01:51:00+02:00,95.7
2022-06-17 01:52:00+02:00,95.7
2022-06-17 01:53:00+02:00,95.7
2022-06-17 01:54:00+02:00,95.7
2022-06-17 01:55:00+02:00,95.6
2022-06-17 01:56:01+02:00,95.6
2022-06-17 01:57:01+02:00,95.6
2022-06-17 01:58:01+02:00,95.6
2022-06-17 01:59:01+02:00,95.6
2022-06-17 02:00:01+02:00,95.6
2022-06-17 02:00:01+02:00,95.6
2022-06-17 02:01:01+02:00,95.6
2022-06-17 02:02:01+02:00,95.6
2022-06-17 02:03:01+02:00,95.5
2022-06-17 02:04:02+02:00,95.5
2022-06-17 02:05:02+02:00,95.6
2022-06-17 02:06:02+02:00,95.6
2022-06-17 02:07:02+02:00,95.5
2022-06-17 02:08:02+02:00,95.5
2022-06-17 02:09:02+02:00,95.6
2022-06-17 02:10:02+02:00,95.5
2022-06-17 02:11:02+02:00,95.5
2022-06-17 02:12:03+02:00,95.5
2022-06-17 02:13:03+02:00,95.5
2022-06-17 02:14:03+02:00,95.5
2022-06-17 02:15:03+02:00,95.5
2022-06-17 02:16:03+02:00,95.5
2022-06-17 02:17:03+02:00,95.4
2022-06-17 02:18:03+02:00,95.4
2022-06-17 02:19:04+02:00,95.4
2022-06-17 02:20:04+02:00,95.4
2022-06-17 02:21:04+02:00,95.4
2022-06-17 02:22:04+02:00,95.3
2022-06-17 02:23:04+02:00,95.3
2022-06-17 02:24:04+02:00,95.2
2022-06-17 02:25:04+02:00,95.3
2022-06-17 02:26:05+02:00,95.3
2022-06-17 02:27:05+02:00,95.3
2022-06-17 02:28:05+02:00,95.3
2022-06-17 02:29:05+02:00,95.3
2022-06-17 02:30:05+02:00,95.4
2022-06-17 02:31:05+02:00,95.3
2022-06-17 02:32:05+02:00,95.3
2022-06-17 02:33:05+02:00,95.3
2022-06-17 02:34:06+02:00,95.3
2022-06-17 02:35:06+02:00,95.2
2022-06-17 02:36:06+02:00,95.2
2022-06-17 02:37:06+02:00,95.2
2022-06-17 02:38:06+02:00,95.3
2022-06-17 02:39:06+02:00,95.4
2022-06-17 02:40:06+02:00,95.4
2022-06-17 02:41:07+02:00,50.0
2022-06-17 02:42:07+02:00,50.0
2022-06-17 02:43:07+02:00,50.0
2022-06-17 02:44:07+02:00,94.6
2022-06-17 02:45:07+02:00,93.6
2022-06-17 02:46:07+02:00,92.3
2022-06-17 02:47:07+02:00,91.3
2022-06-17 02:48:07+02:00,91.1
2022-06-17 02:49:08+02:00,90.8
2022-06-17 02:50:08+02:00,90.4
2022-06-17 02:51:08+02:00,90.5
2022-06-17 02:52:08+02:00,91.0
2022-06-17 02:53:08+02:00,91.9
2022-06-17 02:54:08+02:00,92.7
2022-06-17 02:55:09+02:00,92.8
2022-06-17 02:56:09+02:00,92.4
2022-06-17 02:57:09+02:00,92.4
2022-06-17 02:58:09+02:00,92.7
2022-06-17 02:59:09+02:00,92.5
2022-06-17 03:00:09+02:00,92.4
2022-06-17 03:01:09+02:00,92.6
2022-06-17 03:02:47+02:00,92.6
2022-06-17 03:03:48+02:00,92.3
2022-06-17 03:04:48+02:00,92.6
2022-06-17 03:05:48+02:00,92.5
2022-06-17 03:06:48+02:00,92.1
2022-06-17 03:07:48+02:00,92.5
2022-06-17 03:08:48+02:00,92.8
2022-06-17 03:09:48+02:00,93.1
2022-06-17 03:10:49+02:00,93.3
2022-06-17 03:11:49+02:00,93.1
2022-06-17 03:12:49+02:00,92.8
2022-06-17 03:13:49+02:00,92.4
2022-06-17 03:14:49+02:00,92.7
2022-06-17 03:15:49+02:00,92.6
2022-06-17 03:16:50+02:00,92.3
2022-06-17 03:17:50+02:00,92.1
2022-06-17 03:18:50+02:00,92.0
2022-06-17 03:19:50+02:00,91.9
2022-06-17 03:20:50+02:00,91.9
2022-06-17 03:21:50+02:00,91.6
2022-06-17 03:22:50+02:00,92.2
2022-06-17 03:23:50+02:00,92.1
2022-06-17 03:24:50+02:00,92.4
2022-06-17 03:25:51+02:00,92.7
2022-06-17 03:26:51+02:00,92.4
2022-06-17 03:27:51+02:00,92.6
2022-06-17 03:28:51+02:00,92.2
2022-06-17 03:29:51+02:00,92.2
2022-06-17 03:30:51+02:00,91.8
2022-06-17 03:31:51+02:00,91.8
2022-06-17 03:32:51+02:00,92.2
2022-06-17 03:33:52+02:00,92.4
2022-06-17 03:34:52+02:00,92.1
2022-06-17 03:35:52+02:00,91.8
2022-06-17 03:36:52+02:00,91.4
2022-06-17 03:37:52+02:00,91.1
2022-06-17 03:38:52+02:00,90.9
2022-06-17 03:39:52+02:00,50.0
2022-06-17 03:40:52+02:00,50.0
2022-06-17 03:41:52+02:00,50.0
2022-06-17 03:42:53+02:00,92.0
2022-06-17 03:43:53+02:00,92.8
2022-06-17 03:44:53+02:00,93.3
2022-06-17 03:45:53+02:00,93.7
2022-06-17 03:46:53+02:00,93.8
2022-06-17 03:47:53+02:00,94.2
2022-06-17 03:48:53+02:00,94.2
2022-06-17 03:49:53+02:00,94.3
2022-06-17 03:50:53+02:00,94.4
2022-06-17 03:51:54+02:00,94.4
2022-06-17 03:52:54+02:00,50.0
2022-06-17 03:53:54+02:00,94.2
2022-06-17 03:54:54+02:00,93.6
2022-06-17 03:55:54+02:00,93.1
2022-06-17 03:56:54+02:00,92.9
2022-06-17 03:57:54+02:00,93.2
2022-06-17 03:58:54+02:00,92.9
2022-06-17 03:59:55+02:00,93.1
2022-06-17 04:00:55+02:00,93.1
2022-06-17 04:01:55+02:00,93.1
2022-06-17 04:02:55+02:00,93.0
2022-06-17 04:03:55+02:00,50.0
2022-06-17 04:04:55+02:00,50.0
2022-06-17 04:05:55+02:00,93.7
2022-06-17 04:06:55+02:00,94.2
2022-06-17 04:07:55+02:00,94.3
2022-06-17 04:08:55+02:00,94.5
2022-06-17 04:09:56+02:00,94.7
2022-06-17 04:10:56+02:00,94.9
2022-06-17 04:11:56+02:00,95.0
2022-06-17 04:12:56+02:00,95.1
2022-06-17 04:13:56+02:00,95.1
2022-06-17 04:14:56+02:00,95.1
2022-06-17 04:15:57+02:00,50.0
2022-06-17 04:16:57+02:00,94.9
2022-06-17 04:17:57+02:00,94.9
2022-06-17 04:18:57+02:00,94.7
2022-06-17 04:19:57+02:00,94.5
2022-06-17 04:20:57+02:00,94.3
2022-06-17 04:21:58+02:00,94.1
2022-06-17 04:22:58+02:00,94.1
2022-06-17 04:23:58+02:00,94.2
2022-06-17 04:24:58+02:00,50.0
2022-06-17 04:25:58+02:00,94.5
2022-06-17 04:26:58+02:00,94.2
2022-06-17 04:27:58+02:00,94.1
2022-06-17 04:28:59+02:00,94.2
2022-06-17 04:29:59+02:00,94.3
2022-06-17 04:30:59+02:00,50.0
2022-06-17 04:31:59+02:00,94.1
2022-06-17 04:32:59+02:00,94.0
2022-06-17 04:33:59+02:00,94.4
2022-06-17 04:34:59+02:00,94.5
2022-06-17 04:36:00+02:00,94.6
2022-06-17 04:37:00+02:00,50.0
2022-06-17 04:38:00+02:00,94.8
2022-06-17 04:39:00+02:00,94.5
2022-06-17 04:40:00+02:00,94.7
2022-06-17 04:41:00+02:00,94.5
2022-06-17 04:42:00+02:00,94.4
2022-06-17 04:43:00+02:00,94.8
2022-06-17 04:44:01+02:00,94.9
2022-06-17 04:45:01+02:00,95.0
2022-06-17 04:46:01+02:00,94.8
2022-06-17 04:47:01+02:00,94.7
2022-06-17 04:48:01+02:00,94.9
2022-06-17 04:49:01+02:00,95.1
2022-06-17 04:50:01+02:00,95.1
2022-06-17 04:51:02+02:00,95.2
2022-06-17 04:52:02+02:00,50.0
2022-06-17 04:53:02+02:00,95.2
2022-06-17 04:54:02+02:00,95.2
2022-06-17 04:55:02+02:00,95.2
2022-06-17 04:56:02+02:00,95.4
2022-06-17 04:57:02+02:00,95.3
2022-06-17 04:58:02+02:00,95.7
2022-06-17 04:59:03+02:00,95.7
2022-06-17 05:00:03+02:00,95.9
2022-06-17 05:01:03+02:00,96.0
2022-06-17 05:02:03+02:00,95.9
2022-06-17 05:03:03+02:00,96.0
2022-06-17 05:04:03+02:00,95.9
2022-06-17 05:05:03+02:00,96.1
2022-06-17 05:06:03+02:00,96.3
2022-06-17 05:07:04+02:00,96.4
2022-06-17 05:08:04+02:00,50.0
2022-06-17 05:09:04+02:00,96.1
2022-06-17 05:10:04+02:00,95.7
2022-06-17 05:11:04+02:00,50.0
2022-06-17 05:12:04+02:00,95.3
2022-06-17 05:13:04+02:00,95.3
2022-06-17 05:14:05+02:00,95.3
2022-06-17 05:15:05+02:00,95.3
2022-06-17 05:16:05+02:00,95.2
2022-06-17 05:17:05+02:00,50.0
2022-06-17 05:18:05+02:00,95.3
2022-06-17 05:19:05+02:00,95.5
2022-06-17 05:20:05+02:00,95.8
2022-06-17 05:21:06+02:00,96.0
2022-06-17 05:22:06+02:00,96.1
2022-06-17 05:23:06+02:00,96.1
2022-06-17 05:24:06+02:00,95.9
2022-06-17 05:25:06+02:00,95.8
2022-06-17 05:26:06+02:00,95.7
2022-06-17 05:27:06+02:00,95.6
2022-06-17 05:28:07+02:00,95.6
2022-06-17 05:29:07+02:00,95.6
2022-06-17 05:30:07+02:00,95.6
2022-06-17 05:31:07+02:00,95.6
2022-06-17 05:32:07+02:00,95.6
2022-06-17 05:33:07+02:00,95.6
2022-06-17 05:34:08+02:00,95.6
2022-06-17 05:35:08+02:00,95.6
2022-06-17 05:36:08+02:00,95.6
2022-06-17 05:37:08+02:00,95.6
2022-06-17 05:38:08+02:00,50.0
2022-06-17 05:39:08+02:00,50.0
2022-06-17 05:40:08+02:00,95.5
2022-06-17 05:41:08+02:00,95.1
2022-06-17 05:42:09+02:00,94.7
2022-06-17 05:43:09+02:00,94.4
2022-06-17 05:44:09+02:00,94.6
2022-06-17 05:45:09+02:00,50.0
2022-06-17 05:46:09+02:00,94.9
2022-06-17 05:47:09+02:00,94.9
2022-06-17 05:48:09+02:00,94.7
2022-06-17 05:49:10+02:00,94.6
2022-06-17 05:50:10+02:00,94.5
2022-06-17 05:51:10+02:00,94.4
2022-06-17 05:52:10+02:00,50.0
2022-06-17 05:53:10+02:00,94.6
2022-06-17 05:54:10+02:00,94.7
2022-06-17 05:55:11+02:00,94.8
2022-06-17 05:56:11+02:00,94.8
2022-06-17 05:57:11+02:00,94.7
2022-06-17 05:58:11+02:00,94.8
2022-06-17 05:59:11+02:00,94.8
2022-06-17 06:00:11+02:00,94.7
2022-06-17 06:01:11+02:00,95.3
2022-06-17 06:02:12+02:00,95.5
2022-06-17 06:03:12+02:00,95.6
2022-06-17 06:04:12+02:00,95.7
2022-06-17 06:05:12+02:00,95.7
2022-06-17 06:06:12+02:00,95.6
2022-06-17 06:07:12+02:00,95.6
2022-06-17 06:08:12+02:00,95.7
2022-06-17 06:09:13+02:00,95.7
2022-06-17 06:10:13+02:00,95.9
2022-06-17 06:11:13+02:00,96.0
2022-06-17 06:12:13+02:00,50.0
2022-06-17 06:13:13+02:00,95.8
2022-06-17 06:14:13+02:00,95.7
2022-06-17 06:15:14+02:00,95.7
2022-06-17 06:16:14+02:00,95.7
2022-06-17 06:17:14+02:00,96.3
2022-06-17 06:18:14+02:00,96.7
2022-06-17 06:19:14+02:00,97.0
2022-06-17 06:20:14+02:00,97.2
2022-06-17 06:21:14+02:00,97.3
2022-06-17 06:22:15+02:00,97.4
2022-06-17 06:23:15+02:00,97.6
2022-06-17 06:24:15+02:00,97.5
2022-06-17 06:25:15+02:00,97.4
2022-06-17 06:26:15+02:00,97.4
2022-06-17 06:27:15+02:00,97.4
2022-06-17 06:28:15+02:00,97.3
2022-06-17 06:29:16+02:00,97.2
2022-06-17 06:30:16+02:00,97.2
2022-06-17 06:31:16+02:00,97.3
2022-06-17 06:32:16+02:00,97.3
2022-06-17 06:33:16+02:00,50.0
2022-06-17 06:34:16+02:00,97.0
2022-06-17 06:35:16+02:00,96.6
2022-06-17 06:36:17+02:00,96.3
2022-06-17 06:37:17+02:00,96.0
2022-06-17 06:38:17+02:00,95.9
2022-06-17 06:39:17+02:00,95.8
2022-06-17 06:40:17+02:00,95.7
2022-06-17 06:41:17+02:00,95.7
2022-06-17 06:42:17+02:00,95.6
2022-06-17 06:43:18+02:00,95.6
2022-06-17 06:44:18+02:00,95.6
2022-06-17 06:45:18+02:00,95.6
2022-06-17 06:46:18+02:00,95.7
2022-06-17 06:47:18+02:00,95.9
2022-06-17 06:48:18+02:00,95.9
2022-06-17 06:49:18+02:00,96.0
2022-06-17 06:50:18+02:00,95.9
2022-06-17 06:51:19+02:00,95.8
2022-06-17 06:52:19+02:00,95.7
2022-06-17 06:53:19+02:00,95.7
2022-06-17 06:54:19+02:00,95.7
2022-06-17 06:55:19+02:00,95.6
2022-06-17 06:56:19+02:00,95.6
2022-06-17 06:57:20+02:00,95.6
2022-06-17 06:58:20+02:00,95.6
2022-06-17 06:59:20+02:00,95.6
2022-06-17 07:00:20+02:00,95.6
2022-06-17 07:01:20+02:00,50.0
2022-06-17 07:02:20+02:00,95.5
2022-06-17 07:03:20+02:00,95.3
2022-06-17 07:04:21+02:00,95.2
2022-06-17 07:05:21+02:00,95.3
2022-06-17 07:06:21+02:00,95.2
2022-06-17 07:07:21+02:00,95.1
2022-06-17 07:08:21+02:00,95.5
2022-06-17 07:09:21+02:00,95.9
2022-06-17 07:10:21+02:00,96.0
2022-06-17 07:11:22+02:00,96.2
2022-06-17 07:12:22+02:00,50.0
2022-06-17 07:13:22+02:00,96.3
2022-06-17 07:14:22+02:00,96.5
2022-06-17 07:15:22+02:00,50.0
2022-06-17 07:16:22+02:00,96.3
2022-06-17 07:17:23+02:00,96.0
2022-06-17 07:18:23+02:00,95.8
2022-06-17 07:19:23+02:00,95.8
2022-06-17 07:20:23+02:00,95.8
2022-06-17 07:21:23+02:00,95.9
2022-06-17 07:22:23+02:00,96.0
2022-06-17 07:23:23+02:00,95.9
2022-06-17 07:24:24+02:00,95.9
2022-06-17 07:25:24+02:00,95.8
2022-06-17 07:26:24+02:00,95.8
2022-06-17 07:27:24+02:00,50.0
2022-06-17 07:28:24+02:00,95.9
2022-06-17 07:29:24+02:00,50.0
2022-06-17 07:30:24+02:00,95.9
2022-06-17 07:31:25+02:00,96.0
2022-06-17 07:32:25+02:00,96.1
2022-06-17 07:33:25+02:00,96.2
2022-06-17 07:34:25+02:00,96.2
2022-06-17 07:35:25+02:00,96.3
2022-06-17 07:36:25+02:00,96.3
2022-06-17 07:37:26+02:00,96.3
2022-06-17 07:38:26+02:00,96.3
2022-06-17 07:39:26+02:00,96.3
2022-06-17 07:40:26+02:00,96.4
2022-06-17 07:41:26+02:00,96.4
2022-06-17 07:42:26+02:00,96.3
2022-06-17 07:43:26+02:00,96.3
2022-06-17 07:44:27+02:00,50.0
2022-06-17 07:45:27+02:00,96.3
2022-06-17 07:46:27+02:00,96.4
2022-06-17 07:47:27+02:00,96.5
2022-06-17 07:48:27+02:00,96.6
2022-06-17 07:49:27+02:00,96.6
2022-06-17 07:50:27+02:00,96.6
2022-06-17 07:51:28+02:00,96.5
2022-06-17 07:52:28+02:00,96.5
2022-06-17 07:53:28+02:00,50.0
2022-06-17 07:54:28+02:00,96.6
2022-06-17 07:55:28+02:00,96.3
2022-06-17 07:56:28+02:00,96.2
2022-06-17 07:57:28+02:00,96.1
2022-06-17 07:58:29+02:00,96.1
2022-06-17 07:59:29+02:00,96.1
2022-06-17 08:00:29+02:00,96.2
2022-06-17 08:01:29+02:00,96.2
2022-06-17 08:02:29+02:00,96.2
2022-06-17 08:03:29+02:00,96.2
2022-06-17 08:04:29+02:00,96.2
2022-06-17 08:05:30+02:00,96.2
2022-06-17 08:06:30+02:00,96.1
2022-06-17 08:07:30+02:00,50.0
2022-06-17 08:08:30+02:00,96.0
2022-06-17 08:09:30+02:00,96.0
2022-06-17 08:10:30+02:00,96.0
2022-06-17 08:11:30+02:00,96.0
2022-06-17 08:12:31+02:00,96.1
2022-06-17 08:13:31+02:00,96.1
2022-06-17 08:14:31+02:00,96.2
2022-06-17 08:15:31+02:00,96.2
2022-06-17 08:16:31+02:00,96.2
2022-06-17 08:17:31+02:00,96.2
2022-06-17 08:18:32+02:00,96.2
2022-06-17 08:19:32+02:00,96.2
2022-06-17 08:20:32+02:00,50.0
2022-06-17 08:21:32+02:00,96.2
2022-06-17 08:22:32+02:00,95.8
2022-06-17 08:23:32+02:00,95.6
2022-06-17 08:24:32+02:00,95.2
2022-06-17 08:25:33+02:00,95.1
2022-06-17 08:26:33+02:00,95.0
2022-06-17 08:27:33+02:00,50.0
2022-06-17 08:28:33+02:00,95.4
2022-06-17 08:29:33+02:00,95.7
2022-06-17 08:30:33+02:00,50.0
2022-06-17 08:31:34+02:00,95.7
2022-06-17 08:32:34+02:00,50.0
2022-06-17 08:33:34+02:00,50.0
2022-06-17 08:34:34+02:00,50.0
2022-06-17 08:35:34+02:00,94.7
2022-06-17 08:36:34+02:00,94.0
2022-06-17 08:37:34+02:00,50.0
2022-06-17 08:38:34+02:00,50.0
2022-06-17 08:39:35+02:00,94.3
2022-06-17 08:40:35+02:00,95.0
2022-06-17 08:41:35+02:00,50.0
2022-06-17 08:42:35+02:00,50.0
2022-06-17 08:43:35+02:00,95.4
2022-06-17 08:44:35+02:00,95.6
2022-06-17 08:45:35+02:00,50.0
2022-06-17 08:46:36+02:00,50.0
2022-06-17 08:47:36+02:00,95.9
2022-06-17 08:48:36+02:00,96.0
2022-06-17 08:49:36+02:00,96.2
2022-06-17 08:50:36+02:00,96.2
2022-06-17 08:51:36+02:00,96.3
2022-06-17 08:52:36+02:00,50.0
2022-06-17 08:53:37+02:00,96.4
2022-06-17 08:54:37+02:00,96.4
2022-06-17 08:55:37+02:00,50.0
2022-06-17 08:56:37+02:00,50.0
2022-06-17 08:57:37+02:00,50.0
2022-06-17 08:58:37+02:00,96.0
2022-06-17 08:59:37+02:00,95.5
2022-06-17 09:00:37+02:00,95.0
2022-06-17 09:01:38+02:00,95.0
2022-06-17 09:02:38+02:00,94.9
2022-06-17 09:03:38+02:00,94.8
2022-06-17 09:04:38+02:00,94.7
2022-06-17 09:05:38+02:00,94.8
2022-06-17 09:06:38+02:00,94.7
2022-06-17 09:07:38+02:00,94.7
2022-06-17 09:08:39+02:00,94.8
2022-06-17 09:09:39+02:00,95.0
2022-06-17 09:10:39+02:00,94.8
2022-06-17 09:11:39+02:00,50.0
2022-06-17 09:12:39+02:00,95.0
2022-06-17 09:13:39+02:00,95.1
2022-06-17 09:14:39+02:00,94.8
2022-06-17 09:15:40+02:00,94.8
2022-06-17 09:16:40+02:00,94.7
2022-06-17 09:17:40+02:00,94.8
2022-06-17 09:18:40+02:00,95.0
2022-06-17 09:19:40+02:00,95.0
2022-06-17 09:20:40+02:00,95.0
2022-06-17 09:21:41+02:00,94.6
2022-06-17 09:22:41+02:00,94.6
2022-06-17 09:23:41+02:00,94.8
2022-06-17 09:24:41+02:00,50.0
2022-06-17 09:25:41+02:00,95.0
2022-06-17 09:26:41+02:00,95.4
2022-06-17 09:27:41+02:00,95.5
2022-06-17 09:28:42+02:00,95.6
2022-06-17 09:29:42+02:00,95.7
2022-06-17 09:30:42+02:00,95.8
2022-06-17 09:31:42+02:00,95.8
2022-06-17 09:32:42+02:00,96.1
2022-06-17 09:33:42+02:00,96.2
2022-06-17 09:34:43+02:00,96.3
2022-06-17 09:35:43+02:00,96.4
2022-06-17 09:36:43+02:00,96.4
2022-06-17 09:37:43+02:00,96.5
2022-06-17 09:38:43+02:00,96.6
2022-06-17 09:39:43+02:00,96.6
2022-06-17 09:40:43+02:00,96.7
2022-06-17 09:41:44+02:00,96.6
2022-06-17 09:42:44+02:00,96.6
2022-06-17 09:43:44+02:00,96.5
2022-06-17 09:44:44+02:00,96.4
2022-06-17 09:45:44+02:00,96.3
2022-06-17 09:46:44+02:00,96.3
2022-06-17 09:47:45+02:00,96.2
2022-06-17 09:48:45+02:00,96.2
2022-06-17 09:49:45+02:00,50.0
2022-06-17 09:50:45+02:00,50.0
2022-06-17 09:51:45+02:00,50.0
2022-06-17 09:52:45+02:00,50.0
2022-06-17 09:53:46+02:00,96.1
2022-06-17 09:54:46+02:00,50.0
2022-06-17 09:55:46+02:00,50.0
2022-06-17 09:56:46+02:00,50.0
2022-06-17 09:57:46+02:00,50.0
2022-06-17 09:58:46+02:00,50.0
2022-06-17 09:59:46+02:00,50.0
2022-06-17 10:00:47+02:00,50.0
2022-06-17 10:01:47+02:00,50.0
2022-06-17 10:02:47+02:00,50.0
2022-06-17 10:03:47+02:00,50.0
2022-06-17 10:04:47+02:00,50.0
2022-06-17 10:05:47+02:00,50.0
2022-06-17 10:06:48+02:00,50.0
2022-06-17 10:07:48+02:00,50.0
2022-06-17 10:08:48+02:00,50.0
2022-06-17 10:09:48+02:00,50.0
2022-06-17 10:10:48+02:00,50.0
2022-06-17 10:11:48+02:00,50.0
2022-06-17 10:12:48+02:00,50.0
2022-06-17 10:13:49+02:00,50.0
2022-06-17 10:14:49+02:00,50.0
2022-06-17 10:15:49+02:00,50.0
2022-06-17 10:16:49+02:00,50.0
2022-06-17 10:17:49+02:00,50.0
2022-06-17 10:18:49+02:00,50.0
2022-06-17 10:19:50+02:00,50.0
2022-06-17 10:20:50+02:00,50.0
2022-06-17 10:21:50+02:00,50.0
2022-06-17 10:22:50+02:00,50.0
2022-06-17 10:23:50+02:00,50.0
2022-06-17 10:24:50+02:00,50.0
2022-06-17 10:25:50+02:00,50.0
2022-06-17 10:26:50+02:00,50.0
2022-06-17 10:27:50+02:00,50.0
2022-06-17 10:28:50+02:00,50.0
2022-06-17 10:29:50+02:00,50.0
2022-06-17 10:30:51+02:00,50.0
2022-06-17 10:31:51+02:00,50.0
2022-06-17 10:32:51+02:00,50.0
2022-06-17 10:33:51+02:00,50.0
2022-06-17 10:34:51+02:00,50.0
2022-06-17 10:35:51+02:00,50.0
2022-06-17 10:36:51+02:00,50.0
2022-06-17 10:37:51+02:00,50.0
2022-06-17 10:38:51+02:00,50.0
2022-06-17 10:39:51+02:00,50.0
2022-06-17 10:40:51+02:00,95.9
2022-06-17 10:41:51+02:00,50.0
2022-06-17 10:42:52+02:00,50.0
2022-06-17 10:43:52+02:00,50.0
2022-06-17 10:44:52+02:00,95.7
2022-06-17 10:45:52+02:00,96.1
2022-06-17 10:46:52+02:00,50.0
2022-06-17 10:47:52+02:00,96.4
2022-06-17 10:48:52+02:00,96.5
2022-06-17 10:49:52+02:00,96.5
2022-06-17 10:50:53+02:00,50.0
2022-06-17 10:51:53+02:00,50.0
2022-06-17 10:52:53+02:00,50.0
2022-06-17 10:53:53+02:00,50.0
2022-06-17 10:54:53+02:00,50.0
2022-06-17 10:55:53+02:00,50.0
2022-06-18 01:31:30+02:00,50.0
2022-06-18 01:32:30+02:00,96.1
2022-06-18 01:33:30+02:00,96.2
2022-06-18 01:34:30+02:00,96.3
2022-06-18 01:35:30+02:00,96.3
2022-06-18 01:36:30+02:00,96.3
2022-06-18 01:37:30+02:00,96.3
2022-06-18 01:38:30+02:00,96.3
2022-06-18 01:39:30+02:00,96.3
2022-06-18 01:40:30+02:00,96.2
2022-06-18 01:41:30+02:00,96.2
2022-06-18 01:42:30+02:00,96.2
2022-06-18 01:43:31+02:00,96.2
2022-06-18 01:44:31+02:00,96.2
2022-06-18 01:45:31+02:00,96.2
2022-06-18 01:46:31+02:00,96.1
2022-06-18 01:47:31+02:00,96.2
2022-06-18 01:48:31+02:00,96.1
2022-06-18 01:49:32+02:00,96.1
2022-06-18 01:50:32+02:00,96.2
2022-06-18 01:51:32+02:00,96.2
2022-06-18 01:52:32+02:00,96.2
2022-06-18 01:53:32+02:00,96.1
2022-06-18 01:54:32+02:00,96.1
2022-06-18 01:55:33+02:00,96.1
2022-06-18 01:56:33+02:00,96.1
2022-06-18 01:57:33+02:00,96.1
2022-06-18 01:58:33+02:00,96.1
2022-06-18 01:59:33+02:00,96.1
2022-06-18 02:00:33+02:00,96.1
2022-06-18 02:00:33+02:00,96.1
2022-06-18 02:01:33+02:00,96.1
2022-06-18 02:02:34+02:00,96.1
2022-06-18 02:03:34+02:00,96.1
2022-06-18 02:04:34+02:00,96.1
2022-06-18 02:05:34+02:00,96.1
2022-06-18 02:06:34+02:00,96.1
2022-06-18 02:07:34+02:00,96.1
2022-06-18 02:08:34+02:00,96.1
2022-06-18 02:09:35+02:00,96.1
2022-06-18 02:10:35+02:00,96.1
2022-06-18 02:11:35+02:00,96.1
2022-06-18 02:12:35+02:00,96.1
2022-06-18 02:13:35+02:00,96.1
2022-06-18 02:14:35+02:00,96.1
2022-06-18 02:15:35+02:00,96.1
2022-06-18 02:16:36+02:00,96.1
2022-06-18 02:17:36+02:00,96.2
2022-06-18 02:18:36+02:00,96.2
2022-06-18 02:19:36+02:00,96.2
2022-06-18 02:20:36+02:00,96.2
2022-06-18 02:21:36+02:00,96.2
2022-06-18 02:22:37+02:00,96.2
2022-06-18 02:23:37+02:00,96.2
2022-06-18 02:24:37+02:00,96.2
2022-06-18 02:25:37+02:00,96.2
2022-06-18 02:26:37+02:00,96.2
2022-06-18 02:27:37+02:00,96.2
2022-06-18 02:28:38+02:00,96.2
2022-06-18 02:29:38+02:00,96.2
2022-06-18 02:30:38+02:00,50.0
2022-06-18 02:31:38+02:00,95.0
2022-06-18 02:32:38+02:00,93.8
2022-06-18 02:33:38+02:00,93.4
2022-06-18 02:34:38+02:00,50.0
2022-06-18 02:35:39+02:00,92.3
2022-06-18 02:36:39+02:00,92.2
2022-06-18 02:37:39+02:00,91.6
2022-06-18 02:38:39+02:00,89.6
2022-06-18 02:39:39+02:00,50.0
2022-06-18 02:40:39+02:00,92.3
2022-06-18 02:41:40+02:00,50.0
2022-06-18 02:42:40+02:00,50.0
2022-06-18 02:43:40+02:00,94.3
2022-06-18 02:44:40+02:00,95.0
2022-06-18 02:45:40+02:00,95.5
2022-06-18 02:46:40+02:00,95.7
2022-06-18 02:47:40+02:00,96.0
2022-06-18 02:48:41+02:00,96.1
2022-06-18 02:49:41+02:00,96.2
2022-06-18 02:50:41+02:00,96.3
2022-06-18 02:51:41+02:00,96.4
2022-06-18 02:52:41+02:00,96.4
2022-06-18 02:53:41+02:00,96.3
2022-06-18 02:54:41+02:00,96.3
2022-06-18 02:55:42+02:00,96.3
2022-06-18 02:56:42+02:00,96.3
2022-06-18 02:57:42+02:00,96.2
2022-06-18 02:58:42+02:00,96.2
2022-06-18 02:59:42+02:00,96.2
2022-06-18 03:00:42+02:00,96.3
2022-06-18 03:01:43+02:00,95.0
2022-06-18 03:02:43+02:00,50.0
2022-06-18 03:03:43+02:00,95.0
2022-06-18 03:04:43+02:00,95.5
2022-06-18 03:05:43+02:00,95.6
2022-06-18 03:06:43+02:00,94.9
2022-06-18 03:07:43+02:00,95.0
2022-06-18 03:08:44+02:00,94.6
2022-06-18 03:09:44+02:00,50.0
2022-06-18 03:10:44+02:00,95.4
2022-06-18 03:11:44+02:00,95.8
2022-06-18 03:12:44+02:00,96.2
2022-06-18 03:13:44+02:00,96.4
2022-06-18 03:14:45+02:00,96.3
2022-06-18 03:15:45+02:00,95.4
2022-06-18 03:16:45+02:00,95.3
2022-06-18 03:17:45+02:00,95.1
2022-06-18 03:18:45+02:00,94.5
2022-06-18 03:19:45+02:00,94.5
2022-06-18 03:20:46+02:00,94.5
2022-06-18 03:21:46+02:00,50.0
2022-06-18 03:22:46+02:00,95.4
2022-06-18 03:23:46+02:00,95.9
2022-06-18 03:24:46+02:00,96.4
2022-06-18 03:25:46+02:00,96.7
2022-06-18 03:26:47+02:00,96.8
2022-06-18 03:27:47+02:00,96.9
2022-06-18 03:28:47+02:00,97.0
2022-06-18 03:29:47+02:00,96.9
2022-06-18 03:30:47+02:00,96.9
2022-06-18 03:31:47+02:00,97.0
2022-06-18 03:32:48+02:00,97.0
2022-06-18 03:33:48+02:00,97.0
2022-06-18 03:34:48+02:00,96.9
2022-06-18 03:35:48+02:00,97.0
2022-06-18 03:36:48+02:00,97.0
2022-06-18 03:37:48+02:00,96.9
2022-06-18 03:38:48+02:00,97.0
2022-06-18 03:39:49+02:00,97.0
2022-06-18 03:40:49+02:00,97.0
2022-06-18 03:41:49+02:00,96.9
2022-06-18 03:42:49+02:00,97.0
2022-06-18 03:43:49+02:00,96.9
2022-06-18 03:44:49+02:00,96.9
2022-06-18 03:45:49+02:00,96.9
2022-06-18 03:46:50+02:00,96.9
2022-06-18 03:47:50+02:00,96.8
2022-06-18 03:48:50+02:00,96.8
2022-06-18 03:49:50+02:00,96.8
2022-06-18 03:50:50+02:00,96.8
2022-06-18 03:51:50+02:00,96.8
2022-06-18 03:52:50+02:00,96.8
2022-06-18 03:53:50+02:00,96.8
2022-06-18 03:54:51+02:00,96.9
2022-06-18 03:55:51+02:00,96.9
2022-06-18 03:56:51+02:00,96.9
2022-06-18 03:57:51+02:00,96.9
2022-06-18 03:58:51+02:00,97.0
2022-06-18 03:59:51+02:00,97.0
2022-06-18 04:00:51+02:00,97.0
2022-06-18 04:01:51+02:00,97.0
2022-06-18 04:02:51+02:00,96.9
2022-06-18 04:03:51+02:00,96.9
2022-06-18 04:04:51+02:00,97.0
2022-06-18 04:05:52+02:00,97.0
2022-06-18 04:06:52+02:00,97.0
2022-06-18 04:07:52+02:00,97.0
2022-06-18 04:08:52+02:00,97.0
2022-06-18 04:09:52+02:00,50.0
2022-06-18 04:10:52+02:00,97.0
2022-06-18 04:11:52+02:00,96.8
2022-06-18 04:12:52+02:00,50.0
2022-06-18 04:13:52+02:00,95.6
2022-06-18 04:14:52+02:00,94.3
2022-06-18 04:15:53+02:00,93.6
2022-06-18 04:16:53+02:00,93.9
2022-06-18 04:17:53+02:00,94.1
2022-06-18 04:18:53+02:00,95.1
2022-06-18 04:19:53+02:00,95.7
2022-06-18 04:20:53+02:00,95.3
2022-06-18 04:21:53+02:00,96.0
2022-06-18 04:22:53+02:00,96.4
2022-06-18 04:23:53+02:00,96.7
2022-06-18 04:24:53+02:00,96.8
2022-06-18 04:25:54+02:00,96.9
2022-06-18 04:26:54+02:00,97.1
2022-06-18 04:27:54+02:00,97.2
2022-06-18 04:28:54+02:00,97.3
2022-06-18 04:29:54+02:00,97.3
2022-06-18 04:30:54+02:00,97.3
2022-06-18 04:31:54+02:00,97.3
2022-06-18 04:32:54+02:00,97.4
2022-06-18 04:33:54+02:00,97.4
2022-06-18 04:34:55+02:00,50.0
2022-06-18 04:35:55+02:00,50.0
2022-06-18 04:36:55+02:00,97.4
2022-06-18 04:37:55+02:00,96.8
2022-06-18 04:38:55+02:00,96.5
2022-06-18 04:39:55+02:00,96.3
2022-06-18 04:40:55+02:00,96.3
2022-06-18 04:41:55+02:00,96.2
2022-06-18 04:42:56+02:00,96.1
2022-06-18 04:43:56+02:00,96.1
2022-06-18 04:44:56+02:00,96.0
2022-06-18 04:45:56+02:00,50.0
2022-06-18 04:46:56+02:00,96.0
2022-06-18 04:47:56+02:00,95.9
2022-06-18 04:48:56+02:00,95.9
2022-06-18 04:49:57+02:00,95.9
2022-06-18 04:50:57+02:00,50.0
2022-06-18 04:51:57+02:00,96.0
2022-06-18 04:52:57+02:00,96.0
2022-06-18 04:53:57+02:00,96.4
2022-06-18 04:54:57+02:00,96.4
2022-06-18 04:55:58+02:00,96.7
2022-06-18 04:56:58+02:00,96.2
2022-06-18 04:57:58+02:00,96.4
2022-06-18 04:58:58+02:00,96.8
2022-06-18 04:59:58+02:00,96.7
2022-06-18 05:00:58+02:00,97.3
2022-06-18 05:01:59+02:00,97.5
2022-06-18 05:02:59+02:00,97.6
2022-06-18 05:03:59+02:00,97.3
2022-06-18 05:04:59+02:00,97.0
2022-06-18 05:05:59+02:00,50.0
2022-06-18 05:06:59+02:00,50.0
2022-06-18 05:07:59+02:00,96.7
2022-06-18 05:09:00+02:00,96.5
2022-06-18 05:10:00+02:00,96.4
2022-06-18 05:11:00+02:00,96.4
2022-06-18 05:12:00+02:00,96.3
2022-06-18 05:13:00+02:00,96.2
2022-06-18 05:14:00+02:00,96.2
2022-06-18 05:15:01+02:00,96.2
2022-06-18 05:16:01+02:00,96.2
2022-06-18 05:17:01+02:00,96.2
2022-06-18 05:18:01+02:00,96.2
2022-06-18 05:19:01+02:00,96.2
2022-06-18 05:20:01+02:00,96.1
2022-06-18 05:21:01+02:00,96.2
2022-06-18 05:22:02+02:00,96.1
2022-06-18 05:23:02+02:00,96.1
2022-06-18 05:24:02+02:00,96.1
2022-06-18 05:25:02+02:00,96.1
2022-06-18 05:26:02+02:00,96.0
2022-06-18 05:27:02+02:00,96.1
2022-06-18 05:28:02+02:00,96.1
2022-06-18 05:29:02+02:00,96.1
2022-06-18 05:30:03+02:00,96.2
2022-06-18 05:31:03+02:00,96.2
2022-06-18 05:32:03+02:00,96.2
2022-06-18 05:33:03+02:00,96.1
2022-06-18 05:34:03+02:00,96.1
2022-06-18 05:35:03+02:00,96.1
2022-06-18 05:36:03+02:00,96.2
2022-06-18 05:37:04+02:00,96.3
2022-06-18 05:38:04+02:00,96.2
2022-06-18 05:39:04+02:00,96.2
2022-06-18 05:40:04+02:00,96.2
2022-06-18 05:41:04+02:00,96.1
2022-06-18 05:42:04+02:00,50.0
2022-06-18 05:43:04+02:00,95.6
2022-06-18 05:44:04+02:00,50.0
2022-06-18 05:45:05+02:00,93.8
2022-06-18 05:46:05+02:00,93.8
2022-06-18 05:47:05+02:00,94.6
2022-06-18 05:48:05+02:00,95.2
2022-06-18 05:49:05+02:00,95.6
2022-06-18 05:50:05+02:00,95.9
2022-06-18 05:51:06+02:00,96.2
2022-06-18 05:52:06+02:00,96.3
2022-06-18 05:53:06+02:00,96.4
2022-06-18 05:54:06+02:00,96.5
2022-06-18 05:55:06+02:00,96.5
2022-06-18 05:56:06+02:00,96.6
2022-06-18 05:57:06+02:00,96.8
2022-06-18 05:58:07+02:00,96.7
2022-06-18 05:59:07+02:00,96.7
2022-06-18 06:00:07+02:00,96.8
2022-06-18 06:01:07+02:00,96.8
2022-06-18 06:02:07+02:00,50.0
2022-06-18 06:03:07+02:00,96.8
2022-06-18 06:04:08+02:00,96.5
2022-06-18 06:05:08+02:00,96.4
2022-06-18 06:06:08+02:00,96.4
2022-06-18 06:07:08+02:00,96.6
2022-06-18 06:08:08+02:00,96.5
2022-06-18 06:09:08+02:00,96.6
2022-06-18 06:10:08+02:00,96.7
2022-06-18 06:11:08+02:00,96.6
2022-06-18 06:12:09+02:00,50.0
2022-06-18 06:13:09+02:00,96.6
2022-06-18 06:14:09+02:00,96.3
2022-06-18 06:15:09+02:00,50.0
2022-06-18 06:16:09+02:00,96.2
2022-06-18 06:17:09+02:00,96.3
2022-06-18 06:18:10+02:00,96.5
2022-06-18 06:19:10+02:00,96.6
2022-06-18 06:20:10+02:00,96.6
2022-06-18 06:21:10+02:00,96.6
2022-06-18 06:22:10+02:00,96.6
2022-06-18 06:23:10+02:00,96.7
2022-06-18 06:24:10+02:00,96.7
2022-06-18 06:25:11+02:00,96.7
2022-06-18 06:26:11+02:00,96.7
2022-06-18 06:27:11+02:00,96.2
2022-06-18 06:28:11+02:00,95.9
2022-06-18 06:29:11+02:00,50.0
2022-06-18 06:30:11+02:00,50.0
2022-06-18 06:31:11+02:00,50.0
2022-06-18 06:32:12+02:00,50.0
2022-06-18 06:33:12+02:00,50.0
2022-06-18 06:34:12+02:00,50.0
2022-06-18 06:35:12+02:00,50.0
2022-06-18 06:36:12+02:00,96.4
2022-06-18 06:37:12+02:00,96.5
2022-06-18 06:38:12+02:00,95.0
2022-06-18 06:39:13+02:00,94.2
2022-06-18 06:40:13+02:00,94.1
2022-06-18 06:41:13+02:00,94.4
2022-06-18 06:42:13+02:00,94.8
2022-06-18 06:43:13+02:00,94.9
2022-06-18 06:44:13+02:00,94.9
2022-06-18 06:45:13+02:00,94.8
2022-06-18 06:46:14+02:00,94.7
2022-06-18 06:47:14+02:00,94.9
2022-06-18 06:48:14+02:00,95.0
2022-06-18 06:49:14+02:00,94.4
2022-06-18 06:50:14+02:00,50.0
2022-06-18 06:51:14+02:00,50.0
2022-06-18 06:52:14+02:00,94.6
2022-06-18 06:53:14+02:00,94.8
2022-06-18 06:54:15+02:00,94.6
2022-06-18 06:55:15+02:00,94.6
2022-06-18 06:56:15+02:00,94.6
2022-06-18 06:57:15+02:00,94.6
2022-06-18 06:58:15+02:00,94.8
2022-06-18 06:59:15+02:00,94.9
2022-06-18 07:00:15+02:00,95.0
2022-06-18 07:01:16+02:00,95.0
2022-06-18 07:02:16+02:00,94.9
2022-06-18 07:03:16+02:00,95.0
2022-06-18 07:04:16+02:00,94.9
2022-06-18 07:05:16+02:00,50.0
2022-06-18 07:06:16+02:00,95.3
2022-06-18 07:07:16+02:00,95.8
2022-06-18 07:08:17+02:00,96.0
2022-06-18 07:09:17+02:00,50.0
2022-06-18 07:10:17+02:00,96.2
2022-06-18 07:11:17+02:00,96.3
2022-06-18 07:12:17+02:00,96.3
2022-06-18 07:13:17+02:00,96.1
2022-06-18 07:14:17+02:00,95.9
2022-06-18 07:15:18+02:00,96.1
2022-06-18 07:16:18+02:00,96.1
2022-06-18 07:17:18+02:00,96.1
2022-06-18 07:18:18+02:00,96.0
2022-06-18 07:19:18+02:00,96.1
2022-06-18 07:20:18+02:00,96.2
2022-06-18 07:21:18+02:00,96.3
2022-06-18 07:22:19+02:00,96.4
2022-06-18 07:23:19+02:00,96.4
2022-06-18 07:24:19+02:00,96.5
2022-06-18 07:25:19+02:00,96.5
2022-06-18 07:26:19+02:00,96.5
2022-06-18 07:27:19+02:00,96.5
2022-06-18 07:28:19+02:00,96.5
2022-06-18 07:29:20+02:00,96.5
2022-06-18 07:30:20+02:00,96.4
2022-06-18 07:31:20+02:00,96.4
2022-06-18 07:32:20+02:00,96.4
2022-06-18 07:33:20+02:00,96.4
2022-06-18 07:34:20+02:00,96.4
2022-06-18 07:35:20+02:00,96.4
2022-06-18 07:36:20+02:00,96.3
2022-06-18 07:37:21+02:00,96.3
2022-06-18 07:38:21+02:00,96.3
2022-06-18 07:39:21+02:00,96.4
2022-06-18 07:40:21+02:00,96.4
2022-06-18 07:41:21+02:00,96.4
2022-06-18 07:42:21+02:00,96.4
2022-06-18 07:43:21+02:00,96.4
2022-06-18 07:44:22+02:00,96.4
2022-06-18 07:45:22+02:00,96.4
2022-06-18 07:46:22+02:00,50.0
2022-06-18 07:47:22+02:00,96.4
2022-06-18 07:48:22+02:00,96.4
2022-06-18 07:49:22+02:00,96.4
2022-06-18 07:50:22+02:00,96.3
2022-06-18 07:51:23+02:00,96.3
2022-06-18 07:52:23+02:00,96.3
2022-06-18 07:53:23+02:00,96.3
2022-06-18 07:54:23+02:00,96.2
2022-06-18 07:55:23+02:00,96.3
2022-06-18 07:56:23+02:00,96.3
2022-06-18 07:57:23+02:00,96.3
2022-06-18 07:58:24+02:00,96.3
2022-06-18 07:59:24+02:00,96.3
2022-06-18 08:00:24+02:00,96.3
2022-06-18 08:01:24+02:00,96.3
2022-06-18 08:02:24+02:00,96.3
2022-06-18 08:03:24+02:00,96.3
2022-06-18 08:04:24+02:00,96.3
2022-06-18 08:05:25+02:00,96.3
2022-06-18 08:06:25+02:00,96.3
2022-06-18 08:07:25+02:00,96.3
2022-06-18 08:08:25+02:00,96.3
2022-06-18 08:09:25+02:00,96.3
2022-06-18 08:10:25+02:00,96.3
2022-06-18 08:11:25+02:00,96.3
2022-06-18 08:12:25+02:00,96.2
2022-06-18 08:13:26+02:00,50.0
2022-06-18 08:14:26+02:00,96.3
2022-06-18 08:15:26+02:00,96.4
2022-06-18 08:16:26+02:00,96.5
2022-06-18 08:17:26+02:00,96.6
2022-06-18 08:18:26+02:00,96.8
2022-06-18 08:19:27+02:00,96.8
2022-06-18 08:20:27+02:00,96.9
2022-06-18 08:21:27+02:00,96.7
2022-06-18 08:22:27+02:00,96.6
2022-06-18 08:23:27+02:00,97.0
2022-06-18 08:24:27+02:00,97.3
2022-06-18 08:25:27+02:00,97.5
2022-06-18 08:26:27+02:00,97.3
2022-06-18 08:27:28+02:00,97.2
2022-06-18 08:28:28+02:00,97.4
2022-06-18 08:29:28+02:00,97.5
2022-06-18 08:30:28+02:00,97.7
2022-06-18 08:31:28+02:00,97.6
2022-06-18 08:32:28+02:00,97.4
2022-06-18 08:33:29+02:00,50.0
2022-06-18 08:34:29+02:00,97.5
2022-06-18 08:35:29+02:00,97.1
2022-06-18 08:36:29+02:00,96.7
2022-06-18 08:37:29+02:00,96.3
2022-06-18 08:38:29+02:00,96.1
2022-06-18 08:39:29+02:00,96.0
2022-06-18 08:40:29+02:00,95.8
2022-06-18 08:41:30+02:00,95.8
2022-06-18 08:42:30+02:00,95.8
2022-06-18 08:43:30+02:00,95.8
2022-06-18 08:44:30+02:00,95.6
2022-06-18 08:45:30+02:00,95.6
2022-06-18 08:46:30+02:00,95.7
2022-06-18 08:47:30+02:00,50.0
2022-06-18 08:48:31+02:00,95.8
2022-06-18 08:49:31+02:00,95.4
2022-06-18 08:50:31+02:00,95.1
2022-06-18 08:51:31+02:00,94.9
2022-06-18 08:52:31+02:00,94.7
2022-06-18 08:53:31+02:00,94.7
2022-06-18 08:54:31+02:00,94.7
2022-06-18 08:55:32+02:00,50.0
2022-06-18 08:56:32+02:00,94.6
2022-06-18 08:57:32+02:00,94.6
2022-06-18 08:58:32+02:00,94.8
2022-06-18 08:59:32+02:00,94.9
2022-06-18 09:00:32+02:00,95.0
2022-06-18 09:01:33+02:00,95.4
2022-06-18 09:02:33+02:00,95.7
2022-06-18 09:03:33+02:00,95.6
2022-06-18 09:04:33+02:00,95.9
2022-06-18 09:05:33+02:00,96.0
2022-06-18 09:06:33+02:00,96.0
2022-06-18 09:07:33+02:00,95.8
2022-06-18 09:08:34+02:00,95.9
2022-06-18 09:09:34+02:00,95.6
2022-06-18 09:10:34+02:00,95.7
2022-06-18 09:11:34+02:00,95.9
2022-06-18 09:12:34+02:00,96.0
2022-06-18 09:13:34+02:00,96.1
2022-06-18 09:14:34+02:00,96.1
2022-06-18 09:15:35+02:00,96.2
2022-06-18 09:16:35+02:00,96.2
2022-06-18 09:17:35+02:00,96.2
2022-06-18 09:18:35+02:00,96.2
2022-06-18 09:19:35+02:00,95.9
2022-06-18 09:20:35+02:00,96.0
2022-06-18 09:21:35+02:00,96.1
2022-06-18 09:22:36+02:00,96.2
2022-06-18 09:23:36+02:00,96.2
2022-06-18 09:24:36+02:00,95.9
2022-06-18 09:25:36+02:00,96.0
2022-06-18 09:26:36+02:00,96.0
2022-06-18 09:27:36+02:00,95.8
2022-06-18 09:28:36+02:00,96.0
2022-06-18 09:29:37+02:00,96.1
2022-06-18 09:30:37+02:00,50.0
2022-06-18 09:31:37+02:00,96.0
2022-06-18 09:32:37+02:00,95.9
2022-06-18 09:33:37+02:00,96.0
2022-06-18 09:34:37+02:00,96.1
2022-06-18 09:35:38+02:00,96.0
2022-06-18 09:36:38+02:00,50.0
2022-06-18 09:37:38+02:00,96.1
2022-06-18 09:38:38+02:00,96.2
2022-06-18 09:39:38+02:00,96.2
2022-06-18 09:40:38+02:00,96.3
2022-06-18 09:41:38+02:00,96.4
2022-06-18 09:42:39+02:00,96.4
2022-06-18 09:43:39+02:00,50.0
2022-06-18 09:44:39+02:00,96.4
2022-06-18 09:45:39+02:00,96.5
2022-06-18 09:46:39+02:00,96.5
2022-06-18 09:47:39+02:00,96.5
2022-06-18 09:48:40+02:00,50.0
2022-06-18 09:49:40+02:00,96.5
2022-06-18 09:50:40+02:00,50.0
2022-06-18 09:51:40+02:00,96.4
2022-06-18 09:52:40+02:00,96.4
2022-06-18 09:53:40+02:00,96.4
2022-06-18 09:54:40+02:00,96.3
2022-06-18 09:55:41+02:00,96.2
2022-06-18 09:56:41+02:00,96.2
2022-06-18 09:57:41+02:00,96.1
2022-06-18 09:58:41+02:00,96.1
2022-06-18 09:59:41+02:00,96.1
2022-06-18 10:00:41+02:00,96.1
2022-06-18 10:01:41+02:00,96.1
2022-06-18 10:02:42+02:00,96.2
2022-06-18 10:03:42+02:00,96.2
2022-06-18 10:04:42+02:00,96.2
2022-06-18 10:05:42+02:00,50.0
2022-06-18 10:06:42+02:00,50.0
2022-06-18 10:07:42+02:00,50.0
2022-06-18 10:08:42+02:00,96.2
2022-06-18 10:09:43+02:00,96.3
2022-06-18 10:10:43+02:00,96.2
2022-06-18 10:11:43+02:00,96.1
2022-06-18 10:12:43+02:00,96.1
2022-06-18 10:13:43+02:00,96.1
2022-06-18 10:14:43+02:00,96.0
2022-06-18 10:15:44+02:00,96.0
2022-06-18 10:16:44+02:00,95.9
2022-06-18 10:17:44+02:00,95.9
2022-06-18 10:18:44+02:00,50.0
2022-06-18 10:19:44+02:00,95.9
2022-06-18 10:20:44+02:00,96.2
2022-06-18 10:21:44+02:00,96.9
2022-06-18 10:22:45+02:00,50.0
2022-06-18 10:23:45+02:00,97.0
2022-06-18 10:24:45+02:00,96.9
2022-06-18 10:25:45+02:00,96.7
2022-06-18 10:26:45+02:00,96.6
2022-06-18 10:27:45+02:00,96.5
2022-06-18 10:28:45+02:00,96.5
2022-06-18 10:29:46+02:00,96.5
2022-06-18 10:30:46+02:00,96.4
2022-06-18 10:31:46+02:00,50.0
2022-06-18 10:32:46+02:00,96.4
2022-06-18 10:33:46+02:00,96.5
2022-06-18 10:34:46+02:00,96.3
2022-06-18 10:35:47+02:00,94.5
2022-06-18 10:36:47+02:00,93.9
2022-06-18 10:37:47+02:00,93.1
2022-06-18 10:38:47+02:00,50.0
2022-06-18 10:39:47+02:00,92.8
2022-06-18 10:40:47+02:00,92.2
2022-06-18 10:41:47+02:00,91.8
2022-06-18 10:42:48+02:00,91.4
2022-06-18 10:43:48+02:00,91.6
2022-06-18 10:44:48+02:00,91.8
2022-06-18 10:45:48+02:00,91.8
2022-06-18 10:46:48+02:00,92.5
2022-06-18 10:47:48+02:00,92.6
2022-06-18 10:48:48+02:00,92.6
2022-06-18 10:49:49+02:00,92.9
2022-06-18 10:50:49+02:00,92.6
2022-06-18 10:51:49+02:00,92.9
2022-06-18 10:52:49+02:00,50.0
2022-06-18 10:53:49+02:00,93.8
2022-06-18 10:54:49+02:00,50.0
2022-06-18 10:55:49+02:00,50.0
2022-06-18 10:56:50+02:00,94.7
2022-06-18 10:57:50+02:00,95.1
2022-06-18 10:58:50+02:00,50.0
2022-06-18 10:59:50+02:00,50.0
2022-06-18 11:00:50+02:00,50.0
2022-06-18 11:01:50+02:00,50.0
2022-06-18 11:02:50+02:00,50.0
2022-06-18 11:03:50+02:00,50.0
2022-06-18 11:04:50+02:00,50.0
2022-06-18 11:05:51+02:00,50.0
2022-06-18 11:06:51+02:00,50.0
2022-06-18 11:07:51+02:00,50.0
2022-06-18 11:08:51+02:00,50.0
2022-06-18 11:09:51+02:00,50.0
2022-06-18 11:10:51+02:00,95.5
2022-06-18 11:11:51+02:00,95.5
2022-06-18 11:12:51+02:00,50.0
2022-06-18 11:13:51+02:00,95.5
2022-06-18 11:14:52+02:00,50.0
2022-06-18 11:15:52+02:00,95.5
2022-06-18 11:16:52+02:00,95.7
2022-06-18 11:17:52+02:00,95.8
2022-06-18 11:18:52+02:00,50.0
2022-06-18 11:19:52+02:00,50.0
2022-06-18 11:20:52+02:00,50.0
2022-06-18 11:21:52+02:00,50.0
2022-06-18 11:22:52+02:00,50.0
2022-06-18 11:23:52+02:00,50.0
2022-06-18 11:24:53+02:00,50.0
2022-06-18 11:25:53+02:00,50.0
2022-06-18 11:26:53+02:00,50.0
2022-06-18 11:27:53+02:00,50.0
2022-06-18 11:28:53+02:00,50.0
2022-06-18 11:29:53+02:00,50.0
2022-06-18 11:30:53+02:00,50.0
2022-06-18 11:31:53+02:00,50.0
2022-06-18 11:32:53+02:00,50.0
2022-06-18 11:33:53+02:00,50.0
2022-06-18 11:34:53+02:00,50.0
2022-06-18 11:35:53+02:00,50.0
2022-06-20 03:03:00+02:00,50.0
2022-06-20 03:04:00+02:00,94.0
2022-06-20 03:05:00+02:00,94.0
2022-06-20 03:06:00+02:00,94.0
2022-06-20 03:07:00+02:00,94.0
2022-06-20 03:08:00+02:00,50.0
2022-06-20 03:09:00+02:00,94.3
2022-06-20 03:10:00+02:00,94.3
2022-06-20 03:11:00+02:00,94.3
2022-06-20 03:12:00+02:00,94.3
2022-06-20 03:13:00+02:00,94.2
2022-06-20 03:14:00+02:00,94.2
2022-06-20 03:15:01+02:00,94.2
2022-06-20 03:16:01+02:00,94.4
2022-06-20 03:17:01+02:00,94.5
2022-06-20 03:18:01+02:00,94.6
2022-06-20 03:19:01+02:00,94.7
2022-06-20 03:20:01+02:00,94.7
2022-06-20 03:21:01+02:00,94.8
2022-06-20 03:22:01+02:00,94.8
2022-06-20 03:23:02+02:00,94.8
2022-06-20 03:24:02+02:00,94.8
2022-06-20 03:25:02+02:00,94.8
2022-06-20 03:26:02+02:00,94.7
2022-06-20 03:27:02+02:00,94.6
2022-06-20 03:28:02+02:00,94.6
2022-06-20 03:29:02+02:00,94.5
2022-06-20 03:30:02+02:00,94.4
2022-06-20 03:31:03+02:00,94.6
2022-06-20 03:32:03+02:00,94.6
2022-06-20 03:33:03+02:00,94.7
2022-06-20 03:34:03+02:00,94.7
2022-06-20 03:35:03+02:00,94.7
2022-06-20 03:36:03+02:00,94.7
2022-06-20 03:37:03+02:00,94.6
2022-06-20 03:38:03+02:00,94.6
2022-06-20 03:39:03+02:00,94.5
2022-06-20 03:40:04+02:00,94.4
2022-06-20 03:41:04+02:00,94.3
2022-06-20 03:42:04+02:00,94.2
2022-06-20 03:43:04+02:00,94.2
2022-06-20 03:44:04+02:00,94.2
2022-06-20 03:45:04+02:00,94.4
2022-06-20 03:46:04+02:00,94.6
2022-06-20 03:47:04+02:00,94.5
2022-06-20 03:48:05+02:00,94.5
2022-06-20 03:49:05+02:00,50.0
2022-06-20 03:50:05+02:00,94.6
2022-06-20 03:51:05+02:00,95.1
2022-06-20 03:52:05+02:00,95.4
2022-06-20 03:53:05+02:00,95.5
2022-06-20 03:54:05+02:00,95.7
2022-06-20 03:55:05+02:00,95.8
2022-06-20 03:56:06+02:00,95.9
2022-06-20 03:57:06+02:00,96.0
2022-06-20 03:58:06+02:00,96.1
2022-06-20 03:59:06+02:00,96.1
2022-06-20 04:00:06+02:00,96.2
2022-06-20 04:01:06+02:00,96.3
2022-06-20 04:02:06+02:00,96.4
2022-06-20 04:03:07+02:00,96.4
2022-06-20 04:04:07+02:00,96.4
2022-06-20 04:05:07+02:00,96.4
2022-06-20 04:06:07+02:00,96.4
2022-06-20 04:07:07+02:00,96.4
2022-06-20 04:08:07+02:00,96.4
2022-06-20 04:09:07+02:00,96.4
2022-06-20 04:10:08+02:00,96.3
2022-06-20 04:11:08+02:00,96.3
2022-06-20 04:12:08+02:00,96.3
2022-06-20 04:13:08+02:00,96.3
2022-06-20 04:14:08+02:00,96.2
2022-06-20 04:15:08+02:00,96.1
2022-06-20 04:16:08+02:00,96.0
2022-06-20 04:17:09+02:00,95.9
2022-06-20 04:18:09+02:00,50.0
2022-06-20 04:19:09+02:00,96.0
2022-06-20 04:20:09+02:00,50.0
2022-06-20 04:21:09+02:00,50.0
2022-06-20 04:22:09+02:00,95.9
2022-06-20 04:23:09+02:00,95.8
2022-06-20 04:24:10+02:00,95.7
2022-06-20 04:25:10+02:00,95.7
2022-06-20 04:26:10+02:00,95.6
2022-06-20 04:27:10+02:00,95.7
2022-06-20 04:28:10+02:00,95.6
2022-06-20 04:29:10+02:00,95.7
2022-06-20 04:30:10+02:00,95.6
2022-06-20 04:31:11+02:00,95.6
2022-06-20 04:32:11+02:00,95.6
2022-06-20 04:33:11+02:00,95.6
2022-06-20 04:34:11+02:00,95.6
2022-06-20 04:35:11+02:00,95.5
2022-06-20 04:36:11+02:00,95.6
2022-06-20 04:37:11+02:00,95.5
2022-06-20 04:38:11+02:00,95.6
2022-06-20 04:39:12+02:00,95.5
2022-06-20 04:40:12+02:00,95.7
2022-06-20 04:41:12+02:00,95.7
2022-06-20 04:42:12+02:00,95.8
2022-06-20 04:43:12+02:00,95.8
2022-06-20 04:44:12+02:00,95.7
2022-06-20 04:45:13+02:00,95.7
2022-06-20 04:46:13+02:00,95.6
2022-06-20 04:47:13+02:00,95.7
2022-06-20 04:48:13+02:00,95.7
2022-06-20 04:49:13+02:00,95.6
2022-06-20 04:50:13+02:00,95.7
2022-06-20 04:51:13+02:00,50.0
2022-06-20 04:52:14+02:00,95.5
2022-06-20 04:53:14+02:00,50.0
2022-06-20 04:54:14+02:00,50.0
2022-06-20 04:55:14+02:00,95.0
2022-06-20 04:56:14+02:00,95.0
2022-06-20 04:57:14+02:00,94.8
2022-06-20 04:58:14+02:00,94.7
2022-06-20 04:59:15+02:00,94.6
2022-06-20 05:00:15+02:00,94.7
2022-06-20 05:01:15+02:00,94.9
2022-06-20 05:02:15+02:00,95.0
2022-06-20 05:03:15+02:00,95.1
2022-06-20 05:04:15+02:00,95.1
2022-06-20 05:05:15+02:00,95.2
2022-06-20 05:06:16+02:00,95.2
2022-06-20 05:07:16+02:00,95.2
2022-06-20 05:08:16+02:00,95.2
2022-06-20 05:09:16+02:00,95.3
2022-06-20 05:10:16+02:00,95.3
2022-06-20 05:11:16+02:00,50.0
2022-06-20 05:12:16+02:00,95.3
2022-06-20 05:13:17+02:00,95.2
2022-06-20 05:14:17+02:00,95.2
2022-06-20 05:15:17+02:00,95.1
2022-06-20 05:16:17+02:00,95.0
2022-06-20 05:17:17+02:00,94.9
2022-06-20 05:18:17+02:00,94.9
2022-06-20 05:19:17+02:00,95.0
2022-06-20 05:20:18+02:00,50.0
2022-06-20 05:21:18+02:00,95.1
2022-06-20 05:22:18+02:00,50.0
2022-06-20 05:23:18+02:00,50.0
2022-06-20 05:24:18+02:00,95.1
2022-06-20 05:25:18+02:00,50.0
2022-06-20 05:26:18+02:00,95.4
2022-06-20 05:27:19+02:00,95.7
2022-06-20 05:28:19+02:00,95.8
2022-06-20 05:29:19+02:00,95.9
2022-06-20 05:30:19+02:00,95.9
2022-06-20 05:31:19+02:00,96.0
2022-06-20 05:32:19+02:00,96.1
2022-06-20 05:33:20+02:00,96.1
2022-06-20 05:34:20+02:00,50.0
2022-06-20 05:35:20+02:00,96.2
2022-06-20 05:36:20+02:00,96.3
2022-06-20 05:37:20+02:00,96.3
2022-06-20 05:38:20+02:00,96.3
2022-06-20 05:39:20+02:00,96.3
2022-06-20 05:40:20+02:00,96.3
2022-06-20 05:41:21+02:00,96.3
2022-06-20 05:42:21+02:00,96.3
2022-06-20 05:43:21+02:00,96.2
2022-06-20 05:44:21+02:00,96.2
2022-06-20 05:45:21+02:00,96.2
2022-06-20 05:46:21+02:00,96.2
2022-06-20 05:47:21+02:00,96.2
2022-06-20 05:48:22+02:00,96.2
2022-06-20 05:49:22+02:00,96.2
2022-06-20 05:50:22+02:00,96.2
2022-06-20 05:51:22+02:00,96.1
2022-06-20 05:52:22+02:00,96.2
2022-06-20 05:53:22+02:00,96.2
2022-06-20 05:54:22+02:00,96.1
2022-06-20 05:55:23+02:00,96.2
2022-06-20 05:56:23+02:00,96.1
2022-06-20 05:57:23+02:00,96.2
2022-06-20 05:58:23+02:00,96.1
2022-06-20 05:59:23+02:00,96.2
2022-06-20 06:00:23+02:00,50.0
2022-06-20 06:01:24+02:00,96.2
2022-06-20 06:02:24+02:00,96.3
2022-06-20 06:03:24+02:00,96.2
2022-06-20 06:04:24+02:00,50.0
2022-06-20 06:05:24+02:00,95.9
2022-06-20 06:06:24+02:00,94.6
2022-06-20 06:07:24+02:00,93.8
2022-06-20 06:08:25+02:00,94.0
2022-06-20 06:09:25+02:00,50.0
2022-06-20 06:10:25+02:00,93.8
2022-06-20 06:11:25+02:00,94.6
2022-06-20 06:12:25+02:00,95.0
2022-06-20 06:13:25+02:00,95.3
2022-06-20 06:14:25+02:00,95.5
2022-06-20 06:15:26+02:00,95.5
2022-06-20 06:16:26+02:00,95.6
2022-06-20 06:17:26+02:00,95.7
2022-06-20 06:18:26+02:00,95.7
2022-06-20 06:19:26+02:00,95.7
2022-06-20 06:20:26+02:00,95.7
2022-06-20 06:21:27+02:00,95.7
2022-06-20 06:22:27+02:00,95.7
2022-06-20 06:23:27+02:00,95.7
2022-06-20 06:24:27+02:00,95.7
2022-06-20 06:25:27+02:00,95.7
2022-06-20 06:26:27+02:00,95.8
2022-06-20 06:27:27+02:00,95.8
2022-06-20 06:28:28+02:00,95.8
2022-06-20 06:29:28+02:00,95.8
2022-06-20 06:30:28+02:00,95.8
2022-06-20 06:31:28+02:00,95.8
2022-06-20 06:32:28+02:00,95.8
2022-06-20 06:33:28+02:00,95.7
2022-06-20 06:34:28+02:00,95.7
2022-06-20 06:35:29+02:00,95.7
2022-06-20 06:36:29+02:00,95.7
2022-06-20 06:37:29+02:00,95.7
2022-06-20 06:38:29+02:00,95.7
2022-06-20 06:39:29+02:00,95.7
2022-06-20 06:40:29+02:00,50.0
2022-06-20 06:41:29+02:00,95.7
2022-06-20 06:42:29+02:00,95.8
2022-06-20 06:43:30+02:00,95.8
2022-06-20 06:44:30+02:00,95.8
2022-06-20 06:45:30+02:00,50.0
2022-06-20 06:46:30+02:00,50.0
2022-06-20 06:47:30+02:00,50.0
2022-06-20 06:48:30+02:00,95.3
2022-06-20 06:49:31+02:00,50.0
2022-06-20 06:50:31+02:00,95.4
2022-06-20 06:51:31+02:00,95.6
2022-06-20 06:52:31+02:00,50.0
2022-06-20 06:53:31+02:00,95.1
2022-06-20 06:54:31+02:00,94.0
2022-06-20 06:55:31+02:00,94.2
2022-06-20 06:56:31+02:00,50.0
2022-06-20 06:57:32+02:00,50.0
2022-06-20 06:58:32+02:00,93.7
2022-06-20 06:59:32+02:00,93.3
2022-06-20 07:00:32+02:00,93.7
2022-06-20 07:01:32+02:00,93.4
2022-06-20 07:02:32+02:00,93.3
2022-06-20 07:03:32+02:00,92.9
2022-06-20 07:04:33+02:00,93.1
2022-06-20 07:05:33+02:00,92.9
2022-06-20 07:06:33+02:00,92.8
2022-06-20 07:07:33+02:00,50.0
2022-06-20 07:08:33+02:00,93.2
2022-06-20 07:09:33+02:00,94.2
2022-06-20 07:10:33+02:00,94.8
2022-06-20 07:11:34+02:00,95.3
2022-06-20 07:12:34+02:00,95.6
2022-06-20 07:13:34+02:00,95.8
2022-06-20 07:14:34+02:00,95.8
2022-06-20 07:15:34+02:00,95.9
2022-06-20 07:16:34+02:00,95.9
2022-06-20 07:17:34+02:00,95.8
2022-06-20 07:18:35+02:00,95.7
2022-06-20 07:19:35+02:00,95.9
2022-06-20 07:20:35+02:00,96.0
2022-06-20 07:21:35+02:00,96.1
2022-06-20 07:22:35+02:00,96.1
2022-06-20 07:23:35+02:00,96.1
2022-06-20 07:24:35+02:00,96.0
2022-06-20 07:25:36+02:00,95.8
2022-06-20 07:26:36+02:00,50.0
2022-06-20 07:27:36+02:00,95.9
2022-06-20 07:28:36+02:00,95.9
2022-06-20 07:29:36+02:00,95.9
2022-06-20 07:30:36+02:00,95.9
2022-06-20 07:31:37+02:00,96.0
2022-06-20 07:32:37+02:00,96.1
2022-06-20 07:33:37+02:00,96.1
2022-06-20 07:34:37+02:00,96.1
2022-06-20 07:35:37+02:00,96.1
2022-06-20 07:36:37+02:00,96.1
2022-06-20 07:37:37+02:00,96.1
2022-06-20 07:38:38+02:00,96.0
2022-06-20 07:39:38+02:00,96.1
2022-06-20 07:40:38+02:00,96.2
2022-06-20 07:41:38+02:00,96.3
2022-06-20 07:42:38+02:00,96.3
2022-06-20 07:43:38+02:00,96.3
2022-06-20 07:44:38+02:00,96.2
2022-06-20 07:45:39+02:00,96.2
2022-06-20 07:46:39+02:00,50.0
2022-06-20 07:47:39+02:00,96.1
2022-06-20 07:48:39+02:00,95.9
2022-06-20 07:49:39+02:00,96.0
2022-06-20 07:50:39+02:00,95.9
2022-06-20 07:51:40+02:00,96.1
2022-06-20 07:52:40+02:00,96.1
2022-06-20 07:53:40+02:00,96.1
2022-06-20 07:54:40+02:00,96.2
2022-06-20 07:55:40+02:00,96.2
2022-06-20 07:56:40+02:00,50.0
2022-06-20 07:57:40+02:00,95.0
2022-06-20 07:58:41+02:00,94.6
2022-06-20 07:59:41+02:00,93.8
2022-06-20 08:00:41+02:00,93.8
2022-06-20 08:01:41+02:00,94.4
2022-06-20 08:02:41+02:00,50.0
2022-06-20 08:03:41+02:00,94.7
2022-06-20 08:04:41+02:00,95.1
2022-06-20 08:05:42+02:00,95.4
2022-06-20 08:06:42+02:00,95.5
2022-06-20 08:07:42+02:00,95.6
2022-06-20 08:08:42+02:00,95.7
2022-06-20 08:09:42+02:00,95.7
2022-06-20 08:10:42+02:00,95.8
2022-06-20 08:11:42+02:00,95.8
2022-06-20 08:12:43+02:00,50.0
2022-06-20 08:13:43+02:00,95.8
2022-06-20 08:14:43+02:00,95.9
2022-06-20 08:15:43+02:00,95.9
2022-06-20 08:16:43+02:00,95.9
2022-06-20 08:17:43+02:00,96.0
2022-06-20 08:18:44+02:00,96.0
2022-06-20 08:19:44+02:00,95.9
2022-06-20 08:20:44+02:00,95.9
2022-06-20 08:21:44+02:00,95.9
2022-06-20 08:22:44+02:00,95.9
2022-06-20 08:23:44+02:00,95.9
2022-06-20 08:24:44+02:00,95.8
2022-06-20 08:25:45+02:00,50.0
2022-06-20 08:26:45+02:00,95.4
2022-06-20 08:27:45+02:00,94.6
2022-06-20 08:28:45+02:00,93.9
2022-06-20 08:29:45+02:00,93.6
2022-06-20 08:30:45+02:00,94.3
2022-06-20 08:31:45+02:00,50.0
2022-06-20 08:32:46+02:00,94.8
2022-06-20 08:33:46+02:00,94.8
2022-06-20 08:34:46+02:00,94.9
2022-06-20 08:35:46+02:00,94.9
2022-06-20 08:36:46+02:00,95.1
2022-06-20 08:37:46+02:00,95.1
2022-06-20 08:38:46+02:00,95.2
2022-06-20 08:39:47+02:00,95.2
2022-06-20 08:40:47+02:00,95.2
2022-06-20 08:41:47+02:00,95.2
2022-06-20 08:42:47+02:00,95.2
2022-06-20 08:43:47+02:00,95.3
2022-06-20 08:44:47+02:00,95.4
2022-06-20 08:45:47+02:00,50.0
2022-06-20 08:46:48+02:00,95.6
2022-06-20 08:47:48+02:00,95.7
2022-06-20 08:48:48+02:00,95.8
2022-06-20 08:49:48+02:00,50.0
2022-06-20 08:50:48+02:00,50.0
2022-06-20 08:51:48+02:00,95.8
2022-06-20 08:52:48+02:00,50.0
2022-06-20 08:53:49+02:00,50.0
2022-06-20 08:54:49+02:00,95.4
2022-06-20 08:55:49+02:00,95.4
2022-06-20 08:56:49+02:00,95.3
2022-06-20 08:57:49+02:00,95.4
2022-06-20 08:58:49+02:00,50.0
2022-06-20 08:59:49+02:00,95.7
2022-06-20 09:00:50+02:00,95.8
2022-06-20 09:01:50+02:00,50.0
2022-06-20 09:02:50+02:00,95.8
2022-06-20 09:03:50+02:00,95.7
2022-06-20 09:04:50+02:00,95.6
2022-06-20 09:05:50+02:00,95.8
2022-06-20 09:06:50+02:00,95.8
2022-06-20 09:07:50+02:00,95.9
2022-06-20 09:08:50+02:00,95.9
2022-06-20 09:09:51+02:00,95.9
2022-06-20 09:10:51+02:00,95.8
2022-06-20 09:11:51+02:00,95.8
2022-06-20 09:12:51+02:00,95.8
2022-06-20 09:13:51+02:00,95.8
2022-06-20 09:14:51+02:00,96.0
2022-06-20 09:15:51+02:00,96.1
2022-06-20 09:16:51+02:00,96.1
2022-06-20 09:17:52+02:00,96.2
2022-06-20 09:18:52+02:00,50.0
2022-06-20 09:19:52+02:00,96.1
2022-06-20 09:20:52+02:00,95.9
2022-06-20 09:21:52+02:00,95.8
2022-06-20 09:22:52+02:00,95.8
2022-06-20 09:23:52+02:00,95.7
2022-06-20 09:24:52+02:00,95.7
2022-06-20 09:25:52+02:00,95.7
2022-06-20 09:26:52+02:00,95.7
2022-06-20 09:27:53+02:00,95.7
2022-06-20 09:28:53+02:00,95.7
2022-06-20 09:29:53+02:00,95.9
2022-06-20 09:30:53+02:00,96.1
2022-06-20 09:31:53+02:00,96.2
2022-06-20 09:32:53+02:00,96.1
2022-06-20 09:33:53+02:00,96.2
2022-06-20 09:34:53+02:00,96.3
2022-06-20 09:35:53+02:00,96.1
2022-06-20 09:36:53+02:00,96.1
2022-06-20 09:37:53+02:00,96.1
2022-06-20 09:38:54+02:00,96.1
2022-06-20 09:39:54+02:00,96.0
2022-06-20 09:40:54+02:00,95.9
2022-06-20 09:41:54+02:00,95.9
2022-06-20 09:42:54+02:00,95.7
2022-06-20 09:43:54+02:00,95.8
2022-06-20 09:44:54+02:00,95.7
2022-06-20 09:45:54+02:00,50.0
2022-06-20 09:46:54+02:00,50.0
2022-06-20 09:47:54+02:00,50.0
2022-06-20 09:48:54+02:00,50.0
2022-06-20 09:49:55+02:00,95.6
2022-06-20 09:50:55+02:00,95.6
2022-06-20 09:51:55+02:00,95.5
2022-06-20 09:52:55+02:00,95.4
2022-06-20 09:53:55+02:00,95.4
2022-06-20 09:54:55+02:00,95.4
2022-06-20 09:55:55+02:00,95.5
2022-06-20 09:56:55+02:00,95.6
2022-06-20 09:57:55+02:00,95.6
2022-06-20 09:58:55+02:00,95.6
2022-06-20 09:59:56+02:00,95.6
2022-06-20 10:00:56+02:00,95.6
2022-06-20 10:01:56+02:00,95.6
2022-06-20 10:02:56+02:00,95.6
2022-06-20 10:03:56+02:00,95.6
2022-06-20 10:04:56+02:00,95.7
2022-06-20 10:05:57+02:00,95.7
2022-06-20 10:06:57+02:00,95.7
2022-06-20 10:07:57+02:00,95.6
2022-06-20 10:08:57+02:00,95.6
2022-06-20 10:09:57+02:00,95.6
2022-06-20 10:10:57+02:00,50.0
2022-06-20 10:11:57+02:00,95.5
2022-06-20 10:12:57+02:00,95.9
2022-06-20 10:13:58+02:00,96.2
2022-06-20 10:14:58+02:00,50.0
2022-06-20 10:15:58+02:00,96.3
2022-06-20 10:16:58+02:00,96.2
2022-06-20 10:17:58+02:00,96.1
2022-06-20 10:18:58+02:00,50.0
2022-06-20 10:19:59+02:00,96.5
2022-06-20 10:20:59+02:00,96.1
2022-06-20 10:21:59+02:00,96.0
2022-06-20 10:22:59+02:00,95.9
2022-06-20 10:23:59+02:00,96.0
2022-06-20 10:24:59+02:00,96.1
2022-06-20 10:25:59+02:00,96.0
2022-06-20 10:27:00+02:00,96.1
2022-06-20 10:28:00+02:00,96.1
2022-06-20 10:29:00+02:00,50.0
2022-06-20 10:30:00+02:00,95.9
2022-06-20 10:31:00+02:00,50.0
2022-06-20 10:32:00+02:00,95.7
2022-06-20 10:33:00+02:00,95.6
2022-06-20 10:34:01+02:00,95.6
2022-06-20 10:35:01+02:00,95.6
2022-06-20 10:36:01+02:00,95.7
2022-06-20 10:37:01+02:00,95.6
2022-06-20 10:38:01+02:00,95.7
2022-06-20 10:39:01+02:00,50.0
2022-06-20 10:40:01+02:00,50.0
2022-06-20 10:41:01+02:00,50.0
2022-06-20 10:42:01+02:00,95.4
2022-06-20 10:43:01+02:00,50.0
2022-06-20 10:44:02+02:00,95.5
2022-06-20 10:45:02+02:00,50.0
2022-06-20 10:46:02+02:00,95.1
2022-06-20 10:47:02+02:00,95.0
2022-06-20 10:48:02+02:00,95.0
2022-06-20 10:49:02+02:00,50.0
2022-06-20 10:50:02+02:00,50.0
2022-06-20 10:51:02+02:00,50.0
2022-06-20 10:52:03+02:00,95.2
2022-06-20 10:53:03+02:00,95.3
2022-06-20 10:54:03+02:00,95.2
2022-06-20 10:55:03+02:00,95.7
2022-06-20 10:56:03+02:00,50.0
2022-06-20 10:57:03+02:00,95.9
2022-06-20 10:58:03+02:00,96.0
2022-06-20 10:59:03+02:00,50.0
2022-06-20 11:00:04+02:00,50.0
2022-06-20 11:01:04+02:00,50.0
2022-06-20 11:02:04+02:00,50.0
2022-06-20 11:03:04+02:00,50.0
2022-06-20 11:04:04+02:00,50.0
2022-06-20 11:05:04+02:00,50.0
2022-06-20 11:06:04+02:00,50.0
2022-06-20 11:07:04+02:00,50.0
2022-06-20 11:08:04+02:00,50.0
2022-06-20 11:09:04+02:00,50.0
2022-06-20 11:10:04+02:00,50.0
2022-06-20 11:11:05+02:00,50.0
2022-06-20 11:12:05+02:00,50.0
2022-06-20 11:13:05+02:00,50.0
2022-06-20 11:14:05+02:00,50.0
2022-06-20 11:15:05+02:00,95.7
2022-06-20 11:16:05+02:00,50.0
2022-06-20 11:17:05+02:00,50.0
2022-06-20 11:18:05+02:00,50.0
2022-06-20 11:19:05+02:00,50.0
2022-06-20 11:20:06+02:00,50.0
2022-06-20 11:21:06+02:00,95.7
2022-06-20 11:22:06+02:00,95.9
2022-06-20 11:23:06+02:00,96.0
2022-06-20 11:24:06+02:00,50.0
2022-06-20 11:25:06+02:00,50.0
2022-06-20 11:26:06+02:00,50.0
2022-06-20 11:27:07+02:00,50.0
2022-06-20 11:28:07+02:00,50.0
2022-06-20 11:29:07+02:00,50.0
2022-06-20 11:30:07+02:00,96.0
2022-06-20 11:31:07+02:00,50.0
2022-06-20 11:32:07+02:00,50.0
2022-06-20 11:33:08+02:00,50.0
2022-06-20 11:34:08+02:00,96.3
2022-06-20 11:35:08+02:00,50.0
2022-06-21 02:19:00+02:00,50.0
2022-06-21 02:20:00+02:00,50.0
2022-06-21 02:21:00+02:00,50.0
2022-06-21 02:22:00+02:00,50.0
2022-06-21 02:23:00+02:00,50.0
2022-06-21 02:24:00+02:00,50.0
2022-06-21 02:25:00+02:00,50.0
2022-06-21 02:26:00+02:00,50.0
2022-06-21 02:27:00+02:00,50.0
2022-06-21 02:28:00+02:00,50.0
2022-06-21 02:29:00+02:00,95.1
2022-06-21 02:30:00+02:00,95.5
2022-06-21 02:31:01+02:00,95.7
2022-06-21 02:32:01+02:00,50.0
2022-06-21 02:33:01+02:00,95.9
2022-06-21 02:34:01+02:00,96.2
2022-06-21 02:35:01+02:00,96.3
2022-06-21 02:36:01+02:00,50.0
2022-06-21 02:37:01+02:00,50.0
2022-06-21 02:38:01+02:00,96.4
2022-06-21 02:39:01+02:00,96.7
2022-06-21 02:40:02+02:00,96.8
2022-06-21 02:41:02+02:00,96.7
2022-06-21 02:42:02+02:00,96.7
2022-06-21 02:43:02+02:00,96.7
2022-06-21 02:44:02+02:00,96.6
2022-06-21 02:45:02+02:00,96.6
2022-06-21 02:46:02+02:00,96.6
2022-06-21 02:47:03+02:00,96.6
2022-06-21 02:48:03+02:00,96.6
2022-06-21 02:49:03+02:00,96.6
2022-06-21 02:50:03+02:00,96.6
2022-06-21 02:51:03+02:00,96.1
2022-06-21 02:52:03+02:00,95.6
2022-06-21 02:53:03+02:00,95.6
2022-06-21 02:54:04+02:00,95.6
2022-06-21 02:55:04+02:00,95.3
2022-06-21 02:56:04+02:00,94.9
2022-06-21 02:57:04+02:00,94.7
2022-06-21 02:58:04+02:00,94.7
2022-06-21 02:59:04+02:00,94.6
2022-06-21 03:00:04+02:00,94.5
2022-06-21 03:01:05+02:00,94.2
2022-06-21 03:02:05+02:00,94.2
2022-06-21 03:03:05+02:00,94.1
2022-06-21 03:04:05+02:00,94.6
2022-06-21 03:05:05+02:00,94.6
2022-06-21 03:06:05+02:00,94.7
2022-06-21 03:07:05+02:00,94.4
2022-06-21 03:08:05+02:00,94.3
2022-06-21 03:09:05+02:00,94.2
2022-06-21 03:10:06+02:00,94.2
2022-06-21 03:11:06+02:00,94.1
2022-06-21 03:12:06+02:00,94.8
2022-06-21 03:13:06+02:00,94.9
2022-06-21 03:14:06+02:00,95.1
2022-06-21 03:15:06+02:00,94.9
2022-06-21 03:16:07+02:00,94.7
2022-06-21 03:17:07+02:00,94.5
2022-06-21 03:18:07+02:00,94.5
2022-06-21 03:19:07+02:00,94.3
2022-06-21 03:20:07+02:00,94.4
2022-06-21 03:21:07+02:00,94.5
2022-06-21 03:22:07+02:00,94.6
2022-06-21 03:23:08+02:00,50.0
2022-06-21 03:24:08+02:00,94.7
2022-06-21 03:25:08+02:00,50.0
2022-06-21 03:26:08+02:00,95.0
2022-06-21 03:27:08+02:00,95.3
2022-06-21 03:28:08+02:00,95.4
2022-06-21 03:29:08+02:00,95.7
2022-06-21 03:30:09+02:00,95.9
2022-06-21 03:31:09+02:00,50.0
2022-06-21 03:32:09+02:00,96.1
2022-06-21 03:33:09+02:00,96.1
2022-06-21 03:34:09+02:00,96.1
2022-06-21 03:35:09+02:00,96.2
2022-06-21 03:36:10+02:00,96.3
2022-06-21 03:37:10+02:00,96.2
2022-06-21 03:38:10+02:00,50.0
2022-06-21 03:39:10+02:00,50.0
2022-06-21 03:40:10+02:00,96.3
2022-06-21 03:41:10+02:00,96.2
2022-06-21 03:42:10+02:00,96.1
2022-06-21 03:43:10+02:00,96.0
2022-06-21 03:44:11+02:00,95.9
2022-06-21 03:45:11+02:00,95.8
2022-06-21 03:46:11+02:00,95.8
2022-06-21 03:47:11+02:00,95.8
2022-06-21 03:48:11+02:00,95.7
2022-06-21 03:49:11+02:00,95.6
2022-06-21 03:50:12+02:00,95.7
2022-06-21 03:51:12+02:00,95.6
2022-06-21 03:52:12+02:00,95.6
2022-06-21 03:53:12+02:00,95.5
2022-06-21 03:54:12+02:00,95.5
2022-06-21 03:55:12+02:00,95.5
2022-06-21 03:56:12+02:00,95.4
2022-06-21 03:57:13+02:00,95.5
2022-06-21 03:58:13+02:00,95.4
2022-06-21 03:59:13+02:00,95.4
2022-06-21 04:00:13+02:00,95.5
2022-06-21 04:01:13+02:00,95.4
2022-06-21 04:02:13+02:00,95.4
2022-06-21 04:03:13+02:00,95.4
2022-06-21 04:04:14+02:00,95.5
2022-06-21 04:05:14+02:00,95.5
2022-06-21 04:06:14+02:00,95.5
2022-06-21 04:07:14+02:00,95.5
2022-06-21 04:08:14+02:00,95.5
2022-06-21 04:09:14+02:00,95.6
2022-06-21 04:10:15+02:00,95.6
2022-06-21 04:11:15+02:00,95.5
2022-06-21 04:12:15+02:00,95.5
2022-06-21 04:13:15+02:00,95.6
2022-06-21 04:14:15+02:00,95.6
2022-06-21 04:15:15+02:00,95.6
2022-06-21 04:16:15+02:00,95.6
2022-06-21 04:17:16+02:00,95.6
2022-06-21 04:18:16+02:00,95.6
2022-06-21 04:19:16+02:00,95.6
2022-06-21 04:20:16+02:00,95.6
2022-06-21 04:21:16+02:00,95.6
2022-06-21 04:22:16+02:00,95.6
2022-06-21 04:23:16+02:00,95.6
2022-06-21 04:24:17+02:00,95.6
2022-06-21 04:25:17+02:00,95.6
2022-06-21 04:26:17+02:00,95.6
2022-06-21 04:27:17+02:00,50.0
2022-06-21 04:28:17+02:00,95.6
2022-06-21 04:29:17+02:00,95.7
2022-06-21 04:30:18+02:00,95.9
2022-06-21 04:31:18+02:00,50.0
2022-06-21 04:32:18+02:00,95.9
2022-06-21 04:33:18+02:00,96.0
2022-06-21 04:34:18+02:00,96.0
2022-06-21 04:35:18+02:00,96.1
2022-06-21 04:36:19+02:00,96.1
2022-06-21 04:37:19+02:00,96.2
2022-06-21 04:38:19+02:00,96.2
2022-06-21 04:39:19+02:00,96.2
2022-06-21 04:40:19+02:00,50.0
2022-06-21 04:41:19+02:00,95.8
2022-06-21 04:42:19+02:00,95.5
2022-06-21 04:43:20+02:00,50.0
2022-06-21 04:44:20+02:00,95.2
2022-06-21 04:45:20+02:00,95.4
2022-06-21 04:46:20+02:00,50.0
2022-06-21 04:47:20+02:00,95.8
2022-06-21 04:48:20+02:00,96.0
2022-06-21 04:49:20+02:00,96.2
2022-06-21 04:50:21+02:00,96.3
2022-06-21 04:51:21+02:00,50.0
2022-06-21 04:52:21+02:00,96.6
2022-06-21 04:53:21+02:00,96.7
2022-06-21 04:54:21+02:00,96.8
2022-06-21 04:55:21+02:00,50.0
2022-06-21 04:56:21+02:00,96.8
2022-06-21 04:57:22+02:00,96.8
2022-06-21 04:58:22+02:00,96.8
2022-06-21 04:59:22+02:00,96.9
2022-06-21 05:00:22+02:00,97.0
2022-06-21 05:01:22+02:00,97.0
2022-06-21 05:02:22+02:00,97.1
2022-06-21 05:03:23+02:00,97.1
2022-06-21 05:04:23+02:00,97.1
2022-06-21 05:05:23+02:00,97.1
2022-06-21 05:06:23+02:00,97.1
2022-06-21 05:07:23+02:00,97.1
2022-06-21 05:08:23+02:00,97.1
2022-06-21 05:09:23+02:00,97.1
2022-06-21 05:10:24+02:00,97.2
2022-06-21 05:11:24+02:00,50.0
2022-06-21 05:12:24+02:00,50.0
2022-06-21 05:13:24+02:00,96.9
2022-06-21 05:14:24+02:00,97.1
2022-06-21 05:15:24+02:00,97.4
2022-06-21 05:16:25+02:00,97.2
2022-06-21 05:17:25+02:00,97.3
2022-06-21 05:18:25+02:00,97.3
2022-06-21 05:19:25+02:00,50.0
2022-06-21 05:20:25+02:00,97.1
2022-06-21 05:21:25+02:00,96.7
2022-06-21 05:22:25+02:00,96.5
2022-06-21 05:23:25+02:00,96.3
2022-06-21 05:24:26+02:00,96.3
2022-06-21 05:25:26+02:00,96.2
2022-06-21 05:26:26+02:00,96.2
2022-06-21 05:27:26+02:00,96.1
2022-06-21 05:28:26+02:00,96.2
2022-06-21 05:29:26+02:00,96.2
2022-06-21 05:30:27+02:00,96.1
2022-06-21 05:31:27+02:00,96.2
2022-06-21 05:32:27+02:00,50.0
2022-06-21 05:33:27+02:00,96.2
2022-06-21 05:34:27+02:00,96.1
2022-06-21 05:35:27+02:00,96.0
2022-06-21 05:36:28+02:00,96.0
2022-06-21 05:37:28+02:00,95.8
2022-06-21 05:38:28+02:00,95.7
2022-06-21 05:39:28+02:00,95.8
2022-06-21 05:40:28+02:00,95.9
2022-06-21 05:41:28+02:00,95.9
2022-06-21 05:42:28+02:00,95.9
2022-06-21 05:43:29+02:00,95.9
2022-06-21 05:44:29+02:00,95.9
2022-06-21 05:45:29+02:00,95.9
2022-06-21 05:46:29+02:00,96.0
2022-06-21 05:47:29+02:00,96.0
2022-06-21 05:48:29+02:00,96.0
2022-06-21 05:49:29+02:00,50.0
2022-06-21 05:50:30+02:00,96.0
2022-06-21 05:51:30+02:00,95.6
2022-06-21 05:52:30+02:00,95.3
2022-06-21 05:53:30+02:00,95.1
2022-06-21 05:54:30+02:00,50.0
2022-06-21 05:55:30+02:00,95.3
2022-06-21 05:56:30+02:00,95.6
2022-06-21 05:57:31+02:00,95.8
2022-06-21 05:58:31+02:00,95.7
2022-06-21 05:59:31+02:00,95.8
2022-06-21 06:00:31+02:00,95.6
2022-06-21 06:01:31+02:00,95.5
2022-06-21 06:02:31+02:00,95.4
2022-06-21 06:03:32+02:00,95.4
2022-06-21 06:04:32+02:00,95.4
2022-06-21 06:05:32+02:00,95.3
2022-06-21 06:06:32+02:00,95.2
2022-06-21 06:07:32+02:00,95.2
2022-06-21 06:08:32+02:00,95.2
2022-06-21 06:09:32+02:00,95.2
2022-06-21 06:10:33+02:00,95.2
2022-06-21 06:11:33+02:00,95.2
2022-06-21 06:12:33+02:00,95.2
2022-06-21 06:13:33+02:00,95.2
2022-06-21 06:14:33+02:00,95.4
2022-06-21 06:15:33+02:00,95.3
2022-06-21 06:16:33+02:00,95.3
2022-06-21 06:17:34+02:00,95.2
2022-06-21 06:18:34+02:00,95.2
2022-06-21 06:19:34+02:00,95.2
2022-06-21 06:20:34+02:00,95.1
2022-06-21 06:21:34+02:00,95.0
2022-06-21 06:22:34+02:00,95.0
2022-06-21 06:23:34+02:00,50.0
2022-06-21 06:24:35+02:00,50.0
2022-06-21 06:25:35+02:00,95.3
2022-06-21 06:26:35+02:00,95.3
2022-06-21 06:27:35+02:00,95.2
2022-06-21 06:28:35+02:00,95.5
2022-06-21 06:29:35+02:00,95.4
2022-06-21 06:30:36+02:00,95.5
2022-06-21 06:31:36+02:00,95.5
2022-06-21 06:32:36+02:00,95.4
2022-06-21 06:33:36+02:00,95.5
2022-06-21 06:34:36+02:00,95.4
2022-06-21 06:35:36+02:00,95.5
2022-06-21 06:36:37+02:00,95.5
2022-06-21 06:37:37+02:00,95.5
2022-06-21 06:38:37+02:00,95.7
2022-06-21 06:39:37+02:00,95.9
2022-06-21 06:40:37+02:00,96.0
2022-06-21 06:41:37+02:00,96.1
2022-06-21 06:42:37+02:00,96.2
2022-06-21 06:43:38+02:00,96.3
2022-06-21 06:44:38+02:00,96.4
2022-06-21 06:45:38+02:00,96.5
2022-06-21 06:46:38+02:00,96.7
2022-06-21 06:47:38+02:00,50.0
2022-06-21 06:48:38+02:00,96.3
2022-06-21 06:49:38+02:00,96.4
2022-06-21 06:50:39+02:00,96.5
2022-06-21 06:51:39+02:00,96.6
2022-06-21 06:52:39+02:00,50.0
2022-06-21 06:53:39+02:00,96.1
2022-06-21 06:54:39+02:00,96.1
2022-06-21 06:55:39+02:00,96.3
2022-06-21 06:56:40+02:00,96.4
2022-06-21 06:57:40+02:00,96.5
2022-06-21 06:58:40+02:00,96.8
2022-06-21 06:59:40+02:00,97.1
2022-06-21 07:00:40+02:00,97.3
2022-06-21 07:01:40+02:00,97.7
2022-06-21 07:02:41+02:00,50.0
2022-06-21 07:03:41+02:00,97.6
2022-06-21 07:04:41+02:00,97.2
2022-06-21 07:05:41+02:00,97.1
2022-06-21 07:06:41+02:00,50.0
2022-06-21 07:07:41+02:00,97.0
2022-06-21 07:08:41+02:00,96.9
2022-06-21 07:09:42+02:00,96.8
2022-06-21 07:10:42+02:00,96.7
2022-06-21 07:11:42+02:00,96.8
2022-06-21 07:12:42+02:00,96.6
2022-06-21 07:13:42+02:00,96.6
2022-06-21 07:14:42+02:00,96.5
2022-06-21 07:15:42+02:00,96.4
2022-06-21 07:16:43+02:00,96.3
2022-06-21 07:17:43+02:00,95.8
2022-06-21 07:18:43+02:00,95.2
2022-06-21 07:19:43+02:00,50.0
2022-06-21 07:20:43+02:00,95.6
2022-06-21 07:21:43+02:00,95.7
2022-06-21 07:22:44+02:00,96.0
2022-06-21 07:23:44+02:00,96.3
2022-06-21 07:24:44+02:00,96.3
2022-06-21 07:25:44+02:00,96.4
2022-06-21 07:26:44+02:00,50.0
2022-06-21 07:27:44+02:00,96.0
2022-06-21 07:28:44+02:00,95.3
2022-06-21 07:29:45+02:00,94.8
2022-06-21 07:30:45+02:00,94.3
2022-06-21 07:31:45+02:00,95.0
2022-06-21 07:32:45+02:00,95.4
2022-06-21 07:33:45+02:00,95.8
2022-06-21 07:34:45+02:00,96.0
2022-06-21 07:35:46+02:00,96.1
2022-06-21 07:36:46+02:00,96.2
2022-06-21 07:37:46+02:00,96.3
2022-06-21 07:38:46+02:00,96.3
2022-06-21 07:39:46+02:00,50.0
2022-06-21 07:40:46+02:00,96.4
2022-06-21 07:41:46+02:00,96.5
2022-06-21 07:42:47+02:00,96.5
2022-06-21 07:43:47+02:00,50.0
2022-06-21 07:44:47+02:00,96.5
2022-06-21 07:45:47+02:00,96.5
2022-06-21 07:46:47+02:00,96.5
2022-06-21 07:47:47+02:00,96.5
2022-06-21 07:48:48+02:00,96.5
2022-06-21 07:49:48+02:00,96.5
2022-06-21 07:50:48+02:00,96.5
2022-06-21 07:51:48+02:00,50.0
2022-06-21 07:52:48+02:00,96.6
2022-06-21 07:53:48+02:00,96.7
2022-06-21 07:54:49+02:00,96.7
2022-06-21 07:55:49+02:00,96.7
2022-06-21 07:56:49+02:00,96.6
2022-06-21 07:57:49+02:00,96.7
2022-06-21 07:58:49+02:00,96.7
2022-06-21 07:59:49+02:00,96.7
2022-06-21 08:00:49+02:00,96.7
2022-06-21 08:01:50+02:00,96.7
2022-06-21 08:02:50+02:00,50.0
2022-06-21 08:03:50+02:00,96.2
2022-06-21 08:04:50+02:00,95.6
2022-06-21 08:05:50+02:00,95.5
2022-06-21 08:06:50+02:00,50.0
2022-06-21 08:07:50+02:00,94.8
2022-06-21 08:08:50+02:00,95.1
2022-06-21 08:09:50+02:00,95.6
2022-06-21 08:10:50+02:00,95.9
2022-06-21 08:11:50+02:00,95.9
2022-06-21 08:12:51+02:00,96.2
2022-06-21 08:13:51+02:00,96.4
2022-06-21 08:14:51+02:00,96.6
2022-06-21 08:15:51+02:00,50.0
2022-06-21 08:16:51+02:00,50.0
2022-06-21 08:17:51+02:00,96.7
2022-06-21 08:18:51+02:00,96.8
2022-06-21 08:19:51+02:00,96.8
2022-06-21 08:20:51+02:00,96.9
2022-06-21 08:21:52+02:00,96.9
2022-06-21 08:22:52+02:00,50.0
2022-06-21 08:23:52+02:00,97.1
2022-06-21 08:24:52+02:00,97.1
2022-06-21 08:25:52+02:00,97.2
2022-06-21 08:26:52+02:00,97.2
2022-06-21 08:27:52+02:00,97.2
2022-06-21 08:28:52+02:00,97.1
2022-06-21 08:29:53+02:00,50.0
2022-06-21 08:30:53+02:00,96.8
2022-06-21 08:31:53+02:00,96.7
2022-06-21 08:32:53+02:00,50.0
2022-06-21 08:33:53+02:00,96.8
2022-06-21 08:34:53+02:00,96.9
2022-06-21 08:35:53+02:00,96.9
2022-06-21 08:36:53+02:00,97.0
2022-06-21 08:37:53+02:00,97.1
2022-06-21 08:38:54+02:00,97.2
2022-06-21 08:39:54+02:00,97.1
2022-06-21 08:40:54+02:00,97.0
2022-06-21 08:41:54+02:00,97.0
2022-06-21 08:42:54+02:00,97.0
2022-06-21 08:43:54+02:00,97.1
2022-06-21 08:44:54+02:00,97.1
2022-06-21 08:45:54+02:00,50.0
2022-06-21 08:46:54+02:00,97.0
2022-06-21 08:47:55+02:00,96.8
2022-06-21 08:48:55+02:00,50.0
2022-06-21 08:49:55+02:00,96.7
2022-06-21 08:50:55+02:00,96.7
2022-06-21 08:51:55+02:00,96.6
2022-06-21 08:52:55+02:00,96.5
2022-06-21 08:53:55+02:00,96.5
2022-06-21 08:54:56+02:00,96.4
2022-06-21 08:55:56+02:00,96.5
2022-06-21 08:56:56+02:00,96.5
2022-06-21 08:57:56+02:00,96.5
2022-06-21 08:58:56+02:00,96.5
2022-06-21 08:59:56+02:00,96.5
2022-06-21 09:00:56+02:00,96.4
2022-06-21 09:01:57+02:00,96.4
2022-06-21 09:02:57+02:00,96.4
2022-06-21 09:03:57+02:00,96.5
2022-06-21 09:04:57+02:00,96.4
2022-06-21 09:05:57+02:00,96.5
2022-06-21 09:06:57+02:00,96.5
2022-06-21 09:07:57+02:00,96.4
2022-06-21 09:08:58+02:00,96.4
2022-06-21 09:09:58+02:00,96.4
2022-06-21 09:10:58+02:00,96.5
2022-06-21 09:11:58+02:00,96.5
2022-06-21 09:12:58+02:00,96.5
2022-06-21 09:13:58+02:00,96.5
2022-06-21 09:14:59+02:00,96.5
2022-06-21 09:15:59+02:00,96.5
2022-06-21 09:16:59+02:00,96.5
2022-06-21 09:17:59+02:00,96.5
2022-06-21 09:18:59+02:00,96.4
2022-06-21 09:19:59+02:00,96.4
2022-06-21 09:21:00+02:00,96.3
2022-06-21 09:22:00+02:00,96.3
2022-06-21 09:23:00+02:00,96.3
2022-06-21 09:24:00+02:00,96.3
2022-06-21 09:25:00+02:00,96.2
2022-06-21 09:26:00+02:00,96.3
2022-06-21 09:27:00+02:00,96.3
2022-06-21 09:28:01+02:00,96.3
2022-06-21 09:29:01+02:00,96.4
2022-06-21 09:30:01+02:00,96.4
2022-06-21 09:31:01+02:00,96.4
2022-06-21 09:32:01+02:00,96.5
2022-06-21 09:33:01+02:00,96.5
2022-06-21 09:34:01+02:00,96.4
2022-06-21 09:35:02+02:00,96.5
2022-06-21 09:36:02+02:00,96.6
2022-06-21 09:37:02+02:00,96.7
2022-06-21 09:38:02+02:00,96.7
2022-06-21 09:39:02+02:00,96.6
2022-06-21 09:40:02+02:00,96.6
2022-06-21 09:41:02+02:00,96.7
2022-06-21 09:42:02+02:00,50.0
2022-06-21 09:43:03+02:00,96.6
2022-06-21 09:44:03+02:00,96.5
2022-06-21 09:45:03+02:00,96.5
2022-06-21 09:46:03+02:00,96.6
2022-06-21 09:47:03+02:00,96.7
2022-06-21 09:48:03+02:00,96.6
2022-06-21 09:49:04+02:00,96.5
2022-06-21 09:50:04+02:00,96.6
2022-06-21 09:51:04+02:00,96.8
2022-06-21 09:52:04+02:00,96.9
2022-06-21 09:53:04+02:00,96.8
2022-06-21 09:54:04+02:00,96.9
2022-06-21 09:55:04+02:00,96.9
2022-06-21 09:56:05+02:00,96.9
2022-06-21 09:57:05+02:00,97.0
2022-06-21 09:58:05+02:00,96.9
2022-06-21 09:59:05+02:00,96.9
2022-06-21 10:00:05+02:00,97.0
2022-06-21 10:01:05+02:00,97.0
2022-06-21 10:02:05+02:00,96.9
2022-06-21 10:03:05+02:00,97.0
2022-06-21 10:04:05+02:00,97.1
2022-06-21 10:05:06+02:00,97.1
2022-06-21 10:06:06+02:00,97.0
2022-06-21 10:07:06+02:00,97.0
2022-06-21 10:08:06+02:00,96.9
2022-06-21 10:09:06+02:00,50.0
2022-06-21 10:10:06+02:00,96.7
2022-06-21 10:11:06+02:00,96.6
2022-06-21 10:12:07+02:00,96.0
2022-06-21 10:13:07+02:00,50.0
2022-06-21 10:14:07+02:00,50.0
2022-06-21 10:15:07+02:00,95.5
2022-06-21 10:16:07+02:00,95.9
2022-06-21 10:17:07+02:00,50.0
2022-06-21 10:18:08+02:00,50.0
2022-06-21 10:19:08+02:00,50.0
2022-06-21 10:20:08+02:00,95.9
2022-06-21 10:21:08+02:00,50.0
2022-06-21 10:22:08+02:00,50.0
2022-06-21 10:23:08+02:00,50.0
2022-06-21 10:24:08+02:00,95.9
2022-06-21 10:25:09+02:00,94.5
2022-06-21 10:26:09+02:00,50.0
2022-06-21 10:27:09+02:00,50.0
2022-06-21 10:28:09+02:00,94.7
2022-06-21 10:29:09+02:00,50.0
2022-06-21 10:30:09+02:00,50.0
2022-06-21 10:31:09+02:00,50.0
2022-06-21 10:32:10+02:00,50.0
2022-06-21 10:33:10+02:00,50.0
2022-06-21 10:34:10+02:00,50.0
2022-06-21 10:35:10+02:00,50.0
2022-06-21 10:36:10+02:00,50.0
2022-06-21 10:37:11+02:00,50.0
2022-06-21 10:38:11+02:00,50.0
2022-06-21 10:39:11+02:00,50.0
2022-06-21 10:40:11+02:00,50.0
2022-06-21 10:41:11+02:00,50.0
2022-06-21 10:42:11+02:00,50.0
2022-06-21 10:43:11+02:00,50.0
2022-06-21 10:44:11+02:00,50.0
2022-06-21 10:45:11+02:00,50.0
2022-06-21 10:46:12+02:00,50.0
2022-06-21 10:47:12+02:00,50.0
2022-06-21 10:48:12+02:00,50.0
2022-06-21 10:49:12+02:00,50.0
2022-06-21 10:50:12+02:00,50.0
2022-06-21 10:51:13+02:00,50.0
2022-06-21 10:52:13+02:00,50.0
2022-06-22 00:57:30+02:00,50.0
2022-06-22 00:58:30+02:00,50.0
2022-06-22 00:59:30+02:00,95.8
2022-06-22 01:00:30+02:00,50.0
2022-06-22 01:01:30+02:00,95.9
2022-06-22 01:02:30+02:00,50.0
2022-06-22 01:03:30+02:00,50.0
2022-06-22 01:04:30+02:00,50.0
2022-06-22 01:05:30+02:00,94.6
2022-06-22 01:06:30+02:00,94.9
2022-06-22 01:07:30+02:00,94.7
2022-06-22 01:08:30+02:00,94.6
2022-06-22 01:09:31+02:00,94.8
2022-06-22 01:10:31+02:00,50.0
2022-06-22 01:11:31+02:00,95.0
2022-06-22 01:12:31+02:00,94.9
2022-06-22 01:13:31+02:00,50.0
2022-06-22 01:14:31+02:00,94.6
2022-06-22 01:15:32+02:00,94.4
2022-06-22 01:16:32+02:00,94.2
2022-06-22 01:17:32+02:00,93.5
2022-06-22 01:18:32+02:00,93.0
2022-06-22 01:19:32+02:00,92.4
2022-06-22 01:20:32+02:00,92.5
2022-06-22 01:21:32+02:00,92.6
2022-06-22 01:22:33+02:00,93.7
2022-06-22 01:23:33+02:00,94.1
2022-06-22 01:24:33+02:00,50.0
2022-06-22 01:25:33+02:00,94.6
2022-06-22 01:26:33+02:00,94.8
2022-06-22 01:27:33+02:00,95.0
2022-06-22 01:28:33+02:00,95.1
2022-06-22 01:29:34+02:00,95.2
2022-06-22 01:30:34+02:00,95.3
2022-06-22 01:31:34+02:00,95.3
2022-06-22 01:32:34+02:00,95.4
2022-06-22 01:33:34+02:00,95.4
2022-06-22 01:34:34+02:00,95.4
2022-06-22 01:35:35+02:00,95.4
2022-06-22 01:36:35+02:00,95.4
2022-06-22 01:37:35+02:00,95.5
2022-06-22 01:38:35+02:00,95.5
2022-06-22 01:39:35+02:00,95.4
2022-06-22 01:40:35+02:00,95.4
2022-06-22 01:41:35+02:00,95.4
2022-06-22 01:42:36+02:00,95.4
2022-06-22 01:43:36+02:00,95.4
2022-06-22 01:44:36+02:00,95.5
2022-06-22 01:45:36+02:00,95.5
2022-06-22 01:46:36+02:00,95.4
2022-06-22 01:47:36+02:00,95.3
2022-06-22 01:48:36+02:00,95.2
2022-06-22 01:49:37+02:00,95.1
2022-06-22 01:50:37+02:00,95.1
2022-06-22 01:51:37+02:00,50.0
2022-06-22 01:52:37+02:00,95.2
2022-06-22 01:53:37+02:00,95.3
2022-06-22 01:54:37+02:00,95.3
2022-06-22 01:55:37+02:00,95.4
2022-06-22 01:56:38+02:00,95.6
2022-06-22 01:57:38+02:00,95.6
2022-06-22 01:58:38+02:00,50.0
2022-06-22 01:59:38+02:00,95.7
2022-06-22 02:00:38+02:00,95.8
2022-06-22 02:00:38+02:00,95.8
2022-06-22 02:01:38+02:00,95.8
2022-06-22 02:02:39+02:00,50.0
2022-06-22 02:03:39+02:00,95.2
2022-06-22 02:04:39+02:00,93.9
2022-06-22 02:05:39+02:00,92.9
2022-06-22 02:06:39+02:00,92.5
2022-06-22 02:07:39+02:00,92.3
2022-06-22 02:08:39+02:00,92.2
2022-06-22 02:09:40+02:00,91.9
2022-06-22 02:10:40+02:00,91.8
2022-06-22 02:11:40+02:00,91.7
2022-06-22 02:12:40+02:00,91.6
2022-06-22 02:13:40+02:00,91.7
2022-06-22 02:14:40+02:00,91.5
2022-06-22 02:15:40+02:00,91.9
2022-06-22 02:16:41+02:00,91.6
2022-06-22 02:17:41+02:00,91.6
2022-06-22 02:18:41+02:00,92.4
2022-06-22 02:19:41+02:00,92.5
2022-06-22 02:20:41+02:00,92.3
2022-06-22 02:21:41+02:00,92.1
2022-06-22 02:22:42+02:00,91.9
2022-06-22 02:23:42+02:00,91.8
2022-06-22 02:24:42+02:00,91.8
2022-06-22 02:25:42+02:00,91.7
2022-06-22 02:26:42+02:00,92.2
2022-06-22 02:27:42+02:00,92.1
2022-06-22 02:28:42+02:00,92.5
2022-06-22 02:29:43+02:00,92.5
2022-06-22 02:30:43+02:00,92.5
2022-06-22 02:31:43+02:00,92.6
2022-06-22 02:32:43+02:00,92.5
2022-06-22 02:33:43+02:00,93.0
2022-06-22 02:34:43+02:00,93.0
2022-06-22 02:35:43+02:00,92.9
2022-06-22 02:36:44+02:00,93.1
2022-06-22 02:37:44+02:00,93.2
2022-06-22 02:38:44+02:00,92.8
2022-06-22 02:39:44+02:00,92.8
2022-06-22 02:40:44+02:00,92.8
2022-06-22 02:41:44+02:00,92.9
2022-06-22 02:42:44+02:00,93.0
2022-06-22 02:43:45+02:00,92.9
2022-06-22 02:44:45+02:00,93.1
2022-06-22 02:45:45+02:00,92.9
2022-06-22 02:46:45+02:00,92.9
2022-06-22 02:47:45+02:00,92.9
2022-06-22 02:48:45+02:00,93.3
2022-06-22 02:49:45+02:00,93.3
2022-06-22 02:50:46+02:00,50.0
2022-06-22 02:51:46+02:00,93.8
2022-06-22 02:52:46+02:00,94.4
2022-06-22 02:53:46+02:00,94.7
2022-06-22 02:54:46+02:00,94.9
2022-06-22 02:55:46+02:00,95.1
2022-06-22 02:56:47+02:00,95.2
2022-06-22 02:57:47+02:00,50.0
2022-06-22 02:58:47+02:00,95.4
2022-06-22 02:59:47+02:00,95.6
2022-06-22 03:00:47+02:00,95.8
2022-06-22 03:01:47+02:00,95.9
2022-06-22 03:02:47+02:00,96.0
2022-06-22 03:03:48+02:00,96.0
2022-06-22 03:04:48+02:00,96.0
2022-06-22 03:05:48+02:00,96.0
2022-06-22 03:06:48+02:00,96.0
2022-06-22 03:07:48+02:00,96.0
2022-06-22 03:08:48+02:00,96.0
2022-06-22 03:09:48+02:00,96.0
2022-06-22 03:10:49+02:00,96.0
2022-06-22 03:11:49+02:00,96.0
2022-06-22 03:12:49+02:00,96.0
2022-06-22 03:13:49+02:00,96.0
2022-06-22 03:14:49+02:00,96.0
2022-06-22 03:15:49+02:00,50.0
2022-06-22 03:16:49+02:00,96.0
2022-06-22 03:17:50+02:00,50.0
2022-06-22 03:18:50+02:00,95.9
2022-06-22 03:19:50+02:00,50.0
2022-06-22 03:20:50+02:00,95.8
2022-06-22 03:21:50+02:00,95.5
2022-06-22 03:22:50+02:00,95.6
2022-06-22 03:23:50+02:00,95.6
2022-06-22 03:24:50+02:00,95.6
2022-06-22 03:25:50+02:00,95.3
2022-06-22 03:26:50+02:00,95.4
2022-06-22 03:27:51+02:00,95.2
2022-06-22 03:28:51+02:00,95.1
2022-06-22 03:29:51+02:00,94.8
2022-06-22 03:30:51+02:00,94.7
2022-06-22 03:31:51+02:00,94.6
2022-06-22 03:32:51+02:00,94.5
2022-06-22 03:33:51+02:00,94.7
2022-06-22 03:34:51+02:00,94.5
2022-06-22 03:35:51+02:00,94.9
2022-06-22 03:36:51+02:00,94.9
2022-06-22 03:37:51+02:00,94.9
2022-06-22 03:38:52+02:00,94.7
2022-06-22 03:39:52+02:00,94.9
2022-06-22 03:40:52+02:00,95.1
2022-06-22 03:41:52+02:00,95.3
2022-06-22 03:42:52+02:00,95.7
2022-06-22 03:43:52+02:00,95.9
2022-06-22 03:44:52+02:00,96.0
2022-06-22 03:45:52+02:00,95.9
2022-06-22 03:46:52+02:00,95.8
2022-06-22 03:47:52+02:00,95.9
2022-06-22 03:48:53+02:00,96.1
2022-06-22 03:49:53+02:00,96.2
2022-06-22 03:50:53+02:00,96.3
2022-06-22 03:51:53+02:00,96.3
2022-06-22 03:52:53+02:00,50.0
2022-06-22 03:53:53+02:00,96.6
2022-06-22 03:54:53+02:00,96.5
2022-06-22 03:55:53+02:00,96.4
2022-06-22 03:56:53+02:00,96.3
2022-06-22 03:57:53+02:00,96.3
2022-06-22 03:58:53+02:00,96.3
2022-06-22 03:59:54+02:00,96.3
2022-06-22 04:00:54+02:00,96.3
2022-06-22 04:01:54+02:00,96.4
2022-06-22 04:02:54+02:00,96.5
2022-06-22 04:03:54+02:00,96.2
2022-06-22 04:04:54+02:00,95.2
2022-06-22 04:05:54+02:00,95.2
2022-06-22 04:06:54+02:00,95.5
2022-06-22 04:07:54+02:00,95.8
2022-06-22 04:08:54+02:00,50.0
2022-06-22 04:09:55+02:00,96.0
2022-06-22 04:10:55+02:00,96.0
2022-06-22 04:11:55+02:00,96.1
2022-06-22 04:12:55+02:00,96.2
2022-06-22 04:13:55+02:00,96.2
2022-06-22 04:14:55+02:00,96.2
2022-06-22 04:15:55+02:00,96.3
2022-06-22 04:16:55+02:00,96.3
2022-06-22 04:17:55+02:00,96.3
2022-06-22 04:18:55+02:00,50.0
2022-06-22 04:19:56+02:00,50.0
2022-06-22 04:20:56+02:00,95.6
2022-06-22 04:21:56+02:00,95.1
2022-06-22 04:22:56+02:00,94.7
2022-06-22 04:23:56+02:00,95.0
2022-06-22 04:24:56+02:00,94.9
2022-06-22 04:25:56+02:00,95.1
2022-06-22 04:26:57+02:00,95.5
2022-06-22 04:27:57+02:00,50.0
2022-06-22 04:28:57+02:00,95.7
2022-06-22 04:29:57+02:00,95.7
2022-06-22 04:30:57+02:00,95.8
2022-06-22 04:31:57+02:00,96.0
2022-06-22 04:32:58+02:00,96.1
2022-06-22 04:33:58+02:00,96.1
2022-06-22 04:34:58+02:00,96.3
2022-06-22 04:35:58+02:00,96.4
2022-06-22 04:36:58+02:00,96.4
2022-06-22 04:37:58+02:00,96.5
2022-06-22 04:38:58+02:00,96.5
2022-06-22 04:39:59+02:00,50.0
2022-06-22 04:40:59+02:00,96.5
2022-06-22 04:41:59+02:00,96.4
2022-06-22 04:42:59+02:00,96.3
2022-06-22 04:43:59+02:00,96.3
2022-06-22 04:44:59+02:00,96.1
2022-06-22 04:45:59+02:00,50.0
2022-06-22 04:47:00+02:00,96.3
2022-06-22 04:48:00+02:00,96.2
2022-06-22 04:49:00+02:00,96.6
2022-06-22 04:50:00+02:00,97.0
2022-06-22 04:51:00+02:00,96.8
2022-06-22 04:52:00+02:00,96.8
2022-06-22 04:53:00+02:00,96.8
2022-06-22 04:54:00+02:00,96.8
2022-06-22 04:55:01+02:00,96.8
2022-06-22 04:56:01+02:00,96.8
2022-06-22 04:57:01+02:00,50.0
2022-06-22 04:58:01+02:00,96.6
2022-06-22 04:59:01+02:00,96.5
2022-06-22 05:00:01+02:00,96.4
2022-06-22 05:01:01+02:00,50.0
2022-06-22 05:02:01+02:00,96.5
2022-06-22 05:03:02+02:00,96.4
2022-06-22 05:04:02+02:00,96.3
2022-06-22 05:05:02+02:00,96.1
2022-06-22 05:06:02+02:00,96.1
2022-06-22 05:07:02+02:00,96.1
2022-06-22 05:08:02+02:00,96.0
2022-06-22 05:09:02+02:00,95.8
2022-06-22 05:10:02+02:00,95.7
2022-06-22 05:11:02+02:00,95.4
2022-06-22 05:12:03+02:00,95.4
2022-06-22 05:13:03+02:00,95.2
2022-06-22 05:14:03+02:00,94.9
2022-06-22 05:15:03+02:00,94.9
2022-06-22 05:16:03+02:00,94.7
2022-06-22 05:17:03+02:00,50.0
2022-06-22 05:18:03+02:00,95.0
2022-06-22 05:19:04+02:00,95.4
2022-06-22 05:20:04+02:00,95.6
2022-06-22 05:21:04+02:00,95.7
2022-06-22 05:22:04+02:00,95.8
2022-06-22 05:23:04+02:00,95.9
2022-06-22 05:24:04+02:00,95.9
2022-06-22 05:25:04+02:00,95.9
2022-06-22 05:26:05+02:00,95.9
2022-06-22 05:27:05+02:00,95.9
2022-06-22 05:28:05+02:00,95.9
2022-06-22 05:29:05+02:00,95.9
2022-06-22 05:30:05+02:00,95.9
2022-06-22 05:31:05+02:00,95.9
2022-06-22 05:32:05+02:00,95.9
2022-06-22 05:33:05+02:00,95.9
2022-06-22 05:34:06+02:00,95.9
2022-06-22 05:35:06+02:00,95.9
2022-06-22 05:36:06+02:00,95.9
2022-06-22 05:37:06+02:00,95.9
2022-06-22 05:38:06+02:00,50.0
2022-06-22 05:39:06+02:00,95.1
2022-06-22 05:40:06+02:00,94.8
2022-06-22 05:41:06+02:00,94.4
2022-06-22 05:42:07+02:00,93.7
2022-06-22 05:43:07+02:00,93.3
2022-06-22 05:44:07+02:00,92.8
2022-06-22 05:45:07+02:00,92.9
2022-06-22 05:46:07+02:00,92.8
2022-06-22 05:47:07+02:00,92.6
2022-06-22 05:48:08+02:00,92.4
2022-06-22 05:49:08+02:00,92.3
2022-06-22 05:50:08+02:00,50.0
2022-06-22 05:51:08+02:00,93.0
2022-06-22 05:52:08+02:00,93.5
2022-06-22 05:53:08+02:00,93.9
2022-06-22 05:54:08+02:00,94.1
2022-06-22 05:55:09+02:00,94.2
2022-06-22 05:56:09+02:00,94.3
2022-06-22 05:57:09+02:00,94.2
2022-06-22 05:58:09+02:00,92.9
2022-06-22 05:59:09+02:00,50.0
2022-06-22 06:00:09+02:00,50.0
2022-06-22 06:01:09+02:00,50.0
2022-06-22 06:02:10+02:00,50.0
2022-06-22 06:03:10+02:00,50.0
2022-06-22 06:04:10+02:00,50.0
2022-06-22 06:05:10+02:00,50.0
2022-06-22 06:06:10+02:00,50.0
2022-06-22 06:07:10+02:00,50.0
2022-06-22 06:08:10+02:00,50.0
2022-06-22 06:09:10+02:00,50.0
2022-06-22 06:10:11+02:00,50.0
2022-06-22 06:11:11+02:00,50.0
2022-06-22 06:12:11+02:00,50.0
2022-06-22 06:13:11+02:00,50.0
2022-06-22 06:14:11+02:00,50.0
2022-06-22 06:15:11+02:00,50.0
2022-06-22 06:16:11+02:00,50.0
2022-06-22 06:17:12+02:00,50.0
2022-06-22 06:18:12+02:00,50.0
2022-06-22 06:19:12+02:00,50.0
2022-06-22 06:20:12+02:00,50.0
2022-06-22 06:21:12+02:00,50.0
2022-06-22 06:22:12+02:00,50.0
2022-06-22 06:23:12+02:00,50.0
2022-06-22 06:24:13+02:00,50.0
2022-06-22 06:25:13+02:00,50.0
2022-06-22 06:26:13+02:00,50.0
2022-06-22 06:27:13+02:00,50.0
2022-06-22 06:28:13+02:00,50.0
2022-06-22 06:29:13+02:00,50.0
2022-06-22 06:30:13+02:00,50.0
2022-06-22 06:31:14+02:00,50.0
2022-06-22 06:32:14+02:00,50.0
2022-06-22 06:33:14+02:00,50.0
2022-06-22 06:34:14+02:00,50.0
2022-06-22 06:35:14+02:00,50.0
2022-06-22 06:36:14+02:00,50.0
2022-06-22 06:37:14+02:00,50.0
2022-06-22 06:38:15+02:00,50.0
2022-06-22 06:39:15+02:00,50.0
2022-06-22 06:40:15+02:00,50.0
2022-06-22 06:41:15+02:00,50.0
2022-06-22 06:42:15+02:00,50.0
2022-06-22 06:43:15+02:00,50.0
2022-06-22 06:44:15+02:00,50.0
2022-06-22 06:45:16+02:00,50.0
2022-06-22 06:46:16+02:00,50.0
2022-06-22 06:47:16+02:00,50.0
2022-06-22 06:48:16+02:00,50.0
2022-06-22 06:49:16+02:00,92.8
2022-06-22 06:50:16+02:00,50.0
2022-06-22 06:51:16+02:00,50.0
2022-06-22 06:52:17+02:00,50.0
2022-06-22 06:53:17+02:00,50.0
2022-06-22 06:54:17+02:00,50.0
