timestamp,oxygen_saturation_by_minute
2022-06-04 09:03:30+02:00,50.0
2022-06-04 09:04:30+02:00,91.3
2022-06-04 09:05:30+02:00,91.3
2022-06-04 09:06:30+02:00,91.3
2022-06-04 09:07:30+02:00,91.2
2022-06-04 09:08:30+02:00,91.2
2022-06-04 09:09:30+02:00,91.3
2022-06-04 09:10:30+02:00,91.3
2022-06-04 09:11:30+02:00,91.3
2022-06-04 09:12:30+02:00,91.4
2022-06-04 09:13:30+02:00,91.4
2022-06-04 09:14:31+02:00,91.4
2022-06-04 09:15:31+02:00,91.4
2022-06-04 09:16:31+02:00,91.4
2022-06-04 09:17:31+02:00,91.4
2022-06-04 09:18:31+02:00,91.4
2022-06-04 09:19:31+02:00,91.5
2022-06-04 09:20:31+02:00,91.5
2022-06-04 09:21:32+02:00,91.5
2022-06-04 09:22:32+02:00,91.5
2022-06-04 09:23:32+02:00,91.5
2022-06-04 09:24:32+02:00,91.5
2022-06-04 09:25:32+02:00,91.5
2022-06-04 09:26:32+02:00,91.5
2022-06-04 09:27:32+02:00,91.5
2022-06-04 09:28:33+02:00,91.5
2022-06-04 09:29:33+02:00,91.5
2022-06-04 09:30:33+02:00,91.4
2022-06-04 09:31:33+02:00,91.4
2022-06-04 09:32:33+02:00,91.4
2022-06-04 09:33:33+02:00,91.3
2022-06-04 09:34:34+02:00,91.3
2022-06-04 09:35:34+02:00,91.3
2022-06-04 09:36:34+02:00,91.3
2022-06-04 09:37:34+02:00,91.3
2022-06-04 09:38:34+02:00,91.3
2022-06-04 09:39:34+02:00,91.2
2022-06-04 09:40:34+02:00,91.2
2022-06-04 09:41:35+02:00,91.1
2022-06-04 09:42:35+02:00,91.1
2022-06-04 09:43:35+02:00,91.1
2022-06-04 09:44:35+02:00,91.2
2022-06-04 09:45:35+02:00,91.2
2022-06-04 09:46:35+02:00,91.2
2022-06-04 09:47:35+02:00,91.2
2022-06-04 09:48:36+02:00,91.1
2022-06-04 09:49:36+02:00,91.1
2022-06-04 09:50:36+02:00,91.0
2022-06-04 09:51:36+02:00,91.0
2022-06-04 09:52:36+02:00,91.0
2022-06-04 09:53:36+02:00,91.0
2022-06-04 09:54:36+02:00,91.0
2022-06-04 09:55:37+02:00,91.0
2022-06-04 09:56:37+02:00,91.0
2022-06-04 09:57:37+02:00,91.0
2022-06-04 09:58:37+02:00,91.0
2022-06-04 09:59:37+02:00,90.9
2022-06-04 10:00:37+02:00,90.9
2022-06-04 10:01:38+02:00,90.9
2022-06-04 10:02:38+02:00,90.9
2022-06-04 10:03:38+02:00,91.0
2022-06-04 10:04:38+02:00,91.0
2022-06-04 10:05:38+02:00,91.0
2022-06-04 10:06:38+02:00,91.0
2022-06-04 10:07:38+02:00,91.0
2022-06-04 10:08:39+02:00,91.0
2022-06-04 10:09:39+02:00,91.0
2022-06-04 10:10:39+02:00,91.0
2022-06-04 10:11:39+02:00,90.9
2022-06-04 10:12:39+02:00,90.9
2022-06-04 10:13:39+02:00,90.9
2022-06-04 10:14:40+02:00,91.0
2022-06-04 10:15:40+02:00,91.0
2022-06-04 10:16:40+02:00,50.0
2022-06-04 10:17:40+02:00,92.0
2022-06-04 10:18:40+02:00,92.1
2022-06-04 10:19:40+02:00,92.2
2022-06-04 10:20:40+02:00,92.0
2022-06-04 10:21:41+02:00,91.7
2022-06-04 10:22:41+02:00,91.4
2022-06-04 10:23:41+02:00,91.3
2022-06-04 10:24:41+02:00,91.3
2022-06-04 10:25:41+02:00,91.2
2022-06-04 10:26:41+02:00,91.1
2022-06-04 10:27:41+02:00,91.2
2022-06-04 10:28:42+02:00,91.1
2022-06-04 10:29:42+02:00,90.8
2022-06-04 10:30:42+02:00,90.6
2022-06-04 10:31:42+02:00,90.6
2022-06-04 10:32:42+02:00,90.7
2022-06-04 10:33:42+02:00,90.6
2022-06-04 10:34:43+02:00,90.5
2022-06-04 10:35:43+02:00,90.4
2022-06-04 10:36:43+02:00,90.5
2022-06-04 10:37:43+02:00,90.6
2022-06-04 10:38:43+02:00,90.6
2022-06-04 10:39:43+02:00,90.6
2022-06-04 10:40:43+02:00,90.6
2022-06-04 10:41:44+02:00,90.4
2022-06-04 10:42:44+02:00,90.3
2022-06-04 10:43:44+02:00,90.2
2022-06-04 10:44:44+02:00,90.2
2022-06-04 10:45:44+02:00,90.1
2022-06-04 10:46:44+02:00,90.3
2022-06-04 10:47:44+02:00,90.3
2022-06-04 10:48:45+02:00,90.4
2022-06-04 10:49:45+02:00,90.5
2022-06-04 10:50:45+02:00,90.5
2022-06-04 10:51:45+02:00,90.4
2022-06-04 10:52:45+02:00,90.5
2022-06-04 10:53:45+02:00,90.6
2022-06-04 10:54:45+02:00,90.7
2022-06-04 10:55:46+02:00,90.8
2022-06-04 10:56:46+02:00,90.7
2022-06-04 10:57:46+02:00,50.0
2022-06-04 10:58:46+02:00,91.4
2022-06-04 10:59:46+02:00,50.0
2022-06-04 11:00:46+02:00,92.6
2022-06-04 11:01:47+02:00,93.3
2022-06-04 11:02:47+02:00,93.9
2022-06-04 11:03:47+02:00,94.3
2022-06-04 11:04:47+02:00,94.7
2022-06-04 11:05:47+02:00,95.0
2022-06-04 11:06:47+02:00,95.2
2022-06-04 11:07:47+02:00,95.5
2022-06-04 11:08:48+02:00,95.6
2022-06-04 11:09:48+02:00,95.9
2022-06-04 11:10:48+02:00,96.0
2022-06-04 11:11:48+02:00,96.2
2022-06-04 11:12:48+02:00,96.2
2022-06-04 11:13:48+02:00,96.3
2022-06-04 11:14:48+02:00,96.4
2022-06-04 11:15:49+02:00,96.6
2022-06-04 11:16:49+02:00,96.6
2022-06-04 11:17:49+02:00,96.6
2022-06-04 11:18:49+02:00,96.6
2022-06-04 11:19:49+02:00,96.5
2022-06-04 11:20:49+02:00,96.7
2022-06-04 11:21:50+02:00,96.7
2022-06-04 11:22:50+02:00,96.6
2022-06-04 11:23:50+02:00,96.6
2022-06-04 11:24:50+02:00,96.4
2022-06-04 11:25:50+02:00,96.2
2022-06-04 11:26:50+02:00,96.2
2022-06-04 11:27:50+02:00,96.1
2022-06-04 11:28:51+02:00,96.1
2022-06-04 11:29:51+02:00,95.8
2022-06-04 11:30:51+02:00,95.7
2022-06-04 11:31:51+02:00,95.9
2022-06-04 11:32:51+02:00,95.6
2022-06-04 11:33:51+02:00,95.6
2022-06-04 11:34:52+02:00,95.6
2022-06-04 11:35:52+02:00,95.6
2022-06-04 11:36:52+02:00,95.8
2022-06-04 11:37:52+02:00,95.7
2022-06-04 11:38:52+02:00,95.8
2022-06-04 11:39:52+02:00,95.8
2022-06-04 11:40:52+02:00,95.7
2022-06-04 11:41:53+02:00,95.8
2022-06-04 11:42:53+02:00,95.8
2022-06-04 11:43:53+02:00,95.8
2022-06-04 11:44:53+02:00,95.9
2022-06-04 11:45:53+02:00,95.9
2022-06-04 11:46:53+02:00,95.7
2022-06-04 11:47:53+02:00,95.8
2022-06-04 11:48:54+02:00,95.8
2022-06-04 11:49:54+02:00,95.8
2022-06-04 11:50:54+02:00,95.8
2022-06-04 11:51:54+02:00,95.8
2022-06-04 11:52:54+02:00,95.8
2022-06-04 11:53:54+02:00,95.8
2022-06-04 11:54:54+02:00,95.9
2022-06-04 11:55:55+02:00,95.8
2022-06-04 11:56:55+02:00,95.9
2022-06-04 11:57:55+02:00,95.9
2022-06-04 11:58:55+02:00,96.0
2022-06-04 11:59:55+02:00,50.0
2022-06-04 12:00:55+02:00,95.0
2022-06-04 12:01:55+02:00,94.6
2022-06-04 12:02:56+02:00,94.4
2022-06-04 12:03:56+02:00,94.5
2022-06-04 12:04:56+02:00,94.4
2022-06-04 12:05:56+02:00,94.3
2022-06-04 12:06:56+02:00,94.5
2022-06-04 12:07:56+02:00,94.7
2022-06-04 12:08:56+02:00,94.7
2022-06-04 12:09:57+02:00,94.7
2022-06-04 12:10:57+02:00,94.8
2022-06-04 12:11:57+02:00,94.9
2022-06-04 12:12:57+02:00,95.0
2022-06-04 12:13:57+02:00,95.1
2022-06-04 12:14:57+02:00,95.4
2022-06-04 12:15:58+02:00,95.6
2022-06-04 12:16:58+02:00,95.7
2022-06-04 12:17:58+02:00,95.5
2022-06-04 12:18:58+02:00,95.3
2022-06-04 12:19:58+02:00,95.5
2022-06-04 12:20:58+02:00,95.7
2022-06-04 12:21:58+02:00,95.2
2022-06-04 12:22:59+02:00,95.3
2022-06-04 12:23:59+02:00,95.5
2022-06-04 12:24:59+02:00,95.9
2022-06-04 12:25:59+02:00,96.1
2022-06-04 12:26:59+02:00,96.4
2022-06-04 12:27:59+02:00,96.7
2022-06-04 12:29:00+02:00,96.6
2022-06-04 12:30:00+02:00,96.8
2022-06-04 12:31:00+02:00,96.8
2022-06-04 12:32:00+02:00,96.8
2022-06-04 12:33:00+02:00,97.2
2022-06-04 12:34:00+02:00,97.0
2022-06-04 12:35:00+02:00,96.9
2022-06-04 12:36:01+02:00,97.5
2022-06-04 12:37:01+02:00,97.6
2022-06-04 12:38:01+02:00,97.7
2022-06-04 12:39:01+02:00,97.5
2022-06-04 12:40:01+02:00,97.6
2022-06-04 12:41:01+02:00,98.1
2022-06-04 12:42:01+02:00,98.1
2022-06-04 12:43:02+02:00,97.8
2022-06-04 12:44:02+02:00,98.1
2022-06-04 12:45:02+02:00,98.3
2022-06-04 12:46:02+02:00,98.1
2022-06-04 12:47:02+02:00,97.7
2022-06-04 12:48:02+02:00,98.0
2022-06-04 12:49:02+02:00,97.8
2022-06-04 12:50:03+02:00,98.3
2022-06-04 12:51:03+02:00,98.3
2022-06-04 12:52:03+02:00,98.9
2022-06-04 12:53:03+02:00,98.8
2022-06-04 12:54:03+02:00,98.6
2022-06-04 12:55:03+02:00,98.7
2022-06-04 12:56:03+02:00,98.8
2022-06-04 12:57:04+02:00,98.9
2022-06-04 12:58:04+02:00,98.8
2022-06-04 12:59:04+02:00,99.0
2022-06-04 13:00:04+02:00,99.0
2022-06-04 13:01:04+02:00,98.6
2022-06-04 13:02:04+02:00,98.9
2022-06-04 13:03:04+02:00,99.0
2022-06-04 13:04:05+02:00,99.1
2022-06-04 13:05:05+02:00,99.2
2022-06-04 13:06:05+02:00,99.2
2022-06-04 13:07:05+02:00,99.1
2022-06-04 13:08:05+02:00,99.0
2022-06-04 13:09:05+02:00,99.0
2022-06-04 13:10:05+02:00,99.0
2022-06-04 13:11:05+02:00,98.9
2022-06-04 13:12:06+02:00,98.7
2022-06-04 13:13:06+02:00,98.9
2022-06-04 13:14:06+02:00,98.8
2022-06-04 13:15:06+02:00,98.6
2022-06-04 13:16:06+02:00,98.4
2022-06-04 13:17:06+02:00,98.7
2022-06-04 13:18:07+02:00,98.7
2022-06-04 13:19:07+02:00,98.9
2022-06-04 13:20:07+02:00,98.8
2022-06-04 13:21:07+02:00,98.7
2022-06-04 13:22:07+02:00,98.3
2022-06-04 13:23:07+02:00,98.3
2022-06-04 13:24:07+02:00,98.5
2022-06-04 13:25:08+02:00,98.8
2022-06-04 13:26:08+02:00,98.8
2022-06-04 13:27:08+02:00,98.7
2022-06-04 13:28:08+02:00,98.6
2022-06-04 13:29:08+02:00,98.5
2022-06-04 13:30:08+02:00,98.3
2022-06-04 13:31:08+02:00,98.5
2022-06-04 13:32:09+02:00,98.2
2022-06-04 13:33:09+02:00,98.2
2022-06-04 13:34:09+02:00,98.3
2022-06-04 13:35:09+02:00,98.0
2022-06-04 13:36:09+02:00,50.0
2022-06-04 13:37:09+02:00,97.0
2022-06-04 13:38:09+02:00,96.0
2022-06-04 13:39:10+02:00,50.0
2022-06-04 13:40:10+02:00,95.0
2022-06-04 13:41:10+02:00,94.8
2022-06-04 13:42:10+02:00,95.1
2022-06-04 13:43:10+02:00,95.6
2022-06-04 13:44:10+02:00,95.7
2022-06-04 13:45:11+02:00,95.9
2022-06-04 13:46:11+02:00,96.2
2022-06-04 13:47:11+02:00,96.2
2022-06-04 13:48:11+02:00,96.3
2022-06-04 13:49:11+02:00,96.5
2022-06-04 13:50:11+02:00,96.6
2022-06-04 13:51:11+02:00,96.7
2022-06-04 13:52:12+02:00,96.7
2022-06-04 13:53:12+02:00,96.8
2022-06-04 13:54:12+02:00,97.0
2022-06-04 13:55:12+02:00,97.2
2022-06-04 13:56:12+02:00,97.2
2022-06-04 13:57:12+02:00,97.2
2022-06-04 13:58:12+02:00,97.3
2022-06-04 13:59:13+02:00,97.4
2022-06-04 14:00:13+02:00,97.4
2022-06-04 14:01:13+02:00,97.4
2022-06-04 14:02:13+02:00,97.5
2022-06-04 14:03:13+02:00,97.2
2022-06-04 14:04:13+02:00,50.0
2022-06-04 14:05:14+02:00,97.2
2022-06-04 14:06:14+02:00,50.0
2022-06-04 14:07:14+02:00,96.5
2022-06-04 14:08:14+02:00,96.3
2022-06-04 14:09:14+02:00,96.4
2022-06-04 14:10:14+02:00,96.4
2022-06-04 14:11:14+02:00,50.0
2022-06-04 14:12:14+02:00,50.0
2022-06-04 14:13:15+02:00,96.2
2022-06-04 14:14:15+02:00,95.9
2022-06-04 14:15:15+02:00,95.8
2022-06-04 14:16:15+02:00,95.7
2022-06-04 14:17:15+02:00,95.6
2022-06-04 14:18:15+02:00,95.4
2022-06-04 14:19:15+02:00,95.3
2022-06-04 14:20:16+02:00,50.0
2022-06-04 14:21:16+02:00,95.2
2022-06-04 14:22:16+02:00,94.6
2022-06-04 14:23:16+02:00,95.1
2022-06-04 14:24:16+02:00,95.3
2022-06-04 14:25:16+02:00,95.5
2022-06-04 14:26:17+02:00,95.7
2022-06-04 14:27:17+02:00,95.6
2022-06-04 14:28:17+02:00,95.6
2022-06-04 14:29:17+02:00,95.6
2022-06-04 14:30:17+02:00,95.5
2022-06-04 14:31:17+02:00,95.5
2022-06-04 14:32:17+02:00,95.6
2022-06-04 14:33:18+02:00,50.0
2022-06-04 14:34:18+02:00,95.9
2022-06-04 14:35:18+02:00,96.1
2022-06-04 14:36:18+02:00,96.0
2022-06-04 14:37:18+02:00,96.1
2022-06-04 14:38:18+02:00,96.2
2022-06-04 14:39:18+02:00,96.3
2022-06-04 14:40:19+02:00,96.3
2022-06-04 14:41:19+02:00,96.2
2022-06-04 14:42:19+02:00,96.3
2022-06-04 14:43:19+02:00,96.4
2022-06-04 14:44:19+02:00,96.4
2022-06-04 14:45:19+02:00,96.4
2022-06-04 14:46:20+02:00,96.3
2022-06-04 14:47:20+02:00,96.3
2022-06-04 14:48:20+02:00,96.4
2022-06-04 14:49:20+02:00,96.3
2022-06-04 14:50:20+02:00,96.4
2022-06-04 14:51:20+02:00,96.4
2022-06-04 14:52:20+02:00,96.5
2022-06-04 14:53:21+02:00,96.4
2022-06-04 14:54:21+02:00,96.4
2022-06-04 14:55:21+02:00,96.4
2022-06-04 14:56:21+02:00,96.4
2022-06-04 14:57:21+02:00,96.4
2022-06-04 14:58:21+02:00,96.4
2022-06-04 14:59:21+02:00,96.5
2022-06-04 15:00:22+02:00,96.5
2022-06-04 15:01:22+02:00,96.5
2022-06-04 15:02:22+02:00,96.6
2022-06-04 15:03:22+02:00,96.6
2022-06-04 15:04:22+02:00,96.7
2022-06-04 15:05:22+02:00,96.7
2022-06-04 15:06:23+02:00,96.7
2022-06-04 15:07:23+02:00,50.0
2022-06-04 15:08:23+02:00,50.0
2022-06-04 15:09:23+02:00,50.0
2022-06-04 15:10:23+02:00,50.0
2022-06-04 15:11:23+02:00,50.0
2022-06-04 15:12:23+02:00,50.0
2022-06-04 15:13:23+02:00,50.0
2022-06-04 15:14:23+02:00,50.0
2022-06-04 15:15:23+02:00,50.0
2022-06-04 15:16:23+02:00,50.0
2022-06-04 15:17:23+02:00,50.0
2022-06-04 15:18:24+02:00,50.0
2022-06-04 15:19:24+02:00,50.0
2022-06-04 15:20:24+02:00,50.0
2022-06-04 15:21:24+02:00,50.0
2022-06-04 15:22:24+02:00,50.0
2022-06-04 15:23:24+02:00,50.0
2022-06-04 15:24:24+02:00,50.0
2022-06-04 15:25:24+02:00,50.0
2022-06-04 15:26:24+02:00,96.0
2022-06-04 15:27:25+02:00,50.0
2022-06-04 15:28:25+02:00,50.0
2022-06-04 15:29:25+02:00,50.0
2022-06-04 15:30:25+02:00,50.0
2022-06-04 15:31:25+02:00,50.0
2022-06-04 15:32:25+02:00,50.0
2022-06-04 15:33:25+02:00,96.0
2022-06-04 15:34:25+02:00,50.0
2022-06-04 15:35:25+02:00,50.0
2022-06-04 15:36:25+02:00,95.4
2022-06-04 15:37:25+02:00,94.9
2022-06-04 15:38:26+02:00,94.2
2022-06-04 15:39:26+02:00,94.1
2022-06-04 15:40:26+02:00,50.0
2022-06-04 15:41:26+02:00,93.2
2022-06-04 15:42:26+02:00,50.0
2022-06-04 15:43:26+02:00,50.0
2022-06-08 01:03:30+02:00,50.0
2022-06-08 01:04:30+02:00,50.0
2022-06-08 01:05:30+02:00,50.0
2022-06-08 01:06:30+02:00,50.0
2022-06-08 01:07:30+02:00,50.0
2022-06-08 01:08:30+02:00,50.0
2022-06-08 01:09:30+02:00,50.0
2022-06-08 01:10:30+02:00,50.0
2022-06-08 01:11:30+02:00,50.0
2022-06-08 01:12:30+02:00,50.0
2022-06-08 01:13:30+02:00,90.8
2022-06-08 01:14:30+02:00,50.0
2022-06-08 01:15:31+02:00,93.0
2022-06-08 01:16:31+02:00,93.3
2022-06-08 01:17:31+02:00,93.5
2022-06-08 01:18:31+02:00,93.6
2022-06-08 01:19:31+02:00,93.4
2022-06-08 01:20:31+02:00,50.0
2022-06-08 01:21:31+02:00,92.5
2022-06-08 01:22:32+02:00,50.0
2022-06-08 01:23:32+02:00,50.0
2022-06-08 01:24:32+02:00,50.0
2022-06-08 01:25:32+02:00,93.7
2022-06-08 01:26:32+02:00,96.1
2022-06-08 01:27:32+02:00,96.8
2022-06-08 01:28:32+02:00,96.8
2022-06-08 01:29:33+02:00,97.2
2022-06-08 01:30:33+02:00,97.8
2022-06-08 01:31:33+02:00,97.5
2022-06-08 01:32:33+02:00,97.4
2022-06-08 01:33:33+02:00,97.2
2022-06-08 01:34:33+02:00,97.0
2022-06-08 01:35:34+02:00,50.0
2022-06-08 01:36:34+02:00,50.0
2022-06-08 01:37:34+02:00,96.7
2022-06-08 01:38:34+02:00,96.1
2022-06-08 01:39:34+02:00,95.9
2022-06-08 01:40:34+02:00,50.0
2022-06-08 01:41:34+02:00,96.2
2022-06-08 01:42:35+02:00,96.6
2022-06-08 01:43:35+02:00,97.0
2022-06-08 01:44:35+02:00,97.4
2022-06-08 01:45:35+02:00,97.7
2022-06-08 01:46:35+02:00,98.1
2022-06-08 01:47:35+02:00,98.3
2022-06-08 01:48:35+02:00,98.0
2022-06-08 01:49:36+02:00,98.0
2022-06-08 01:50:36+02:00,98.0
2022-06-08 01:51:36+02:00,98.1
2022-06-08 01:52:36+02:00,98.2
2022-06-08 01:53:36+02:00,98.3
2022-06-08 01:54:36+02:00,98.4
2022-06-08 01:55:37+02:00,98.5
2022-06-08 01:56:37+02:00,98.5
2022-06-08 01:57:37+02:00,98.5
2022-06-08 01:58:37+02:00,98.4
2022-06-08 01:59:37+02:00,98.4
2022-06-08 02:00:37+02:00,98.4
2022-06-08 02:00:37+02:00,98.4
2022-06-08 02:01:37+02:00,98.4
2022-06-08 02:02:38+02:00,98.5
2022-06-08 02:03:38+02:00,98.5
2022-06-08 02:04:38+02:00,98.4
2022-06-08 02:05:38+02:00,98.4
2022-06-08 02:06:38+02:00,98.5
2022-06-08 02:07:38+02:00,98.5
2022-06-08 02:08:39+02:00,98.5
2022-06-08 02:09:39+02:00,98.4
2022-06-08 02:10:39+02:00,98.3
2022-06-08 02:11:39+02:00,98.3
2022-06-08 02:12:39+02:00,98.3
2022-06-08 02:13:39+02:00,98.1
2022-06-08 02:14:39+02:00,50.0
2022-06-08 02:15:39+02:00,97.5
2022-06-08 02:16:39+02:00,97.1
2022-06-08 02:17:39+02:00,96.9
2022-06-08 02:18:40+02:00,96.7
2022-06-08 02:19:40+02:00,50.0
2022-06-08 02:20:40+02:00,50.0
2022-06-08 02:21:40+02:00,96.7
2022-06-08 02:22:40+02:00,96.6
2022-06-08 02:23:40+02:00,96.2
2022-06-08 02:24:40+02:00,96.1
2022-06-08 02:25:40+02:00,96.0
2022-06-08 02:26:40+02:00,96.0
2022-06-08 02:27:41+02:00,96.1
2022-06-08 02:28:41+02:00,50.0
2022-06-08 02:29:41+02:00,95.8
2022-06-08 02:30:41+02:00,95.5
2022-06-08 02:31:41+02:00,95.4
2022-06-08 02:32:41+02:00,50.0
2022-06-08 02:33:41+02:00,50.0
2022-06-08 02:34:41+02:00,95.5
2022-06-08 02:35:41+02:00,50.0
2022-06-08 02:36:42+02:00,50.0
2022-06-08 02:37:42+02:00,50.0
2022-06-08 02:38:42+02:00,95.6
2022-06-08 02:39:42+02:00,96.1
2022-06-08 02:40:42+02:00,50.0
2022-06-08 02:41:42+02:00,96.1
2022-06-08 02:42:42+02:00,95.2
2022-06-08 02:43:42+02:00,50.0
2022-06-08 02:44:42+02:00,94.3
2022-06-08 02:45:42+02:00,94.6
2022-06-08 02:46:42+02:00,50.0
2022-06-08 02:47:43+02:00,94.6
2022-06-08 02:48:43+02:00,94.9
2022-06-08 02:49:43+02:00,96.0
2022-06-08 02:50:43+02:00,96.2
2022-06-08 02:51:43+02:00,96.8
2022-06-08 02:52:43+02:00,97.1
2022-06-08 02:53:43+02:00,50.0
2022-06-08 02:54:43+02:00,96.8
2022-06-08 02:55:43+02:00,96.7
2022-06-08 02:56:43+02:00,50.0
2022-06-08 02:57:43+02:00,95.1
2022-06-08 02:58:43+02:00,90.9
2022-06-08 02:59:44+02:00,87.6
2022-06-08 03:00:44+02:00,85.2
2022-06-08 03:01:44+02:00,83.3
2022-06-08 03:02:44+02:00,82.3
2022-06-08 03:03:44+02:00,81.7
2022-06-08 03:04:44+02:00,81.3
2022-06-08 03:05:44+02:00,81.2
2022-06-08 03:06:44+02:00,80.6
2022-06-08 03:07:44+02:00,79.9
2022-06-08 03:08:44+02:00,79.3
2022-06-08 03:09:45+02:00,78.8
2022-06-08 03:10:45+02:00,78.6
2022-06-08 03:11:45+02:00,78.4
2022-06-08 03:12:45+02:00,78.3
2022-06-08 03:13:45+02:00,78.2
2022-06-08 03:14:45+02:00,77.7
2022-06-08 03:15:45+02:00,77.5
2022-06-08 03:16:46+02:00,77.6
2022-06-08 03:17:46+02:00,77.4
2022-06-08 03:18:46+02:00,77.7
2022-06-08 03:19:46+02:00,77.6
2022-06-08 03:20:46+02:00,77.6
2022-06-08 03:21:46+02:00,77.3
2022-06-08 03:22:46+02:00,77.3
2022-06-08 03:23:47+02:00,77.2
2022-06-08 03:24:47+02:00,77.4
2022-06-08 03:25:47+02:00,77.9
2022-06-08 03:26:47+02:00,78.7
2022-06-08 03:27:47+02:00,79.1
2022-06-08 03:28:47+02:00,80.5
2022-06-08 03:29:48+02:00,81.1
2022-06-08 03:30:48+02:00,81.7
2022-06-08 03:31:48+02:00,83.0
2022-06-08 03:32:48+02:00,83.5
2022-06-08 03:33:48+02:00,84.0
2022-06-08 03:34:48+02:00,84.1
2022-06-08 03:35:48+02:00,83.7
2022-06-08 03:36:49+02:00,83.4
2022-06-08 03:37:49+02:00,82.7
2022-06-08 03:38:49+02:00,50.0
2022-06-08 03:39:49+02:00,81.6
2022-06-08 03:40:49+02:00,81.0
2022-06-08 03:41:49+02:00,50.0
2022-06-08 03:42:50+02:00,83.9
2022-06-08 03:43:50+02:00,87.0
2022-06-08 03:44:50+02:00,50.0
2022-06-08 03:45:50+02:00,89.0
2022-06-08 03:46:50+02:00,50.0
2022-06-08 03:47:50+02:00,50.0
2022-06-08 03:48:50+02:00,91.2
2022-06-08 03:49:50+02:00,50.0
2022-06-08 03:50:51+02:00,50.0
2022-06-08 03:51:51+02:00,50.0
2022-06-08 03:52:51+02:00,93.0
2022-06-08 03:53:51+02:00,50.0
2022-06-08 03:54:51+02:00,93.5
2022-06-08 03:55:51+02:00,93.9
2022-06-08 03:56:52+02:00,50.0
2022-06-08 03:57:52+02:00,93.8
2022-06-08 03:58:52+02:00,93.7
2022-06-08 03:59:52+02:00,93.6
2022-06-08 04:00:52+02:00,93.6
2022-06-08 04:01:52+02:00,93.4
2022-06-08 04:02:52+02:00,93.4
2022-06-08 04:03:53+02:00,93.5
2022-06-08 04:04:53+02:00,93.4
2022-06-08 04:05:53+02:00,93.1
2022-06-08 04:06:53+02:00,93.3
2022-06-08 04:07:53+02:00,93.4
2022-06-08 04:08:53+02:00,93.5
2022-06-08 04:09:54+02:00,93.5
2022-06-08 04:10:54+02:00,93.5
2022-06-08 04:11:54+02:00,93.6
2022-06-08 04:12:54+02:00,50.0
2022-06-08 04:13:54+02:00,93.7
2022-06-08 04:14:54+02:00,94.1
2022-06-08 04:15:55+02:00,94.2
2022-06-08 04:16:55+02:00,50.0
2022-06-08 04:17:55+02:00,50.0
2022-06-08 04:18:55+02:00,94.3
2022-06-08 04:19:55+02:00,50.0
2022-06-08 04:20:55+02:00,93.3
2022-06-08 04:21:55+02:00,90.2
2022-06-08 04:22:56+02:00,50.0
2022-06-08 04:23:56+02:00,86.7
2022-06-08 04:24:56+02:00,83.9
2022-06-08 04:25:56+02:00,82.2
2022-06-08 04:26:56+02:00,81.3
2022-06-08 04:27:57+02:00,80.2
2022-06-08 04:28:57+02:00,79.5
2022-06-08 04:29:57+02:00,79.4
2022-06-08 04:30:57+02:00,79.1
2022-06-08 04:31:57+02:00,78.7
2022-06-08 04:32:58+02:00,78.3
2022-06-08 04:33:58+02:00,78.2
2022-06-08 04:34:58+02:00,78.0
2022-06-08 04:35:58+02:00,77.9
2022-06-08 04:36:58+02:00,78.0
2022-06-08 04:37:58+02:00,77.7
2022-06-08 04:38:59+02:00,77.5
2022-06-08 04:39:59+02:00,77.2
2022-06-08 04:40:59+02:00,77.3
2022-06-08 04:41:59+02:00,77.2
2022-06-08 04:42:59+02:00,77.4
2022-06-08 04:43:59+02:00,77.2
2022-06-08 04:44:59+02:00,77.1
2022-06-08 04:46:00+02:00,77.0
2022-06-08 04:47:00+02:00,77.1
2022-06-08 04:48:00+02:00,77.1
2022-06-08 04:49:00+02:00,77.1
2022-06-08 04:50:00+02:00,77.1
2022-06-08 04:51:00+02:00,77.0
2022-06-08 04:52:00+02:00,77.1
2022-06-08 04:53:00+02:00,77.1
2022-06-08 04:54:01+02:00,77.1
2022-06-08 04:55:01+02:00,77.1
2022-06-08 04:56:01+02:00,77.1
2022-06-08 04:57:01+02:00,77.1
2022-06-08 04:58:01+02:00,77.1
2022-06-08 04:59:01+02:00,77.1
2022-06-08 05:00:01+02:00,77.1
2022-06-08 05:01:02+02:00,77.1
2022-06-08 05:02:02+02:00,77.3
2022-06-08 05:03:02+02:00,77.2
2022-06-08 05:04:02+02:00,77.5
2022-06-08 05:05:02+02:00,77.4
2022-06-08 05:06:02+02:00,77.3
2022-06-08 05:07:02+02:00,50.0
2022-06-08 05:08:03+02:00,77.1
2022-06-08 05:09:03+02:00,78.8
2022-06-08 05:10:03+02:00,80.8
2022-06-08 05:11:03+02:00,83.3
2022-06-08 05:12:03+02:00,84.9
2022-06-08 05:13:03+02:00,84.0
2022-06-08 05:14:03+02:00,84.9
2022-06-08 05:15:04+02:00,85.4
2022-06-08 05:16:04+02:00,50.0
2022-06-08 05:17:04+02:00,89.6
2022-06-08 05:18:04+02:00,91.6
2022-06-08 05:19:04+02:00,93.0
2022-06-08 05:20:04+02:00,94.0
2022-06-08 05:21:04+02:00,94.6
2022-06-08 05:22:05+02:00,95.0
2022-06-08 05:23:05+02:00,95.1
2022-06-08 05:24:05+02:00,50.0
2022-06-08 05:25:05+02:00,50.0
2022-06-08 05:26:05+02:00,95.4
2022-06-08 05:27:05+02:00,95.6
2022-06-08 05:28:05+02:00,95.7
2022-06-08 05:29:06+02:00,95.7
2022-06-08 05:30:06+02:00,95.7
2022-06-08 05:31:06+02:00,95.9
2022-06-08 05:32:06+02:00,96.2
2022-06-08 05:33:06+02:00,50.0
2022-06-08 05:34:06+02:00,95.8
2022-06-08 05:35:07+02:00,95.3
2022-06-08 05:36:07+02:00,94.9
2022-06-08 05:37:07+02:00,94.8
2022-06-08 05:38:07+02:00,94.8
2022-06-08 05:39:07+02:00,94.8
2022-06-08 05:40:07+02:00,94.8
2022-06-08 05:41:08+02:00,94.9
2022-06-08 05:42:08+02:00,94.9
2022-06-08 05:43:08+02:00,95.1
2022-06-08 05:44:08+02:00,95.3
2022-06-08 05:45:08+02:00,95.4
2022-06-08 05:46:08+02:00,50.0
2022-06-08 05:47:08+02:00,50.0
2022-06-08 05:48:09+02:00,95.2
2022-06-08 05:49:09+02:00,95.8
2022-06-08 05:50:09+02:00,50.0
2022-06-08 05:51:09+02:00,50.0
2022-06-08 05:52:09+02:00,97.0
2022-06-08 05:53:09+02:00,50.0
2022-06-08 05:54:10+02:00,97.2
2022-06-08 05:55:10+02:00,97.0
2022-06-08 05:56:10+02:00,96.8
2022-06-08 05:57:10+02:00,96.7
2022-06-08 05:58:10+02:00,96.6
2022-06-08 05:59:10+02:00,96.6
2022-06-08 06:00:11+02:00,96.6
2022-06-08 06:01:11+02:00,96.7
2022-06-08 06:02:11+02:00,96.7
2022-06-08 06:03:11+02:00,96.7
2022-06-08 06:04:11+02:00,96.7
2022-06-08 06:05:11+02:00,96.7
2022-06-08 06:06:11+02:00,96.8
2022-06-08 06:07:12+02:00,96.7
2022-06-08 06:08:12+02:00,96.7
2022-06-08 06:09:12+02:00,96.8
2022-06-08 06:10:12+02:00,96.8
2022-06-08 06:11:12+02:00,96.8
2022-06-08 06:12:12+02:00,96.8
2022-06-08 06:13:13+02:00,50.0
2022-06-08 06:14:13+02:00,96.3
2022-06-08 06:15:13+02:00,95.8
2022-06-08 06:16:13+02:00,95.4
2022-06-08 06:17:13+02:00,95.0
2022-06-08 06:18:14+02:00,94.8
2022-06-08 06:19:14+02:00,94.6
2022-06-08 06:20:14+02:00,94.6
2022-06-08 06:21:14+02:00,94.7
2022-06-08 06:22:14+02:00,94.7
2022-06-08 06:23:14+02:00,94.6
2022-06-08 06:24:15+02:00,94.7
2022-06-08 06:25:15+02:00,94.9
2022-06-08 06:26:15+02:00,95.2
2022-06-08 06:27:15+02:00,95.3
2022-06-08 06:28:15+02:00,95.5
2022-06-08 06:29:15+02:00,95.6
2022-06-08 06:30:16+02:00,50.0
2022-06-08 06:31:16+02:00,50.0
2022-06-08 06:32:16+02:00,95.2
2022-06-08 06:33:16+02:00,50.0
2022-06-08 06:34:16+02:00,50.0
2022-06-08 06:35:16+02:00,95.2
2022-06-08 06:36:16+02:00,50.0
2022-06-08 06:37:17+02:00,95.3
2022-06-08 06:38:17+02:00,50.0
2022-06-08 06:39:17+02:00,95.3
2022-06-08 06:40:17+02:00,94.9
2022-06-08 06:41:17+02:00,94.7
2022-06-08 06:42:17+02:00,94.5
2022-06-08 06:43:18+02:00,94.6
2022-06-08 06:44:18+02:00,94.7
2022-06-08 06:45:18+02:00,94.5
2022-06-08 06:46:18+02:00,94.7
2022-06-08 06:47:18+02:00,94.9
2022-06-08 06:48:18+02:00,94.7
2022-06-08 06:49:19+02:00,50.0
2022-06-08 06:50:19+02:00,94.5
2022-06-08 06:51:19+02:00,94.4
2022-06-08 06:52:19+02:00,94.5
2022-06-08 06:53:19+02:00,94.9
2022-06-08 06:54:19+02:00,95.5
2022-06-08 06:55:20+02:00,96.3
2022-06-08 06:56:20+02:00,97.3
2022-06-08 06:57:20+02:00,97.7
2022-06-08 06:58:20+02:00,50.0
2022-06-08 06:59:20+02:00,97.3
2022-06-08 07:00:20+02:00,97.3
2022-06-08 07:01:20+02:00,97.3
2022-06-08 07:02:21+02:00,97.2
2022-06-08 07:03:21+02:00,97.4
2022-06-08 07:04:21+02:00,97.4
2022-06-08 07:05:21+02:00,97.2
2022-06-08 07:06:21+02:00,50.0
2022-06-08 07:07:21+02:00,96.8
2022-06-08 07:08:22+02:00,96.3
2022-06-08 07:09:22+02:00,96.0
2022-06-08 07:10:22+02:00,95.7
2022-06-08 07:11:22+02:00,95.5
2022-06-08 07:12:22+02:00,95.2
2022-06-08 07:13:22+02:00,95.2
2022-06-08 07:14:23+02:00,95.3
2022-06-08 07:15:23+02:00,95.3
2022-06-08 07:16:23+02:00,95.3
2022-06-08 07:17:23+02:00,95.4
2022-06-08 07:18:23+02:00,50.0
2022-06-08 07:19:23+02:00,95.6
2022-06-08 07:20:23+02:00,96.3
2022-06-08 07:21:24+02:00,97.0
2022-06-08 07:22:24+02:00,97.4
2022-06-08 07:23:24+02:00,97.5
2022-06-08 07:24:24+02:00,96.9
2022-06-08 07:25:24+02:00,96.5
2022-06-08 07:26:24+02:00,50.0
2022-06-08 07:27:25+02:00,96.1
2022-06-08 07:28:25+02:00,96.2
2022-06-08 07:29:25+02:00,96.3
2022-06-08 07:30:25+02:00,96.3
2022-06-08 07:31:25+02:00,96.4
2022-06-08 07:32:25+02:00,96.5
2022-06-08 07:33:26+02:00,96.7
2022-06-08 07:34:26+02:00,96.7
2022-06-08 07:35:26+02:00,96.8
2022-06-08 07:36:26+02:00,96.8
2022-06-08 07:37:26+02:00,96.9
2022-06-08 07:38:26+02:00,96.9
2022-06-08 07:39:27+02:00,97.0
2022-06-08 07:40:27+02:00,96.8
2022-06-08 07:41:27+02:00,96.8
2022-06-08 07:42:27+02:00,96.8
2022-06-08 07:43:27+02:00,96.8
2022-06-08 07:44:27+02:00,50.0
2022-06-08 07:45:27+02:00,96.0
2022-06-08 07:46:28+02:00,96.4
2022-06-08 07:47:28+02:00,96.8
2022-06-08 07:48:28+02:00,50.0
2022-06-08 07:49:28+02:00,97.0
2022-06-08 07:50:28+02:00,96.6
2022-06-08 07:51:28+02:00,96.5
2022-06-08 07:52:29+02:00,96.3
2022-06-08 07:53:29+02:00,96.0
2022-06-08 07:54:29+02:00,95.8
2022-06-08 07:55:29+02:00,95.8
2022-06-08 07:56:29+02:00,95.7
2022-06-08 07:57:29+02:00,95.6
2022-06-08 07:58:30+02:00,50.0
2022-06-08 07:59:30+02:00,50.0
2022-06-08 08:00:30+02:00,96.3
2022-06-08 08:01:30+02:00,96.9
2022-06-08 08:02:30+02:00,97.5
2022-06-08 08:03:30+02:00,97.8
2022-06-08 08:04:30+02:00,98.0
2022-06-08 08:05:31+02:00,98.0
2022-06-08 08:06:31+02:00,98.1
2022-06-08 08:07:31+02:00,97.9
2022-06-08 08:08:31+02:00,97.9
2022-06-08 08:09:31+02:00,97.3
2022-06-08 08:10:31+02:00,50.0
2022-06-08 08:11:31+02:00,50.0
2022-06-08 08:12:31+02:00,96.6
2022-06-08 08:13:32+02:00,96.5
2022-06-08 08:14:32+02:00,96.3
2022-06-08 08:15:32+02:00,96.0
2022-06-08 08:16:32+02:00,95.7
2022-06-08 08:17:32+02:00,95.6
2022-06-08 08:18:32+02:00,95.9
2022-06-08 08:19:32+02:00,50.0
2022-06-08 08:20:33+02:00,95.8
2022-06-08 08:21:33+02:00,95.4
2022-06-08 08:22:33+02:00,95.3
2022-06-08 08:23:33+02:00,95.5
2022-06-08 08:24:33+02:00,95.6
2022-06-08 08:25:33+02:00,50.0
2022-06-08 08:26:33+02:00,94.1
2022-06-08 08:27:34+02:00,91.9
2022-06-08 08:28:34+02:00,90.3
2022-06-08 08:29:34+02:00,89.5
2022-06-08 08:30:34+02:00,89.4
2022-06-08 08:31:34+02:00,89.6
2022-06-08 08:32:34+02:00,89.8
2022-06-08 08:33:34+02:00,90.1
2022-06-08 08:34:35+02:00,90.7
2022-06-08 08:35:35+02:00,90.2
2022-06-08 08:36:35+02:00,90.9
2022-06-08 08:37:35+02:00,91.8
2022-06-08 08:38:35+02:00,50.0
2022-06-08 08:39:35+02:00,89.9
2022-06-08 08:40:35+02:00,91.7
2022-06-08 08:41:36+02:00,92.9
2022-06-08 08:42:36+02:00,93.6
2022-06-08 08:43:36+02:00,94.1
2022-06-08 08:44:36+02:00,94.3
2022-06-08 08:45:36+02:00,50.0
2022-06-08 08:46:36+02:00,94.4
2022-06-08 08:47:36+02:00,94.9
2022-06-08 08:48:36+02:00,95.5
2022-06-08 08:49:37+02:00,95.9
2022-06-08 08:50:37+02:00,96.5
2022-06-08 08:51:37+02:00,96.1
2022-06-08 08:52:37+02:00,96.2
2022-06-08 08:53:37+02:00,96.3
2022-06-08 08:54:37+02:00,50.0
2022-06-08 08:55:38+02:00,94.8
2022-06-08 08:56:38+02:00,91.8
2022-06-08 08:57:38+02:00,89.4
2022-06-08 08:58:38+02:00,87.7
2022-06-08 08:59:38+02:00,86.4
2022-06-08 09:00:38+02:00,85.7
2022-06-08 09:01:38+02:00,84.7
2022-06-08 09:02:39+02:00,84.2
2022-06-08 09:03:39+02:00,83.5
2022-06-08 09:04:39+02:00,83.0
2022-06-08 09:05:39+02:00,82.5
2022-06-08 09:06:39+02:00,81.9
2022-06-08 09:07:39+02:00,81.5
2022-06-08 09:08:39+02:00,80.8
2022-06-08 09:09:39+02:00,80.8
2022-06-08 09:10:39+02:00,80.7
2022-06-08 09:11:39+02:00,80.5
2022-06-08 09:12:40+02:00,50.0
2022-06-08 09:13:40+02:00,81.6
2022-06-08 09:14:40+02:00,85.1
2022-06-08 09:15:40+02:00,89.0
2022-06-08 09:16:40+02:00,91.7
2022-06-08 09:17:40+02:00,93.3
2022-06-08 09:18:40+02:00,94.3
2022-06-08 09:19:40+02:00,94.8
2022-06-08 09:20:40+02:00,95.1
2022-06-08 09:21:40+02:00,95.3
2022-06-08 09:22:40+02:00,95.5
2022-06-08 09:23:40+02:00,95.5
2022-06-08 09:24:41+02:00,95.5
2022-06-08 09:25:41+02:00,95.6
2022-06-08 09:26:41+02:00,95.6
2022-06-08 09:27:41+02:00,95.7
2022-06-08 09:28:41+02:00,95.7
2022-06-08 09:29:41+02:00,50.0
2022-06-08 09:30:41+02:00,95.3
2022-06-08 09:31:41+02:00,50.0
2022-06-08 09:32:41+02:00,96.4
2022-06-08 09:33:41+02:00,97.4
2022-06-08 09:34:41+02:00,97.6
2022-06-08 09:35:42+02:00,98.4
2022-06-08 09:36:42+02:00,97.9
2022-06-08 09:37:42+02:00,98.4
2022-06-08 09:38:42+02:00,50.0
2022-06-08 09:39:42+02:00,97.1
2022-06-08 09:40:42+02:00,96.1
2022-06-08 09:41:42+02:00,95.3
2022-06-08 09:42:42+02:00,94.6
2022-06-08 09:43:42+02:00,93.9
2022-06-08 09:44:42+02:00,93.7
2022-06-08 09:45:43+02:00,93.7
2022-06-08 09:46:43+02:00,93.6
2022-06-08 09:47:43+02:00,50.0
2022-06-08 09:48:43+02:00,50.0
2022-06-08 09:49:43+02:00,93.3
2022-06-08 09:50:43+02:00,93.5
2022-06-08 09:51:43+02:00,90.4
2022-06-08 09:52:43+02:00,50.0
2022-06-08 09:53:43+02:00,50.0
2022-06-08 09:54:43+02:00,50.0
2022-06-08 09:55:43+02:00,91.8
2022-06-08 09:56:44+02:00,92.8
2022-06-08 09:57:44+02:00,94.2
2022-06-08 09:58:44+02:00,95.5
2022-06-08 09:59:44+02:00,50.0
2022-06-08 10:00:44+02:00,95.8
2022-06-08 10:01:44+02:00,95.0
2022-06-08 10:02:44+02:00,95.6
2022-06-08 10:03:44+02:00,96.1
2022-06-08 10:04:44+02:00,50.0
2022-06-08 10:05:44+02:00,50.0
2022-06-08 10:06:44+02:00,96.1
2022-06-08 10:07:45+02:00,50.0
2022-06-08 10:08:45+02:00,96.9
2022-06-08 10:09:45+02:00,50.0
2022-06-08 10:10:45+02:00,97.4
2022-06-08 10:11:45+02:00,97.5
2022-06-08 10:12:45+02:00,97.6
2022-06-08 10:13:46+02:00,97.9
2022-06-08 10:14:46+02:00,98.0
2022-06-08 10:15:46+02:00,98.2
2022-06-08 10:16:46+02:00,98.0
2022-06-08 10:17:46+02:00,97.9
2022-06-08 10:18:46+02:00,98.2
2022-06-08 10:19:46+02:00,98.2
2022-06-08 10:20:47+02:00,98.1
2022-06-08 10:21:47+02:00,98.4
2022-06-08 10:22:47+02:00,50.0
2022-06-08 10:23:47+02:00,50.0
2022-06-08 10:24:47+02:00,98.1
2022-06-08 10:25:47+02:00,98.5
2022-06-08 10:26:47+02:00,50.0
2022-06-08 10:27:48+02:00,50.0
2022-06-08 10:28:48+02:00,50.0
2022-06-08 10:29:48+02:00,50.0
2022-06-08 10:30:48+02:00,97.2
2022-06-08 10:31:48+02:00,98.1
2022-06-08 10:32:48+02:00,98.7
2022-06-08 10:33:48+02:00,99.0
2022-06-08 10:34:49+02:00,98.8
2022-06-08 10:35:49+02:00,98.5
2022-06-08 10:36:49+02:00,98.8
2022-06-08 10:37:49+02:00,98.1
2022-06-08 10:38:49+02:00,98.8
2022-06-08 10:39:49+02:00,98.9
2022-06-08 10:40:49+02:00,98.9
2022-06-08 10:41:50+02:00,99.3
2022-06-08 10:42:50+02:00,98.6
2022-06-08 10:43:50+02:00,50.0
2022-06-08 10:44:50+02:00,50.0
2022-06-08 10:45:50+02:00,98.2
2022-06-08 10:46:50+02:00,97.9
2022-06-08 10:47:50+02:00,98.5
2022-06-08 10:48:51+02:00,97.0
2022-06-08 10:49:51+02:00,97.9
2022-06-08 10:50:51+02:00,97.7
2022-06-08 10:51:51+02:00,98.4
2022-06-08 10:52:51+02:00,98.6
2022-06-08 10:53:51+02:00,50.0
2022-06-08 10:54:51+02:00,98.7
2022-06-08 10:55:52+02:00,95.3
2022-06-08 10:56:52+02:00,93.5
2022-06-08 10:57:52+02:00,91.3
2022-06-08 10:58:52+02:00,88.2
2022-06-08 10:59:52+02:00,86.1
2022-06-08 11:00:52+02:00,83.6
2022-06-08 11:01:52+02:00,82.3
2022-06-08 11:02:53+02:00,83.2
2022-06-08 11:03:53+02:00,82.5
2022-06-08 11:04:53+02:00,83.0
2022-06-08 11:05:53+02:00,50.0
2022-06-08 11:06:53+02:00,82.5
2022-06-08 11:07:53+02:00,50.0
2022-06-08 11:08:53+02:00,50.0
2022-06-08 11:09:54+02:00,88.2
2022-06-08 11:10:54+02:00,91.2
2022-06-08 11:11:54+02:00,93.0
2022-06-08 11:12:54+02:00,94.2
2022-06-08 11:13:54+02:00,50.0
2022-06-08 11:14:54+02:00,95.3
2022-06-08 11:15:55+02:00,95.5
2022-06-08 11:16:55+02:00,95.9
2022-06-08 11:17:55+02:00,95.9
2022-06-08 11:18:55+02:00,95.9
2022-06-08 11:19:55+02:00,95.7
2022-06-08 11:20:55+02:00,50.0
2022-06-08 11:21:55+02:00,50.0
2022-06-08 11:22:56+02:00,95.6
2022-06-08 11:23:56+02:00,50.0
2022-06-08 11:24:56+02:00,50.0
2022-06-08 11:25:56+02:00,96.1
2022-06-08 11:26:56+02:00,96.0
2022-06-08 11:27:56+02:00,96.0
2022-06-08 11:28:56+02:00,96.4
2022-06-08 11:29:57+02:00,96.3
2022-06-08 11:30:57+02:00,96.3
2022-06-08 11:31:57+02:00,50.0
2022-06-08 11:32:57+02:00,50.0
2022-06-08 11:33:57+02:00,50.0
2022-06-08 11:34:57+02:00,50.0
2022-06-08 11:35:57+02:00,50.0
2022-06-08 11:36:58+02:00,50.0
2022-06-08 11:37:58+02:00,50.0
2022-06-08 11:38:58+02:00,50.0
2022-06-08 11:39:58+02:00,50.0
2022-06-08 11:40:58+02:00,50.0
2022-06-08 11:41:58+02:00,50.0
2022-06-08 11:42:58+02:00,50.0
2022-06-08 11:43:58+02:00,50.0
2022-06-08 11:44:59+02:00,50.0
2022-06-08 11:45:59+02:00,50.0
2022-06-08 11:46:59+02:00,50.0
2022-06-08 11:47:59+02:00,50.0
2022-06-08 11:48:59+02:00,50.0
2022-06-08 11:49:59+02:00,50.0
2022-06-08 11:50:59+02:00,50.0
2022-06-08 11:52:00+02:00,50.0
2022-06-08 11:53:00+02:00,50.0
2022-06-08 11:54:00+02:00,50.0
2022-06-08 11:55:00+02:00,50.0
2022-06-08 11:56:00+02:00,50.0
2022-06-08 11:57:00+02:00,50.0
2022-06-08 11:58:01+02:00,50.0
2022-06-08 11:59:01+02:00,50.0
2022-06-08 12:00:01+02:00,50.0
2022-06-08 12:01:01+02:00,50.0
2022-06-08 12:02:01+02:00,50.0
2022-06-08 12:03:01+02:00,50.0
2022-06-08 12:04:01+02:00,50.0
2022-06-08 12:05:02+02:00,50.0
2022-06-08 12:06:02+02:00,50.0
2022-06-08 12:07:02+02:00,50.0
2022-06-10 02:04:00+02:00,94.1
2022-06-10 02:05:00+02:00,94.3
2022-06-10 02:06:00+02:00,94.5
2022-06-10 02:07:00+02:00,95.2
2022-06-10 02:08:00+02:00,95.4
2022-06-10 02:09:00+02:00,95.3
2022-06-10 02:10:00+02:00,95.4
2022-06-10 02:11:00+02:00,95.4
2022-06-10 02:12:00+02:00,95.8
2022-06-10 02:13:00+02:00,95.6
2022-06-10 02:14:00+02:00,95.5
2022-06-10 02:15:01+02:00,95.8
2022-06-10 02:16:01+02:00,95.8
2022-06-10 02:17:01+02:00,95.9
2022-06-10 02:18:01+02:00,95.8
2022-06-10 02:19:01+02:00,96.0
2022-06-10 02:20:01+02:00,95.7
2022-06-10 02:21:01+02:00,50.0
2022-06-10 02:22:01+02:00,95.7
2022-06-10 02:23:02+02:00,95.7
2022-06-10 02:24:02+02:00,95.7
2022-06-10 02:25:02+02:00,95.8
2022-06-10 02:26:02+02:00,95.8
2022-06-10 02:27:02+02:00,95.9
2022-06-10 02:28:02+02:00,96.2
2022-06-10 02:29:03+02:00,96.4
2022-06-10 02:30:03+02:00,96.6
2022-06-10 02:31:03+02:00,96.7
2022-06-10 02:32:03+02:00,96.7
2022-06-10 02:33:03+02:00,96.5
2022-06-10 02:34:03+02:00,96.4
2022-06-10 02:35:03+02:00,96.2
2022-06-10 02:36:03+02:00,95.9
2022-06-10 02:37:04+02:00,95.8
2022-06-10 02:38:04+02:00,95.8
2022-06-10 02:39:04+02:00,95.9
2022-06-10 02:40:04+02:00,95.9
2022-06-10 02:41:04+02:00,95.6
2022-06-10 02:42:04+02:00,95.5
2022-06-10 02:43:05+02:00,95.3
2022-06-10 02:44:05+02:00,95.3
2022-06-10 02:45:05+02:00,95.2
2022-06-10 02:46:05+02:00,94.9
2022-06-10 02:47:05+02:00,94.9
2022-06-10 02:48:05+02:00,50.0
2022-06-10 02:49:05+02:00,50.0
2022-06-10 02:50:05+02:00,94.9
2022-06-10 02:51:06+02:00,50.0
2022-06-10 02:52:06+02:00,95.2
2022-06-10 02:53:06+02:00,95.6
2022-06-10 02:54:06+02:00,95.2
2022-06-10 02:55:06+02:00,94.2
2022-06-10 02:56:07+02:00,92.8
2022-06-10 02:57:07+02:00,91.8
2022-06-10 02:58:07+02:00,50.0
2022-06-10 02:59:07+02:00,92.5
2022-06-10 03:00:07+02:00,50.0
2022-06-10 03:01:07+02:00,91.9
2022-06-10 03:02:07+02:00,50.0
2022-06-10 03:03:08+02:00,90.7
2022-06-10 03:04:08+02:00,88.9
2022-06-10 03:05:08+02:00,87.5
2022-06-10 03:06:08+02:00,86.7
2022-06-10 03:07:08+02:00,85.9
2022-06-10 03:08:08+02:00,85.6
2022-06-10 03:09:09+02:00,85.8
2022-06-10 03:10:09+02:00,86.1
2022-06-10 03:11:09+02:00,86.8
2022-06-10 03:12:09+02:00,87.8
2022-06-10 03:13:09+02:00,88.0
2022-06-10 03:14:09+02:00,88.5
2022-06-10 03:15:10+02:00,89.5
2022-06-10 03:16:10+02:00,50.0
2022-06-10 03:17:10+02:00,88.5
2022-06-10 03:18:10+02:00,89.2
2022-06-10 03:19:10+02:00,90.4
2022-06-10 03:20:10+02:00,50.0
2022-06-10 03:21:10+02:00,50.0
2022-06-10 03:22:11+02:00,50.0
2022-06-10 03:23:11+02:00,50.0
2022-06-10 03:24:11+02:00,91.1
2022-06-10 03:25:11+02:00,50.0
2022-06-10 03:26:11+02:00,92.4
2022-06-10 03:27:11+02:00,92.8
2022-06-10 03:28:11+02:00,93.2
2022-06-10 03:29:11+02:00,93.6
2022-06-10 03:30:12+02:00,93.9
2022-06-10 03:31:12+02:00,94.2
2022-06-10 03:32:12+02:00,94.4
2022-06-10 03:33:12+02:00,50.0
2022-06-10 03:34:12+02:00,94.0
2022-06-10 03:35:12+02:00,93.3
2022-06-10 03:36:13+02:00,93.0
2022-06-10 03:37:13+02:00,92.7
2022-06-10 03:38:13+02:00,92.7
2022-06-10 03:39:13+02:00,92.5
2022-06-10 03:40:13+02:00,92.7
2022-06-10 03:41:13+02:00,92.8
2022-06-10 03:42:13+02:00,93.0
2022-06-10 03:43:14+02:00,93.3
2022-06-10 03:44:14+02:00,93.5
2022-06-10 03:45:14+02:00,93.5
2022-06-10 03:46:14+02:00,50.0
2022-06-10 03:47:14+02:00,92.5
2022-06-10 03:48:14+02:00,92.9
2022-06-10 03:49:14+02:00,93.6
2022-06-10 03:50:15+02:00,94.0
2022-06-10 03:51:15+02:00,94.3
2022-06-10 03:52:15+02:00,94.6
2022-06-10 03:53:15+02:00,94.8
2022-06-10 03:54:15+02:00,94.9
2022-06-10 03:55:15+02:00,95.1
2022-06-10 03:56:16+02:00,95.1
2022-06-10 03:57:16+02:00,95.1
2022-06-10 03:58:16+02:00,95.1
2022-06-10 03:59:16+02:00,95.0
2022-06-10 04:00:16+02:00,94.9
2022-06-10 04:01:16+02:00,94.9
2022-06-10 04:02:16+02:00,94.9
2022-06-10 04:03:17+02:00,94.9
2022-06-10 04:04:17+02:00,94.9
2022-06-10 04:05:17+02:00,94.9
2022-06-10 04:06:17+02:00,95.0
2022-06-10 04:07:17+02:00,95.1
2022-06-10 04:08:17+02:00,95.1
2022-06-10 04:09:18+02:00,95.1
2022-06-10 04:10:18+02:00,95.1
2022-06-10 04:11:18+02:00,95.1
2022-06-10 04:12:18+02:00,50.0
2022-06-10 04:13:18+02:00,95.3
2022-06-10 04:14:18+02:00,95.4
2022-06-10 04:15:18+02:00,95.6
2022-06-10 04:16:19+02:00,95.7
2022-06-10 04:17:19+02:00,95.7
2022-06-10 04:18:19+02:00,95.5
2022-06-10 04:19:19+02:00,95.3
2022-06-10 04:20:19+02:00,94.5
2022-06-10 04:21:19+02:00,93.9
2022-06-10 04:22:20+02:00,93.1
2022-06-10 04:23:20+02:00,50.0
2022-06-10 04:24:20+02:00,92.9
2022-06-10 04:25:20+02:00,50.0
2022-06-10 04:26:20+02:00,50.0
2022-06-10 04:27:20+02:00,93.1
2022-06-10 04:28:20+02:00,50.0
2022-06-10 04:29:21+02:00,94.4
2022-06-10 04:30:21+02:00,94.4
2022-06-10 04:31:21+02:00,50.0
2022-06-10 04:32:21+02:00,50.0
2022-06-10 04:33:21+02:00,93.9
2022-06-10 04:34:21+02:00,94.0
2022-06-10 04:35:22+02:00,94.2
2022-06-10 04:36:22+02:00,50.0
2022-06-10 04:37:22+02:00,50.0
2022-06-10 04:38:22+02:00,94.2
2022-06-10 04:39:22+02:00,94.1
2022-06-10 04:40:22+02:00,94.3
2022-06-10 04:41:22+02:00,94.5
2022-06-10 04:42:23+02:00,94.8
2022-06-10 04:43:23+02:00,50.0
2022-06-10 04:44:23+02:00,94.4
2022-06-10 04:45:23+02:00,91.3
2022-06-10 04:46:23+02:00,50.0
2022-06-10 04:47:23+02:00,50.0
2022-06-10 04:48:23+02:00,90.5
2022-06-10 04:49:24+02:00,50.0
2022-06-10 04:50:24+02:00,91.2
2022-06-10 04:51:24+02:00,91.8
2022-06-10 04:52:24+02:00,50.0
2022-06-10 04:53:24+02:00,93.1
2022-06-10 04:54:24+02:00,93.6
2022-06-10 04:55:25+02:00,94.0
2022-06-10 04:56:25+02:00,94.3
2022-06-10 04:57:25+02:00,94.3
2022-06-10 04:58:25+02:00,94.4
2022-06-10 04:59:25+02:00,94.4
2022-06-10 05:00:25+02:00,94.6
2022-06-10 05:01:25+02:00,94.8
2022-06-10 05:02:26+02:00,50.0
2022-06-10 05:03:26+02:00,50.0
2022-06-10 05:04:26+02:00,96.5
2022-06-10 05:05:26+02:00,98.0
2022-06-10 05:06:26+02:00,50.0
2022-06-10 05:07:26+02:00,97.6
2022-06-10 05:08:27+02:00,50.0
2022-06-10 05:09:27+02:00,97.1
2022-06-10 05:10:27+02:00,50.0
2022-06-10 05:11:27+02:00,50.0
2022-06-10 05:12:27+02:00,95.4
2022-06-10 05:13:27+02:00,95.5
2022-06-10 05:14:27+02:00,50.0
2022-06-10 05:15:28+02:00,94.5
2022-06-10 05:16:28+02:00,94.1
2022-06-10 05:17:28+02:00,94.3
2022-06-10 05:18:28+02:00,94.5
2022-06-10 05:19:28+02:00,94.7
2022-06-10 05:20:28+02:00,94.8
2022-06-10 05:21:28+02:00,50.0
2022-06-10 05:22:29+02:00,50.0
2022-06-10 05:23:29+02:00,94.6
2022-06-10 05:24:29+02:00,94.3
2022-06-10 05:25:29+02:00,94.3
2022-06-10 05:26:29+02:00,94.2
2022-06-10 05:27:29+02:00,94.2
2022-06-10 05:28:30+02:00,94.3
2022-06-10 05:29:30+02:00,94.4
2022-06-10 05:30:30+02:00,94.5
2022-06-10 05:31:30+02:00,94.6
2022-06-10 05:32:30+02:00,94.6
2022-06-10 05:33:30+02:00,94.7
2022-06-10 05:34:30+02:00,94.8
2022-06-10 05:35:31+02:00,94.9
2022-06-10 05:36:31+02:00,94.9
2022-06-10 05:37:31+02:00,95.0
2022-06-10 05:38:31+02:00,95.0
2022-06-10 05:39:31+02:00,95.1
2022-06-10 05:40:31+02:00,95.2
2022-06-10 05:41:31+02:00,95.3
2022-06-10 05:42:32+02:00,95.4
2022-06-10 05:43:32+02:00,95.4
2022-06-10 05:44:32+02:00,95.3
2022-06-10 05:45:32+02:00,95.4
2022-06-10 05:46:32+02:00,95.4
2022-06-10 05:47:32+02:00,95.5
2022-06-10 05:48:32+02:00,95.5
2022-06-10 05:49:33+02:00,95.5
2022-06-10 05:50:33+02:00,95.5
2022-06-10 05:51:33+02:00,95.4
2022-06-10 05:52:33+02:00,95.5
2022-06-10 05:53:33+02:00,95.5
2022-06-10 05:54:33+02:00,95.4
2022-06-10 05:55:34+02:00,95.2
2022-06-10 05:56:34+02:00,50.0
2022-06-10 05:57:34+02:00,95.0
2022-06-10 05:58:34+02:00,94.9
2022-06-10 05:59:34+02:00,94.8
2022-06-10 06:00:34+02:00,94.7
2022-06-10 06:01:35+02:00,94.6
2022-06-10 06:02:35+02:00,94.6
2022-06-10 06:03:35+02:00,94.4
2022-06-10 06:04:35+02:00,94.1
2022-06-10 06:05:35+02:00,94.2
2022-06-10 06:06:35+02:00,94.4
2022-06-10 06:07:35+02:00,94.2
2022-06-10 06:08:36+02:00,93.8
2022-06-10 06:09:36+02:00,93.8
2022-06-10 06:10:36+02:00,93.6
2022-06-10 06:11:36+02:00,93.6
2022-06-10 06:12:36+02:00,93.4
2022-06-10 06:13:36+02:00,93.6
2022-06-10 06:14:36+02:00,50.0
2022-06-10 06:15:37+02:00,94.1
2022-06-10 06:16:37+02:00,50.0
2022-06-10 06:17:37+02:00,50.0
2022-06-10 06:18:37+02:00,94.8
2022-06-10 06:19:37+02:00,50.0
2022-06-10 06:20:37+02:00,94.6
2022-06-10 06:21:37+02:00,94.3
2022-06-10 06:22:38+02:00,94.5
2022-06-10 06:23:38+02:00,94.3
2022-06-10 06:24:38+02:00,94.5
2022-06-10 06:25:38+02:00,94.3
2022-06-10 06:26:38+02:00,94.3
2022-06-10 06:27:38+02:00,94.1
2022-06-10 06:28:39+02:00,50.0
2022-06-10 06:29:39+02:00,50.0
2022-06-10 06:30:39+02:00,94.4
2022-06-10 06:31:39+02:00,50.0
2022-06-10 06:32:39+02:00,94.8
2022-06-10 06:33:39+02:00,50.0
2022-06-10 06:34:39+02:00,95.1
2022-06-10 06:35:39+02:00,95.1
2022-06-10 06:36:39+02:00,95.0
2022-06-10 06:37:39+02:00,50.0
2022-06-10 06:38:39+02:00,94.7
2022-06-10 06:39:39+02:00,94.6
2022-06-10 06:40:40+02:00,50.0
2022-06-10 06:41:40+02:00,94.1
2022-06-10 06:42:40+02:00,93.2
2022-06-10 06:43:40+02:00,93.0
2022-06-10 06:44:40+02:00,50.0
2022-06-10 06:45:40+02:00,94.2
2022-06-10 06:46:40+02:00,95.2
2022-06-10 06:47:40+02:00,96.1
2022-06-10 06:48:41+02:00,96.4
2022-06-10 06:49:41+02:00,50.0
2022-06-10 06:50:41+02:00,96.7
2022-06-10 06:51:41+02:00,50.0
2022-06-10 06:52:41+02:00,50.0
2022-06-10 06:53:41+02:00,50.0
2022-06-10 06:54:41+02:00,94.7
2022-06-10 06:55:41+02:00,94.3
2022-06-10 06:56:41+02:00,94.3
2022-06-10 06:57:42+02:00,94.2
2022-06-10 06:58:42+02:00,94.2
2022-06-10 06:59:42+02:00,94.3
2022-06-10 07:00:42+02:00,94.2
2022-06-10 07:01:42+02:00,94.3
2022-06-10 07:02:42+02:00,94.3
2022-06-10 07:03:42+02:00,94.4
2022-06-10 07:04:42+02:00,94.4
2022-06-10 07:05:43+02:00,94.5
2022-06-10 07:06:43+02:00,94.6
2022-06-10 07:07:43+02:00,94.6
2022-06-10 07:08:43+02:00,94.7
2022-06-10 07:09:43+02:00,94.8
2022-06-10 07:10:43+02:00,94.8
2022-06-10 07:11:43+02:00,94.8
2022-06-10 07:12:43+02:00,94.8
2022-06-10 07:13:44+02:00,94.9
2022-06-10 07:14:44+02:00,94.9
2022-06-10 07:15:44+02:00,94.9
2022-06-10 07:16:44+02:00,94.9
2022-06-10 07:17:44+02:00,94.8
2022-06-10 07:18:44+02:00,94.7
2022-06-10 07:19:44+02:00,94.8
2022-06-10 07:20:44+02:00,94.8
2022-06-10 07:21:44+02:00,94.9
2022-06-10 07:22:45+02:00,94.9
2022-06-10 07:23:45+02:00,94.9
2022-06-10 07:24:45+02:00,94.9
2022-06-10 07:25:45+02:00,94.8
2022-06-10 07:26:45+02:00,94.9
2022-06-10 07:27:45+02:00,94.8
2022-06-10 07:28:45+02:00,94.8
2022-06-10 07:29:46+02:00,94.8
2022-06-10 07:30:46+02:00,94.8
2022-06-10 07:31:46+02:00,94.8
2022-06-10 07:32:46+02:00,94.8
2022-06-10 07:33:46+02:00,94.8
2022-06-10 07:34:46+02:00,94.8
2022-06-10 07:35:47+02:00,94.8
2022-06-10 07:36:47+02:00,94.8
2022-06-10 07:37:47+02:00,94.8
2022-06-10 07:38:47+02:00,94.8
2022-06-10 07:39:47+02:00,94.8
2022-06-10 07:40:47+02:00,94.8
2022-06-10 07:41:47+02:00,94.8
2022-06-10 07:42:48+02:00,94.8
2022-06-10 07:43:48+02:00,94.8
2022-06-10 07:44:48+02:00,94.8
2022-06-10 07:45:48+02:00,50.0
2022-06-10 07:46:48+02:00,95.1
2022-06-10 07:47:48+02:00,95.0
2022-06-10 07:48:49+02:00,50.0
2022-06-10 07:49:49+02:00,94.8
2022-06-10 07:50:49+02:00,95.0
2022-06-10 07:51:49+02:00,95.1
2022-06-10 07:52:49+02:00,95.1
2022-06-10 07:53:49+02:00,95.2
2022-06-10 07:54:49+02:00,95.3
2022-06-10 07:55:50+02:00,95.3
2022-06-10 07:56:50+02:00,50.0
2022-06-10 07:57:50+02:00,95.3
2022-06-10 07:58:50+02:00,95.4
2022-06-10 07:59:50+02:00,95.6
2022-06-10 08:00:50+02:00,95.6
2022-06-10 08:01:51+02:00,95.6
2022-06-10 08:02:51+02:00,95.6
2022-06-10 08:03:51+02:00,95.9
2022-06-10 08:04:51+02:00,96.2
2022-06-10 08:05:51+02:00,96.3
2022-06-10 08:06:51+02:00,96.3
2022-06-10 08:07:51+02:00,50.0
2022-06-10 08:08:52+02:00,96.3
2022-06-10 08:09:52+02:00,96.5
2022-06-10 08:10:52+02:00,96.6
2022-06-10 08:11:52+02:00,50.0
2022-06-10 08:12:52+02:00,96.3
2022-06-10 08:13:52+02:00,96.1
2022-06-10 08:14:52+02:00,95.9
2022-06-10 08:15:53+02:00,50.0
2022-06-10 08:16:53+02:00,96.0
2022-06-10 08:17:53+02:00,95.2
2022-06-10 08:18:53+02:00,95.3
2022-06-10 08:19:53+02:00,94.7
2022-06-10 08:20:53+02:00,95.0
2022-06-10 08:21:54+02:00,95.0
2022-06-10 08:22:54+02:00,94.8
2022-06-10 08:23:54+02:00,94.5
2022-06-10 08:24:54+02:00,93.8
2022-06-10 08:25:54+02:00,50.0
2022-06-10 08:26:54+02:00,94.1
2022-06-10 08:27:55+02:00,50.0
2022-06-10 08:28:55+02:00,92.5
2022-06-10 08:29:55+02:00,90.1
2022-06-10 08:30:55+02:00,89.0
2022-06-10 08:31:55+02:00,88.0
2022-06-10 08:32:55+02:00,87.9
2022-06-10 08:33:55+02:00,50.0
2022-06-10 08:34:56+02:00,50.0
2022-06-10 08:35:56+02:00,89.5
2022-06-10 08:36:56+02:00,91.5
2022-06-10 08:37:56+02:00,92.9
2022-06-10 08:38:56+02:00,93.9
2022-06-10 08:39:56+02:00,94.0
2022-06-10 08:40:56+02:00,50.0
2022-06-10 08:41:57+02:00,93.0
2022-06-10 08:42:57+02:00,92.5
2022-06-10 08:43:57+02:00,50.0
2022-06-10 08:44:57+02:00,50.0
2022-06-10 08:45:57+02:00,92.6
2022-06-10 08:46:57+02:00,93.9
2022-06-10 08:47:58+02:00,94.7
2022-06-10 08:48:58+02:00,95.2
2022-06-10 08:49:58+02:00,50.0
2022-06-10 08:50:58+02:00,95.7
2022-06-10 08:51:58+02:00,94.5
2022-06-10 08:52:58+02:00,94.1
2022-06-10 08:53:58+02:00,50.0
2022-06-10 08:54:59+02:00,92.7
2022-06-10 08:55:59+02:00,90.9
2022-06-10 08:56:59+02:00,88.9
2022-06-10 08:57:59+02:00,86.7
2022-06-10 08:58:59+02:00,85.2
2022-06-10 08:59:59+02:00,85.6
2022-06-10 09:01:00+02:00,89.1
2022-06-10 09:02:00+02:00,91.9
2022-06-10 09:03:00+02:00,93.7
2022-06-10 09:04:00+02:00,94.8
2022-06-10 09:05:00+02:00,95.6
2022-06-10 09:06:00+02:00,96.0
2022-06-10 09:07:00+02:00,96.3
2022-06-10 09:08:01+02:00,96.6
2022-06-10 09:09:01+02:00,97.0
2022-06-10 09:10:01+02:00,97.1
2022-06-10 09:11:01+02:00,97.3
2022-06-10 09:12:01+02:00,97.5
2022-06-10 09:13:01+02:00,97.4
2022-06-10 09:14:01+02:00,97.6
2022-06-10 09:15:02+02:00,97.6
2022-06-10 09:16:02+02:00,97.8
2022-06-10 09:17:02+02:00,97.6
2022-06-10 09:18:02+02:00,97.7
2022-06-10 09:19:02+02:00,97.8
2022-06-10 09:20:02+02:00,97.8
2022-06-10 09:21:02+02:00,97.8
2022-06-10 09:22:03+02:00,97.8
2022-06-10 09:23:03+02:00,97.7
2022-06-10 09:24:03+02:00,97.6
2022-06-10 09:25:03+02:00,97.6
2022-06-10 09:26:03+02:00,97.7
2022-06-10 09:27:03+02:00,97.7
2022-06-10 09:28:04+02:00,97.9
2022-06-10 09:29:04+02:00,97.9
2022-06-10 09:30:04+02:00,97.9
2022-06-10 09:31:04+02:00,97.8
2022-06-10 09:32:04+02:00,97.6
2022-06-10 09:33:04+02:00,97.2
2022-06-10 09:34:04+02:00,97.2
2022-06-10 09:35:05+02:00,97.0
2022-06-10 09:36:05+02:00,96.9
2022-06-10 09:37:05+02:00,97.0
2022-06-10 09:38:05+02:00,96.7
2022-06-10 09:39:05+02:00,96.4
2022-06-10 09:40:05+02:00,96.4
2022-06-10 09:41:05+02:00,50.0
2022-06-10 09:42:06+02:00,96.3
2022-06-10 09:43:06+02:00,96.3
2022-06-10 09:44:06+02:00,96.1
2022-06-10 09:45:06+02:00,96.0
2022-06-10 09:46:06+02:00,95.9
2022-06-10 09:47:06+02:00,95.9
2022-06-10 09:48:07+02:00,95.8
2022-06-10 09:49:07+02:00,95.6
2022-06-10 09:50:07+02:00,50.0
2022-06-10 09:51:07+02:00,95.9
2022-06-10 09:52:07+02:00,96.3
2022-06-10 09:53:07+02:00,96.6
2022-06-10 09:54:07+02:00,97.1
2022-06-10 09:55:08+02:00,97.6
2022-06-10 09:56:08+02:00,97.8
2022-06-10 09:57:08+02:00,50.0
2022-06-10 09:58:08+02:00,97.3
2022-06-10 09:59:08+02:00,97.6
2022-06-10 10:00:08+02:00,97.8
2022-06-10 10:01:09+02:00,50.0
2022-06-10 10:02:09+02:00,97.3
2022-06-10 10:03:09+02:00,50.0
2022-06-10 10:04:09+02:00,93.9
2022-06-10 10:05:09+02:00,50.0
2022-06-10 10:06:09+02:00,92.5
2022-06-10 10:07:09+02:00,93.6
2022-06-10 10:08:10+02:00,94.1
2022-06-10 10:09:10+02:00,94.5
2022-06-10 10:10:10+02:00,50.0
2022-06-10 10:11:10+02:00,94.5
2022-06-10 10:12:10+02:00,50.0
2022-06-10 10:13:10+02:00,94.7
2022-06-10 10:14:11+02:00,50.0
2022-06-10 10:15:11+02:00,95.7
2022-06-10 10:16:11+02:00,94.7
2022-06-10 10:17:11+02:00,92.9
2022-06-10 10:18:11+02:00,93.6
2022-06-10 10:19:11+02:00,94.1
2022-06-10 10:20:12+02:00,94.2
2022-06-10 10:21:12+02:00,93.5
2022-06-10 10:22:12+02:00,93.8
2022-06-10 10:23:12+02:00,93.6
2022-06-10 10:24:12+02:00,93.5
2022-06-10 10:25:12+02:00,93.2
2022-06-10 10:26:12+02:00,93.7
2022-06-10 10:27:13+02:00,93.9
2022-06-10 10:28:13+02:00,94.6
2022-06-10 10:29:13+02:00,94.3
2022-06-10 10:30:13+02:00,95.3
2022-06-10 10:31:13+02:00,95.2
2022-06-10 10:32:13+02:00,95.4
2022-06-10 10:33:14+02:00,95.4
2022-06-10 10:34:14+02:00,98.2
2022-06-10 10:35:14+02:00,99.5
2022-06-10 10:36:14+02:00,99.9
2022-06-10 10:37:14+02:00,100.0
2022-06-10 10:38:14+02:00,100.0
2022-06-10 10:39:14+02:00,100.0
2022-06-10 10:40:15+02:00,100.0
2022-06-10 10:41:15+02:00,100.0
2022-06-10 10:42:15+02:00,100.0
2022-06-10 10:43:15+02:00,100.0
2022-06-10 10:44:15+02:00,100.0
2022-06-10 10:45:15+02:00,100.0
2022-06-10 10:46:16+02:00,100.0
2022-06-10 10:47:16+02:00,100.0
2022-06-10 10:48:16+02:00,100.0
2022-06-10 10:49:16+02:00,100.0
2022-06-10 10:50:16+02:00,100.0
2022-06-10 10:51:16+02:00,100.0
2022-06-10 10:52:16+02:00,50.0
2022-06-10 10:53:17+02:00,50.0
2022-06-10 10:54:17+02:00,50.0
2022-06-10 10:55:17+02:00,50.0
2022-06-10 10:56:17+02:00,50.0
2022-06-10 10:57:17+02:00,50.0
2022-06-10 10:58:17+02:00,50.0
2022-06-10 10:59:18+02:00,50.0
2022-06-10 11:00:18+02:00,50.0
2022-06-10 11:01:18+02:00,50.0
2022-06-10 11:02:18+02:00,50.0
2022-06-10 11:03:18+02:00,50.0
2022-06-10 11:04:18+02:00,50.0
2022-06-10 11:05:18+02:00,50.0
2022-06-10 11:06:18+02:00,50.0
2022-06-10 11:07:19+02:00,50.0
2022-06-10 11:08:19+02:00,50.0
2022-06-10 11:09:19+02:00,50.0
2022-06-10 11:10:19+02:00,50.0
2022-06-10 11:11:19+02:00,50.0
2022-06-10 11:12:19+02:00,50.0
2022-06-10 11:13:19+02:00,50.0
2022-06-10 11:14:20+02:00,50.0
2022-06-10 11:15:20+02:00,50.0
2022-06-10 11:16:20+02:00,50.0
2022-06-10 11:17:20+02:00,50.0
2022-06-10 11:18:20+02:00,50.0
2022-06-10 11:19:20+02:00,50.0
2022-06-10 11:20:20+02:00,50.0
2022-06-10 11:21:21+02:00,50.0
2022-06-10 11:22:21+02:00,50.0
2022-06-10 11:23:21+02:00,50.0
2022-06-10 11:24:21+02:00,50.0
2022-06-10 11:25:21+02:00,50.0
2022-06-10 11:26:21+02:00,50.0
2022-06-10 11:27:22+02:00,50.0
2022-06-10 11:28:22+02:00,50.0
2022-06-11 05:54:00+02:00,50.0
2022-06-11 05:55:00+02:00,93.7
2022-06-11 05:56:00+02:00,93.8
2022-06-11 05:57:00+02:00,93.7
2022-06-11 05:58:00+02:00,93.8
2022-06-11 05:59:00+02:00,94.0
2022-06-11 06:00:00+02:00,94.0
2022-06-11 06:01:00+02:00,94.1
2022-06-11 06:02:00+02:00,94.2
2022-06-11 06:03:00+02:00,94.3
2022-06-11 06:04:00+02:00,94.4
2022-06-11 06:05:00+02:00,94.3
2022-06-11 06:06:01+02:00,94.3
2022-06-11 06:07:01+02:00,94.3
2022-06-11 06:08:01+02:00,94.2
2022-06-11 06:09:01+02:00,94.2
2022-06-11 06:10:01+02:00,94.2
2022-06-11 06:11:01+02:00,94.4
2022-06-11 06:12:01+02:00,94.4
2022-06-11 06:13:02+02:00,94.4
2022-06-11 06:14:02+02:00,94.3
2022-06-11 06:15:02+02:00,94.3
2022-06-11 06:16:02+02:00,50.0
2022-06-11 06:17:02+02:00,94.4
2022-06-11 06:18:02+02:00,94.5
2022-06-11 06:19:02+02:00,94.3
2022-06-11 06:20:02+02:00,94.3
2022-06-11 06:21:03+02:00,94.3
2022-06-11 06:22:03+02:00,94.3
2022-06-11 06:23:03+02:00,94.3
2022-06-11 06:24:03+02:00,94.3
2022-06-11 06:25:03+02:00,94.3
2022-06-11 06:26:03+02:00,94.3
2022-06-11 06:27:03+02:00,94.4
2022-06-11 06:28:04+02:00,94.4
2022-06-11 06:29:04+02:00,94.5
2022-06-11 06:30:04+02:00,94.5
2022-06-11 06:31:04+02:00,94.5
2022-06-11 06:32:04+02:00,94.5
2022-06-11 06:33:04+02:00,94.5
2022-06-11 06:34:05+02:00,94.6
2022-06-11 06:35:05+02:00,94.6
2022-06-11 06:36:05+02:00,94.6
2022-06-11 06:37:05+02:00,94.7
2022-06-11 06:38:05+02:00,94.7
2022-06-11 06:39:05+02:00,94.7
2022-06-11 06:40:06+02:00,94.7
2022-06-11 06:41:06+02:00,94.8
2022-06-11 06:42:06+02:00,94.8
2022-06-11 06:43:06+02:00,94.9
2022-06-11 06:44:06+02:00,94.9
2022-06-11 06:45:06+02:00,94.9
2022-06-11 06:46:07+02:00,94.9
2022-06-11 06:47:07+02:00,94.9
2022-06-11 06:48:07+02:00,94.9
2022-06-11 06:49:07+02:00,94.9
2022-06-11 06:50:07+02:00,94.9
2022-06-11 06:51:07+02:00,94.9
2022-06-11 06:52:07+02:00,94.9
2022-06-11 06:53:08+02:00,94.9
2022-06-11 06:54:08+02:00,94.8
2022-06-11 06:55:08+02:00,94.9
2022-06-11 06:56:08+02:00,94.9
2022-06-11 06:57:08+02:00,94.6
2022-06-11 06:58:08+02:00,94.5
2022-06-11 06:59:09+02:00,94.4
2022-06-11 07:00:09+02:00,94.3
2022-06-11 07:01:09+02:00,94.4
2022-06-11 07:02:09+02:00,94.3
2022-06-11 07:03:09+02:00,94.2
2022-06-11 07:04:09+02:00,50.0
2022-06-11 07:05:10+02:00,94.1
2022-06-11 07:06:10+02:00,94.1
2022-06-11 07:07:10+02:00,50.0
2022-06-11 07:08:10+02:00,94.2
2022-06-11 07:09:10+02:00,50.0
2022-06-11 07:10:10+02:00,50.0
2022-06-11 07:11:11+02:00,94.4
2022-06-11 07:12:11+02:00,50.0
2022-06-11 07:13:11+02:00,94.8
2022-06-11 07:14:11+02:00,50.0
2022-06-11 07:15:11+02:00,50.0
2022-06-11 07:16:11+02:00,94.0
2022-06-11 07:17:11+02:00,93.8
2022-06-11 07:18:12+02:00,93.5
2022-06-11 07:19:12+02:00,93.2
2022-06-11 07:20:12+02:00,93.1
2022-06-11 07:21:12+02:00,93.3
2022-06-11 07:22:12+02:00,93.3
2022-06-11 07:23:12+02:00,93.0
2022-06-11 07:24:13+02:00,50.0
2022-06-11 07:25:13+02:00,93.0
2022-06-11 07:26:13+02:00,91.6
2022-06-11 07:27:13+02:00,91.1
2022-06-11 07:28:13+02:00,90.0
2022-06-11 07:29:13+02:00,90.0
2022-06-11 07:30:13+02:00,50.0
2022-06-11 07:31:14+02:00,91.7
2022-06-11 07:32:14+02:00,93.9
2022-06-11 07:33:14+02:00,95.2
2022-06-11 07:34:14+02:00,96.5
2022-06-11 07:35:14+02:00,97.1
2022-06-11 07:36:14+02:00,97.7
2022-06-11 07:37:15+02:00,98.3
2022-06-11 07:38:15+02:00,98.7
2022-06-11 07:39:15+02:00,98.7
2022-06-11 07:40:15+02:00,99.0
2022-06-11 07:41:15+02:00,99.3
2022-06-11 07:42:15+02:00,99.1
2022-06-11 07:43:16+02:00,99.4
2022-06-11 07:44:16+02:00,99.3
2022-06-11 07:45:16+02:00,99.5
2022-06-11 07:46:16+02:00,99.5
2022-06-11 07:47:16+02:00,99.3
2022-06-11 07:48:16+02:00,99.1
2022-06-11 07:49:17+02:00,99.1
2022-06-11 07:50:17+02:00,98.9
2022-06-11 07:51:17+02:00,99.1
2022-06-11 07:52:17+02:00,50.0
2022-06-11 07:53:17+02:00,99.0
2022-06-11 07:54:17+02:00,98.6
2022-06-11 07:55:18+02:00,50.0
2022-06-11 07:56:18+02:00,97.5
2022-06-11 07:57:18+02:00,96.8
2022-06-11 07:58:18+02:00,96.6
2022-06-11 07:59:18+02:00,50.0
2022-06-11 08:00:18+02:00,96.0
2022-06-11 08:01:18+02:00,95.6
2022-06-11 08:02:19+02:00,95.6
2022-06-11 08:03:19+02:00,95.5
2022-06-11 08:04:19+02:00,50.0
2022-06-11 08:05:19+02:00,95.0
2022-06-11 08:06:19+02:00,50.0
2022-06-11 08:07:19+02:00,50.0
2022-06-11 08:08:20+02:00,94.8
2022-06-11 08:09:20+02:00,95.4
2022-06-11 08:10:20+02:00,95.7
2022-06-11 08:11:20+02:00,96.0
2022-06-11 08:12:20+02:00,50.0
2022-06-11 08:13:20+02:00,96.2
2022-06-11 08:14:21+02:00,50.0
2022-06-11 08:15:21+02:00,50.0
2022-06-11 08:16:21+02:00,95.0
2022-06-11 08:17:21+02:00,96.3
2022-06-11 08:18:21+02:00,97.5
2022-06-11 08:19:21+02:00,97.8
2022-06-11 08:20:21+02:00,50.0
2022-06-11 08:21:22+02:00,97.3
2022-06-11 08:22:22+02:00,50.0
2022-06-11 08:23:22+02:00,97.5
2022-06-11 08:24:22+02:00,97.1
2022-06-11 08:25:22+02:00,96.8
2022-06-11 08:26:22+02:00,50.0
2022-06-11 08:27:23+02:00,96.5
2022-06-11 08:28:23+02:00,96.5
2022-06-11 08:29:23+02:00,96.4
2022-06-11 08:30:23+02:00,50.0
2022-06-11 08:31:23+02:00,96.2
2022-06-11 08:32:23+02:00,95.4
2022-06-11 08:33:23+02:00,95.6
2022-06-11 08:34:24+02:00,95.9
2022-06-11 08:35:24+02:00,95.9
2022-06-11 08:36:24+02:00,95.9
2022-06-11 08:37:24+02:00,95.7
2022-06-11 08:38:24+02:00,50.0
2022-06-11 08:39:25+02:00,94.7
2022-06-11 08:40:25+02:00,91.3
2022-06-11 08:41:25+02:00,88.7
2022-06-11 08:42:25+02:00,87.3
2022-06-11 08:43:25+02:00,50.0
2022-06-11 08:44:25+02:00,50.0
2022-06-11 08:45:26+02:00,50.0
2022-06-11 08:46:26+02:00,88.5
2022-06-11 08:47:26+02:00,90.1
2022-06-11 08:48:26+02:00,91.6
2022-06-11 08:49:26+02:00,92.5
2022-06-11 08:50:26+02:00,93.1
2022-06-11 08:51:26+02:00,93.4
2022-06-11 08:52:27+02:00,50.0
2022-06-11 08:53:27+02:00,50.0
2022-06-11 08:54:27+02:00,94.5
2022-06-11 08:55:27+02:00,50.0
2022-06-11 08:56:27+02:00,94.7
2022-06-11 08:57:27+02:00,95.4
2022-06-11 08:58:27+02:00,95.9
2022-06-11 08:59:27+02:00,96.4
2022-06-11 09:00:28+02:00,96.5
2022-06-11 09:01:28+02:00,96.7
2022-06-11 09:02:28+02:00,96.9
2022-06-11 09:03:28+02:00,97.0
2022-06-11 09:04:28+02:00,97.1
2022-06-11 09:05:28+02:00,97.4
2022-06-11 09:06:28+02:00,97.3
2022-06-11 09:07:29+02:00,97.1
2022-06-11 09:08:29+02:00,97.0
2022-06-11 09:09:29+02:00,97.1
2022-06-11 09:10:29+02:00,50.0
2022-06-11 09:11:29+02:00,97.1
2022-06-11 09:12:29+02:00,96.4
2022-06-11 09:13:29+02:00,96.4
2022-06-11 09:14:30+02:00,96.5
2022-06-11 09:15:30+02:00,96.5
2022-06-11 09:16:30+02:00,96.5
2022-06-11 09:17:30+02:00,96.4
2022-06-11 09:18:30+02:00,96.5
2022-06-11 09:19:30+02:00,50.0
2022-06-11 09:20:30+02:00,50.0
2022-06-11 09:21:30+02:00,95.7
2022-06-11 09:22:31+02:00,95.2
2022-06-11 09:23:31+02:00,94.7
2022-06-11 09:24:31+02:00,50.0
2022-06-11 09:25:31+02:00,94.8
2022-06-11 09:26:31+02:00,95.0
2022-06-11 09:27:31+02:00,95.1
2022-06-11 09:28:32+02:00,95.1
2022-06-11 09:29:32+02:00,94.9
2022-06-11 09:30:32+02:00,94.9
2022-06-11 09:31:32+02:00,95.0
2022-06-11 09:32:32+02:00,95.1
2022-06-11 09:33:32+02:00,95.0
2022-06-11 09:34:32+02:00,95.1
2022-06-11 09:35:32+02:00,94.9
2022-06-11 09:36:33+02:00,95.1
2022-06-11 09:37:33+02:00,95.3
2022-06-11 09:38:33+02:00,50.0
2022-06-11 09:39:33+02:00,94.6
2022-06-11 09:40:33+02:00,92.9
2022-06-11 09:41:33+02:00,92.9
2022-06-11 09:42:33+02:00,90.3
2022-06-11 09:43:34+02:00,91.4
2022-06-11 09:44:34+02:00,92.1
2022-06-11 09:45:34+02:00,92.9
2022-06-11 09:46:34+02:00,92.8
2022-06-11 09:47:34+02:00,93.7
2022-06-11 09:48:34+02:00,50.0
2022-06-11 09:49:34+02:00,94.4
2022-06-11 09:50:34+02:00,94.9
2022-06-11 09:51:35+02:00,95.2
2022-06-11 09:52:35+02:00,95.4
2022-06-11 09:53:35+02:00,95.5
2022-06-11 09:54:35+02:00,95.3
2022-06-11 09:55:35+02:00,95.4
2022-06-11 09:56:35+02:00,50.0
2022-06-11 09:57:35+02:00,95.4
2022-06-11 09:58:36+02:00,95.2
2022-06-11 09:59:36+02:00,50.0
2022-06-11 10:00:36+02:00,95.1
2022-06-11 10:01:36+02:00,95.6
2022-06-11 10:02:36+02:00,96.0
2022-06-11 10:03:36+02:00,96.2
2022-06-11 10:04:37+02:00,96.4
2022-06-11 10:05:37+02:00,96.6
2022-06-11 10:06:37+02:00,96.8
2022-06-11 10:07:37+02:00,96.9
2022-06-11 10:08:37+02:00,96.9
2022-06-11 10:09:37+02:00,97.0
2022-06-11 10:10:37+02:00,97.0
2022-06-11 10:11:38+02:00,97.1
2022-06-11 10:12:38+02:00,97.1
2022-06-11 10:13:38+02:00,97.2
2022-06-11 10:14:38+02:00,97.2
2022-06-11 10:15:38+02:00,97.2
2022-06-11 10:16:38+02:00,97.3
2022-06-11 10:17:38+02:00,97.3
2022-06-11 10:18:38+02:00,97.3
2022-06-11 10:19:39+02:00,97.3
2022-06-11 10:20:39+02:00,97.3
2022-06-11 10:21:39+02:00,97.3
2022-06-11 10:22:39+02:00,97.3
2022-06-11 10:23:39+02:00,97.3
2022-06-11 10:24:39+02:00,97.3
2022-06-11 10:25:39+02:00,97.3
2022-06-11 10:26:39+02:00,97.3
2022-06-11 10:27:39+02:00,97.3
2022-06-11 10:28:39+02:00,97.3
2022-06-11 10:29:39+02:00,97.3
2022-06-11 10:30:40+02:00,97.3
2022-06-11 10:31:40+02:00,97.2
2022-06-11 10:32:40+02:00,97.2
2022-06-11 10:33:40+02:00,97.2
2022-06-11 10:34:40+02:00,97.2
2022-06-11 10:35:40+02:00,97.3
2022-06-11 10:36:40+02:00,97.2
2022-06-11 10:37:40+02:00,97.2
2022-06-11 10:38:40+02:00,97.2
2022-06-11 10:39:40+02:00,97.2
2022-06-11 10:40:40+02:00,97.1
2022-06-11 10:41:40+02:00,50.0
2022-06-11 10:42:40+02:00,50.0
2022-06-11 10:43:41+02:00,97.0
2022-06-11 10:44:41+02:00,96.6
2022-06-11 10:45:41+02:00,50.0
2022-06-11 10:46:41+02:00,95.8
2022-06-11 10:47:41+02:00,95.5
2022-06-11 10:48:41+02:00,95.3
2022-06-11 10:49:41+02:00,95.1
2022-06-11 10:50:41+02:00,50.0
2022-06-11 10:51:41+02:00,94.9
2022-06-11 10:52:41+02:00,50.0
2022-06-11 10:53:41+02:00,94.8
2022-06-11 10:54:42+02:00,94.6
2022-06-11 10:55:42+02:00,94.5
2022-06-11 10:56:42+02:00,50.0
2022-06-11 10:57:42+02:00,94.4
2022-06-11 10:58:42+02:00,50.0
2022-06-11 10:59:42+02:00,94.5
2022-06-11 11:00:42+02:00,94.5
2022-06-11 11:01:42+02:00,94.2
2022-06-11 11:02:42+02:00,94.0
2022-06-11 11:03:42+02:00,93.8
2022-06-11 11:04:42+02:00,93.5
2022-06-11 11:05:42+02:00,93.2
2022-06-11 11:06:42+02:00,50.0
2022-06-11 11:07:43+02:00,93.3
2022-06-11 11:08:43+02:00,93.8
2022-06-11 11:09:43+02:00,94.2
2022-06-11 11:10:43+02:00,94.5
2022-06-11 11:11:43+02:00,94.7
2022-06-11 11:12:43+02:00,50.0
2022-06-11 11:13:43+02:00,94.9
2022-06-11 11:14:43+02:00,95.0
2022-06-11 11:15:43+02:00,95.0
2022-06-11 11:16:43+02:00,95.1
2022-06-11 11:17:43+02:00,95.1
2022-06-11 11:18:44+02:00,95.1
2022-06-11 11:19:44+02:00,95.1
2022-06-11 11:20:44+02:00,95.2
2022-06-11 11:21:44+02:00,50.0
2022-06-11 11:22:44+02:00,50.0
2022-06-11 11:23:44+02:00,95.1
2022-06-11 11:24:44+02:00,50.0
2022-06-11 11:25:44+02:00,50.0
2022-06-11 11:26:44+02:00,94.8
2022-06-11 11:27:44+02:00,95.1
2022-06-11 11:28:45+02:00,95.4
2022-06-11 11:29:45+02:00,95.7
2022-06-11 11:30:45+02:00,50.0
2022-06-11 11:31:45+02:00,95.6
2022-06-11 11:32:45+02:00,94.9
2022-06-11 11:33:45+02:00,94.2
2022-06-11 11:34:45+02:00,93.8
2022-06-11 11:35:46+02:00,93.8
2022-06-11 11:36:46+02:00,94.6
2022-06-11 11:37:46+02:00,94.8
2022-06-11 11:38:46+02:00,50.0
2022-06-11 11:39:46+02:00,94.1
2022-06-11 11:40:46+02:00,94.0
2022-06-11 11:41:46+02:00,94.3
2022-06-11 11:42:47+02:00,94.5
2022-06-11 11:43:47+02:00,94.7
2022-06-11 11:44:47+02:00,94.7
2022-06-11 11:45:47+02:00,50.0
2022-06-11 11:46:47+02:00,50.0
2022-06-11 11:47:47+02:00,50.0
2022-06-11 11:48:47+02:00,50.0
2022-06-11 11:49:48+02:00,50.0
2022-06-11 11:50:48+02:00,50.0
2022-06-11 11:51:48+02:00,50.0
2022-06-11 11:52:48+02:00,50.0
2022-06-11 11:53:48+02:00,50.0
2022-06-11 11:54:48+02:00,50.0
2022-06-11 11:55:49+02:00,50.0
2022-06-11 11:56:49+02:00,50.0
2022-06-11 11:57:49+02:00,50.0
2022-06-11 11:58:49+02:00,50.0
2022-06-11 11:59:49+02:00,50.0
2022-06-11 12:00:49+02:00,50.0
2022-06-11 12:01:49+02:00,50.0
2022-06-11 12:02:49+02:00,50.0
2022-06-11 12:03:49+02:00,50.0
2022-06-11 12:04:50+02:00,50.0
2022-06-11 12:05:50+02:00,50.0
2022-06-11 12:06:50+02:00,50.0
2022-06-11 12:07:50+02:00,50.0
2022-06-11 12:08:50+02:00,50.0
2022-06-11 12:09:50+02:00,50.0
2022-06-11 12:10:50+02:00,50.0
2022-06-11 12:11:51+02:00,50.0
2022-06-11 12:12:51+02:00,50.0
2022-06-11 12:13:51+02:00,50.0
2022-06-11 12:14:51+02:00,50.0
2022-06-11 12:15:51+02:00,50.0
2022-06-11 12:16:51+02:00,50.0
2022-06-11 12:17:51+02:00,50.0
2022-06-11 12:18:51+02:00,50.0
2022-06-11 12:19:52+02:00,50.0
2022-06-12 05:06:30+02:00,96.8
2022-06-12 05:07:30+02:00,96.9
2022-06-12 05:08:30+02:00,97.0
2022-06-12 05:09:30+02:00,97.0
2022-06-12 05:10:30+02:00,97.0
2022-06-12 05:11:30+02:00,97.1
2022-06-12 05:12:30+02:00,97.1
2022-06-12 05:13:30+02:00,97.0
2022-06-12 05:14:30+02:00,96.9
2022-06-12 05:15:30+02:00,97.0
2022-06-12 05:16:30+02:00,96.9
2022-06-12 05:17:31+02:00,97.0
2022-06-12 05:18:31+02:00,97.1
2022-06-12 05:19:31+02:00,97.0
2022-06-12 05:20:31+02:00,97.0
2022-06-12 05:21:31+02:00,96.8
2022-06-12 05:22:31+02:00,96.5
2022-06-12 05:23:31+02:00,96.4
2022-06-12 05:24:32+02:00,96.3
2022-06-12 05:25:32+02:00,50.0
2022-06-12 05:26:32+02:00,50.0
2022-06-12 05:27:32+02:00,50.0
2022-06-12 05:28:32+02:00,50.0
2022-06-12 05:29:32+02:00,95.7
2022-06-12 05:30:32+02:00,93.6
2022-06-12 05:31:33+02:00,92.3
2022-06-12 05:32:33+02:00,50.0
2022-06-12 05:33:33+02:00,50.0
2022-06-12 05:34:33+02:00,91.5
2022-06-12 05:35:33+02:00,50.0
2022-06-12 05:36:33+02:00,91.8
2022-06-12 05:37:33+02:00,92.2
2022-06-12 05:38:34+02:00,92.2
2022-06-12 05:39:34+02:00,50.0
2022-06-12 05:40:34+02:00,92.4
2022-06-12 05:41:34+02:00,50.0
2022-06-12 05:42:34+02:00,50.0
2022-06-12 05:43:34+02:00,50.0
2022-06-12 05:44:35+02:00,93.3
2022-06-12 05:45:35+02:00,93.5
2022-06-12 05:46:35+02:00,93.4
2022-06-12 05:47:35+02:00,93.3
2022-06-12 05:48:35+02:00,93.5
2022-06-12 05:49:35+02:00,94.0
2022-06-12 05:50:35+02:00,94.2
2022-06-12 05:51:36+02:00,94.3
2022-06-12 05:52:36+02:00,94.7
2022-06-12 05:53:36+02:00,94.8
2022-06-12 05:54:36+02:00,94.9
2022-06-12 05:55:36+02:00,95.2
2022-06-12 05:56:37+02:00,95.3
2022-06-12 05:57:37+02:00,50.0
2022-06-12 05:58:37+02:00,95.1
2022-06-12 05:59:37+02:00,95.1
2022-06-12 06:00:37+02:00,94.9
2022-06-12 06:01:37+02:00,95.0
2022-06-12 06:02:37+02:00,50.0
2022-06-12 06:03:38+02:00,94.5
2022-06-12 06:04:38+02:00,94.5
2022-06-12 06:05:38+02:00,94.4
2022-06-12 06:06:38+02:00,50.0
2022-06-12 06:07:38+02:00,50.0
2022-06-12 06:08:38+02:00,50.0
2022-06-12 06:09:39+02:00,94.6
2022-06-12 06:10:39+02:00,50.0
2022-06-12 06:11:39+02:00,95.0
2022-06-12 06:12:39+02:00,50.0
2022-06-12 06:13:39+02:00,94.3
2022-06-12 06:14:39+02:00,50.0
2022-06-12 06:15:39+02:00,94.5
2022-06-12 06:16:39+02:00,94.7
2022-06-12 06:17:39+02:00,50.0
2022-06-12 06:18:39+02:00,50.0
2022-06-12 06:19:39+02:00,93.8
2022-06-12 06:20:40+02:00,94.2
2022-06-12 06:21:40+02:00,94.5
2022-06-12 06:22:40+02:00,94.9
2022-06-12 06:23:40+02:00,95.2
2022-06-12 06:24:40+02:00,95.6
2022-06-12 06:25:40+02:00,95.9
2022-06-12 06:26:40+02:00,95.9
2022-06-12 06:27:40+02:00,96.0
2022-06-12 06:28:40+02:00,96.2
2022-06-12 06:29:40+02:00,96.4
2022-06-12 06:30:40+02:00,96.6
2022-06-12 06:31:40+02:00,96.6
2022-06-12 06:32:40+02:00,96.6
2022-06-12 06:33:41+02:00,96.7
2022-06-12 06:34:41+02:00,96.7
2022-06-12 06:35:41+02:00,96.6
2022-06-12 06:36:41+02:00,96.7
2022-06-12 06:37:41+02:00,96.6
2022-06-12 06:38:41+02:00,96.8
2022-06-12 06:39:41+02:00,96.6
2022-06-12 06:40:41+02:00,96.4
2022-06-12 06:41:41+02:00,50.0
2022-06-12 06:42:41+02:00,50.0
2022-06-12 06:43:42+02:00,50.0
2022-06-12 06:44:42+02:00,50.0
2022-06-12 06:45:42+02:00,95.3
2022-06-12 06:46:42+02:00,95.0
2022-06-12 06:47:42+02:00,50.0
2022-06-12 06:48:42+02:00,50.0
2022-06-12 06:49:42+02:00,95.0
2022-06-12 06:50:42+02:00,95.4
2022-06-12 06:51:42+02:00,96.0
2022-06-12 06:52:42+02:00,95.6
2022-06-12 06:53:42+02:00,50.0
2022-06-12 06:54:43+02:00,94.6
2022-06-12 06:55:43+02:00,50.0
2022-06-12 06:56:43+02:00,50.0
2022-06-12 06:57:43+02:00,94.0
2022-06-12 06:58:43+02:00,94.8
2022-06-12 06:59:43+02:00,92.2
2022-06-12 07:00:43+02:00,88.8
2022-06-12 07:01:43+02:00,85.9
2022-06-12 07:02:43+02:00,84.7
2022-06-12 07:03:43+02:00,50.0
2022-06-12 07:04:43+02:00,84.2
2022-06-12 07:05:44+02:00,50.0
2022-06-12 07:06:44+02:00,87.1
2022-06-12 07:07:44+02:00,89.4
2022-06-12 07:08:44+02:00,50.0
2022-06-12 07:09:44+02:00,90.8
2022-06-12 07:10:44+02:00,91.0
2022-06-12 07:11:44+02:00,91.5
2022-06-12 07:12:44+02:00,91.6
2022-06-12 07:13:45+02:00,90.5
2022-06-12 07:14:45+02:00,88.6
2022-06-12 07:15:45+02:00,88.1
2022-06-12 07:16:45+02:00,87.8
2022-06-12 07:17:45+02:00,87.9
2022-06-12 07:18:45+02:00,87.8
2022-06-12 07:19:45+02:00,90.1
2022-06-12 07:20:46+02:00,50.0
2022-06-12 07:21:46+02:00,90.3
2022-06-12 07:22:46+02:00,90.1
2022-06-12 07:23:46+02:00,90.4
2022-06-12 07:24:46+02:00,50.0
2022-06-12 07:25:46+02:00,92.8
2022-06-12 07:26:47+02:00,94.5
2022-06-12 07:27:47+02:00,95.8
2022-06-12 07:28:47+02:00,97.1
2022-06-12 07:29:47+02:00,97.4
2022-06-12 07:30:47+02:00,98.2
2022-06-12 07:31:47+02:00,98.5
2022-06-12 07:32:47+02:00,98.9
2022-06-12 07:33:48+02:00,99.0
2022-06-12 07:34:48+02:00,99.1
2022-06-12 07:35:48+02:00,99.4
2022-06-12 07:36:48+02:00,99.5
2022-06-12 07:37:48+02:00,99.6
2022-06-12 07:38:48+02:00,99.7
2022-06-12 07:39:49+02:00,99.8
2022-06-12 07:40:49+02:00,99.7
2022-06-12 07:41:49+02:00,99.8
2022-06-12 07:42:49+02:00,99.9
2022-06-12 07:43:49+02:00,100.0
2022-06-12 07:44:49+02:00,100.0
2022-06-12 07:45:50+02:00,100.0
2022-06-12 07:46:50+02:00,100.0
2022-06-12 07:47:50+02:00,100.0
2022-06-12 07:48:50+02:00,100.0
2022-06-12 07:49:50+02:00,100.0
2022-06-12 07:50:50+02:00,100.0
2022-06-12 07:51:51+02:00,100.0
2022-06-12 07:52:51+02:00,100.0
2022-06-12 07:53:51+02:00,100.0
2022-06-12 07:54:51+02:00,100.0
2022-06-12 07:55:51+02:00,100.0
2022-06-12 07:56:51+02:00,100.0
2022-06-12 07:57:51+02:00,100.0
2022-06-12 07:58:52+02:00,100.0
2022-06-12 07:59:52+02:00,100.0
2022-06-12 08:00:52+02:00,100.0
2022-06-12 08:01:52+02:00,100.0
2022-06-12 08:02:52+02:00,100.0
2022-06-12 08:03:52+02:00,50.0
2022-06-12 08:04:52+02:00,50.0
2022-06-12 08:05:53+02:00,97.6
2022-06-12 08:06:53+02:00,96.8
2022-06-12 08:07:53+02:00,95.7
2022-06-12 08:08:53+02:00,94.7
2022-06-12 08:09:53+02:00,94.4
2022-06-12 08:10:53+02:00,50.0
2022-06-12 08:11:54+02:00,94.8
2022-06-12 08:12:54+02:00,95.8
2022-06-12 08:13:54+02:00,96.7
2022-06-12 08:14:54+02:00,97.4
2022-06-12 08:15:54+02:00,98.1
2022-06-12 08:16:54+02:00,98.2
2022-06-12 08:17:55+02:00,98.5
2022-06-12 08:18:55+02:00,50.0
2022-06-12 08:19:55+02:00,97.3
2022-06-12 08:20:55+02:00,50.0
2022-06-12 08:21:55+02:00,95.4
2022-06-12 08:22:55+02:00,94.3
2022-06-12 08:23:56+02:00,93.7
2022-06-12 08:24:56+02:00,93.7
2022-06-12 08:25:56+02:00,50.0
2022-06-12 08:26:56+02:00,50.0
2022-06-12 08:27:56+02:00,93.5
2022-06-12 08:28:56+02:00,93.5
2022-06-12 08:29:56+02:00,93.6
2022-06-12 08:30:57+02:00,50.0
2022-06-12 08:31:57+02:00,94.3
2022-06-12 08:32:57+02:00,94.6
2022-06-12 08:33:57+02:00,50.0
2022-06-12 08:34:57+02:00,92.7
2022-06-12 08:35:57+02:00,93.8
2022-06-12 08:36:57+02:00,94.8
2022-06-12 08:37:58+02:00,93.1
2022-06-12 08:38:58+02:00,90.0
2022-06-12 08:39:58+02:00,50.0
2022-06-12 08:40:58+02:00,89.7
2022-06-12 08:41:58+02:00,91.0
2022-06-12 08:42:58+02:00,92.2
2022-06-12 08:43:59+02:00,93.2
2022-06-12 08:44:59+02:00,50.0
2022-06-12 08:45:59+02:00,92.4
2022-06-12 08:46:59+02:00,91.4
2022-06-12 08:47:59+02:00,90.6
2022-06-12 08:48:59+02:00,90.2
2022-06-12 08:50:00+02:00,90.0
2022-06-12 08:51:00+02:00,90.1
2022-06-12 08:52:00+02:00,50.0
2022-06-12 08:53:00+02:00,91.9
2022-06-12 08:54:00+02:00,93.5
2022-06-12 08:55:00+02:00,50.0
2022-06-12 08:56:00+02:00,94.6
2022-06-12 08:57:01+02:00,95.9
2022-06-12 08:58:01+02:00,50.0
2022-06-12 08:59:01+02:00,93.6
2022-06-12 09:00:01+02:00,91.1
2022-06-12 09:01:01+02:00,88.9
2022-06-12 09:02:01+02:00,50.0
2022-06-12 09:03:01+02:00,87.5
2022-06-12 09:04:01+02:00,89.8
2022-06-12 09:05:01+02:00,91.9
2022-06-12 09:06:01+02:00,92.8
2022-06-12 09:07:02+02:00,93.3
2022-06-12 09:08:02+02:00,93.8
2022-06-12 09:09:02+02:00,93.9
2022-06-12 09:10:02+02:00,94.0
2022-06-12 09:11:02+02:00,94.2
2022-06-12 09:12:02+02:00,94.3
2022-06-12 09:13:02+02:00,94.4
2022-06-12 09:14:03+02:00,94.5
2022-06-12 09:15:03+02:00,94.5
2022-06-12 09:16:03+02:00,94.4
2022-06-12 09:17:03+02:00,94.2
2022-06-12 09:18:03+02:00,94.1
2022-06-12 09:19:03+02:00,50.0
2022-06-12 09:20:03+02:00,94.0
2022-06-12 09:21:03+02:00,50.0
2022-06-12 09:22:03+02:00,94.3
2022-06-12 09:23:04+02:00,94.6
2022-06-12 09:24:04+02:00,94.9
2022-06-12 09:25:04+02:00,94.9
2022-06-12 09:26:04+02:00,95.0
2022-06-12 09:27:04+02:00,50.0
2022-06-12 09:28:04+02:00,95.2
2022-06-12 09:29:04+02:00,95.2
2022-06-12 09:30:04+02:00,95.1
2022-06-12 09:31:05+02:00,95.1
2022-06-12 09:32:05+02:00,95.1
2022-06-12 09:33:05+02:00,95.1
2022-06-12 09:34:05+02:00,94.7
2022-06-12 09:35:05+02:00,50.0
2022-06-12 09:36:05+02:00,50.0
2022-06-12 09:37:05+02:00,94.1
2022-06-12 09:38:05+02:00,93.5
2022-06-12 09:39:06+02:00,50.0
2022-06-12 09:40:06+02:00,92.8
2022-06-12 09:41:06+02:00,90.6
2022-06-12 09:42:06+02:00,50.0
2022-06-12 09:43:06+02:00,50.0
2022-06-12 09:44:06+02:00,90.4
2022-06-12 09:45:06+02:00,91.9
2022-06-12 09:46:07+02:00,50.0
2022-06-12 09:47:07+02:00,93.4
2022-06-12 09:48:07+02:00,50.0
2022-06-12 09:49:07+02:00,95.2
2022-06-12 09:50:07+02:00,96.8
2022-06-12 09:51:07+02:00,50.0
2022-06-12 09:52:07+02:00,96.3
2022-06-12 09:53:07+02:00,96.2
2022-06-12 09:54:08+02:00,95.9
2022-06-12 09:55:08+02:00,95.7
2022-06-12 09:56:08+02:00,50.0
2022-06-12 09:57:08+02:00,95.9
2022-06-12 09:58:08+02:00,96.2
2022-06-12 09:59:08+02:00,50.0
2022-06-12 10:00:09+02:00,50.0
2022-06-12 10:01:09+02:00,96.7
2022-06-12 10:02:09+02:00,96.6
2022-06-12 10:03:09+02:00,96.5
2022-06-12 10:04:09+02:00,50.0
2022-06-12 10:05:09+02:00,96.1
2022-06-12 10:06:09+02:00,95.7
2022-06-12 10:07:09+02:00,95.9
2022-06-12 10:08:10+02:00,95.8
2022-06-12 10:09:10+02:00,95.6
2022-06-12 10:10:10+02:00,95.3
2022-06-12 10:11:10+02:00,95.5
2022-06-12 10:12:10+02:00,50.0
2022-06-12 10:13:10+02:00,95.6
2022-06-12 10:14:10+02:00,95.5
2022-06-12 10:15:11+02:00,95.4
2022-06-12 10:16:11+02:00,50.0
2022-06-12 10:17:11+02:00,95.8
2022-06-12 10:18:11+02:00,96.2
2022-06-12 10:19:11+02:00,96.8
2022-06-12 10:20:11+02:00,97.0
2022-06-12 10:21:11+02:00,97.4
2022-06-12 10:22:11+02:00,97.4
2022-06-12 10:23:12+02:00,97.5
2022-06-12 10:24:12+02:00,97.7
2022-06-12 10:25:12+02:00,98.1
2022-06-12 10:26:12+02:00,98.3
2022-06-12 10:27:12+02:00,98.7
2022-06-12 10:28:12+02:00,98.5
2022-06-12 10:29:12+02:00,98.9
2022-06-12 10:30:13+02:00,98.9
2022-06-12 10:31:13+02:00,99.3
2022-06-12 10:32:13+02:00,99.1
2022-06-12 10:33:13+02:00,98.7
2022-06-12 10:34:13+02:00,98.9
2022-06-12 10:35:13+02:00,99.1
2022-06-12 10:36:13+02:00,99.3
2022-06-12 10:37:14+02:00,99.3
2022-06-12 10:38:14+02:00,99.4
2022-06-12 10:39:14+02:00,99.5
2022-06-12 10:40:14+02:00,99.6
2022-06-12 10:41:14+02:00,99.6
2022-06-12 10:42:14+02:00,99.6
2022-06-12 10:43:14+02:00,99.7
2022-06-12 10:44:15+02:00,99.8
2022-06-12 10:45:15+02:00,99.9
2022-06-12 10:46:15+02:00,99.8
2022-06-12 10:47:15+02:00,100.0
2022-06-12 10:48:15+02:00,99.9
2022-06-12 10:49:15+02:00,50.0
2022-06-12 10:50:15+02:00,99.1
2022-06-12 10:51:15+02:00,98.4
2022-06-12 10:52:16+02:00,50.0
2022-06-12 10:53:16+02:00,97.4
2022-06-12 10:54:16+02:00,50.0
2022-06-12 10:55:16+02:00,97.6
2022-06-12 10:56:16+02:00,97.8
2022-06-12 10:57:16+02:00,98.5
2022-06-12 10:58:16+02:00,98.1
2022-06-12 10:59:17+02:00,98.2
2022-06-12 11:00:17+02:00,98.3
2022-06-12 11:01:17+02:00,50.0
2022-06-12 11:02:17+02:00,97.8
2022-06-12 11:03:17+02:00,50.0
2022-06-12 11:04:17+02:00,97.3
2022-06-12 11:05:17+02:00,96.7
2022-06-12 11:06:17+02:00,96.3
2022-06-12 11:07:18+02:00,95.9
2022-06-12 11:08:18+02:00,50.0
2022-06-12 11:09:18+02:00,95.1
2022-06-12 11:10:18+02:00,50.0
2022-06-12 11:11:18+02:00,96.1
2022-06-12 11:12:18+02:00,50.0
2022-06-12 11:13:19+02:00,96.0
2022-06-12 11:14:19+02:00,95.0
2022-06-12 11:15:19+02:00,95.3
2022-06-12 11:16:19+02:00,95.2
2022-06-12 11:17:19+02:00,94.8
2022-06-12 11:18:19+02:00,95.1
2022-06-12 11:19:19+02:00,94.9
2022-06-12 11:20:19+02:00,95.6
2022-06-12 11:21:20+02:00,95.9
2022-06-12 11:22:20+02:00,95.8
2022-06-12 11:23:20+02:00,50.0
2022-06-12 11:24:20+02:00,94.8
2022-06-12 11:25:20+02:00,50.0
2022-06-12 11:26:20+02:00,95.8
2022-06-12 11:27:20+02:00,95.5
2022-06-12 11:28:21+02:00,50.0
2022-06-12 11:29:21+02:00,50.0
2022-06-12 11:30:21+02:00,50.0
2022-06-12 11:31:21+02:00,50.0
2022-06-12 11:32:21+02:00,50.0
2022-06-12 11:33:21+02:00,50.0
2022-06-12 11:34:21+02:00,50.0
2022-06-12 11:35:21+02:00,50.0
2022-06-12 11:36:22+02:00,50.0
2022-06-12 11:37:22+02:00,50.0
2022-06-12 11:38:22+02:00,50.0
2022-06-12 11:39:22+02:00,95.6
2022-06-12 11:40:22+02:00,50.0
2022-06-12 11:41:22+02:00,50.0
2022-06-12 11:42:23+02:00,50.0
2022-06-12 11:43:23+02:00,50.0
2022-06-12 11:44:23+02:00,94.3
2022-06-12 11:45:23+02:00,94.1
2022-06-12 11:46:23+02:00,50.0
2022-06-12 11:47:23+02:00,50.0
2022-06-12 11:48:23+02:00,50.0
2022-06-12 11:49:23+02:00,50.0
2022-06-12 11:50:24+02:00,50.0
2022-06-12 11:51:24+02:00,50.0
2022-06-12 11:52:24+02:00,50.0
2022-06-12 11:53:24+02:00,50.0
2022-06-12 11:54:24+02:00,50.0
2022-06-12 11:55:24+02:00,50.0
2022-06-12 11:56:24+02:00,50.0
2022-06-12 11:57:25+02:00,50.0
2022-06-12 11:58:25+02:00,50.0
2022-06-12 11:59:25+02:00,50.0
2022-06-12 12:00:25+02:00,50.0
2022-06-12 12:01:25+02:00,93.2
2022-06-12 12:02:25+02:00,90.3
2022-06-12 12:03:25+02:00,88.1
2022-06-13 02:58:00+02:00,50.0
2022-06-13 02:59:00+02:00,92.9
2022-06-13 03:00:00+02:00,92.8
2022-06-13 03:01:00+02:00,92.9
2022-06-13 03:02:00+02:00,93.0
2022-06-13 03:03:00+02:00,93.0
2022-06-13 03:04:00+02:00,93.0
2022-06-13 03:05:00+02:00,92.7
2022-06-13 03:06:00+02:00,92.7
2022-06-13 03:07:00+02:00,92.5
2022-06-13 03:08:00+02:00,92.4
2022-06-13 03:09:01+02:00,92.4
2022-06-13 03:10:01+02:00,92.8
2022-06-13 03:11:01+02:00,93.0
2022-06-13 03:12:01+02:00,92.8
2022-06-13 03:13:01+02:00,93.1
2022-06-13 03:14:01+02:00,93.4
2022-06-13 03:15:01+02:00,93.6
2022-06-13 03:16:02+02:00,93.7
2022-06-13 03:17:02+02:00,50.0
2022-06-13 03:18:02+02:00,93.6
2022-06-13 03:19:02+02:00,93.5
2022-06-13 03:20:02+02:00,93.5
2022-06-13 03:21:02+02:00,93.6
2022-06-13 03:22:02+02:00,93.6
2022-06-13 03:23:02+02:00,93.8
2022-06-13 03:24:03+02:00,93.8
2022-06-13 03:25:03+02:00,50.0
2022-06-13 03:26:03+02:00,50.0
2022-06-13 03:27:03+02:00,50.0
2022-06-13 03:28:03+02:00,92.8
2022-06-13 03:29:03+02:00,92.8
2022-06-13 03:30:03+02:00,92.3
2022-06-13 03:31:04+02:00,91.9
2022-06-13 03:32:04+02:00,92.0
2022-06-13 03:33:04+02:00,92.1
2022-06-13 03:34:04+02:00,92.7
2022-06-13 03:35:04+02:00,93.2
2022-06-13 03:36:04+02:00,93.4
2022-06-13 03:37:04+02:00,93.8
2022-06-13 03:38:04+02:00,50.0
2022-06-13 03:39:04+02:00,50.0
2022-06-13 03:40:05+02:00,50.0
2022-06-13 03:41:05+02:00,50.0
2022-06-13 03:42:05+02:00,93.4
2022-06-13 03:43:05+02:00,94.6
2022-06-13 03:44:05+02:00,95.3
2022-06-13 03:45:05+02:00,95.4
2022-06-13 03:46:05+02:00,50.0
2022-06-13 03:47:05+02:00,95.7
2022-06-13 03:48:05+02:00,50.0
2022-06-13 03:49:06+02:00,94.9
2022-06-13 03:50:06+02:00,93.5
2022-06-13 03:51:06+02:00,50.0
2022-06-13 03:52:06+02:00,50.0
2022-06-13 03:53:06+02:00,94.0
2022-06-13 03:54:06+02:00,94.3
2022-06-13 03:55:06+02:00,95.0
2022-06-13 03:56:07+02:00,94.8
2022-06-13 03:57:07+02:00,95.2
2022-06-13 03:58:07+02:00,96.1
2022-06-13 03:59:07+02:00,96.3
2022-06-13 04:00:07+02:00,95.7
2022-06-13 04:01:07+02:00,50.0
2022-06-13 04:02:07+02:00,96.4
2022-06-13 04:03:08+02:00,97.2
2022-06-13 04:04:08+02:00,50.0
2022-06-13 04:05:08+02:00,94.1
2022-06-13 04:06:08+02:00,89.4
2022-06-13 04:07:08+02:00,85.7
2022-06-13 04:08:08+02:00,83.4
2022-06-13 04:09:08+02:00,81.6
2022-06-13 04:10:09+02:00,80.3
2022-06-13 04:11:09+02:00,50.0
2022-06-13 04:12:09+02:00,84.5
2022-06-13 04:13:09+02:00,91.8
2022-06-13 04:14:09+02:00,50.0
2022-06-13 04:15:09+02:00,50.0
2022-06-13 04:16:10+02:00,93.3
2022-06-13 04:17:10+02:00,94.7
2022-06-13 04:18:10+02:00,50.0
2022-06-13 04:19:10+02:00,50.0
2022-06-13 04:20:10+02:00,50.0
2022-06-13 04:21:10+02:00,50.0
2022-06-13 04:22:10+02:00,96.0
2022-06-13 04:23:11+02:00,96.1
2022-06-13 04:24:11+02:00,96.3
2022-06-13 04:25:11+02:00,96.5
2022-06-13 04:26:11+02:00,96.7
2022-06-13 04:27:11+02:00,50.0
2022-06-13 04:28:11+02:00,50.0
2022-06-13 04:29:11+02:00,95.6
2022-06-13 04:30:12+02:00,94.7
2022-06-13 04:31:12+02:00,93.9
2022-06-13 04:32:12+02:00,93.5
2022-06-13 04:33:12+02:00,93.2
2022-06-13 04:34:12+02:00,93.0
2022-06-13 04:35:12+02:00,92.8
2022-06-13 04:36:12+02:00,50.0
2022-06-13 04:37:13+02:00,90.6
2022-06-13 04:38:13+02:00,86.2
2022-06-13 04:39:13+02:00,84.0
2022-06-13 04:40:13+02:00,82.3
2022-06-13 04:41:13+02:00,50.0
2022-06-13 04:42:13+02:00,83.6
2022-06-13 04:43:13+02:00,50.0
2022-06-13 04:44:14+02:00,84.9
2022-06-13 04:45:14+02:00,50.0
2022-06-13 04:46:14+02:00,50.0
2022-06-13 04:47:14+02:00,50.0
2022-06-13 04:48:14+02:00,50.0
2022-06-13 04:49:14+02:00,89.9
2022-06-13 04:50:14+02:00,92.5
2022-06-13 04:51:15+02:00,93.9
2022-06-13 04:52:15+02:00,94.5
2022-06-13 04:53:15+02:00,94.7
2022-06-13 04:54:15+02:00,50.0
2022-06-13 04:55:15+02:00,95.6
2022-06-13 04:56:15+02:00,96.4
2022-06-13 04:57:15+02:00,96.7
2022-06-13 04:58:16+02:00,96.9
2022-06-13 04:59:16+02:00,96.9
2022-06-13 05:00:16+02:00,97.1
2022-06-13 05:01:16+02:00,97.3
2022-06-13 05:02:16+02:00,97.4
2022-06-13 05:03:16+02:00,97.3
2022-06-13 05:04:16+02:00,97.5
2022-06-13 05:05:17+02:00,97.5
2022-06-13 05:06:17+02:00,97.5
2022-06-13 05:07:17+02:00,97.4
2022-06-13 05:08:17+02:00,97.5
2022-06-13 05:09:17+02:00,97.7
2022-06-13 05:10:17+02:00,97.7
2022-06-13 05:11:17+02:00,97.7
2022-06-13 05:12:18+02:00,97.7
2022-06-13 05:13:18+02:00,97.6
2022-06-13 05:14:18+02:00,97.7
2022-06-13 05:15:18+02:00,97.4
2022-06-13 05:16:18+02:00,97.3
2022-06-13 05:17:18+02:00,97.1
2022-06-13 05:18:18+02:00,97.0
2022-06-13 05:19:19+02:00,97.1
2022-06-13 05:20:19+02:00,97.2
2022-06-13 05:21:19+02:00,50.0
2022-06-13 05:22:19+02:00,97.1
2022-06-13 05:23:19+02:00,97.4
2022-06-13 05:24:19+02:00,97.4
2022-06-13 05:25:19+02:00,97.3
2022-06-13 05:26:20+02:00,97.3
2022-06-13 05:27:20+02:00,97.5
2022-06-13 05:28:20+02:00,97.8
2022-06-13 05:29:20+02:00,97.2
2022-06-13 05:30:20+02:00,97.3
2022-06-13 05:31:20+02:00,97.4
2022-06-13 05:32:20+02:00,97.6
2022-06-13 05:33:21+02:00,97.9
2022-06-13 05:34:21+02:00,98.1
2022-06-13 05:35:21+02:00,98.3
2022-06-13 05:36:21+02:00,98.5
2022-06-13 05:37:21+02:00,98.3
2022-06-13 05:38:21+02:00,98.4
2022-06-13 05:39:21+02:00,98.5
2022-06-13 05:40:22+02:00,98.3
2022-06-13 05:41:22+02:00,98.3
2022-06-13 05:42:22+02:00,98.0
2022-06-13 05:43:22+02:00,50.0
2022-06-13 05:44:22+02:00,96.8
2022-06-13 05:45:22+02:00,96.6
2022-06-13 05:46:23+02:00,50.0
2022-06-13 05:47:23+02:00,50.0
2022-06-13 05:48:23+02:00,96.4
2022-06-13 05:49:23+02:00,95.9
2022-06-13 05:50:23+02:00,95.1
2022-06-13 05:51:23+02:00,95.1
2022-06-13 05:52:23+02:00,95.3
2022-06-13 05:53:23+02:00,95.1
2022-06-13 05:54:24+02:00,50.0
2022-06-13 05:55:24+02:00,94.9
2022-06-13 05:56:24+02:00,94.4
2022-06-13 05:57:24+02:00,94.1
2022-06-13 05:58:24+02:00,94.2
2022-06-13 05:59:24+02:00,94.1
2022-06-13 06:00:25+02:00,94.1
2022-06-13 06:01:25+02:00,94.2
2022-06-13 06:02:25+02:00,94.0
2022-06-13 06:03:25+02:00,94.2
2022-06-13 06:04:25+02:00,92.6
2022-06-13 06:05:25+02:00,50.0
2022-06-13 06:06:25+02:00,50.0
2022-06-13 06:07:26+02:00,93.6
2022-06-13 06:08:26+02:00,50.0
2022-06-13 06:09:26+02:00,50.0
2022-06-13 06:10:26+02:00,94.8
2022-06-13 06:11:26+02:00,50.0
2022-06-13 06:12:26+02:00,94.8
2022-06-13 06:13:26+02:00,95.3
2022-06-13 06:14:27+02:00,95.6
2022-06-13 06:15:27+02:00,50.0
2022-06-13 06:16:27+02:00,95.4
2022-06-13 06:17:27+02:00,94.8
2022-06-13 06:18:27+02:00,94.5
2022-06-13 06:19:27+02:00,94.9
2022-06-13 06:20:27+02:00,50.0
2022-06-13 06:21:27+02:00,95.2
2022-06-13 06:22:28+02:00,95.3
2022-06-13 06:23:28+02:00,50.0
2022-06-13 06:24:28+02:00,95.9
2022-06-13 06:25:28+02:00,50.0
2022-06-13 06:26:28+02:00,97.5
2022-06-13 06:27:28+02:00,98.3
2022-06-13 06:28:29+02:00,98.9
2022-06-13 06:29:29+02:00,99.3
2022-06-13 06:30:29+02:00,99.5
2022-06-13 06:31:29+02:00,99.6
2022-06-13 06:32:29+02:00,99.8
2022-06-13 06:33:29+02:00,99.8
2022-06-13 06:34:29+02:00,99.8
2022-06-13 06:35:30+02:00,99.8
2022-06-13 06:36:30+02:00,99.8
2022-06-13 06:37:30+02:00,99.8
2022-06-13 06:38:30+02:00,99.9
2022-06-13 06:39:30+02:00,99.9
2022-06-13 06:40:30+02:00,99.8
2022-06-13 06:41:30+02:00,99.7
2022-06-13 06:42:31+02:00,50.0
2022-06-13 06:43:31+02:00,98.8
2022-06-13 06:44:31+02:00,98.9
2022-06-13 06:45:31+02:00,99.0
2022-06-13 06:46:31+02:00,98.8
2022-06-13 06:47:31+02:00,98.9
2022-06-13 06:48:31+02:00,99.0
2022-06-13 06:49:32+02:00,99.3
2022-06-13 06:50:32+02:00,99.3
2022-06-13 06:51:32+02:00,99.5
2022-06-13 06:52:32+02:00,99.7
2022-06-13 06:53:32+02:00,100.0
2022-06-13 06:54:32+02:00,99.9
2022-06-13 06:55:33+02:00,50.0
2022-06-13 06:56:33+02:00,50.0
2022-06-13 06:57:33+02:00,98.7
2022-06-13 06:58:33+02:00,97.6
2022-06-13 06:59:33+02:00,96.5
2022-06-13 07:00:33+02:00,50.0
2022-06-13 07:01:33+02:00,94.2
2022-06-13 07:02:33+02:00,92.9
2022-06-13 07:03:34+02:00,91.7
2022-06-13 07:04:34+02:00,91.4
2022-06-13 07:05:34+02:00,91.0
2022-06-13 07:06:34+02:00,90.6
2022-06-13 07:07:34+02:00,91.1
2022-06-13 07:08:34+02:00,91.3
2022-06-13 07:09:34+02:00,91.6
2022-06-13 07:10:35+02:00,91.2
2022-06-13 07:11:35+02:00,91.4
2022-06-13 07:12:35+02:00,91.6
2022-06-13 07:13:35+02:00,92.1
2022-06-13 07:14:35+02:00,91.9
2022-06-13 07:15:35+02:00,92.3
2022-06-13 07:16:36+02:00,92.2
2022-06-13 07:17:36+02:00,92.8
2022-06-13 07:18:36+02:00,50.0
2022-06-13 07:19:36+02:00,90.0
2022-06-13 07:20:36+02:00,92.0
2022-06-13 07:21:36+02:00,93.2
2022-06-13 07:22:36+02:00,93.1
2022-06-13 07:23:36+02:00,92.8
2022-06-13 07:24:37+02:00,92.9
2022-06-13 07:25:37+02:00,92.8
2022-06-13 07:26:37+02:00,92.7
2022-06-13 07:27:37+02:00,92.6
2022-06-13 07:28:37+02:00,92.7
2022-06-13 07:29:37+02:00,92.7
2022-06-13 07:30:38+02:00,93.1
2022-06-13 07:31:38+02:00,93.8
2022-06-13 07:32:38+02:00,94.5
2022-06-13 07:33:38+02:00,50.0
2022-06-13 07:34:38+02:00,94.7
2022-06-13 07:35:38+02:00,95.2
2022-06-13 07:36:38+02:00,95.4
2022-06-13 07:37:39+02:00,95.4
2022-06-13 07:38:39+02:00,95.7
2022-06-13 07:39:39+02:00,50.0
2022-06-13 07:40:39+02:00,95.9
2022-06-13 07:41:39+02:00,95.7
2022-06-13 07:42:39+02:00,95.6
2022-06-13 07:43:39+02:00,95.5
2022-06-13 07:44:39+02:00,95.3
2022-06-13 07:45:39+02:00,50.0
2022-06-13 07:46:40+02:00,50.0
2022-06-13 07:47:40+02:00,95.2
2022-06-13 07:48:40+02:00,95.6
2022-06-13 07:49:40+02:00,96.0
2022-06-13 07:50:40+02:00,50.0
2022-06-13 07:51:40+02:00,96.2
2022-06-13 07:52:40+02:00,96.9
2022-06-13 07:53:40+02:00,97.0
2022-06-13 07:54:40+02:00,96.6
2022-06-13 07:55:41+02:00,95.9
2022-06-13 07:56:41+02:00,95.6
2022-06-13 07:57:41+02:00,50.0
2022-06-13 07:58:41+02:00,95.3
2022-06-13 07:59:41+02:00,50.0
2022-06-13 08:00:41+02:00,50.0
2022-06-13 08:01:41+02:00,91.0
2022-06-13 08:02:41+02:00,90.3
2022-06-13 08:03:41+02:00,50.0
2022-06-13 08:04:41+02:00,88.9
2022-06-13 08:05:41+02:00,91.3
2022-06-13 08:06:41+02:00,91.0
2022-06-13 08:07:41+02:00,93.0
2022-06-13 08:08:42+02:00,94.6
2022-06-13 08:09:42+02:00,95.5
2022-06-13 08:10:42+02:00,96.1
2022-06-13 08:11:42+02:00,96.5
2022-06-13 08:12:42+02:00,96.8
2022-06-13 08:13:42+02:00,97.1
2022-06-13 08:14:42+02:00,97.2
2022-06-13 08:15:42+02:00,50.0
2022-06-13 08:16:42+02:00,96.9
2022-06-13 08:17:42+02:00,97.1
2022-06-13 08:18:42+02:00,97.6
2022-06-13 08:19:43+02:00,97.7
2022-06-13 08:20:43+02:00,98.1
2022-06-13 08:21:43+02:00,97.9
2022-06-13 08:22:43+02:00,98.4
2022-06-13 08:23:43+02:00,97.7
2022-06-13 08:24:43+02:00,97.5
2022-06-13 08:25:43+02:00,50.0
2022-06-13 08:26:43+02:00,95.3
2022-06-13 08:27:43+02:00,93.4
2022-06-13 08:28:43+02:00,93.5
2022-06-13 08:29:43+02:00,94.7
2022-06-13 08:30:44+02:00,95.8
2022-06-13 08:31:44+02:00,96.4
2022-06-13 08:32:44+02:00,50.0
2022-06-13 08:33:44+02:00,95.6
2022-06-13 08:34:44+02:00,50.0
2022-06-13 08:35:44+02:00,95.2
2022-06-13 08:36:44+02:00,96.4
2022-06-13 08:37:44+02:00,97.5
2022-06-13 08:38:44+02:00,97.9
2022-06-13 08:39:44+02:00,98.4
2022-06-13 08:40:45+02:00,98.5
2022-06-13 08:41:45+02:00,98.7
2022-06-13 08:42:45+02:00,98.4
2022-06-13 08:43:45+02:00,98.2
2022-06-13 08:44:45+02:00,97.9
2022-06-13 08:45:45+02:00,97.7
2022-06-13 08:46:46+02:00,97.5
2022-06-13 08:47:46+02:00,97.4
2022-06-13 08:48:46+02:00,97.3
2022-06-13 08:49:46+02:00,97.3
2022-06-13 08:50:46+02:00,97.2
2022-06-13 08:51:46+02:00,97.1
2022-06-13 08:52:46+02:00,97.0
2022-06-13 08:53:47+02:00,50.0
2022-06-13 08:54:47+02:00,96.5
2022-06-13 08:55:47+02:00,96.1
2022-06-13 08:56:47+02:00,95.9
2022-06-13 08:57:47+02:00,95.9
2022-06-13 08:58:47+02:00,95.8
2022-06-13 08:59:47+02:00,95.9
2022-06-13 09:00:47+02:00,95.8
2022-06-13 09:01:48+02:00,95.7
2022-06-13 09:02:48+02:00,95.9
2022-06-13 09:03:48+02:00,96.1
2022-06-13 09:04:48+02:00,96.3
2022-06-13 09:05:48+02:00,96.7
2022-06-13 09:06:48+02:00,97.1
2022-06-13 09:07:48+02:00,97.3
2022-06-13 09:08:49+02:00,50.0
2022-06-13 09:09:49+02:00,97.2
2022-06-13 09:10:49+02:00,96.7
2022-06-13 09:11:49+02:00,96.1
2022-06-13 09:12:49+02:00,95.8
2022-06-13 09:13:49+02:00,50.0
2022-06-13 09:14:49+02:00,93.1
2022-06-13 09:15:50+02:00,90.0
2022-06-13 09:16:50+02:00,86.6
2022-06-13 09:17:50+02:00,86.1
2022-06-13 09:18:50+02:00,86.3
2022-06-13 09:19:50+02:00,86.0
2022-06-13 09:20:50+02:00,86.1
2022-06-13 09:21:50+02:00,86.5
2022-06-13 09:22:51+02:00,86.7
2022-06-13 09:23:51+02:00,50.0
2022-06-13 09:24:51+02:00,88.4
2022-06-13 09:25:51+02:00,91.8
2022-06-13 09:26:51+02:00,93.5
2022-06-13 09:27:51+02:00,94.5
2022-06-13 09:28:52+02:00,95.1
2022-06-13 09:29:52+02:00,95.8
2022-06-13 09:30:52+02:00,96.3
2022-06-13 09:31:52+02:00,96.5
2022-06-13 09:32:52+02:00,95.9
2022-06-13 09:33:52+02:00,96.0
2022-06-13 09:34:52+02:00,50.0
2022-06-13 09:35:53+02:00,50.0
2022-06-13 09:36:53+02:00,95.7
2022-06-13 09:37:53+02:00,96.9
2022-06-13 09:38:53+02:00,50.0
2022-06-13 09:39:53+02:00,97.6
2022-06-13 09:40:53+02:00,50.0
2022-06-13 09:41:53+02:00,97.8
2022-06-13 09:42:54+02:00,97.1
2022-06-13 09:43:54+02:00,50.0
2022-06-13 09:44:54+02:00,96.8
2022-06-13 09:45:54+02:00,96.3
2022-06-13 09:46:54+02:00,96.1
2022-06-13 09:47:54+02:00,96.0
2022-06-13 09:48:54+02:00,95.9
2022-06-13 09:49:55+02:00,95.9
2022-06-13 09:50:55+02:00,95.9
2022-06-13 09:51:55+02:00,95.9
2022-06-13 09:52:55+02:00,95.9
2022-06-13 09:53:55+02:00,50.0
2022-06-13 09:54:55+02:00,96.0
2022-06-13 09:55:55+02:00,96.4
2022-06-13 09:56:56+02:00,50.0
2022-06-13 09:57:56+02:00,96.7
2022-06-13 09:58:56+02:00,50.0
2022-06-13 09:59:56+02:00,50.0
2022-06-13 10:00:56+02:00,96.3
2022-06-13 10:01:56+02:00,50.0
2022-06-13 10:02:57+02:00,50.0
2022-06-13 10:03:57+02:00,50.0
2022-06-13 10:04:57+02:00,50.0
2022-06-13 10:05:57+02:00,50.0
2022-06-13 10:06:57+02:00,50.0
2022-06-13 10:07:57+02:00,50.0
2022-06-13 10:08:57+02:00,50.0
2022-06-13 10:09:58+02:00,50.0
2022-06-13 10:10:58+02:00,50.0
2022-06-13 10:11:58+02:00,50.0
2022-06-13 10:12:58+02:00,50.0
2022-06-13 10:13:58+02:00,50.0
2022-06-13 10:14:58+02:00,50.0
2022-06-13 10:15:59+02:00,50.0
2022-06-13 10:16:59+02:00,50.0
2022-06-13 10:17:59+02:00,94.7
2022-06-13 10:18:59+02:00,50.0
2022-06-13 10:19:59+02:00,50.0
2022-06-13 10:20:59+02:00,50.0
2022-06-13 10:21:59+02:00,93.9
2022-06-13 10:22:59+02:00,50.0
2022-06-13 10:24:00+02:00,94.3
2022-06-13 10:25:00+02:00,50.0
2022-06-13 10:26:00+02:00,94.5
2022-06-13 10:27:00+02:00,94.8
2022-06-13 10:28:00+02:00,50.0
2022-06-13 10:29:00+02:00,50.0
2022-06-13 10:30:00+02:00,50.0
2022-06-13 10:31:01+02:00,94.9
2022-06-13 10:32:01+02:00,95.3
2022-06-13 10:33:01+02:00,95.3
2022-06-13 10:34:01+02:00,95.3
2022-06-13 10:35:01+02:00,50.0
2022-06-13 10:36:01+02:00,50.0
2022-06-13 10:37:01+02:00,50.0
2022-06-13 10:38:01+02:00,50.0
2022-06-14 01:44:00+02:00,85.4
2022-06-14 01:45:00+02:00,85.6
2022-06-14 01:46:00+02:00,86.0
2022-06-14 01:47:00+02:00,85.1
2022-06-14 01:48:00+02:00,50.0
2022-06-14 01:49:00+02:00,82.1
2022-06-14 01:50:00+02:00,80.6
2022-06-14 01:51:00+02:00,50.0
2022-06-14 01:52:00+02:00,82.8
2022-06-14 01:53:00+02:00,85.8
2022-06-14 01:54:00+02:00,87.7
2022-06-14 01:55:00+02:00,89.0
2022-06-14 01:56:01+02:00,90.0
2022-06-14 01:57:01+02:00,50.0
2022-06-14 01:58:01+02:00,90.4
2022-06-14 01:59:01+02:00,50.0
2022-06-14 02:00:01+02:00,50.0
2022-06-14 02:00:01+02:00,50.0
2022-06-14 02:01:01+02:00,50.0
2022-06-14 02:02:01+02:00,50.0
2022-06-14 02:03:01+02:00,92.0
2022-06-14 02:04:02+02:00,50.0
2022-06-14 02:05:02+02:00,50.0
2022-06-14 02:06:02+02:00,91.9
2022-06-14 02:07:02+02:00,93.3
2022-06-14 02:08:02+02:00,94.3
2022-06-14 02:09:02+02:00,95.4
2022-06-14 02:10:02+02:00,96.0
2022-06-14 02:11:02+02:00,96.4
2022-06-14 02:12:02+02:00,97.0
2022-06-14 02:13:02+02:00,97.2
2022-06-14 02:14:02+02:00,97.3
2022-06-14 02:15:03+02:00,97.6
2022-06-14 02:16:03+02:00,97.5
2022-06-14 02:17:03+02:00,97.5
2022-06-14 02:18:03+02:00,97.5
2022-06-14 02:19:03+02:00,97.3
2022-06-14 02:20:03+02:00,97.3
2022-06-14 02:21:03+02:00,97.3
2022-06-14 02:22:03+02:00,97.4
2022-06-14 02:23:04+02:00,97.2
2022-06-14 02:24:04+02:00,97.3
2022-06-14 02:25:04+02:00,97.1
2022-06-14 02:26:04+02:00,97.0
2022-06-14 02:27:04+02:00,96.8
2022-06-14 02:28:04+02:00,96.6
2022-06-14 02:29:04+02:00,96.5
2022-06-14 02:30:04+02:00,96.5
2022-06-14 02:31:05+02:00,96.3
2022-06-14 02:32:05+02:00,96.8
2022-06-14 02:33:05+02:00,96.7
2022-06-14 02:34:05+02:00,96.6
2022-06-14 02:35:05+02:00,96.8
2022-06-14 02:36:05+02:00,96.8
2022-06-14 02:37:05+02:00,96.6
2022-06-14 02:38:05+02:00,96.3
2022-06-14 02:39:06+02:00,96.3
2022-06-14 02:40:06+02:00,96.4
2022-06-14 02:41:06+02:00,96.4
2022-06-14 02:42:06+02:00,96.6
2022-06-14 02:43:06+02:00,96.5
2022-06-14 02:44:06+02:00,96.0
2022-06-14 02:45:07+02:00,96.5
2022-06-14 02:46:07+02:00,96.4
2022-06-14 02:47:07+02:00,96.4
2022-06-14 02:48:07+02:00,96.6
2022-06-14 02:49:07+02:00,96.6
2022-06-14 02:50:07+02:00,96.5
2022-06-14 02:51:07+02:00,96.5
2022-06-14 02:52:08+02:00,96.6
2022-06-14 02:53:08+02:00,96.6
2022-06-14 02:54:08+02:00,96.3
2022-06-14 02:55:08+02:00,50.0
2022-06-14 02:56:08+02:00,95.4
2022-06-14 02:57:08+02:00,95.0
2022-06-14 02:58:09+02:00,94.3
2022-06-14 02:59:09+02:00,50.0
2022-06-14 03:00:09+02:00,93.6
2022-06-14 03:01:09+02:00,93.4
2022-06-14 03:02:09+02:00,50.0
2022-06-14 03:03:09+02:00,93.8
2022-06-14 03:04:09+02:00,94.0
2022-06-14 03:05:10+02:00,94.2
2022-06-14 03:06:10+02:00,50.0
2022-06-14 03:07:10+02:00,94.4
2022-06-14 03:08:10+02:00,50.0
2022-06-14 03:09:10+02:00,94.3
2022-06-14 03:10:10+02:00,93.5
2022-06-14 03:11:10+02:00,50.0
2022-06-14 03:12:11+02:00,93.5
2022-06-14 03:13:11+02:00,50.0
2022-06-14 03:14:11+02:00,50.0
2022-06-14 03:15:11+02:00,50.0
2022-06-14 03:16:11+02:00,93.6
2022-06-14 03:17:11+02:00,92.9
2022-06-14 03:18:11+02:00,50.0
2022-06-14 03:19:12+02:00,92.5
2022-06-14 03:20:12+02:00,92.8
2022-06-14 03:21:12+02:00,92.7
2022-06-14 03:22:12+02:00,92.6
2022-06-14 03:23:12+02:00,92.8
2022-06-14 03:24:12+02:00,92.9
2022-06-14 03:25:12+02:00,93.2
2022-06-14 03:26:13+02:00,93.4
2022-06-14 03:27:13+02:00,93.9
2022-06-14 03:28:13+02:00,50.0
2022-06-14 03:29:13+02:00,50.0
2022-06-14 03:30:13+02:00,94.4
2022-06-14 03:31:13+02:00,95.1
2022-06-14 03:32:14+02:00,95.7
2022-06-14 03:33:14+02:00,96.1
2022-06-14 03:34:14+02:00,96.4
2022-06-14 03:35:14+02:00,96.5
2022-06-14 03:36:14+02:00,96.6
2022-06-14 03:37:14+02:00,96.6
2022-06-14 03:38:14+02:00,96.6
2022-06-14 03:39:15+02:00,96.6
2022-06-14 03:40:15+02:00,96.6
2022-06-14 03:41:15+02:00,96.5
2022-06-14 03:42:15+02:00,96.5
2022-06-14 03:43:15+02:00,96.5
2022-06-14 03:44:15+02:00,96.5
2022-06-14 03:45:15+02:00,96.6
2022-06-14 03:46:16+02:00,96.6
2022-06-14 03:47:16+02:00,50.0
2022-06-14 03:48:16+02:00,96.3
2022-06-14 03:49:16+02:00,50.0
2022-06-14 03:50:16+02:00,50.0
2022-06-14 03:51:16+02:00,50.0
2022-06-14 03:52:16+02:00,95.4
2022-06-14 03:53:17+02:00,95.0
2022-06-14 03:54:17+02:00,94.6
2022-06-14 03:55:17+02:00,94.5
2022-06-14 03:56:17+02:00,94.3
2022-06-14 03:57:17+02:00,50.0
2022-06-14 03:58:17+02:00,94.8
2022-06-14 03:59:18+02:00,95.9
2022-06-14 04:00:18+02:00,50.0
2022-06-14 04:01:18+02:00,50.0
2022-06-14 04:02:18+02:00,50.0
2022-06-14 04:03:18+02:00,93.7
2022-06-14 04:04:18+02:00,92.8
2022-06-14 04:05:18+02:00,92.4
2022-06-14 04:06:19+02:00,50.0
2022-06-14 04:07:19+02:00,91.8
2022-06-14 04:08:19+02:00,91.0
2022-06-14 04:09:19+02:00,91.0
2022-06-14 04:10:19+02:00,91.8
2022-06-14 04:11:19+02:00,93.1
2022-06-14 04:12:19+02:00,50.0
2022-06-14 04:13:20+02:00,93.4
2022-06-14 04:14:20+02:00,92.1
2022-06-14 04:15:20+02:00,91.2
2022-06-14 04:16:20+02:00,50.0
2022-06-14 04:17:20+02:00,50.0
2022-06-14 04:18:20+02:00,50.0
2022-06-14 04:19:20+02:00,50.0
2022-06-14 04:20:21+02:00,50.0
2022-06-14 04:21:21+02:00,50.0
2022-06-14 04:22:21+02:00,50.0
2022-06-14 04:23:21+02:00,50.0
2022-06-14 04:24:21+02:00,50.0
2022-06-14 04:25:21+02:00,91.9
2022-06-14 04:26:22+02:00,93.0
2022-06-14 04:27:22+02:00,93.5
2022-06-14 04:28:22+02:00,93.8
2022-06-14 04:29:22+02:00,94.0
2022-06-14 04:30:22+02:00,94.3
2022-06-14 04:31:22+02:00,94.4
2022-06-14 04:32:22+02:00,94.5
2022-06-14 04:33:22+02:00,94.6
2022-06-14 04:34:23+02:00,94.6
2022-06-14 04:35:23+02:00,94.8
2022-06-14 04:36:23+02:00,94.8
2022-06-14 04:37:23+02:00,94.8
2022-06-14 04:38:23+02:00,94.8
2022-06-14 04:39:23+02:00,94.8
2022-06-14 04:40:24+02:00,94.9
2022-06-14 04:41:24+02:00,95.0
2022-06-14 04:42:24+02:00,95.1
2022-06-14 04:43:24+02:00,95.2
2022-06-14 04:44:24+02:00,95.2
2022-06-14 04:45:24+02:00,95.3
2022-06-14 04:46:24+02:00,50.0
2022-06-14 04:47:25+02:00,94.4
2022-06-14 04:48:25+02:00,94.3
2022-06-14 04:49:25+02:00,95.0
2022-06-14 04:50:25+02:00,95.1
2022-06-14 04:51:25+02:00,95.6
2022-06-14 04:52:25+02:00,95.5
2022-06-14 04:53:26+02:00,95.1
2022-06-14 04:54:26+02:00,95.1
2022-06-14 04:55:26+02:00,95.3
2022-06-14 04:56:26+02:00,95.1
2022-06-14 04:57:26+02:00,95.0
2022-06-14 04:58:26+02:00,94.8
2022-06-14 04:59:26+02:00,94.4
2022-06-14 05:00:27+02:00,94.8
2022-06-14 05:01:27+02:00,95.1
2022-06-14 05:02:27+02:00,96.1
2022-06-14 05:03:27+02:00,96.2
2022-06-14 05:04:27+02:00,97.0
2022-06-14 05:05:27+02:00,96.7
2022-06-14 05:06:27+02:00,97.0
2022-06-14 05:07:28+02:00,96.9
2022-06-14 05:08:28+02:00,96.9
2022-06-14 05:09:28+02:00,97.1
2022-06-14 05:10:28+02:00,97.1
2022-06-14 05:11:28+02:00,97.1
2022-06-14 05:12:28+02:00,96.6
2022-06-14 05:13:29+02:00,96.8
2022-06-14 05:14:29+02:00,97.0
2022-06-14 05:15:29+02:00,97.1
2022-06-14 05:16:29+02:00,96.4
2022-06-14 05:17:29+02:00,96.8
2022-06-14 05:18:29+02:00,50.0
2022-06-14 05:19:29+02:00,50.0
2022-06-14 05:20:30+02:00,96.1
2022-06-14 05:21:30+02:00,95.5
2022-06-14 05:22:30+02:00,95.0
2022-06-14 05:23:30+02:00,95.0
2022-06-14 05:24:30+02:00,94.7
2022-06-14 05:25:30+02:00,94.3
2022-06-14 05:26:30+02:00,94.2
2022-06-14 05:27:31+02:00,93.9
2022-06-14 05:28:31+02:00,94.3
2022-06-14 05:29:31+02:00,94.1
2022-06-14 05:30:31+02:00,93.4
2022-06-14 05:31:31+02:00,93.4
2022-06-14 05:32:31+02:00,93.5
2022-06-14 05:33:31+02:00,93.4
2022-06-14 05:34:32+02:00,93.3
2022-06-14 05:35:32+02:00,93.5
2022-06-14 05:36:32+02:00,93.6
2022-06-14 05:37:32+02:00,93.7
2022-06-14 05:38:32+02:00,93.9
2022-06-14 05:39:32+02:00,94.0
2022-06-14 05:40:33+02:00,93.9
2022-06-14 05:41:33+02:00,93.7
2022-06-14 05:42:33+02:00,93.4
2022-06-14 05:43:33+02:00,93.2
2022-06-14 05:44:33+02:00,93.2
2022-06-14 05:45:33+02:00,93.0
2022-06-14 05:46:33+02:00,93.0
2022-06-14 05:47:34+02:00,50.0
2022-06-14 05:48:34+02:00,93.7
2022-06-14 05:49:34+02:00,94.4
2022-06-14 05:50:34+02:00,94.2
2022-06-14 05:51:34+02:00,94.4
2022-06-14 05:52:34+02:00,94.4
2022-06-14 05:53:34+02:00,94.2
2022-06-14 05:54:35+02:00,94.8
2022-06-14 05:55:35+02:00,95.1
2022-06-14 05:56:35+02:00,95.6
2022-06-14 05:57:35+02:00,96.0
2022-06-14 05:58:35+02:00,96.2
2022-06-14 05:59:35+02:00,96.2
2022-06-14 06:00:36+02:00,96.4
2022-06-14 06:01:36+02:00,96.5
2022-06-14 06:02:36+02:00,96.7
2022-06-14 06:03:36+02:00,96.6
2022-06-14 06:04:36+02:00,96.6
2022-06-14 06:05:36+02:00,96.6
2022-06-14 06:06:36+02:00,96.8
2022-06-14 06:07:37+02:00,96.9
2022-06-14 06:08:37+02:00,97.0
2022-06-14 06:09:37+02:00,96.9
2022-06-14 06:10:37+02:00,96.9
2022-06-14 06:11:37+02:00,97.0
2022-06-14 06:12:37+02:00,97.0
2022-06-14 06:13:37+02:00,97.1
2022-06-14 06:14:38+02:00,97.0
2022-06-14 06:15:38+02:00,97.1
2022-06-14 06:16:38+02:00,97.1
2022-06-14 06:17:38+02:00,97.0
2022-06-14 06:18:38+02:00,97.0
2022-06-14 06:19:38+02:00,97.0
2022-06-14 06:20:39+02:00,96.9
2022-06-14 06:21:39+02:00,96.9
2022-06-14 06:22:39+02:00,97.0
2022-06-14 06:23:39+02:00,97.1
2022-06-14 06:24:39+02:00,50.0
2022-06-14 06:25:39+02:00,50.0
2022-06-14 06:26:39+02:00,97.7
2022-06-14 06:27:40+02:00,97.1
2022-06-14 06:28:40+02:00,95.2
2022-06-14 06:29:40+02:00,94.1
2022-06-14 06:30:40+02:00,93.9
2022-06-14 06:31:40+02:00,93.5
2022-06-14 06:32:40+02:00,93.6
2022-06-14 06:33:40+02:00,93.8
2022-06-14 06:34:41+02:00,94.1
2022-06-14 06:35:41+02:00,94.4
2022-06-14 06:36:41+02:00,94.6
2022-06-14 06:37:41+02:00,50.0
2022-06-14 06:38:41+02:00,94.9
2022-06-14 06:39:41+02:00,95.6
2022-06-14 06:40:42+02:00,96.0
2022-06-14 06:41:42+02:00,50.0
2022-06-14 06:42:42+02:00,95.7
2022-06-14 06:43:42+02:00,94.3
2022-06-14 06:44:42+02:00,93.3
2022-06-14 06:45:42+02:00,92.5
2022-06-14 06:46:43+02:00,91.8
2022-06-14 06:47:43+02:00,91.2
2022-06-14 06:48:43+02:00,90.7
2022-06-14 06:49:43+02:00,90.3
2022-06-14 06:50:43+02:00,90.1
2022-06-14 06:51:43+02:00,89.4
2022-06-14 06:52:43+02:00,89.2
2022-06-14 06:53:44+02:00,88.2
2022-06-14 06:54:44+02:00,87.9
2022-06-14 06:55:44+02:00,87.4
2022-06-14 06:56:44+02:00,86.8
2022-06-14 06:57:44+02:00,50.0
2022-06-14 06:58:44+02:00,87.3
2022-06-14 06:59:44+02:00,89.6
2022-06-14 07:00:45+02:00,91.4
2022-06-14 07:01:45+02:00,92.7
2022-06-14 07:02:45+02:00,93.5
2022-06-14 07:03:45+02:00,93.9
2022-06-14 07:04:45+02:00,93.8
2022-06-14 07:05:45+02:00,94.1
2022-06-14 07:06:45+02:00,94.0
2022-06-14 07:07:46+02:00,94.0
2022-06-14 07:08:46+02:00,93.9
2022-06-14 07:09:46+02:00,94.0
2022-06-14 07:10:46+02:00,94.1
2022-06-14 07:11:46+02:00,94.3
2022-06-14 07:12:46+02:00,94.3
2022-06-14 07:13:46+02:00,94.2
2022-06-14 07:14:46+02:00,50.0
2022-06-14 07:15:46+02:00,50.0
2022-06-14 07:16:46+02:00,50.0
2022-06-14 07:17:46+02:00,94.0
2022-06-14 07:18:47+02:00,93.9
2022-06-14 07:19:47+02:00,50.0
2022-06-14 07:20:47+02:00,94.0
2022-06-14 07:21:47+02:00,50.0
2022-06-14 07:22:47+02:00,50.0
2022-06-14 07:23:47+02:00,50.0
2022-06-14 07:24:47+02:00,94.0
2022-06-14 07:25:47+02:00,94.1
2022-06-14 07:26:47+02:00,94.3
2022-06-14 07:27:47+02:00,50.0
2022-06-14 07:28:48+02:00,94.1
2022-06-14 07:29:48+02:00,94.4
2022-06-14 07:30:48+02:00,94.6
2022-06-14 07:31:48+02:00,50.0
2022-06-14 07:32:48+02:00,94.9
2022-06-14 07:33:48+02:00,94.7
2022-06-14 07:34:48+02:00,94.4
2022-06-14 07:35:48+02:00,50.0
2022-06-14 07:36:48+02:00,50.0
2022-06-14 07:37:48+02:00,94.2
2022-06-14 07:38:48+02:00,94.1
2022-06-14 07:39:49+02:00,94.0
2022-06-14 07:40:49+02:00,93.8
2022-06-14 07:41:49+02:00,93.7
2022-06-14 07:42:49+02:00,93.7
2022-06-14 07:43:49+02:00,93.6
2022-06-14 07:44:49+02:00,50.0
2022-06-14 07:45:49+02:00,50.0
2022-06-14 07:46:49+02:00,50.0
2022-06-14 07:47:49+02:00,94.4
2022-06-14 07:48:49+02:00,95.1
2022-06-14 07:49:49+02:00,95.9
2022-06-14 07:50:49+02:00,96.4
2022-06-14 07:51:50+02:00,50.0
2022-06-14 07:52:50+02:00,96.6
2022-06-14 07:53:50+02:00,96.4
2022-06-14 07:54:50+02:00,95.9
2022-06-14 07:55:50+02:00,95.6
2022-06-14 07:56:50+02:00,95.5
2022-06-14 07:57:50+02:00,95.4
2022-06-14 07:58:50+02:00,95.4
2022-06-14 07:59:50+02:00,95.4
2022-06-14 08:00:50+02:00,95.4
2022-06-14 08:01:51+02:00,95.5
2022-06-14 08:02:51+02:00,95.3
2022-06-14 08:03:51+02:00,95.5
2022-06-14 08:04:51+02:00,95.5
2022-06-14 08:05:51+02:00,95.6
2022-06-14 08:06:51+02:00,95.6
2022-06-14 08:07:51+02:00,95.7
2022-06-14 08:08:51+02:00,95.6
2022-06-14 08:09:51+02:00,95.5
2022-06-14 08:10:51+02:00,95.6
2022-06-14 08:11:51+02:00,95.6
2022-06-14 08:12:52+02:00,95.7
2022-06-14 08:13:52+02:00,95.9
2022-06-14 08:14:52+02:00,95.8
2022-06-14 08:15:52+02:00,95.8
2022-06-14 08:16:52+02:00,95.9
2022-06-14 08:17:52+02:00,95.9
2022-06-14 08:18:52+02:00,95.8
2022-06-14 08:19:53+02:00,95.7
2022-06-14 08:20:53+02:00,95.8
2022-06-14 08:21:53+02:00,95.8
2022-06-14 08:22:53+02:00,95.8
2022-06-14 08:23:53+02:00,95.8
2022-06-14 08:24:53+02:00,95.8
2022-06-14 08:25:54+02:00,95.8
2022-06-14 08:26:54+02:00,95.9
2022-06-14 08:27:54+02:00,95.9
2022-06-14 08:28:54+02:00,95.9
2022-06-14 08:29:54+02:00,95.9
2022-06-14 08:30:54+02:00,95.9
2022-06-14 08:31:55+02:00,50.0
2022-06-14 08:32:55+02:00,50.0
2022-06-14 08:33:55+02:00,95.5
2022-06-14 08:34:55+02:00,95.3
2022-06-14 08:35:55+02:00,95.0
2022-06-14 08:36:55+02:00,50.0
2022-06-14 08:37:55+02:00,95.2
2022-06-14 08:38:56+02:00,50.0
2022-06-14 08:39:56+02:00,95.5
2022-06-14 08:40:56+02:00,95.5
2022-06-14 08:41:56+02:00,50.0
2022-06-14 08:42:56+02:00,50.0
2022-06-14 08:43:56+02:00,94.9
2022-06-14 08:44:56+02:00,95.7
2022-06-14 08:45:57+02:00,96.2
2022-06-14 08:46:57+02:00,50.0
2022-06-14 08:47:57+02:00,96.4
2022-06-14 08:48:57+02:00,95.9
2022-06-14 08:49:57+02:00,95.2
2022-06-14 08:50:57+02:00,95.5
2022-06-14 08:51:57+02:00,95.5
2022-06-14 08:52:58+02:00,94.9
2022-06-14 08:53:58+02:00,94.6
2022-06-14 08:54:58+02:00,50.0
2022-06-14 08:55:58+02:00,92.9
2022-06-14 08:56:58+02:00,92.1
2022-06-14 08:57:58+02:00,91.1
2022-06-14 08:58:59+02:00,90.5
2022-06-14 08:59:59+02:00,50.0
2022-06-14 09:00:59+02:00,89.5
2022-06-14 09:01:59+02:00,91.2
2022-06-14 09:02:59+02:00,50.0
2022-06-14 09:03:59+02:00,92.7
2022-06-14 09:04:59+02:00,94.1
2022-06-14 09:05:59+02:00,50.0
2022-06-14 09:07:00+02:00,50.0
2022-06-14 09:08:00+02:00,94.8
2022-06-14 09:09:00+02:00,95.2
2022-06-14 09:10:00+02:00,50.0
2022-06-14 09:11:00+02:00,50.0
2022-06-14 09:12:00+02:00,95.2
2022-06-14 09:13:01+02:00,95.3
2022-06-14 09:14:01+02:00,95.4
2022-06-14 09:15:01+02:00,50.0
2022-06-14 09:16:01+02:00,95.1
2022-06-14 09:17:01+02:00,94.7
2022-06-14 09:18:01+02:00,94.8
2022-06-14 09:19:01+02:00,94.8
2022-06-14 09:20:01+02:00,94.8
2022-06-14 09:21:01+02:00,94.8
2022-06-14 09:22:01+02:00,94.6
2022-06-14 09:23:01+02:00,94.6
2022-06-14 09:24:01+02:00,94.4
2022-06-14 09:25:01+02:00,94.3
2022-06-14 09:26:01+02:00,94.2
2022-06-14 09:27:02+02:00,94.1
2022-06-14 09:28:02+02:00,94.4
2022-06-14 09:29:02+02:00,94.7
2022-06-14 09:30:02+02:00,95.5
2022-06-14 09:31:02+02:00,96.3
2022-06-14 09:32:02+02:00,96.9
2022-06-14 09:33:02+02:00,97.1
2022-06-14 09:34:02+02:00,97.2
2022-06-14 09:35:02+02:00,50.0
2022-06-14 09:36:02+02:00,96.5
2022-06-14 09:37:03+02:00,96.2
2022-06-14 09:38:03+02:00,95.8
2022-06-14 09:39:03+02:00,95.6
2022-06-14 09:40:03+02:00,95.6
2022-06-14 09:41:03+02:00,95.5
2022-06-14 09:42:03+02:00,95.4
2022-06-14 09:43:04+02:00,95.4
2022-06-14 09:44:04+02:00,50.0
2022-06-14 09:45:04+02:00,50.0
2022-06-14 09:46:04+02:00,50.0
2022-06-14 09:47:04+02:00,50.0
2022-06-14 09:48:04+02:00,50.0
2022-06-14 09:49:04+02:00,50.0
2022-06-14 09:50:04+02:00,95.5
2022-06-14 09:51:04+02:00,50.0
2022-06-14 09:52:05+02:00,50.0
2022-06-14 09:53:05+02:00,95.4
2022-06-14 09:54:05+02:00,95.8
2022-06-14 09:55:05+02:00,95.0
2022-06-14 09:56:05+02:00,50.0
2022-06-14 09:57:05+02:00,94.4
2022-06-14 09:58:06+02:00,94.1
2022-06-14 09:59:06+02:00,92.8
2022-06-14 10:00:06+02:00,92.2
2022-06-14 10:01:06+02:00,92.5
2022-06-14 10:02:06+02:00,50.0
2022-06-14 10:03:06+02:00,50.0
2022-06-14 10:04:06+02:00,91.9
2022-06-14 10:05:07+02:00,90.0
2022-06-14 10:06:07+02:00,88.7
2022-06-14 10:07:07+02:00,50.0
2022-06-14 10:08:07+02:00,50.0
2022-06-14 10:09:07+02:00,50.0
2022-06-14 10:10:07+02:00,50.0
2022-06-14 10:11:08+02:00,50.0
2022-06-14 10:12:08+02:00,90.8
2022-06-14 10:13:08+02:00,50.0
2022-06-14 10:14:08+02:00,50.0
2022-06-14 10:15:08+02:00,92.4
2022-06-14 10:16:08+02:00,50.0
2022-06-14 10:17:08+02:00,50.0
2022-06-14 10:18:09+02:00,50.0
2022-06-14 10:19:09+02:00,50.0
2022-06-14 10:20:09+02:00,50.0
2022-06-14 10:21:09+02:00,50.0
2022-06-14 10:22:09+02:00,50.0
2022-06-14 10:23:09+02:00,50.0
2022-06-14 10:24:09+02:00,50.0
2022-06-14 10:25:10+02:00,50.0
2022-06-14 10:26:10+02:00,50.0
2022-06-14 10:27:10+02:00,50.0
2022-06-14 10:28:10+02:00,50.0
2022-06-14 10:29:10+02:00,50.0
2022-06-14 10:30:10+02:00,50.0
2022-06-14 10:31:11+02:00,50.0
2022-06-14 10:32:11+02:00,50.0
2022-06-14 10:33:11+02:00,50.0
2022-06-14 10:34:11+02:00,50.0
2022-06-14 10:35:11+02:00,50.0
2022-06-14 10:36:11+02:00,93.8
2022-06-17 02:18:30+02:00,50.0
2022-06-17 02:19:30+02:00,95.1
2022-06-17 02:20:30+02:00,95.1
2022-06-17 02:21:30+02:00,95.2
2022-06-17 02:22:30+02:00,95.3
2022-06-17 02:23:30+02:00,95.3
2022-06-17 02:24:30+02:00,95.3
2022-06-17 02:25:30+02:00,95.1
2022-06-17 02:26:30+02:00,94.9
2022-06-17 02:27:30+02:00,95.0
2022-06-17 02:28:30+02:00,94.7
2022-06-17 02:29:30+02:00,94.7
2022-06-17 02:30:31+02:00,94.7
2022-06-17 02:31:31+02:00,94.7
2022-06-17 02:32:31+02:00,94.7
2022-06-17 02:33:31+02:00,94.7
2022-06-17 02:34:31+02:00,94.8
2022-06-17 02:35:31+02:00,94.6
2022-06-17 02:36:31+02:00,94.5
2022-06-17 02:37:32+02:00,50.0
2022-06-17 02:38:32+02:00,50.0
2022-06-17 02:39:32+02:00,94.8
2022-06-17 02:40:32+02:00,50.0
2022-06-17 02:41:32+02:00,94.1
2022-06-17 02:42:32+02:00,93.2
2022-06-17 02:43:33+02:00,92.5
2022-06-17 02:44:33+02:00,91.9
2022-06-17 02:45:33+02:00,91.2
2022-06-17 02:46:33+02:00,90.8
2022-06-17 02:47:33+02:00,90.5
2022-06-17 02:48:33+02:00,90.4
2022-06-17 02:49:33+02:00,90.9
2022-06-17 02:50:34+02:00,91.1
2022-06-17 02:51:34+02:00,91.0
2022-06-17 02:52:34+02:00,90.8
2022-06-17 02:53:34+02:00,90.8
2022-06-17 02:54:34+02:00,90.9
2022-06-17 02:55:34+02:00,91.0
2022-06-17 02:56:34+02:00,90.9
2022-06-17 02:57:35+02:00,90.8
2022-06-17 02:58:35+02:00,90.6
2022-06-17 02:59:35+02:00,90.3
2022-06-17 03:00:35+02:00,90.2
2022-06-17 03:01:35+02:00,91.2
2022-06-17 03:02:35+02:00,92.2
2022-06-17 03:03:35+02:00,92.9
2022-06-17 03:04:36+02:00,50.0
2022-06-17 03:05:36+02:00,93.3
2022-06-17 03:06:36+02:00,93.2
2022-06-17 03:07:36+02:00,92.9
2022-06-17 03:08:36+02:00,92.7
2022-06-17 03:09:36+02:00,92.4
2022-06-17 03:10:36+02:00,92.1
2022-06-17 03:11:37+02:00,92.1
2022-06-17 03:12:37+02:00,91.8
2022-06-17 03:13:37+02:00,91.8
2022-06-17 03:14:37+02:00,91.9
2022-06-17 03:15:37+02:00,92.0
2022-06-17 03:16:37+02:00,50.0
2022-06-17 03:17:38+02:00,93.0
2022-06-17 03:18:38+02:00,94.6
2022-06-17 03:19:38+02:00,95.4
2022-06-17 03:20:38+02:00,96.4
2022-06-17 03:21:38+02:00,96.7
2022-06-17 03:22:38+02:00,50.0
2022-06-17 03:23:38+02:00,50.0
2022-06-17 03:24:39+02:00,95.6
2022-06-17 03:25:39+02:00,94.7
2022-06-17 03:26:39+02:00,50.0
2022-06-17 03:27:39+02:00,50.0
2022-06-17 03:28:39+02:00,50.0
2022-06-17 03:29:39+02:00,50.0
2022-06-17 03:30:39+02:00,50.0
2022-06-17 03:31:40+02:00,50.0
2022-06-17 03:32:40+02:00,95.0
2022-06-17 03:33:40+02:00,50.0
2022-06-17 03:34:40+02:00,94.9
2022-06-17 03:35:40+02:00,95.0
2022-06-17 03:36:40+02:00,95.2
2022-06-17 03:37:40+02:00,95.5
2022-06-17 03:38:41+02:00,50.0
2022-06-17 03:39:41+02:00,95.3
2022-06-17 03:40:41+02:00,50.0
2022-06-17 03:41:41+02:00,50.0
2022-06-17 03:42:41+02:00,50.0
2022-06-17 03:43:41+02:00,50.0
2022-06-17 03:44:42+02:00,50.0
2022-06-17 03:45:42+02:00,95.4
2022-06-17 03:46:42+02:00,50.0
2022-06-17 03:47:42+02:00,50.0
2022-06-17 03:48:42+02:00,95.0
2022-06-17 03:49:42+02:00,94.7
2022-06-17 03:50:42+02:00,94.3
2022-06-17 03:51:43+02:00,94.2
2022-06-17 03:52:43+02:00,94.3
2022-06-17 03:53:43+02:00,94.3
2022-06-17 03:54:43+02:00,94.3
2022-06-17 03:55:43+02:00,94.3
2022-06-17 03:56:43+02:00,94.4
2022-06-17 03:57:43+02:00,94.4
2022-06-17 03:58:44+02:00,94.3
2022-06-17 03:59:44+02:00,94.2
2022-06-17 04:00:44+02:00,94.3
2022-06-17 04:01:44+02:00,94.2
2022-06-17 04:02:44+02:00,94.2
2022-06-17 04:03:44+02:00,94.3
2022-06-17 04:04:44+02:00,94.3
2022-06-17 04:05:45+02:00,94.3
2022-06-17 04:06:45+02:00,94.3
2022-06-17 04:07:45+02:00,94.3
2022-06-17 04:08:45+02:00,94.4
2022-06-17 04:09:45+02:00,94.3
2022-06-17 04:10:45+02:00,94.4
2022-06-17 04:11:45+02:00,94.5
2022-06-17 04:12:46+02:00,94.4
2022-06-17 04:13:46+02:00,94.4
2022-06-17 04:14:46+02:00,94.5
2022-06-17 04:15:46+02:00,94.4
2022-06-17 04:16:46+02:00,94.4
2022-06-17 04:17:46+02:00,94.3
2022-06-17 04:18:46+02:00,94.3
2022-06-17 04:19:46+02:00,94.3
2022-06-17 04:20:47+02:00,94.3
2022-06-17 04:21:47+02:00,94.3
2022-06-17 04:22:47+02:00,94.3
2022-06-17 04:23:47+02:00,94.2
2022-06-17 04:24:47+02:00,94.2
2022-06-17 04:25:47+02:00,94.3
2022-06-17 04:26:47+02:00,94.2
2022-06-17 04:27:48+02:00,94.3
2022-06-17 04:28:48+02:00,94.3
2022-06-17 04:29:48+02:00,50.0
2022-06-17 04:30:48+02:00,50.0
2022-06-17 04:31:48+02:00,50.0
2022-06-17 04:32:48+02:00,50.0
2022-06-17 04:33:48+02:00,94.1
2022-06-17 04:34:48+02:00,50.0
2022-06-17 04:35:48+02:00,94.3
2022-06-17 04:36:49+02:00,94.4
2022-06-17 04:37:49+02:00,94.5
2022-06-17 04:38:49+02:00,94.9
2022-06-17 04:39:49+02:00,94.8
2022-06-17 04:40:49+02:00,94.7
2022-06-17 04:41:49+02:00,94.6
2022-06-17 04:42:49+02:00,94.8
2022-06-17 04:43:50+02:00,95.0
2022-06-17 04:44:50+02:00,95.5
2022-06-17 04:45:50+02:00,96.0
2022-06-17 04:46:50+02:00,96.1
2022-06-17 04:47:50+02:00,96.3
2022-06-17 04:48:50+02:00,96.3
2022-06-17 04:49:50+02:00,96.2
2022-06-17 04:50:50+02:00,50.0
2022-06-17 04:51:51+02:00,95.8
2022-06-17 04:52:51+02:00,95.2
2022-06-17 04:53:51+02:00,94.9
2022-06-17 04:54:51+02:00,94.7
2022-06-17 04:55:51+02:00,94.8
2022-06-17 04:56:51+02:00,94.8
2022-06-17 04:57:51+02:00,50.0
2022-06-17 04:58:51+02:00,50.0
2022-06-17 04:59:51+02:00,50.0
2022-06-17 05:00:52+02:00,93.4
2022-06-17 05:01:52+02:00,90.7
2022-06-17 05:02:52+02:00,89.0
2022-06-17 05:03:52+02:00,50.0
2022-06-17 05:04:52+02:00,88.5
2022-06-17 05:05:52+02:00,88.4
2022-06-17 05:06:52+02:00,88.4
2022-06-17 05:07:53+02:00,88.5
2022-06-17 05:08:53+02:00,88.7
2022-06-17 05:09:53+02:00,89.3
2022-06-17 05:10:53+02:00,87.8
2022-06-17 05:11:53+02:00,86.9
2022-06-17 05:12:53+02:00,86.8
2022-06-17 05:13:54+02:00,86.7
2022-06-17 05:14:54+02:00,86.3
2022-06-17 05:15:54+02:00,50.0
2022-06-17 05:16:54+02:00,85.9
2022-06-17 05:17:54+02:00,88.2
2022-06-17 05:18:54+02:00,90.5
2022-06-17 05:19:54+02:00,91.8
2022-06-17 05:20:55+02:00,92.8
2022-06-17 05:21:55+02:00,93.3
2022-06-17 05:22:55+02:00,93.6
2022-06-17 05:23:55+02:00,93.7
2022-06-17 05:24:55+02:00,93.9
2022-06-17 05:25:55+02:00,50.0
2022-06-17 05:26:55+02:00,94.0
2022-06-17 05:27:56+02:00,94.1
2022-06-17 05:28:56+02:00,94.5
2022-06-17 05:29:56+02:00,94.1
2022-06-17 05:30:56+02:00,93.5
2022-06-17 05:31:56+02:00,93.1
2022-06-17 05:32:56+02:00,92.8
2022-06-17 05:33:56+02:00,92.5
2022-06-17 05:34:57+02:00,92.5
2022-06-17 05:35:57+02:00,92.5
2022-06-17 05:36:57+02:00,92.5
2022-06-17 05:37:57+02:00,92.6
2022-06-17 05:38:57+02:00,92.6
2022-06-17 05:39:57+02:00,92.6
2022-06-17 05:40:58+02:00,92.6
2022-06-17 05:41:58+02:00,92.6
2022-06-17 05:42:58+02:00,92.6
2022-06-17 05:43:58+02:00,92.7
2022-06-17 05:44:58+02:00,92.7
2022-06-17 05:45:58+02:00,92.7
2022-06-17 05:46:58+02:00,92.9
2022-06-17 05:47:58+02:00,92.9
2022-06-17 05:48:59+02:00,93.0
2022-06-17 05:49:59+02:00,92.8
2022-06-17 05:50:59+02:00,92.9
2022-06-17 05:51:59+02:00,92.9
2022-06-17 05:52:59+02:00,93.0
2022-06-17 05:53:59+02:00,93.2
2022-06-17 05:54:59+02:00,93.1
2022-06-17 05:56:00+02:00,93.2
2022-06-17 05:57:00+02:00,92.9
2022-06-17 05:58:00+02:00,92.5
2022-06-17 05:59:00+02:00,92.5
2022-06-17 06:00:00+02:00,92.6
2022-06-17 06:01:00+02:00,92.3
2022-06-17 06:02:00+02:00,92.2
2022-06-17 06:03:01+02:00,92.2
2022-06-17 06:04:01+02:00,92.3
2022-06-17 06:05:01+02:00,50.0
2022-06-17 06:06:01+02:00,50.0
2022-06-17 06:07:01+02:00,50.0
2022-06-17 06:08:01+02:00,50.0
2022-06-17 06:09:01+02:00,93.2
2022-06-17 06:10:02+02:00,94.3
2022-06-17 06:11:02+02:00,50.0
2022-06-17 06:12:02+02:00,95.4
2022-06-17 06:13:02+02:00,95.7
2022-06-17 06:14:02+02:00,95.8
2022-06-17 06:15:02+02:00,96.0
2022-06-17 06:16:03+02:00,50.0
2022-06-17 06:17:03+02:00,50.0
2022-06-17 06:18:03+02:00,95.8
2022-06-17 06:19:03+02:00,95.1
2022-06-17 06:20:03+02:00,95.0
2022-06-17 06:21:03+02:00,94.8
2022-06-17 06:22:03+02:00,94.3
2022-06-17 06:23:03+02:00,94.1
2022-06-17 06:24:04+02:00,50.0
2022-06-17 06:25:04+02:00,94.0
2022-06-17 06:26:04+02:00,94.0
2022-06-17 06:27:04+02:00,94.1
2022-06-17 06:28:04+02:00,94.1
2022-06-17 06:29:04+02:00,50.0
2022-06-17 06:30:04+02:00,94.8
2022-06-17 06:31:05+02:00,95.8
2022-06-17 06:32:05+02:00,96.1
2022-06-17 06:33:05+02:00,96.6
2022-06-17 06:34:05+02:00,97.1
2022-06-17 06:35:05+02:00,97.2
2022-06-17 06:36:05+02:00,97.4
2022-06-17 06:37:05+02:00,97.8
2022-06-17 06:38:06+02:00,98.1
2022-06-17 06:39:06+02:00,97.3
2022-06-17 06:40:06+02:00,96.7
2022-06-17 06:41:06+02:00,96.6
2022-06-17 06:42:06+02:00,96.7
2022-06-17 06:43:06+02:00,97.1
2022-06-17 06:44:06+02:00,97.6
2022-06-17 06:45:07+02:00,97.3
2022-06-17 06:46:07+02:00,96.8
2022-06-17 06:47:07+02:00,97.2
2022-06-17 06:48:07+02:00,97.4
2022-06-17 06:49:07+02:00,97.7
2022-06-17 06:50:07+02:00,98.0
2022-06-17 06:51:07+02:00,98.3
2022-06-17 06:52:08+02:00,98.3
2022-06-17 06:53:08+02:00,50.0
2022-06-17 06:54:08+02:00,96.9
2022-06-17 06:55:08+02:00,96.3
2022-06-17 06:56:08+02:00,96.5
2022-06-17 06:57:08+02:00,50.0
2022-06-17 06:58:09+02:00,96.4
2022-06-17 06:59:09+02:00,93.1
2022-06-17 07:00:09+02:00,90.7
2022-06-17 07:01:09+02:00,89.1
2022-06-17 07:02:09+02:00,87.6
2022-06-17 07:03:09+02:00,50.0
2022-06-17 07:04:09+02:00,89.5
2022-06-17 07:05:10+02:00,94.1
2022-06-17 07:06:10+02:00,95.6
2022-06-17 07:07:10+02:00,96.8
2022-06-17 07:08:10+02:00,50.0
2022-06-17 07:09:10+02:00,50.0
2022-06-17 07:10:10+02:00,96.1
2022-06-17 07:11:10+02:00,50.0
2022-06-17 07:12:11+02:00,50.0
2022-06-17 07:13:11+02:00,96.3
2022-06-17 07:14:11+02:00,97.6
2022-06-17 07:15:11+02:00,98.5
2022-06-17 07:16:11+02:00,50.0
2022-06-17 07:17:11+02:00,50.0
2022-06-17 07:18:11+02:00,98.2
2022-06-17 07:19:12+02:00,97.3
2022-06-17 07:20:12+02:00,96.6
2022-06-17 07:21:12+02:00,96.1
2022-06-17 07:22:12+02:00,95.7
2022-06-17 07:23:12+02:00,95.5
2022-06-17 07:24:12+02:00,95.3
2022-06-17 07:25:13+02:00,95.3
2022-06-17 07:26:13+02:00,95.2
2022-06-17 07:27:13+02:00,95.1
2022-06-17 07:28:13+02:00,95.1
2022-06-17 07:29:13+02:00,50.0
2022-06-17 07:30:13+02:00,50.0
2022-06-17 07:31:13+02:00,50.0
2022-06-17 07:32:14+02:00,50.0
2022-06-17 07:33:14+02:00,50.0
2022-06-17 07:34:14+02:00,50.0
2022-06-17 07:35:14+02:00,50.0
2022-06-17 07:36:14+02:00,50.0
2022-06-17 07:37:14+02:00,50.0
2022-06-17 07:38:14+02:00,95.2
2022-06-17 07:39:14+02:00,50.0
2022-06-17 07:40:15+02:00,50.0
2022-06-17 07:41:15+02:00,50.0
2022-06-17 07:42:15+02:00,50.0
2022-06-17 07:43:15+02:00,50.0
2022-06-17 07:44:15+02:00,50.0
2022-06-17 07:45:15+02:00,50.0
2022-06-17 07:46:16+02:00,50.0
2022-06-17 07:47:16+02:00,50.0
2022-06-17 07:48:16+02:00,50.0
2022-06-17 07:49:16+02:00,50.0
2022-06-17 07:50:16+02:00,50.0
2022-06-17 07:51:16+02:00,50.0
2022-06-17 07:52:16+02:00,50.0
2022-06-17 07:53:17+02:00,50.0
2022-06-17 07:54:17+02:00,50.0
2022-06-17 07:55:17+02:00,50.0
2022-06-17 07:56:17+02:00,50.0
2022-06-17 07:57:17+02:00,50.0
2022-06-17 07:58:17+02:00,50.0
2022-06-17 07:59:18+02:00,50.0
2022-06-17 08:00:18+02:00,50.0
2022-06-17 08:01:18+02:00,50.0
2022-06-17 08:02:18+02:00,50.0
2022-06-17 08:03:18+02:00,50.0
2022-06-17 08:04:18+02:00,50.0
2022-06-17 08:05:18+02:00,50.0
