timestamp,oxygen_saturation_by_minute
2022-06-07 23:38:30+02:00,84.7
2022-06-07 23:39:30+02:00,87.4
2022-06-07 23:40:30+02:00,88.7
2022-06-07 23:41:30+02:00,50.0
2022-06-07 23:42:30+02:00,50.0
2022-06-07 23:43:30+02:00,50.0
2022-06-07 23:44:30+02:00,50.0
2022-06-07 23:45:30+02:00,50.0
2022-06-07 23:46:30+02:00,87.0
2022-06-07 23:47:30+02:00,86.2
2022-06-07 23:48:30+02:00,50.0
2022-06-07 23:49:30+02:00,50.0
2022-06-07 23:50:30+02:00,50.0
2022-06-07 23:51:31+02:00,84.4
2022-06-07 23:52:31+02:00,83.8
2022-06-07 23:53:31+02:00,83.8
2022-06-07 23:54:31+02:00,84.2
2022-06-07 23:55:31+02:00,84.4
2022-06-07 23:56:31+02:00,85.2
2022-06-07 23:57:31+02:00,85.3
2022-06-07 23:58:31+02:00,85.2
2022-06-07 23:59:31+02:00,85.1
2022-06-08 00:00:32+02:00,84.7
2022-06-08 00:01:32+02:00,84.8
2022-06-08 00:02:32+02:00,85.3
2022-06-08 00:03:32+02:00,85.5
2022-06-08 00:04:32+02:00,85.9
2022-06-08 00:05:32+02:00,86.2
2022-06-08 00:06:32+02:00,86.2
2022-06-08 00:07:32+02:00,86.7
2022-06-08 00:08:32+02:00,87.0
2022-06-08 00:09:32+02:00,86.9
2022-06-08 00:10:32+02:00,87.0
2022-06-08 00:11:32+02:00,87.0
2022-06-08 00:12:33+02:00,86.9
2022-06-08 00:13:33+02:00,87.4
2022-06-08 00:14:33+02:00,88.1
2022-06-08 00:15:33+02:00,50.0
2022-06-08 00:16:33+02:00,88.9
2022-06-08 00:17:33+02:00,88.7
2022-06-08 00:18:33+02:00,88.4
2022-06-08 00:19:33+02:00,88.1
2022-06-08 00:20:33+02:00,88.3
2022-06-08 00:21:34+02:00,88.5
2022-06-08 00:22:34+02:00,88.4
2022-06-08 00:23:34+02:00,88.6
2022-06-08 00:24:34+02:00,89.0
2022-06-08 00:25:35+02:00,89.1
2022-06-08 00:26:35+02:00,89.4
2022-06-08 00:27:35+02:00,89.4
2022-06-08 00:28:35+02:00,89.8
2022-06-08 00:29:35+02:00,89.8
2022-06-08 00:30:35+02:00,89.5
2022-06-08 00:31:35+02:00,89.8
2022-06-08 00:32:35+02:00,89.7
2022-06-08 00:33:36+02:00,89.7
2022-06-08 00:34:36+02:00,89.6
2022-06-08 00:35:36+02:00,89.8
2022-06-08 00:36:36+02:00,89.8
2022-06-08 00:37:36+02:00,89.8
2022-06-08 00:38:36+02:00,90.0
2022-06-08 00:39:36+02:00,90.8
2022-06-08 00:40:37+02:00,91.1
2022-06-08 00:41:37+02:00,91.2
2022-06-08 00:42:37+02:00,90.9
2022-06-08 00:43:37+02:00,90.9
2022-06-08 00:44:37+02:00,90.8
2022-06-08 00:45:37+02:00,90.9
2022-06-08 00:46:37+02:00,90.7
2022-06-08 00:47:38+02:00,91.1
2022-06-08 00:48:38+02:00,91.3
2022-06-08 00:49:38+02:00,91.2
2022-06-08 00:50:38+02:00,50.0
2022-06-08 00:51:38+02:00,91.0
2022-06-08 00:52:38+02:00,91.2
2022-06-08 00:53:39+02:00,91.0
2022-06-08 00:54:39+02:00,90.8
2022-06-08 00:55:39+02:00,90.8
2022-06-08 00:56:39+02:00,91.0
2022-06-08 00:57:39+02:00,91.0
2022-06-08 00:58:39+02:00,91.0
2022-06-08 00:59:39+02:00,90.7
2022-06-08 01:00:40+02:00,90.3
2022-06-08 01:01:40+02:00,50.0
2022-06-08 01:02:40+02:00,90.2
2022-06-08 01:03:40+02:00,90.4
2022-06-08 01:04:40+02:00,90.3
2022-06-08 01:05:40+02:00,90.2
2022-06-08 01:06:40+02:00,90.1
2022-06-08 01:07:41+02:00,90.0
2022-06-08 01:08:41+02:00,90.0
2022-06-08 01:09:41+02:00,90.0
2022-06-08 01:10:41+02:00,90.4
2022-06-08 01:11:41+02:00,90.5
2022-06-08 01:12:41+02:00,90.8
2022-06-08 01:13:41+02:00,90.9
2022-06-08 01:14:42+02:00,90.8
2022-06-08 01:15:42+02:00,91.0
2022-06-08 01:16:42+02:00,90.8
2022-06-08 01:17:42+02:00,50.0
2022-06-08 01:18:42+02:00,50.0
2022-06-08 01:19:42+02:00,90.3
2022-06-08 01:20:42+02:00,89.6
2022-06-08 01:21:43+02:00,88.7
2022-06-08 01:22:43+02:00,88.3
2022-06-08 01:23:43+02:00,88.2
2022-06-08 01:24:43+02:00,88.2
2022-06-08 01:25:43+02:00,88.2
2022-06-08 01:26:43+02:00,88.2
2022-06-08 01:27:44+02:00,88.3
2022-06-08 01:28:44+02:00,88.4
2022-06-08 01:29:44+02:00,88.7
2022-06-08 01:30:44+02:00,88.6
2022-06-08 01:31:44+02:00,88.7
2022-06-08 01:32:44+02:00,88.8
2022-06-08 01:33:44+02:00,88.8
2022-06-08 01:34:45+02:00,89.0
2022-06-08 01:35:45+02:00,88.8
2022-06-08 01:36:45+02:00,88.8
2022-06-08 01:37:45+02:00,89.0
2022-06-08 01:38:45+02:00,89.4
2022-06-08 01:39:45+02:00,89.8
2022-06-08 01:40:46+02:00,90.3
2022-06-08 01:41:46+02:00,90.4
2022-06-08 01:42:46+02:00,88.8
2022-06-08 01:43:46+02:00,87.3
2022-06-08 01:44:46+02:00,85.9
2022-06-08 01:45:46+02:00,85.0
2022-06-08 01:46:46+02:00,50.0
2022-06-08 01:47:47+02:00,85.4
2022-06-08 01:48:47+02:00,86.5
2022-06-08 01:49:47+02:00,87.5
2022-06-08 01:50:47+02:00,50.0
2022-06-08 01:51:47+02:00,88.3
2022-06-08 01:52:47+02:00,89.3
2022-06-08 01:53:48+02:00,89.8
2022-06-08 01:54:48+02:00,90.1
2022-06-08 01:55:48+02:00,90.2
2022-06-08 01:56:48+02:00,90.3
2022-06-08 01:57:48+02:00,90.4
2022-06-08 01:58:48+02:00,90.7
2022-06-08 01:59:48+02:00,90.8
2022-06-08 02:00:49+02:00,90.9
2022-06-08 02:00:49+02:00,90.9
2022-06-08 02:01:49+02:00,50.0
2022-06-08 02:02:49+02:00,91.6
2022-06-08 02:03:49+02:00,92.6
2022-06-08 02:04:49+02:00,50.0
2022-06-08 02:05:49+02:00,92.8
2022-06-08 02:06:49+02:00,50.0
2022-06-08 02:07:50+02:00,92.7
2022-06-08 02:08:50+02:00,93.0
2022-06-08 02:09:50+02:00,93.3
2022-06-08 02:10:50+02:00,93.7
2022-06-08 02:11:50+02:00,93.8
2022-06-08 02:12:50+02:00,94.1
2022-06-08 02:13:50+02:00,94.3
2022-06-08 02:14:51+02:00,94.6
2022-06-08 02:15:51+02:00,94.8
2022-06-08 02:16:51+02:00,95.2
2022-06-08 02:17:51+02:00,95.2
2022-06-08 02:18:51+02:00,95.0
2022-06-08 02:19:51+02:00,94.8
2022-06-08 02:20:52+02:00,94.6
2022-06-08 02:21:52+02:00,94.7
2022-06-08 02:22:52+02:00,94.8
2022-06-08 02:23:52+02:00,94.7
2022-06-08 02:24:52+02:00,94.5
2022-06-08 02:25:52+02:00,94.4
2022-06-08 02:26:52+02:00,94.4
2022-06-08 02:27:53+02:00,94.7
2022-06-08 02:28:53+02:00,94.8
2022-06-08 02:29:53+02:00,94.9
2022-06-08 02:30:53+02:00,94.9
2022-06-08 02:31:53+02:00,94.8
2022-06-08 02:32:53+02:00,94.6
2022-06-08 02:33:53+02:00,94.6
2022-06-08 02:34:54+02:00,94.6
2022-06-08 02:35:54+02:00,94.2
2022-06-08 02:36:54+02:00,94.0
2022-06-08 02:37:54+02:00,93.9
2022-06-08 02:38:54+02:00,94.1
2022-06-08 02:39:54+02:00,94.4
2022-06-08 02:40:54+02:00,94.4
2022-06-08 02:41:55+02:00,94.6
2022-06-08 02:42:55+02:00,94.4
2022-06-08 02:43:55+02:00,94.7
2022-06-08 02:44:55+02:00,50.0
2022-06-08 02:45:55+02:00,91.4
2022-06-08 02:46:55+02:00,90.9
2022-06-08 02:47:55+02:00,90.3
2022-06-08 02:48:56+02:00,90.0
2022-06-08 02:49:56+02:00,90.5
2022-06-08 02:50:56+02:00,91.1
2022-06-08 02:51:56+02:00,91.4
2022-06-08 02:52:56+02:00,50.0
2022-06-08 02:53:56+02:00,91.3
2022-06-08 02:54:57+02:00,90.8
2022-06-08 02:55:57+02:00,90.4
2022-06-08 02:56:57+02:00,90.0
2022-06-08 02:57:57+02:00,89.8
2022-06-08 02:58:57+02:00,89.6
2022-06-08 02:59:57+02:00,89.5
2022-06-08 03:00:57+02:00,89.4
2022-06-08 03:01:58+02:00,89.6
2022-06-08 03:02:58+02:00,90.1
2022-06-08 03:03:58+02:00,50.0
2022-06-08 03:04:58+02:00,90.6
2022-06-08 03:05:58+02:00,89.6
2022-06-08 03:06:58+02:00,87.7
2022-06-08 03:07:58+02:00,87.1
2022-06-08 03:08:59+02:00,86.4
2022-06-08 03:09:59+02:00,85.3
2022-06-08 03:10:59+02:00,84.9
2022-06-08 03:11:59+02:00,85.3
2022-06-08 03:12:59+02:00,85.5
2022-06-08 03:13:59+02:00,85.2
2022-06-08 03:14:59+02:00,85.6
2022-06-08 03:16:00+02:00,84.8
2022-06-08 03:17:00+02:00,83.9
2022-06-08 03:18:00+02:00,85.4
2022-06-08 03:19:00+02:00,86.2
2022-06-08 03:20:00+02:00,85.9
2022-06-08 03:21:00+02:00,86.7
2022-06-08 03:22:01+02:00,85.9
2022-06-08 03:23:01+02:00,84.7
2022-06-08 03:24:01+02:00,85.9
2022-06-08 03:25:01+02:00,86.4
2022-06-08 03:26:01+02:00,85.2
2022-06-08 03:27:01+02:00,85.6
2022-06-08 03:28:01+02:00,83.5
2022-06-08 03:29:01+02:00,82.9
2022-06-08 03:30:02+02:00,81.8
2022-06-08 03:31:02+02:00,80.6
2022-06-08 03:32:02+02:00,82.4
2022-06-08 03:33:02+02:00,82.7
2022-06-08 03:34:02+02:00,82.2
2022-06-08 03:35:02+02:00,82.4
2022-06-08 03:36:02+02:00,82.9
2022-06-08 03:37:03+02:00,82.8
2022-06-08 03:38:03+02:00,83.3
2022-06-08 03:39:03+02:00,50.0
2022-06-08 03:40:03+02:00,81.6
2022-06-08 03:41:03+02:00,82.3
2022-06-08 03:42:03+02:00,83.5
2022-06-08 03:43:04+02:00,84.2
2022-06-08 03:44:04+02:00,83.4
2022-06-08 03:45:04+02:00,82.8
2022-06-08 03:46:04+02:00,82.9
2022-06-08 03:47:04+02:00,82.6
2022-06-08 03:48:04+02:00,81.5
2022-06-08 03:49:04+02:00,80.7
2022-06-08 03:50:05+02:00,79.1
2022-06-08 03:51:05+02:00,77.5
2022-06-08 03:52:05+02:00,77.2
2022-06-08 03:53:05+02:00,77.0
2022-06-08 03:54:05+02:00,76.7
2022-06-08 03:55:05+02:00,75.9
2022-06-08 03:56:05+02:00,75.7
2022-06-08 03:57:06+02:00,75.6
2022-06-08 03:58:06+02:00,75.4
2022-06-08 03:59:06+02:00,75.8
2022-06-08 04:00:06+02:00,78.6
2022-06-08 04:01:06+02:00,79.6
2022-06-08 04:02:06+02:00,79.4
2022-06-08 04:03:06+02:00,78.8
2022-06-08 04:04:07+02:00,78.1
2022-06-08 04:05:07+02:00,78.0
2022-06-08 04:06:07+02:00,77.9
2022-06-08 04:07:07+02:00,79.2
2022-06-08 04:08:07+02:00,83.5
2022-06-08 04:09:07+02:00,86.9
2022-06-08 04:10:08+02:00,89.5
2022-06-08 04:11:08+02:00,90.8
2022-06-08 04:12:08+02:00,91.7
2022-06-08 04:13:08+02:00,92.4
2022-06-08 04:14:08+02:00,92.8
2022-06-08 04:15:08+02:00,93.1
2022-06-08 04:16:08+02:00,93.2
2022-06-08 04:17:09+02:00,93.2
2022-06-08 04:18:09+02:00,93.2
2022-06-08 04:19:09+02:00,92.9
2022-06-08 04:20:09+02:00,92.6
2022-06-08 04:21:09+02:00,92.5
2022-06-08 04:22:09+02:00,92.3
2022-06-08 04:23:09+02:00,92.1
2022-06-08 04:24:10+02:00,91.9
2022-06-08 04:25:10+02:00,50.0
2022-06-08 04:26:10+02:00,50.0
2022-06-08 04:27:10+02:00,50.0
2022-06-08 04:28:10+02:00,50.0
2022-06-08 04:29:10+02:00,91.5
2022-06-08 04:30:10+02:00,91.4
2022-06-08 04:31:11+02:00,91.4
2022-06-08 04:32:11+02:00,91.4
2022-06-08 04:33:11+02:00,91.2
2022-06-08 04:34:11+02:00,91.2
2022-06-08 04:35:11+02:00,50.0
2022-06-08 04:36:11+02:00,91.1
2022-06-08 04:37:12+02:00,91.4
2022-06-08 04:38:12+02:00,91.5
2022-06-08 04:39:12+02:00,91.8
2022-06-08 04:40:12+02:00,92.1
2022-06-08 04:41:12+02:00,92.2
2022-06-08 04:42:12+02:00,91.8
2022-06-08 04:43:12+02:00,92.3
2022-06-08 04:44:13+02:00,92.8
2022-06-08 04:45:13+02:00,92.1
2022-06-08 04:46:13+02:00,92.1
2022-06-08 04:47:13+02:00,91.4
2022-06-08 04:48:13+02:00,91.7
2022-06-08 04:49:13+02:00,92.3
2022-06-08 04:50:13+02:00,91.5
2022-06-08 04:51:14+02:00,91.4
2022-06-08 04:52:14+02:00,92.0
2022-06-08 04:53:14+02:00,50.0
2022-06-08 04:54:14+02:00,92.7
2022-06-08 04:55:14+02:00,50.0
2022-06-08 04:56:14+02:00,50.0
2022-06-08 04:57:15+02:00,93.0
2022-06-08 04:58:15+02:00,92.4
2022-06-08 04:59:15+02:00,50.0
2022-06-08 05:00:15+02:00,92.5
2022-06-08 05:01:15+02:00,92.6
2022-06-08 05:02:15+02:00,92.3
2022-06-08 05:03:15+02:00,92.0
2022-06-08 05:04:16+02:00,91.7
2022-06-08 05:05:16+02:00,91.3
2022-06-08 05:06:16+02:00,50.0
2022-06-08 05:07:16+02:00,91.9
2022-06-08 05:08:16+02:00,92.9
2022-06-08 05:09:16+02:00,93.4
2022-06-08 05:10:16+02:00,93.6
2022-06-08 05:11:17+02:00,94.0
2022-06-08 05:12:17+02:00,94.1
2022-06-08 05:13:17+02:00,94.3
2022-06-08 05:14:17+02:00,94.4
2022-06-08 05:15:17+02:00,94.3
2022-06-08 05:16:17+02:00,94.5
2022-06-08 05:17:17+02:00,94.8
2022-06-08 05:18:18+02:00,94.9
2022-06-08 05:19:18+02:00,95.1
2022-06-08 05:20:18+02:00,95.2
2022-06-08 05:21:18+02:00,95.3
2022-06-08 05:22:18+02:00,95.3
2022-06-08 05:23:18+02:00,95.5
2022-06-08 05:24:19+02:00,95.7
2022-06-08 05:25:19+02:00,95.6
2022-06-08 05:26:19+02:00,95.4
2022-06-08 05:27:19+02:00,95.5
2022-06-08 05:28:19+02:00,95.5
2022-06-08 05:29:19+02:00,95.6
2022-06-08 05:30:19+02:00,50.0
2022-06-08 05:31:20+02:00,95.1
2022-06-08 05:32:20+02:00,95.2
2022-06-08 05:33:20+02:00,95.1
2022-06-08 05:34:20+02:00,94.9
2022-06-08 05:35:20+02:00,95.2
2022-06-08 05:36:20+02:00,95.2
2022-06-08 05:37:21+02:00,95.2
2022-06-08 05:38:21+02:00,95.1
2022-06-08 05:39:21+02:00,95.4
2022-06-08 05:40:21+02:00,95.5
2022-06-08 05:41:21+02:00,95.5
2022-06-08 05:42:21+02:00,50.0
2022-06-08 05:43:21+02:00,95.1
2022-06-08 05:44:22+02:00,94.6
2022-06-08 05:45:22+02:00,94.2
2022-06-08 05:46:22+02:00,93.7
2022-06-08 05:47:23+02:00,92.7
2022-06-08 05:48:23+02:00,91.6
2022-06-08 05:49:23+02:00,50.0
2022-06-08 05:50:23+02:00,90.8
2022-06-08 05:51:23+02:00,91.0
2022-06-08 05:52:23+02:00,92.0
2022-06-08 05:53:23+02:00,92.4
2022-06-08 05:54:24+02:00,92.7
2022-06-08 05:55:24+02:00,93.0
2022-06-08 05:56:24+02:00,93.1
2022-06-08 05:57:24+02:00,93.2
2022-06-08 05:58:24+02:00,93.4
2022-06-08 05:59:24+02:00,50.0
2022-06-08 06:00:24+02:00,50.0
2022-06-08 06:01:25+02:00,50.0
2022-06-08 06:02:25+02:00,50.0
2022-06-08 06:03:25+02:00,50.0
2022-06-08 06:04:25+02:00,50.0
2022-06-08 06:05:25+02:00,50.0
2022-06-08 06:06:25+02:00,50.0
2022-06-08 06:07:26+02:00,50.0
2022-06-08 06:08:26+02:00,50.0
2022-06-08 06:09:26+02:00,50.0
2022-06-08 06:10:26+02:00,50.0
2022-06-08 06:11:26+02:00,50.0
2022-06-08 06:12:26+02:00,50.0
2022-06-08 06:13:26+02:00,91.5
2022-06-08 06:14:27+02:00,88.3
2022-06-08 06:15:27+02:00,85.6
2022-06-08 06:16:27+02:00,83.5
2022-06-08 06:17:27+02:00,77.1
2022-06-08 06:18:27+02:00,75.3
2022-06-08 06:19:27+02:00,74.4
2022-06-08 06:20:27+02:00,74.5
2022-06-08 06:21:28+02:00,50.0
2022-06-08 06:22:28+02:00,50.0
2022-06-08 06:23:28+02:00,50.0
2022-06-08 06:24:28+02:00,74.8
2022-06-08 06:25:28+02:00,76.7
2022-06-08 06:26:28+02:00,50.0
2022-06-08 06:27:28+02:00,50.0
2022-06-08 06:28:29+02:00,77.4
2022-06-08 06:29:29+02:00,81.0
2022-06-08 06:30:29+02:00,50.0
2022-06-08 06:31:29+02:00,50.0
2022-06-08 06:32:29+02:00,50.0
2022-06-08 06:33:29+02:00,50.0
2022-06-08 06:34:29+02:00,50.0
2022-06-08 06:35:30+02:00,50.0
2022-06-08 23:04:30+02:00,50.0
2022-06-08 23:05:30+02:00,89.9
2022-06-08 23:06:30+02:00,89.7
2022-06-08 23:07:30+02:00,89.6
2022-06-08 23:08:30+02:00,89.6
2022-06-08 23:09:30+02:00,89.5
2022-06-08 23:10:30+02:00,89.5
2022-06-08 23:11:30+02:00,89.4
2022-06-08 23:12:30+02:00,89.3
2022-06-08 23:13:30+02:00,89.6
2022-06-08 23:14:30+02:00,89.5
2022-06-08 23:15:30+02:00,89.6
2022-06-08 23:16:31+02:00,89.7
2022-06-08 23:17:31+02:00,89.9
2022-06-08 23:18:31+02:00,90.0
2022-06-08 23:19:31+02:00,90.1
2022-06-08 23:20:31+02:00,90.3
2022-06-08 23:21:31+02:00,90.3
2022-06-08 23:22:31+02:00,90.4
2022-06-08 23:23:31+02:00,90.5
2022-06-08 23:24:31+02:00,90.3
2022-06-08 23:25:32+02:00,90.3
2022-06-08 23:26:32+02:00,90.3
2022-06-08 23:27:32+02:00,90.3
2022-06-08 23:28:32+02:00,90.3
2022-06-08 23:29:32+02:00,90.4
2022-06-08 23:30:32+02:00,90.5
2022-06-08 23:31:32+02:00,90.5
2022-06-08 23:32:32+02:00,90.5
2022-06-08 23:33:32+02:00,90.6
2022-06-08 23:34:32+02:00,90.6
2022-06-08 23:35:32+02:00,90.7
2022-06-08 23:36:33+02:00,90.6
2022-06-08 23:37:33+02:00,90.6
2022-06-08 23:38:33+02:00,90.6
2022-06-08 23:39:33+02:00,90.6
2022-06-08 23:40:33+02:00,90.7
2022-06-08 23:41:33+02:00,90.8
2022-06-08 23:42:33+02:00,90.7
2022-06-08 23:43:34+02:00,90.7
2022-06-08 23:44:34+02:00,90.7
2022-06-08 23:45:34+02:00,90.8
2022-06-08 23:46:34+02:00,90.8
2022-06-08 23:47:34+02:00,90.7
2022-06-08 23:48:34+02:00,90.5
2022-06-08 23:49:34+02:00,90.6
2022-06-08 23:50:34+02:00,90.5
2022-06-08 23:51:34+02:00,90.4
2022-06-08 23:52:35+02:00,50.0
2022-06-08 23:53:35+02:00,90.8
2022-06-08 23:54:35+02:00,90.2
2022-06-08 23:55:35+02:00,89.5
2022-06-08 23:56:35+02:00,89.6
2022-06-08 23:57:35+02:00,50.0
2022-06-08 23:58:35+02:00,50.0
2022-06-08 23:59:35+02:00,50.0
2022-06-09 00:00:36+02:00,90.4
2022-06-09 00:01:36+02:00,88.8
2022-06-09 00:02:36+02:00,88.5
2022-06-09 00:03:36+02:00,89.5
2022-06-09 00:04:36+02:00,89.3
2022-06-09 00:05:36+02:00,90.1
2022-06-09 00:06:36+02:00,90.4
2022-06-09 00:07:37+02:00,50.0
2022-06-09 00:08:37+02:00,91.3
2022-06-09 00:09:37+02:00,91.7
2022-06-09 00:10:37+02:00,91.2
2022-06-09 00:11:37+02:00,91.2
2022-06-09 00:12:37+02:00,91.4
2022-06-09 00:13:37+02:00,91.5
2022-06-09 00:14:38+02:00,92.2
2022-06-09 00:15:38+02:00,92.6
2022-06-09 00:16:38+02:00,92.9
2022-06-09 00:17:38+02:00,50.0
2022-06-09 00:18:38+02:00,93.1
2022-06-09 00:19:38+02:00,93.1
2022-06-09 00:20:39+02:00,92.9
2022-06-09 00:21:39+02:00,92.6
2022-06-09 00:22:39+02:00,92.9
2022-06-09 00:23:39+02:00,50.0
2022-06-09 00:24:39+02:00,92.8
2022-06-09 00:25:39+02:00,93.1
2022-06-09 00:26:39+02:00,93.1
2022-06-09 00:27:40+02:00,93.1
2022-06-09 00:28:40+02:00,92.8
2022-06-09 00:29:40+02:00,50.0
2022-06-09 00:30:40+02:00,92.8
2022-06-09 00:31:40+02:00,92.1
2022-06-09 00:32:40+02:00,92.5
2022-06-09 00:33:40+02:00,92.6
2022-06-09 00:34:41+02:00,92.8
2022-06-09 00:35:41+02:00,93.0
2022-06-09 00:36:41+02:00,92.1
2022-06-09 00:37:41+02:00,50.0
2022-06-09 00:38:41+02:00,50.0
2022-06-09 00:39:41+02:00,91.8
2022-06-09 00:40:42+02:00,50.0
2022-06-09 00:41:42+02:00,50.0
2022-06-09 00:42:42+02:00,91.5
2022-06-09 00:43:42+02:00,50.0
2022-06-09 00:44:42+02:00,91.0
2022-06-09 00:45:42+02:00,90.8
2022-06-09 00:46:42+02:00,90.8
2022-06-09 00:47:43+02:00,90.3
2022-06-09 00:48:43+02:00,90.3
2022-06-09 00:49:43+02:00,50.0
2022-06-09 00:50:43+02:00,50.0
2022-06-09 00:51:43+02:00,91.3
2022-06-09 00:52:43+02:00,91.9
2022-06-09 00:53:43+02:00,91.7
2022-06-09 00:54:44+02:00,91.4
2022-06-09 00:55:44+02:00,91.1
2022-06-09 00:56:44+02:00,90.5
2022-06-09 00:57:44+02:00,90.6
2022-06-09 00:58:44+02:00,90.1
2022-06-09 00:59:44+02:00,90.1
2022-06-09 01:00:44+02:00,90.0
2022-06-09 01:01:45+02:00,50.0
2022-06-09 01:02:45+02:00,50.0
2022-06-09 01:03:45+02:00,90.5
2022-06-09 01:04:45+02:00,91.1
2022-06-09 01:05:45+02:00,90.9
2022-06-09 01:06:45+02:00,90.3
2022-06-09 01:07:46+02:00,90.9
2022-06-09 01:08:46+02:00,90.5
2022-06-09 01:09:46+02:00,90.7
2022-06-09 01:10:46+02:00,90.7
2022-06-09 01:11:46+02:00,90.5
2022-06-09 01:12:46+02:00,91.0
2022-06-09 01:13:46+02:00,91.0
2022-06-09 01:14:47+02:00,91.7
2022-06-09 01:15:47+02:00,91.5
2022-06-09 01:16:47+02:00,91.6
2022-06-09 01:17:47+02:00,91.1
2022-06-09 01:18:47+02:00,91.1
2022-06-09 01:19:47+02:00,91.8
2022-06-09 01:20:47+02:00,92.1
2022-06-09 01:21:48+02:00,92.1
2022-06-09 01:22:48+02:00,92.4
2022-06-09 01:23:48+02:00,92.2
2022-06-09 01:24:48+02:00,92.4
2022-06-09 01:25:48+02:00,92.2
2022-06-09 01:26:48+02:00,92.1
2022-06-09 01:27:49+02:00,91.8
2022-06-09 01:28:49+02:00,91.7
2022-06-09 01:29:49+02:00,92.3
2022-06-09 01:30:49+02:00,92.3
2022-06-09 01:31:49+02:00,92.2
2022-06-09 01:32:49+02:00,92.9
2022-06-09 01:33:49+02:00,92.7
2022-06-09 01:34:50+02:00,93.0
2022-06-09 01:35:50+02:00,92.9
2022-06-09 01:36:50+02:00,93.0
2022-06-09 01:37:50+02:00,93.2
2022-06-09 01:38:50+02:00,93.2
2022-06-09 01:39:50+02:00,93.5
2022-06-09 01:40:50+02:00,93.7
2022-06-09 01:41:51+02:00,93.7
2022-06-09 01:42:51+02:00,93.5
2022-06-09 01:43:51+02:00,93.5
2022-06-09 01:44:51+02:00,93.6
2022-06-09 01:45:51+02:00,93.3
2022-06-09 01:46:51+02:00,93.4
2022-06-09 01:47:51+02:00,93.3
2022-06-09 01:48:52+02:00,93.5
2022-06-09 01:49:52+02:00,93.6
2022-06-09 01:50:52+02:00,93.7
2022-06-09 01:51:52+02:00,93.7
2022-06-09 01:52:52+02:00,93.7
2022-06-09 01:53:52+02:00,93.7
2022-06-09 01:54:53+02:00,93.9
2022-06-09 01:55:53+02:00,93.8
2022-06-09 01:56:53+02:00,93.8
2022-06-09 01:57:53+02:00,93.9
2022-06-09 01:58:53+02:00,93.7
2022-06-09 01:59:53+02:00,50.0
2022-06-09 02:00:53+02:00,50.0
2022-06-09 02:00:53+02:00,50.0
2022-06-09 02:01:54+02:00,92.4
2022-06-09 02:02:54+02:00,91.7
2022-06-09 02:03:54+02:00,91.3
2022-06-09 02:04:54+02:00,90.9
2022-06-09 02:05:54+02:00,90.9
2022-06-09 02:06:54+02:00,90.8
2022-06-09 02:07:54+02:00,90.6
2022-06-09 02:08:55+02:00,90.8
2022-06-09 02:09:55+02:00,91.3
2022-06-09 02:10:55+02:00,91.4
2022-06-09 02:11:55+02:00,91.3
2022-06-09 02:12:55+02:00,91.4
2022-06-09 02:13:55+02:00,91.4
2022-06-09 02:14:55+02:00,91.7
2022-06-09 02:15:56+02:00,91.8
2022-06-09 02:16:56+02:00,91.9
2022-06-09 02:17:56+02:00,92.1
2022-06-09 02:18:56+02:00,92.1
2022-06-09 02:19:56+02:00,92.1
2022-06-09 02:20:56+02:00,92.2
2022-06-09 02:21:56+02:00,92.2
2022-06-09 02:22:57+02:00,92.0
2022-06-09 02:23:57+02:00,91.5
2022-06-09 02:24:57+02:00,91.7
2022-06-09 02:25:57+02:00,91.4
2022-06-09 02:26:57+02:00,91.5
2022-06-09 02:27:57+02:00,91.6
2022-06-09 02:28:57+02:00,91.7
2022-06-09 02:29:58+02:00,91.7
2022-06-09 02:30:58+02:00,91.8
2022-06-09 02:31:58+02:00,91.8
2022-06-09 02:32:58+02:00,91.8
2022-06-09 02:33:58+02:00,91.7
2022-06-09 02:34:58+02:00,91.9
2022-06-09 02:35:59+02:00,92.0
2022-06-09 02:36:59+02:00,92.1
2022-06-09 02:37:59+02:00,91.9
2022-06-09 02:38:59+02:00,91.8
2022-06-09 02:39:59+02:00,91.7
2022-06-09 02:40:59+02:00,91.3
2022-06-09 02:41:59+02:00,90.9
2022-06-09 02:43:00+02:00,91.0
2022-06-09 02:44:00+02:00,91.0
2022-06-09 02:45:00+02:00,90.9
2022-06-09 02:46:00+02:00,90.9
2022-06-09 02:47:00+02:00,90.8
2022-06-09 02:48:00+02:00,90.4
2022-06-09 02:49:00+02:00,90.3
2022-06-09 02:50:01+02:00,90.4
2022-06-09 02:51:01+02:00,90.8
2022-06-09 02:52:01+02:00,90.9
2022-06-09 02:53:01+02:00,91.1
2022-06-09 02:54:01+02:00,90.8
2022-06-09 02:55:01+02:00,91.0
2022-06-09 02:56:01+02:00,90.8
2022-06-09 02:57:02+02:00,90.8
2022-06-09 02:58:02+02:00,90.9
2022-06-09 02:59:02+02:00,90.6
2022-06-09 03:00:02+02:00,90.6
2022-06-09 03:01:02+02:00,90.7
2022-06-09 03:02:02+02:00,90.8
2022-06-09 03:03:02+02:00,90.9
2022-06-09 03:04:03+02:00,91.1
2022-06-09 03:05:03+02:00,91.0
2022-06-09 03:06:03+02:00,91.0
2022-06-09 03:07:03+02:00,90.8
2022-06-09 03:08:03+02:00,90.7
2022-06-09 03:09:03+02:00,90.6
2022-06-09 03:10:03+02:00,90.5
2022-06-09 03:11:04+02:00,90.7
2022-06-09 03:12:04+02:00,90.9
2022-06-09 03:13:04+02:00,90.9
2022-06-09 03:14:04+02:00,91.1
2022-06-09 03:15:04+02:00,50.0
2022-06-09 03:16:04+02:00,91.1
2022-06-09 03:17:04+02:00,91.0
2022-06-09 03:18:04+02:00,91.1
2022-06-09 03:19:05+02:00,91.3
2022-06-09 03:20:05+02:00,91.6
2022-06-09 03:21:05+02:00,92.1
2022-06-09 03:22:05+02:00,91.7
2022-06-09 03:23:05+02:00,92.3
2022-06-09 03:24:05+02:00,92.4
2022-06-09 03:25:06+02:00,92.7
2022-06-09 03:26:06+02:00,92.9
2022-06-09 03:27:06+02:00,92.9
2022-06-09 03:28:06+02:00,93.3
2022-06-09 03:29:06+02:00,93.2
2022-06-09 03:30:06+02:00,93.0
2022-06-09 03:31:06+02:00,93.0
2022-06-09 03:32:07+02:00,93.2
2022-06-09 03:33:07+02:00,93.1
2022-06-09 03:34:07+02:00,93.1
2022-06-09 03:35:07+02:00,93.0
2022-06-09 03:36:07+02:00,50.0
2022-06-09 03:37:07+02:00,92.4
2022-06-09 03:38:07+02:00,92.6
2022-06-09 03:39:08+02:00,92.8
2022-06-09 03:40:08+02:00,92.9
2022-06-09 03:41:08+02:00,93.1
2022-06-09 03:42:08+02:00,93.9
2022-06-09 03:43:08+02:00,93.9
2022-06-09 03:44:08+02:00,94.0
2022-06-09 03:45:08+02:00,94.2
2022-06-09 03:46:09+02:00,94.4
2022-06-09 03:47:09+02:00,94.5
2022-06-09 03:48:09+02:00,94.4
2022-06-09 03:49:09+02:00,94.3
2022-06-09 03:50:09+02:00,93.9
2022-06-09 03:51:09+02:00,93.9
2022-06-09 03:52:10+02:00,93.8
2022-06-09 03:53:10+02:00,93.8
2022-06-09 03:54:10+02:00,93.7
2022-06-09 03:55:10+02:00,93.8
2022-06-09 03:56:10+02:00,93.7
2022-06-09 03:57:10+02:00,93.8
2022-06-09 03:58:11+02:00,93.9
2022-06-09 03:59:11+02:00,93.8
2022-06-09 04:00:11+02:00,93.9
2022-06-09 04:01:11+02:00,94.0
2022-06-09 04:02:11+02:00,93.7
2022-06-09 04:03:11+02:00,93.8
2022-06-09 04:04:11+02:00,94.0
2022-06-09 04:05:12+02:00,93.7
2022-06-09 04:06:12+02:00,93.7
2022-06-09 04:07:12+02:00,93.7
2022-06-09 04:08:12+02:00,93.5
2022-06-09 04:09:12+02:00,93.7
2022-06-09 04:10:12+02:00,93.7
2022-06-09 04:11:12+02:00,93.6
2022-06-09 04:12:13+02:00,93.5
2022-06-09 04:13:13+02:00,93.7
2022-06-09 04:14:13+02:00,93.9
2022-06-09 04:15:13+02:00,93.8
2022-06-09 04:16:13+02:00,93.9
2022-06-09 04:17:13+02:00,93.7
2022-06-09 04:18:13+02:00,93.6
2022-06-09 04:19:14+02:00,93.5
2022-06-09 04:20:14+02:00,93.6
2022-06-09 04:21:14+02:00,92.9
2022-06-09 04:22:14+02:00,92.9
2022-06-09 04:23:14+02:00,92.5
2022-06-09 04:24:14+02:00,92.2
2022-06-09 04:25:15+02:00,92.1
2022-06-09 04:26:15+02:00,92.1
2022-06-09 04:27:15+02:00,92.1
2022-06-09 04:28:15+02:00,91.9
2022-06-09 04:29:15+02:00,91.9
2022-06-09 04:30:15+02:00,92.0
2022-06-09 04:31:15+02:00,91.9
2022-06-09 04:32:16+02:00,92.0
2022-06-09 04:33:16+02:00,91.9
2022-06-09 04:34:16+02:00,91.7
2022-06-09 04:35:16+02:00,92.0
2022-06-09 04:36:16+02:00,91.9
2022-06-09 04:37:16+02:00,91.8
2022-06-09 04:38:16+02:00,91.8
2022-06-09 04:39:17+02:00,91.8
2022-06-09 04:40:17+02:00,91.8
2022-06-09 04:41:17+02:00,91.9
2022-06-09 04:42:17+02:00,91.9
2022-06-09 04:43:17+02:00,91.8
2022-06-09 04:44:17+02:00,91.7
2022-06-09 04:45:17+02:00,91.8
2022-06-09 04:46:18+02:00,91.7
2022-06-09 04:47:18+02:00,91.6
2022-06-09 04:48:18+02:00,91.6
2022-06-09 04:49:18+02:00,91.6
2022-06-09 04:50:18+02:00,50.0
2022-06-09 04:51:18+02:00,50.0
2022-06-09 04:52:19+02:00,50.0
2022-06-09 04:53:19+02:00,50.0
2022-06-09 04:54:19+02:00,91.8
2022-06-09 04:55:19+02:00,92.1
2022-06-09 04:56:19+02:00,92.0
2022-06-09 04:57:19+02:00,50.0
2022-06-09 04:58:19+02:00,92.7
2022-06-09 04:59:20+02:00,93.4
2022-06-09 05:00:20+02:00,93.9
2022-06-09 05:01:20+02:00,94.0
2022-06-09 05:02:20+02:00,50.0
2022-06-09 05:03:20+02:00,50.0
2022-06-09 05:04:20+02:00,93.6
2022-06-09 05:05:20+02:00,50.0
2022-06-09 05:06:21+02:00,92.9
2022-06-09 05:07:21+02:00,50.0
2022-06-09 05:08:21+02:00,50.0
2022-06-09 05:09:21+02:00,50.0
2022-06-09 05:10:21+02:00,50.0
2022-06-09 05:11:21+02:00,50.0
2022-06-09 05:12:22+02:00,50.0
2022-06-09 05:13:22+02:00,50.0
2022-06-09 05:14:22+02:00,50.0
2022-06-09 05:15:22+02:00,50.0
2022-06-09 05:16:22+02:00,50.0
2022-06-09 05:17:22+02:00,50.0
2022-06-09 05:18:22+02:00,50.0
2022-06-09 05:19:22+02:00,50.0
2022-06-09 05:20:23+02:00,50.0
2022-06-09 05:21:23+02:00,50.0
2022-06-09 05:22:23+02:00,50.0
2022-06-09 05:23:23+02:00,50.0
2022-06-09 05:24:23+02:00,50.0
2022-06-09 05:25:23+02:00,50.0
2022-06-09 05:26:23+02:00,50.0
2022-06-09 05:27:24+02:00,50.0
2022-06-09 05:28:24+02:00,50.0
2022-06-09 05:29:24+02:00,50.0
2022-06-09 05:30:24+02:00,50.0
2022-06-09 05:31:24+02:00,50.0
2022-06-09 05:32:24+02:00,50.0
2022-06-09 05:33:24+02:00,50.0
2022-06-09 05:34:25+02:00,50.0
2022-06-09 05:35:25+02:00,50.0
2022-06-09 05:36:25+02:00,50.0
2022-06-09 05:37:25+02:00,50.0
2022-06-09 05:38:25+02:00,50.0
2022-06-09 05:39:25+02:00,50.0
2022-06-09 05:40:25+02:00,50.0
2022-06-09 05:41:26+02:00,50.0
2022-06-09 05:42:26+02:00,50.0
2022-06-09 22:48:00+02:00,50.0
2022-06-09 22:49:00+02:00,92.5
2022-06-09 22:50:00+02:00,88.8
2022-06-09 22:51:00+02:00,88.0
2022-06-09 22:52:00+02:00,88.3
2022-06-09 22:53:00+02:00,89.1
2022-06-09 22:54:00+02:00,89.4
2022-06-09 22:55:00+02:00,89.6
2022-06-09 22:56:00+02:00,90.2
2022-06-09 22:57:00+02:00,91.2
2022-06-09 22:58:00+02:00,91.3
2022-06-09 22:59:00+02:00,92.2
2022-06-09 23:00:00+02:00,90.3
2022-06-09 23:01:01+02:00,91.2
2022-06-09 23:02:01+02:00,91.2
2022-06-09 23:03:01+02:00,91.2
2022-06-09 23:04:01+02:00,90.5
2022-06-09 23:05:01+02:00,91.2
2022-06-09 23:06:01+02:00,90.3
2022-06-09 23:07:02+02:00,90.5
2022-06-09 23:08:02+02:00,89.4
2022-06-09 23:09:02+02:00,90.5
2022-06-09 23:10:02+02:00,90.6
2022-06-09 23:11:02+02:00,90.6
2022-06-09 23:12:02+02:00,88.9
2022-06-09 23:13:02+02:00,87.3
2022-06-09 23:14:03+02:00,86.3
2022-06-09 23:15:03+02:00,88.3
2022-06-09 23:16:03+02:00,89.4
2022-06-09 23:17:03+02:00,88.6
2022-06-09 23:18:03+02:00,88.3
2022-06-09 23:19:03+02:00,88.6
2022-06-09 23:20:03+02:00,89.4
2022-06-09 23:21:03+02:00,90.2
2022-06-09 23:22:04+02:00,90.8
2022-06-09 23:23:04+02:00,92.4
2022-06-09 23:24:04+02:00,91.2
2022-06-09 23:25:04+02:00,89.0
2022-06-09 23:26:04+02:00,50.0
2022-06-09 23:27:04+02:00,90.1
2022-06-09 23:28:04+02:00,91.1
2022-06-09 23:29:05+02:00,50.0
2022-06-09 23:30:05+02:00,50.0
2022-06-09 23:31:05+02:00,50.0
2022-06-09 23:32:05+02:00,50.0
2022-06-09 23:33:05+02:00,50.0
2022-06-09 23:34:05+02:00,50.0
2022-06-09 23:35:05+02:00,50.0
2022-06-09 23:36:05+02:00,91.2
2022-06-09 23:37:05+02:00,90.9
2022-06-09 23:38:06+02:00,88.6
2022-06-09 23:39:06+02:00,86.8
2022-06-09 23:40:06+02:00,50.0
2022-06-09 23:41:06+02:00,85.0
2022-06-09 23:42:06+02:00,84.3
2022-06-09 23:43:06+02:00,83.9
2022-06-09 23:44:06+02:00,84.7
2022-06-09 23:45:07+02:00,50.0
2022-06-09 23:46:07+02:00,84.6
2022-06-09 23:47:07+02:00,85.1
2022-06-09 23:48:07+02:00,85.5
2022-06-09 23:49:07+02:00,85.6
2022-06-09 23:50:07+02:00,85.8
2022-06-09 23:51:07+02:00,85.9
2022-06-09 23:52:08+02:00,86.1
2022-06-09 23:53:08+02:00,86.4
2022-06-09 23:54:08+02:00,86.0
2022-06-09 23:55:08+02:00,85.9
2022-06-09 23:56:08+02:00,85.6
2022-06-09 23:57:08+02:00,85.4
2022-06-09 23:58:09+02:00,85.1
2022-06-09 23:59:09+02:00,85.3
2022-06-10 00:00:09+02:00,85.3
2022-06-10 00:01:09+02:00,85.4
2022-06-10 00:02:09+02:00,86.1
2022-06-10 00:03:09+02:00,86.3
2022-06-10 00:04:09+02:00,86.6
2022-06-10 00:05:10+02:00,86.8
2022-06-10 00:06:10+02:00,87.5
2022-06-10 00:07:10+02:00,88.2
2022-06-10 00:08:10+02:00,88.9
2022-06-10 00:09:10+02:00,89.2
2022-06-10 00:10:10+02:00,89.1
2022-06-10 00:11:10+02:00,88.9
2022-06-10 00:12:11+02:00,50.0
2022-06-10 00:13:11+02:00,88.6
2022-06-10 00:14:11+02:00,88.2
2022-06-10 00:15:11+02:00,50.0
2022-06-10 00:16:11+02:00,87.0
2022-06-10 00:17:11+02:00,86.8
2022-06-10 00:18:11+02:00,86.5
2022-06-10 00:19:12+02:00,86.4
2022-06-10 00:20:12+02:00,86.5
2022-06-10 00:21:12+02:00,86.8
2022-06-10 00:22:12+02:00,86.5
2022-06-10 00:23:12+02:00,86.3
2022-06-10 00:24:12+02:00,86.7
2022-06-10 00:25:12+02:00,86.4
2022-06-10 00:26:13+02:00,86.5
2022-06-10 00:27:13+02:00,86.6
2022-06-10 00:28:13+02:00,86.5
2022-06-10 00:29:13+02:00,86.9
2022-06-10 00:30:13+02:00,86.9
2022-06-10 00:31:13+02:00,86.5
2022-06-10 00:32:14+02:00,86.3
2022-06-10 00:33:14+02:00,86.2
2022-06-10 00:34:14+02:00,86.2
2022-06-10 00:35:14+02:00,86.3
2022-06-10 00:36:14+02:00,86.3
2022-06-10 00:37:14+02:00,86.6
2022-06-10 00:38:14+02:00,86.7
2022-06-10 00:39:15+02:00,86.4
2022-06-10 00:40:15+02:00,86.7
2022-06-10 00:41:15+02:00,86.9
2022-06-10 00:42:15+02:00,87.1
2022-06-10 00:43:15+02:00,87.4
2022-06-10 00:44:15+02:00,87.4
2022-06-10 00:45:15+02:00,87.4
2022-06-10 00:46:16+02:00,87.2
2022-06-10 00:47:16+02:00,87.5
2022-06-10 00:48:16+02:00,87.4
2022-06-10 00:49:16+02:00,87.4
2022-06-10 00:50:16+02:00,87.4
2022-06-10 00:51:16+02:00,87.2
2022-06-10 00:52:17+02:00,87.2
2022-06-10 00:53:17+02:00,87.6
2022-06-10 00:54:17+02:00,87.7
2022-06-10 00:55:17+02:00,87.6
2022-06-10 00:56:17+02:00,87.7
2022-06-10 00:57:17+02:00,87.5
2022-06-10 00:58:17+02:00,87.8
2022-06-10 00:59:18+02:00,88.2
2022-06-10 01:00:18+02:00,88.1
2022-06-10 01:01:18+02:00,88.2
2022-06-10 01:02:18+02:00,88.2
2022-06-10 01:03:18+02:00,88.5
2022-06-10 01:04:18+02:00,50.0
2022-06-10 01:05:18+02:00,89.0
2022-06-10 01:06:19+02:00,90.0
2022-06-10 01:07:19+02:00,90.6
2022-06-10 01:08:19+02:00,90.4
2022-06-10 01:09:19+02:00,91.2
2022-06-10 01:10:19+02:00,91.2
2022-06-10 01:11:19+02:00,91.3
2022-06-10 01:12:20+02:00,90.7
2022-06-10 01:13:20+02:00,90.9
2022-06-10 01:14:20+02:00,90.8
2022-06-10 01:15:20+02:00,91.0
2022-06-10 01:16:20+02:00,90.7
2022-06-10 01:17:20+02:00,90.2
2022-06-10 01:18:20+02:00,89.8
2022-06-10 01:19:21+02:00,89.6
2022-06-10 01:20:21+02:00,89.5
2022-06-10 01:21:21+02:00,89.5
2022-06-10 01:22:21+02:00,89.7
2022-06-10 01:23:21+02:00,89.5
2022-06-10 01:24:21+02:00,89.6
2022-06-10 01:25:21+02:00,89.6
2022-06-10 01:26:22+02:00,89.2
2022-06-10 01:27:22+02:00,88.7
2022-06-10 01:28:22+02:00,88.8
2022-06-10 01:29:22+02:00,50.0
2022-06-10 01:30:22+02:00,87.8
2022-06-10 01:31:22+02:00,86.4
2022-06-10 01:32:23+02:00,86.3
2022-06-10 01:33:23+02:00,87.5
2022-06-10 01:34:23+02:00,50.0
2022-06-10 01:35:23+02:00,87.7
2022-06-10 01:36:23+02:00,87.8
2022-06-10 01:37:23+02:00,88.4
2022-06-10 01:38:24+02:00,50.0
2022-06-10 01:39:24+02:00,50.0
2022-06-10 01:40:24+02:00,90.5
2022-06-10 01:41:24+02:00,91.5
2022-06-10 01:42:24+02:00,92.0
2022-06-10 01:43:24+02:00,92.2
2022-06-10 01:44:24+02:00,92.2
2022-06-10 01:45:24+02:00,50.0
2022-06-10 01:46:25+02:00,50.0
2022-06-10 01:47:25+02:00,50.0
2022-06-10 01:48:25+02:00,50.0
2022-06-10 01:49:25+02:00,50.0
2022-06-10 01:50:25+02:00,50.0
2022-06-10 01:51:25+02:00,50.0
2022-06-10 01:52:26+02:00,92.3
2022-06-10 01:53:26+02:00,50.0
2022-06-10 01:54:26+02:00,91.0
2022-06-10 01:55:26+02:00,90.7
2022-06-10 01:56:26+02:00,50.0
2022-06-10 01:57:26+02:00,91.0
2022-06-10 01:58:26+02:00,91.2
2022-06-10 01:59:26+02:00,91.2
2022-06-10 02:00:27+02:00,91.6
2022-06-10 02:00:27+02:00,91.6
2022-06-10 02:01:27+02:00,91.9
2022-06-10 02:02:27+02:00,92.3
2022-06-10 02:03:27+02:00,92.4
2022-06-10 02:04:27+02:00,92.5
2022-06-10 02:05:27+02:00,91.8
2022-06-10 02:06:28+02:00,91.6
2022-06-10 02:07:28+02:00,91.2
2022-06-10 02:08:28+02:00,91.5
2022-06-10 02:09:28+02:00,90.8
2022-06-10 02:10:28+02:00,91.0
2022-06-10 02:11:28+02:00,90.2
2022-06-10 02:12:29+02:00,50.0
2022-06-10 02:13:29+02:00,90.1
2022-06-10 02:14:29+02:00,50.0
2022-06-10 02:15:29+02:00,90.3
2022-06-10 02:16:29+02:00,90.5
2022-06-10 02:17:29+02:00,89.8
2022-06-10 02:18:29+02:00,90.6
2022-06-10 02:19:30+02:00,91.0
2022-06-10 02:20:30+02:00,92.1
2022-06-10 02:21:30+02:00,92.4
2022-06-10 02:22:30+02:00,92.3
2022-06-10 02:23:30+02:00,92.5
2022-06-10 02:24:30+02:00,92.4
2022-06-10 02:25:30+02:00,91.6
2022-06-10 02:26:30+02:00,91.4
2022-06-10 02:27:31+02:00,91.7
2022-06-10 02:28:31+02:00,90.5
2022-06-10 02:29:31+02:00,90.6
2022-06-10 02:30:31+02:00,90.3
2022-06-10 02:31:31+02:00,89.9
2022-06-10 02:32:31+02:00,89.9
2022-06-10 02:33:31+02:00,89.8
2022-06-10 02:34:31+02:00,89.7
2022-06-10 02:35:32+02:00,89.9
2022-06-10 02:36:32+02:00,89.6
2022-06-10 02:37:32+02:00,50.0
2022-06-10 02:38:32+02:00,89.3
2022-06-10 02:39:32+02:00,87.8
2022-06-10 02:40:32+02:00,87.0
2022-06-10 02:41:32+02:00,85.9
2022-06-10 02:42:32+02:00,85.1
2022-06-10 02:43:33+02:00,50.0
2022-06-10 02:44:33+02:00,86.4
2022-06-10 02:45:33+02:00,87.0
2022-06-10 02:46:33+02:00,87.2
2022-06-10 02:47:33+02:00,88.0
2022-06-10 02:48:33+02:00,88.1
2022-06-10 02:49:33+02:00,88.4
2022-06-10 02:50:33+02:00,88.6
2022-06-10 02:51:33+02:00,88.7
2022-06-10 02:52:34+02:00,88.8
2022-06-10 02:53:34+02:00,89.1
2022-06-10 02:54:34+02:00,89.1
2022-06-10 02:55:34+02:00,89.3
2022-06-10 02:56:34+02:00,89.1
2022-06-10 02:57:34+02:00,89.1
2022-06-10 02:58:34+02:00,89.4
2022-06-10 02:59:34+02:00,89.5
2022-06-10 03:00:34+02:00,90.0
2022-06-10 03:01:35+02:00,90.1
2022-06-10 03:02:35+02:00,89.7
2022-06-10 03:03:35+02:00,90.0
2022-06-10 03:04:35+02:00,89.9
2022-06-10 03:05:35+02:00,89.8
2022-06-10 03:06:35+02:00,89.6
2022-06-10 03:07:35+02:00,90.1
2022-06-10 03:08:35+02:00,89.9
2022-06-10 03:09:36+02:00,89.8
2022-06-10 03:10:36+02:00,89.9
2022-06-10 03:11:36+02:00,89.7
2022-06-10 03:12:36+02:00,89.8
2022-06-10 03:13:36+02:00,89.9
2022-06-10 03:14:36+02:00,89.9
2022-06-10 03:15:36+02:00,89.8
2022-06-10 03:16:37+02:00,89.8
2022-06-10 03:17:37+02:00,89.7
2022-06-10 03:18:37+02:00,89.9
2022-06-10 03:19:37+02:00,90.1
2022-06-10 03:20:37+02:00,90.4
2022-06-10 03:21:37+02:00,91.1
2022-06-10 03:22:38+02:00,91.6
2022-06-10 03:23:38+02:00,91.6
2022-06-10 03:24:38+02:00,91.4
2022-06-10 03:25:38+02:00,91.4
2022-06-10 03:26:38+02:00,91.3
2022-06-10 03:27:38+02:00,91.2
2022-06-10 03:28:38+02:00,91.1
2022-06-10 03:29:38+02:00,90.9
2022-06-10 03:30:39+02:00,90.8
2022-06-10 03:31:39+02:00,90.6
2022-06-10 03:32:39+02:00,89.3
2022-06-10 03:33:39+02:00,89.2
2022-06-10 03:34:39+02:00,89.3
2022-06-10 03:35:39+02:00,88.9
2022-06-10 03:36:40+02:00,89.8
2022-06-10 03:37:40+02:00,90.5
2022-06-10 03:38:40+02:00,90.9
2022-06-10 03:39:40+02:00,50.0
2022-06-10 03:40:40+02:00,90.6
2022-06-10 03:41:40+02:00,91.3
2022-06-10 03:42:41+02:00,91.4
2022-06-10 03:43:41+02:00,91.8
2022-06-10 03:44:41+02:00,92.2
2022-06-10 03:45:41+02:00,92.2
2022-06-10 03:46:41+02:00,50.0
2022-06-10 03:47:41+02:00,91.8
2022-06-10 03:48:41+02:00,92.0
2022-06-10 03:49:42+02:00,50.0
2022-06-10 03:50:42+02:00,50.0
2022-06-10 03:51:42+02:00,93.0
2022-06-10 03:52:42+02:00,93.7
2022-06-10 03:53:42+02:00,94.0
2022-06-10 03:54:42+02:00,94.5
2022-06-10 03:55:43+02:00,94.6
2022-06-10 03:56:43+02:00,94.7
2022-06-10 03:57:43+02:00,94.7
2022-06-10 03:58:43+02:00,94.9
2022-06-10 03:59:43+02:00,94.8
2022-06-10 04:00:43+02:00,94.7
2022-06-10 04:01:43+02:00,94.8
2022-06-10 04:02:44+02:00,94.8
2022-06-10 04:03:44+02:00,94.8
2022-06-10 04:04:44+02:00,94.8
2022-06-10 04:05:44+02:00,94.8
2022-06-10 04:06:44+02:00,94.9
2022-06-10 04:07:44+02:00,94.8
2022-06-10 04:08:44+02:00,94.8
2022-06-10 04:09:45+02:00,95.0
2022-06-10 04:10:45+02:00,95.1
2022-06-10 04:11:45+02:00,95.0
2022-06-10 04:12:45+02:00,95.0
2022-06-10 04:13:45+02:00,95.0
2022-06-10 04:14:45+02:00,94.9
2022-06-10 04:15:45+02:00,94.7
2022-06-10 04:16:46+02:00,94.9
2022-06-10 04:17:46+02:00,94.8
2022-06-10 04:18:46+02:00,94.9
2022-06-10 04:19:46+02:00,95.0
2022-06-10 04:20:46+02:00,94.9
2022-06-10 04:21:46+02:00,94.8
2022-06-10 04:22:47+02:00,50.0
2022-06-10 04:23:47+02:00,50.0
2022-06-10 04:24:47+02:00,50.0
2022-06-10 04:25:47+02:00,93.5
2022-06-10 04:26:47+02:00,50.0
2022-06-10 04:27:47+02:00,92.2
2022-06-10 04:28:48+02:00,50.0
2022-06-10 04:29:48+02:00,50.0
2022-06-10 04:30:48+02:00,91.9
2022-06-10 04:31:48+02:00,91.6
2022-06-10 04:32:48+02:00,50.0
2022-06-10 04:33:48+02:00,91.3
2022-06-10 04:34:48+02:00,90.1
2022-06-10 04:35:49+02:00,89.6
2022-06-10 04:36:49+02:00,89.1
2022-06-10 04:37:49+02:00,88.7
2022-06-10 04:38:49+02:00,88.4
2022-06-10 04:39:49+02:00,88.2
2022-06-10 04:40:49+02:00,88.2
2022-06-10 04:41:50+02:00,50.0
2022-06-10 04:42:50+02:00,89.4
2022-06-10 04:43:50+02:00,50.0
2022-06-10 04:44:50+02:00,90.8
2022-06-10 04:45:50+02:00,92.3
2022-06-10 04:46:50+02:00,50.0
2022-06-10 04:47:50+02:00,93.0
2022-06-10 04:48:50+02:00,92.1
2022-06-10 04:49:51+02:00,90.8
2022-06-10 04:50:51+02:00,90.1
2022-06-10 04:51:51+02:00,90.1
2022-06-10 04:52:51+02:00,50.0
2022-06-10 04:53:51+02:00,50.0
2022-06-10 04:54:51+02:00,89.7
2022-06-10 04:55:52+02:00,89.4
2022-06-10 04:56:52+02:00,89.7
2022-06-10 04:57:52+02:00,89.5
2022-06-10 04:58:52+02:00,90.1
2022-06-10 04:59:52+02:00,90.8
2022-06-10 05:00:52+02:00,91.4
2022-06-10 05:01:52+02:00,50.0
2022-06-10 05:02:53+02:00,92.4
2022-06-10 05:03:53+02:00,50.0
2022-06-10 05:04:53+02:00,50.0
2022-06-10 05:05:53+02:00,50.0
2022-06-10 05:06:53+02:00,50.0
2022-06-10 05:07:53+02:00,50.0
2022-06-10 05:08:54+02:00,50.0
2022-06-10 05:09:54+02:00,50.0
2022-06-10 05:10:54+02:00,50.0
2022-06-10 05:11:54+02:00,50.0
2022-06-10 05:12:54+02:00,50.0
2022-06-10 05:13:54+02:00,50.0
2022-06-10 05:14:54+02:00,50.0
2022-06-10 05:15:54+02:00,50.0
2022-06-10 05:16:55+02:00,50.0
2022-06-10 05:17:55+02:00,50.0
2022-06-10 05:18:55+02:00,50.0
2022-06-10 05:19:55+02:00,50.0
2022-06-10 05:20:55+02:00,50.0
2022-06-10 05:21:55+02:00,50.0
2022-06-10 05:22:55+02:00,50.0
2022-06-10 05:23:55+02:00,50.0
2022-06-10 05:24:56+02:00,89.7
2022-06-10 05:25:56+02:00,91.2
2022-06-10 05:26:56+02:00,91.7
2022-06-10 05:27:56+02:00,50.0
2022-06-10 05:28:56+02:00,50.0
2022-06-10 05:29:56+02:00,89.5
2022-06-10 05:30:56+02:00,90.4
2022-06-10 05:31:57+02:00,50.0
2022-06-10 05:32:57+02:00,50.0
2022-06-10 05:33:57+02:00,50.0
2022-06-10 05:34:57+02:00,50.0
2022-06-10 05:35:57+02:00,50.0
2022-06-10 05:36:57+02:00,50.0
2022-06-10 05:37:57+02:00,50.0
2022-06-10 22:59:00+02:00,50.0
2022-06-10 23:00:00+02:00,91.0
2022-06-10 23:01:00+02:00,90.9
2022-06-10 23:02:00+02:00,91.4
2022-06-10 23:03:00+02:00,91.6
2022-06-10 23:04:00+02:00,91.7
2022-06-10 23:05:00+02:00,91.7
2022-06-10 23:06:00+02:00,91.7
2022-06-10 23:07:00+02:00,91.5
2022-06-10 23:08:00+02:00,91.3
2022-06-10 23:09:00+02:00,91.6
2022-06-10 23:10:01+02:00,91.8
2022-06-10 23:11:01+02:00,91.7
2022-06-10 23:12:01+02:00,91.7
2022-06-10 23:13:01+02:00,91.8
2022-06-10 23:14:01+02:00,91.7
2022-06-10 23:15:01+02:00,91.5
2022-06-10 23:16:01+02:00,91.5
2022-06-10 23:17:01+02:00,91.0
2022-06-10 23:18:02+02:00,90.9
2022-06-10 23:19:02+02:00,90.9
2022-06-10 23:20:02+02:00,90.8
2022-06-10 23:21:02+02:00,91.0
2022-06-10 23:22:02+02:00,91.7
2022-06-10 23:23:02+02:00,92.0
2022-06-10 23:24:02+02:00,50.0
2022-06-10 23:25:03+02:00,50.0
2022-06-10 23:26:03+02:00,50.0
2022-06-10 23:27:03+02:00,90.8
2022-06-10 23:28:03+02:00,90.2
2022-06-10 23:29:03+02:00,50.0
2022-06-10 23:30:03+02:00,50.0
2022-06-10 23:31:03+02:00,50.0
2022-06-10 23:32:03+02:00,50.0
2022-06-10 23:33:03+02:00,50.0
2022-06-10 23:34:03+02:00,87.9
2022-06-10 23:35:03+02:00,50.0
2022-06-10 23:36:04+02:00,87.9
2022-06-10 23:37:04+02:00,88.7
2022-06-10 23:38:04+02:00,88.6
2022-06-10 23:39:04+02:00,88.4
2022-06-10 23:40:04+02:00,88.2
2022-06-10 23:41:04+02:00,50.0
2022-06-10 23:42:04+02:00,87.7
2022-06-10 23:43:05+02:00,87.7
2022-06-10 23:44:05+02:00,87.9
2022-06-10 23:45:05+02:00,89.3
2022-06-10 23:46:05+02:00,88.7
2022-06-10 23:47:05+02:00,88.6
2022-06-10 23:48:05+02:00,50.0
2022-06-10 23:49:05+02:00,89.1
2022-06-10 23:50:05+02:00,50.0
2022-06-10 23:51:06+02:00,89.5
2022-06-10 23:52:06+02:00,89.4
2022-06-10 23:53:06+02:00,89.1
2022-06-10 23:54:06+02:00,89.1
2022-06-10 23:55:06+02:00,89.2
2022-06-10 23:56:06+02:00,89.4
2022-06-10 23:57:06+02:00,89.6
2022-06-10 23:58:07+02:00,89.9
2022-06-10 23:59:07+02:00,90.1
2022-06-11 00:00:07+02:00,90.1
2022-06-11 00:01:07+02:00,90.3
2022-06-11 00:02:07+02:00,90.5
2022-06-11 00:03:07+02:00,90.5
2022-06-11 00:04:07+02:00,90.6
2022-06-11 00:05:08+02:00,90.5
2022-06-11 00:06:08+02:00,90.5
2022-06-11 00:07:08+02:00,90.4
2022-06-11 00:08:08+02:00,90.5
2022-06-11 00:09:08+02:00,90.6
2022-06-11 00:10:08+02:00,90.4
2022-06-11 00:11:08+02:00,91.1
2022-06-11 00:12:09+02:00,91.1
2022-06-11 00:13:09+02:00,50.0
2022-06-11 00:14:09+02:00,50.0
2022-06-11 00:15:09+02:00,50.0
2022-06-11 00:16:09+02:00,90.6
2022-06-11 00:17:09+02:00,89.6
2022-06-11 00:18:10+02:00,88.6
2022-06-11 00:19:10+02:00,88.0
2022-06-11 00:20:10+02:00,88.0
2022-06-11 00:21:10+02:00,88.5
2022-06-11 00:22:10+02:00,89.1
2022-06-11 00:23:10+02:00,89.3
2022-06-11 00:24:10+02:00,89.3
2022-06-11 00:25:11+02:00,90.1
2022-06-11 00:26:11+02:00,90.3
2022-06-11 00:27:11+02:00,90.3
2022-06-11 00:28:11+02:00,90.0
2022-06-11 00:29:11+02:00,90.2
2022-06-11 00:30:11+02:00,90.6
2022-06-11 00:31:11+02:00,90.5
2022-06-11 00:32:12+02:00,91.1
2022-06-11 00:33:12+02:00,90.6
2022-06-11 00:34:12+02:00,90.8
2022-06-11 00:35:12+02:00,91.1
2022-06-11 00:36:12+02:00,91.3
2022-06-11 00:37:12+02:00,91.4
2022-06-11 00:38:12+02:00,91.4
2022-06-11 00:39:13+02:00,91.4
2022-06-11 00:40:13+02:00,90.9
2022-06-11 00:41:13+02:00,90.1
2022-06-11 00:42:13+02:00,89.4
2022-06-11 00:43:13+02:00,89.9
2022-06-11 00:44:13+02:00,89.7
2022-06-11 00:45:13+02:00,89.9
2022-06-11 00:46:14+02:00,89.3
2022-06-11 00:47:14+02:00,89.9
2022-06-11 00:48:14+02:00,90.0
2022-06-11 00:49:14+02:00,90.4
2022-06-11 00:50:14+02:00,89.9
2022-06-11 00:51:14+02:00,89.5
2022-06-11 00:52:15+02:00,88.6
2022-06-11 00:53:15+02:00,88.1
2022-06-11 00:54:15+02:00,87.4
2022-06-11 00:55:15+02:00,86.3
2022-06-11 00:56:15+02:00,86.0
2022-06-11 00:57:15+02:00,86.3
2022-06-11 00:58:15+02:00,86.3
2022-06-11 00:59:16+02:00,86.3
2022-06-11 01:00:16+02:00,86.8
2022-06-11 01:01:16+02:00,87.4
2022-06-11 01:02:16+02:00,87.4
2022-06-11 01:03:16+02:00,87.3
2022-06-11 01:04:16+02:00,87.5
2022-06-11 01:05:16+02:00,87.8
2022-06-11 01:06:17+02:00,87.9
2022-06-11 01:07:17+02:00,88.5
2022-06-11 01:08:17+02:00,88.6
2022-06-11 01:09:17+02:00,88.8
2022-06-11 01:10:17+02:00,89.2
2022-06-11 01:11:17+02:00,88.9
2022-06-11 01:12:18+02:00,89.0
2022-06-11 01:13:18+02:00,89.0
2022-06-11 01:14:18+02:00,89.0
2022-06-11 01:15:18+02:00,88.9
2022-06-11 01:16:18+02:00,89.0
2022-06-11 01:17:18+02:00,88.8
2022-06-11 01:18:18+02:00,88.7
2022-06-11 01:19:19+02:00,89.0
2022-06-11 01:20:19+02:00,89.0
2022-06-11 01:21:19+02:00,89.5
2022-06-11 01:22:19+02:00,89.5
2022-06-11 01:23:19+02:00,89.5
2022-06-11 01:24:19+02:00,89.8
2022-06-11 01:25:19+02:00,89.8
2022-06-11 01:26:20+02:00,89.9
2022-06-11 01:27:20+02:00,89.8
2022-06-11 01:28:20+02:00,50.0
2022-06-11 01:29:20+02:00,50.0
2022-06-11 01:30:20+02:00,90.6
2022-06-11 01:31:20+02:00,50.0
2022-06-11 01:32:20+02:00,50.0
2022-06-11 01:33:21+02:00,50.0
2022-06-11 01:34:21+02:00,92.0
2022-06-11 01:35:21+02:00,92.2
2022-06-11 01:36:21+02:00,50.0
2022-06-11 01:37:21+02:00,93.0
2022-06-11 01:38:21+02:00,50.0
2022-06-11 01:39:22+02:00,50.0
2022-06-11 01:40:22+02:00,92.9
2022-06-11 01:41:22+02:00,92.4
2022-06-11 01:42:22+02:00,91.8
2022-06-11 01:43:22+02:00,91.5
2022-06-11 01:44:22+02:00,91.1
2022-06-11 01:45:22+02:00,91.0
2022-06-11 01:46:23+02:00,91.0
2022-06-11 01:47:23+02:00,90.7
2022-06-11 01:48:23+02:00,90.7
2022-06-11 01:49:23+02:00,90.6
2022-06-11 01:50:23+02:00,90.3
2022-06-11 01:51:23+02:00,90.7
2022-06-11 01:52:24+02:00,91.2
2022-06-11 01:53:24+02:00,91.3
2022-06-11 01:54:24+02:00,91.5
2022-06-11 01:55:24+02:00,91.5
2022-06-11 01:56:24+02:00,91.4
2022-06-11 01:57:24+02:00,91.6
2022-06-11 01:58:24+02:00,91.6
2022-06-11 01:59:25+02:00,91.7
2022-06-11 02:00:25+02:00,91.9
2022-06-11 02:00:25+02:00,91.9
2022-06-11 02:01:25+02:00,92.0
2022-06-11 02:02:25+02:00,92.0
2022-06-11 02:03:25+02:00,92.0
2022-06-11 02:04:25+02:00,92.0
2022-06-11 02:05:25+02:00,92.2
2022-06-11 02:06:26+02:00,92.1
2022-06-11 02:07:26+02:00,92.1
2022-06-11 02:08:26+02:00,92.1
2022-06-11 02:09:26+02:00,92.4
2022-06-11 02:10:26+02:00,92.4
2022-06-11 02:11:26+02:00,92.5
2022-06-11 02:12:27+02:00,92.4
2022-06-11 02:13:27+02:00,92.3
2022-06-11 02:14:27+02:00,92.3
2022-06-11 02:15:27+02:00,50.0
2022-06-11 02:16:27+02:00,92.7
2022-06-11 02:17:27+02:00,93.3
2022-06-11 02:18:27+02:00,93.1
2022-06-11 02:19:27+02:00,93.4
2022-06-11 02:20:28+02:00,50.0
2022-06-11 02:21:28+02:00,92.9
2022-06-11 02:22:28+02:00,92.2
2022-06-11 02:23:28+02:00,91.4
2022-06-11 02:24:28+02:00,91.0
2022-06-11 02:25:28+02:00,91.3
2022-06-11 02:26:29+02:00,91.4
2022-06-11 02:27:29+02:00,91.4
2022-06-11 02:28:29+02:00,91.1
2022-06-11 02:29:29+02:00,90.8
2022-06-11 02:30:29+02:00,90.4
2022-06-11 02:31:29+02:00,89.9
2022-06-11 02:32:29+02:00,89.3
2022-06-11 02:33:29+02:00,89.3
2022-06-11 02:34:30+02:00,89.5
2022-06-11 02:35:30+02:00,89.5
2022-06-11 02:36:30+02:00,89.9
2022-06-11 02:37:30+02:00,90.0
2022-06-11 02:38:30+02:00,90.5
2022-06-11 02:39:30+02:00,50.0
2022-06-11 02:40:30+02:00,91.6
2022-06-11 02:41:30+02:00,92.6
2022-06-11 02:42:31+02:00,93.0
2022-06-11 02:43:31+02:00,93.3
2022-06-11 02:44:31+02:00,50.0
2022-06-11 02:45:31+02:00,92.0
2022-06-11 02:46:31+02:00,93.7
2022-06-11 02:47:31+02:00,94.2
2022-06-11 02:48:31+02:00,94.3
2022-06-11 02:49:31+02:00,50.0
2022-06-11 02:50:31+02:00,93.1
2022-06-11 02:51:32+02:00,93.7
2022-06-11 02:52:32+02:00,93.4
2022-06-11 02:53:32+02:00,93.8
2022-06-11 02:54:32+02:00,94.0
2022-06-11 02:55:32+02:00,94.7
2022-06-11 02:56:32+02:00,94.5
2022-06-11 02:57:32+02:00,50.0
2022-06-11 02:58:33+02:00,94.5
2022-06-11 02:59:33+02:00,50.0
2022-06-11 03:00:33+02:00,94.5
2022-06-11 03:01:33+02:00,94.2
2022-06-11 03:02:33+02:00,94.1
2022-06-11 03:03:33+02:00,93.3
2022-06-11 03:04:33+02:00,93.4
2022-06-11 03:05:33+02:00,93.6
2022-06-11 03:06:34+02:00,93.6
2022-06-11 03:07:34+02:00,92.9
2022-06-11 03:08:34+02:00,92.9
2022-06-11 03:09:34+02:00,93.3
2022-06-11 03:10:34+02:00,93.1
2022-06-11 03:11:34+02:00,93.7
2022-06-11 03:12:34+02:00,93.6
2022-06-11 03:13:35+02:00,93.4
2022-06-11 03:14:35+02:00,93.2
2022-06-11 03:15:35+02:00,93.2
2022-06-11 03:16:35+02:00,93.1
2022-06-11 03:17:35+02:00,93.3
2022-06-11 03:18:35+02:00,93.4
2022-06-11 03:19:35+02:00,93.4
2022-06-11 03:20:35+02:00,50.0
2022-06-11 03:21:35+02:00,50.0
2022-06-11 03:22:36+02:00,92.9
2022-06-11 03:23:36+02:00,93.1
2022-06-11 03:24:36+02:00,92.9
2022-06-11 03:25:36+02:00,93.1
2022-06-11 03:26:36+02:00,93.2
2022-06-11 03:27:36+02:00,93.1
2022-06-11 03:28:37+02:00,93.2
2022-06-11 03:29:37+02:00,93.1
2022-06-11 03:30:37+02:00,93.1
2022-06-11 03:31:37+02:00,93.0
2022-06-11 03:32:37+02:00,93.2
2022-06-11 03:33:37+02:00,93.4
2022-06-11 03:34:37+02:00,93.2
2022-06-11 03:35:38+02:00,93.1
2022-06-11 03:36:38+02:00,93.1
2022-06-11 03:37:38+02:00,93.2
2022-06-11 03:38:38+02:00,93.1
2022-06-11 03:39:38+02:00,93.0
2022-06-11 03:40:38+02:00,93.1
2022-06-11 03:41:38+02:00,93.0
2022-06-11 03:42:39+02:00,93.1
2022-06-11 03:43:39+02:00,50.0
2022-06-11 03:44:39+02:00,50.0
2022-06-11 03:45:39+02:00,50.0
2022-06-11 03:46:39+02:00,93.5
2022-06-11 03:47:39+02:00,92.9
2022-06-11 03:48:40+02:00,93.1
2022-06-11 03:49:40+02:00,92.8
2022-06-11 03:50:40+02:00,50.0
2022-06-11 03:51:40+02:00,92.6
2022-06-11 03:52:40+02:00,92.9
2022-06-11 03:53:40+02:00,92.9
2022-06-11 03:54:40+02:00,93.0
2022-06-11 03:55:41+02:00,93.0
2022-06-11 03:56:41+02:00,50.0
2022-06-11 03:57:41+02:00,92.7
2022-06-11 03:58:41+02:00,92.9
2022-06-11 03:59:41+02:00,92.7
2022-06-11 04:00:41+02:00,92.6
2022-06-11 04:01:42+02:00,92.3
2022-06-11 04:02:42+02:00,92.2
2022-06-11 04:03:42+02:00,92.1
2022-06-11 04:04:42+02:00,92.1
2022-06-11 04:05:42+02:00,92.1
2022-06-11 04:06:42+02:00,50.0
2022-06-11 04:07:43+02:00,50.0
2022-06-11 04:08:43+02:00,50.0
2022-06-11 04:09:43+02:00,50.0
2022-06-11 04:10:43+02:00,92.0
2022-06-11 04:11:43+02:00,91.4
2022-06-11 04:12:43+02:00,91.0
2022-06-11 04:13:43+02:00,90.6
2022-06-11 04:14:44+02:00,90.3
2022-06-11 04:15:44+02:00,90.3
2022-06-11 04:16:44+02:00,90.5
2022-06-11 04:17:44+02:00,90.2
2022-06-11 04:18:44+02:00,89.9
2022-06-11 04:19:44+02:00,89.9
2022-06-11 04:20:45+02:00,90.1
2022-06-11 04:21:45+02:00,90.1
2022-06-11 04:22:45+02:00,90.1
2022-06-11 04:23:45+02:00,90.0
2022-06-11 04:24:45+02:00,90.1
2022-06-11 04:25:45+02:00,90.1
2022-06-11 04:26:45+02:00,90.5
2022-06-11 04:27:46+02:00,90.6
2022-06-11 04:28:46+02:00,90.7
2022-06-11 04:29:46+02:00,90.7
2022-06-11 04:30:46+02:00,90.5
2022-06-11 04:31:46+02:00,90.7
2022-06-11 04:32:46+02:00,90.7
2022-06-11 04:33:46+02:00,91.1
2022-06-11 04:34:47+02:00,91.2
2022-06-11 04:35:47+02:00,91.0
2022-06-11 04:36:47+02:00,91.0
2022-06-11 04:37:47+02:00,91.0
2022-06-11 04:38:47+02:00,90.9
2022-06-11 04:39:47+02:00,91.0
2022-06-11 04:40:48+02:00,91.3
2022-06-11 04:41:48+02:00,91.3
2022-06-11 04:42:48+02:00,91.4
2022-06-11 04:43:48+02:00,91.2
2022-06-11 04:44:48+02:00,91.2
2022-06-11 04:45:48+02:00,91.2
2022-06-11 04:46:48+02:00,91.2
2022-06-11 04:47:49+02:00,91.2
2022-06-11 04:48:49+02:00,91.2
2022-06-11 04:49:49+02:00,50.0
2022-06-11 04:50:49+02:00,91.4
2022-06-11 04:51:49+02:00,92.0
2022-06-11 04:52:49+02:00,92.3
2022-06-11 04:53:49+02:00,50.0
2022-06-11 04:54:50+02:00,50.0
2022-06-11 04:55:50+02:00,92.5
2022-06-11 04:56:50+02:00,92.1
2022-06-11 04:57:50+02:00,91.9
2022-06-11 04:58:50+02:00,91.7
2022-06-11 04:59:50+02:00,91.4
2022-06-11 05:00:50+02:00,91.5
2022-06-11 05:01:51+02:00,91.4
2022-06-11 05:02:51+02:00,91.6
2022-06-11 05:03:51+02:00,91.4
2022-06-11 05:04:51+02:00,91.2
2022-06-11 05:05:51+02:00,90.9
2022-06-11 05:06:51+02:00,91.0
2022-06-11 05:07:51+02:00,91.1
2022-06-11 05:08:52+02:00,50.0
2022-06-11 05:09:52+02:00,90.9
2022-06-11 05:10:52+02:00,91.1
2022-06-11 05:11:52+02:00,90.8
2022-06-11 05:12:52+02:00,90.9
2022-06-11 05:13:52+02:00,91.8
2022-06-11 05:14:52+02:00,92.4
2022-06-11 05:15:53+02:00,92.3
2022-06-11 05:16:53+02:00,92.8
2022-06-11 05:17:53+02:00,93.0
2022-06-11 05:18:53+02:00,93.3
2022-06-11 05:19:53+02:00,93.3
2022-06-11 05:20:53+02:00,93.4
2022-06-11 05:21:54+02:00,93.2
2022-06-11 05:22:54+02:00,93.3
2022-06-11 05:23:54+02:00,93.4
2022-06-11 05:24:54+02:00,50.0
2022-06-11 05:25:54+02:00,93.4
2022-06-11 05:26:54+02:00,93.5
2022-06-11 05:27:55+02:00,93.7
2022-06-11 05:28:55+02:00,93.8
2022-06-11 05:29:55+02:00,93.9
2022-06-11 05:30:55+02:00,94.3
2022-06-11 05:31:55+02:00,94.4
2022-06-11 05:32:55+02:00,94.6
2022-06-11 05:33:55+02:00,94.9
2022-06-11 05:34:56+02:00,95.2
2022-06-11 05:35:56+02:00,95.2
2022-06-11 05:36:56+02:00,95.3
2022-06-11 05:37:56+02:00,94.9
2022-06-11 05:38:56+02:00,94.4
2022-06-11 05:39:56+02:00,93.8
2022-06-11 05:40:57+02:00,93.5
2022-06-11 05:41:57+02:00,93.0
2022-06-11 05:42:57+02:00,92.7
2022-06-11 05:43:57+02:00,92.8
2022-06-11 05:44:57+02:00,92.8
2022-06-11 05:45:57+02:00,92.5
2022-06-11 05:46:57+02:00,92.2
2022-06-11 05:47:58+02:00,92.2
2022-06-11 05:48:58+02:00,92.0
2022-06-11 05:49:58+02:00,91.8
2022-06-11 05:50:58+02:00,91.8
2022-06-11 05:51:58+02:00,91.7
2022-06-11 05:52:58+02:00,91.7
2022-06-11 05:53:59+02:00,91.7
2022-06-11 05:54:59+02:00,91.8
2022-06-11 05:55:59+02:00,91.5
2022-06-11 05:56:59+02:00,91.5
2022-06-11 05:57:59+02:00,91.4
2022-06-11 05:58:59+02:00,91.7
2022-06-11 05:59:59+02:00,91.4
2022-06-11 06:01:00+02:00,91.5
2022-06-11 06:02:00+02:00,91.5
2022-06-11 06:03:00+02:00,91.6
2022-06-11 06:04:00+02:00,91.5
2022-06-11 06:05:00+02:00,91.6
2022-06-11 06:06:00+02:00,91.3
2022-06-11 06:07:00+02:00,91.6
2022-06-11 06:08:01+02:00,91.4
2022-06-11 06:09:01+02:00,91.3
2022-06-11 06:10:01+02:00,91.7
2022-06-11 06:11:01+02:00,50.0
2022-06-11 06:12:01+02:00,50.0
2022-06-11 06:13:01+02:00,50.0
2022-06-11 06:14:01+02:00,50.0
2022-06-11 06:15:01+02:00,50.0
2022-06-11 06:16:02+02:00,92.3
2022-06-11 06:17:02+02:00,92.3
2022-06-11 06:18:02+02:00,91.7
2022-06-11 06:19:02+02:00,50.0
2022-06-11 06:20:02+02:00,91.6
2022-06-11 06:21:02+02:00,50.0
2022-06-11 06:22:02+02:00,50.0
2022-06-11 06:23:03+02:00,50.0
2022-06-11 06:24:03+02:00,92.2
2022-06-11 06:25:03+02:00,92.8
2022-06-11 06:26:03+02:00,94.3
2022-06-11 06:27:03+02:00,50.0
2022-06-11 06:28:03+02:00,50.0
2022-06-11 06:29:03+02:00,93.4
2022-06-11 06:30:03+02:00,50.0
2022-06-11 06:31:03+02:00,50.0
2022-06-11 06:32:04+02:00,88.7
2022-06-11 06:33:04+02:00,50.0
2022-06-11 06:34:04+02:00,50.0
2022-06-11 06:35:04+02:00,50.0
2022-06-11 06:36:04+02:00,50.0
2022-06-11 06:37:04+02:00,50.0
2022-06-11 06:38:04+02:00,50.0
2022-06-11 06:39:04+02:00,50.0
2022-06-11 06:40:05+02:00,50.0
2022-06-11 06:41:05+02:00,50.0
2022-06-11 06:42:05+02:00,50.0
2022-06-11 06:43:05+02:00,50.0
2022-06-11 06:44:05+02:00,50.0
2022-06-11 06:45:05+02:00,50.0
2022-06-11 06:46:05+02:00,50.0
2022-06-11 06:47:05+02:00,50.0
2022-06-11 06:48:06+02:00,50.0
2022-06-11 06:49:06+02:00,50.0
2022-06-11 06:50:06+02:00,50.0
2022-06-11 06:51:06+02:00,50.0
2022-06-11 06:52:06+02:00,50.0
2022-06-11 06:53:06+02:00,50.0
2022-06-11 06:54:07+02:00,50.0
2022-06-11 06:55:07+02:00,50.0
2022-06-11 06:56:07+02:00,50.0
2022-06-11 06:57:07+02:00,50.0
2022-06-11 06:58:07+02:00,50.0
2022-06-11 06:59:07+02:00,50.0
2022-06-11 07:00:07+02:00,80.9
2022-06-11 07:01:07+02:00,81.7
2022-06-11 07:02:08+02:00,83.2
2022-06-11 07:03:08+02:00,84.5
2022-06-11 07:04:08+02:00,85.8
2022-06-11 07:05:08+02:00,50.0
2022-06-11 07:06:08+02:00,86.4
2022-06-13 00:29:30+02:00,50.0
2022-06-13 00:30:30+02:00,88.6
2022-06-13 00:31:30+02:00,88.3
2022-06-13 00:32:30+02:00,88.3
2022-06-13 00:33:30+02:00,88.4
2022-06-13 00:34:30+02:00,88.3
2022-06-13 00:35:30+02:00,50.0
2022-06-13 00:36:30+02:00,50.0
2022-06-13 00:37:30+02:00,88.6
2022-06-13 00:38:30+02:00,89.0
2022-06-13 00:39:30+02:00,89.0
2022-06-13 00:40:30+02:00,89.4
2022-06-13 00:41:31+02:00,89.9
2022-06-13 00:42:31+02:00,90.2
2022-06-13 00:43:31+02:00,90.4
2022-06-13 00:44:31+02:00,90.5
2022-06-13 00:45:31+02:00,90.7
2022-06-13 00:46:31+02:00,90.8
2022-06-13 00:47:31+02:00,90.8
2022-06-13 00:48:31+02:00,90.9
2022-06-13 00:49:32+02:00,91.1
2022-06-13 00:50:32+02:00,91.2
2022-06-13 00:51:32+02:00,91.3
2022-06-13 00:52:32+02:00,91.6
2022-06-13 00:53:32+02:00,91.7
2022-06-13 00:54:32+02:00,91.9
2022-06-13 00:55:32+02:00,92.0
2022-06-13 00:56:32+02:00,92.1
2022-06-13 00:57:32+02:00,92.1
2022-06-13 00:58:33+02:00,92.1
2022-06-13 00:59:33+02:00,92.1
2022-06-13 01:00:33+02:00,92.1
2022-06-13 01:01:33+02:00,92.0
2022-06-13 01:02:33+02:00,92.1
2022-06-13 01:03:33+02:00,92.2
2022-06-13 01:04:33+02:00,92.3
2022-06-13 01:05:33+02:00,92.3
2022-06-13 01:06:33+02:00,92.2
2022-06-13 01:07:34+02:00,92.1
2022-06-13 01:08:34+02:00,92.0
2022-06-13 01:09:34+02:00,92.1
2022-06-13 01:10:34+02:00,92.0
2022-06-13 01:11:34+02:00,92.1
2022-06-13 01:12:34+02:00,92.1
2022-06-13 01:13:34+02:00,92.1
2022-06-13 01:14:34+02:00,92.2
2022-06-13 01:15:34+02:00,92.3
2022-06-13 01:16:35+02:00,92.3
2022-06-13 01:17:35+02:00,92.3
2022-06-13 01:18:35+02:00,92.4
2022-06-13 01:19:35+02:00,92.4
2022-06-13 01:20:35+02:00,92.6
2022-06-13 01:21:35+02:00,92.6
2022-06-13 01:22:35+02:00,92.6
2022-06-13 01:23:35+02:00,92.6
2022-06-13 01:24:35+02:00,92.7
2022-06-13 01:25:36+02:00,92.8
2022-06-13 01:26:36+02:00,92.9
2022-06-13 01:27:36+02:00,93.0
2022-06-13 01:28:36+02:00,92.8
2022-06-13 01:29:36+02:00,92.8
2022-06-13 01:30:36+02:00,92.7
2022-06-13 01:31:36+02:00,92.7
2022-06-13 01:32:37+02:00,92.9
2022-06-13 01:33:37+02:00,92.8
2022-06-13 01:34:37+02:00,92.8
2022-06-13 01:35:37+02:00,92.4
2022-06-13 01:36:37+02:00,92.2
2022-06-13 01:37:37+02:00,91.9
2022-06-13 01:38:38+02:00,91.8
2022-06-13 01:39:38+02:00,91.7
2022-06-13 01:40:38+02:00,92.2
2022-06-13 01:41:38+02:00,92.5
2022-06-13 01:42:38+02:00,92.1
2022-06-13 01:43:38+02:00,92.0
2022-06-13 01:44:38+02:00,92.8
2022-06-13 01:45:39+02:00,93.3
2022-06-13 01:46:39+02:00,93.4
2022-06-13 01:47:39+02:00,93.5
2022-06-13 01:48:39+02:00,93.4
2022-06-13 01:49:39+02:00,93.3
2022-06-13 01:50:39+02:00,93.2
2022-06-13 01:51:40+02:00,92.9
2022-06-13 01:52:40+02:00,92.7
2022-06-13 01:53:40+02:00,92.4
2022-06-13 01:54:40+02:00,92.6
2022-06-13 01:55:40+02:00,92.4
2022-06-13 01:56:40+02:00,92.5
2022-06-13 01:57:40+02:00,92.3
2022-06-13 01:58:41+02:00,92.2
2022-06-13 01:59:41+02:00,92.1
2022-06-13 02:00:41+02:00,92.1
2022-06-13 02:00:41+02:00,92.1
2022-06-13 02:01:41+02:00,91.9
2022-06-13 02:02:41+02:00,91.9
2022-06-13 02:03:41+02:00,91.8
2022-06-13 02:04:42+02:00,91.9
2022-06-13 02:05:42+02:00,92.0
2022-06-13 02:06:42+02:00,91.7
2022-06-13 02:07:42+02:00,91.7
2022-06-13 02:08:42+02:00,50.0
2022-06-13 02:09:42+02:00,50.0
2022-06-13 02:10:42+02:00,91.6
2022-06-13 02:11:43+02:00,50.0
2022-06-13 02:12:43+02:00,50.0
2022-06-13 02:13:43+02:00,50.0
2022-06-13 02:14:43+02:00,50.0
2022-06-13 02:15:43+02:00,50.0
2022-06-13 02:16:43+02:00,91.1
2022-06-13 02:17:43+02:00,50.0
2022-06-13 02:18:44+02:00,91.1
2022-06-13 02:19:44+02:00,91.4
2022-06-13 02:20:44+02:00,91.6
2022-06-13 02:21:44+02:00,91.6
2022-06-13 02:22:44+02:00,91.5
2022-06-13 02:23:44+02:00,91.4
2022-06-13 02:24:45+02:00,91.4
2022-06-13 02:25:45+02:00,91.1
2022-06-13 02:26:45+02:00,91.0
2022-06-13 02:27:45+02:00,91.1
2022-06-13 02:28:45+02:00,90.9
2022-06-13 02:29:45+02:00,90.6
2022-06-13 02:30:45+02:00,90.5
2022-06-13 02:31:46+02:00,90.5
2022-06-13 02:32:46+02:00,90.4
2022-06-13 02:33:46+02:00,90.4
2022-06-13 02:34:46+02:00,90.2
2022-06-13 02:35:46+02:00,90.1
2022-06-13 02:36:46+02:00,90.0
2022-06-13 02:37:47+02:00,90.0
2022-06-13 02:38:47+02:00,90.1
2022-06-13 02:39:47+02:00,90.2
2022-06-13 02:40:47+02:00,90.3
2022-06-13 02:41:47+02:00,90.3
2022-06-13 02:42:47+02:00,90.5
2022-06-13 02:43:47+02:00,90.3
2022-06-13 02:44:48+02:00,90.4
2022-06-13 02:45:48+02:00,90.4
2022-06-13 02:46:48+02:00,90.4
2022-06-13 02:47:48+02:00,90.5
2022-06-13 02:48:48+02:00,50.0
2022-06-13 02:49:48+02:00,90.7
2022-06-13 02:50:48+02:00,89.9
2022-06-13 02:51:49+02:00,89.3
2022-06-13 02:52:49+02:00,88.8
2022-06-13 02:53:49+02:00,88.7
2022-06-13 02:54:49+02:00,88.5
2022-06-13 02:55:49+02:00,88.5
2022-06-13 02:56:49+02:00,89.2
2022-06-13 02:57:49+02:00,89.4
2022-06-13 02:58:50+02:00,89.4
2022-06-13 02:59:50+02:00,89.2
2022-06-13 03:00:50+02:00,89.4
2022-06-13 03:01:50+02:00,89.2
2022-06-13 03:02:50+02:00,89.0
2022-06-13 03:03:50+02:00,89.2
2022-06-13 03:04:51+02:00,89.1
2022-06-13 03:05:51+02:00,88.8
2022-06-13 03:06:51+02:00,88.8
2022-06-13 03:07:51+02:00,89.2
2022-06-13 03:08:51+02:00,89.5
2022-06-13 03:09:51+02:00,89.5
2022-06-13 03:10:51+02:00,89.6
2022-06-13 03:11:52+02:00,89.4
2022-06-13 03:12:52+02:00,89.4
2022-06-13 03:13:52+02:00,89.2
2022-06-13 03:14:52+02:00,89.4
2022-06-13 03:15:52+02:00,89.6
2022-06-13 03:16:52+02:00,90.1
2022-06-13 03:17:52+02:00,90.2
2022-06-13 03:18:53+02:00,90.2
2022-06-13 03:19:53+02:00,90.2
2022-06-13 03:20:53+02:00,90.2
2022-06-13 03:21:53+02:00,90.3
2022-06-13 03:22:53+02:00,90.4
2022-06-13 03:23:53+02:00,90.4
2022-06-13 03:24:54+02:00,90.5
2022-06-13 03:25:54+02:00,90.7
2022-06-13 03:26:54+02:00,90.3
2022-06-13 03:27:54+02:00,90.1
2022-06-13 03:28:54+02:00,90.0
2022-06-13 03:29:54+02:00,89.9
2022-06-13 03:30:54+02:00,89.9
2022-06-13 03:31:55+02:00,89.9
2022-06-13 03:32:55+02:00,90.0
2022-06-13 03:33:55+02:00,89.6
2022-06-13 03:34:55+02:00,89.7
2022-06-13 03:35:55+02:00,89.7
2022-06-13 03:36:55+02:00,89.9
2022-06-13 03:37:55+02:00,90.1
2022-06-13 03:38:56+02:00,90.1
2022-06-13 03:39:56+02:00,89.8
2022-06-13 03:40:56+02:00,90.2
2022-06-13 03:41:56+02:00,90.3
2022-06-13 03:42:56+02:00,90.3
2022-06-13 03:43:56+02:00,90.2
2022-06-13 03:44:57+02:00,89.6
2022-06-13 03:45:57+02:00,90.0
2022-06-13 03:46:57+02:00,90.5
2022-06-13 03:47:57+02:00,91.0
2022-06-13 03:48:57+02:00,91.1
2022-06-13 03:49:57+02:00,91.1
2022-06-13 03:50:57+02:00,91.6
2022-06-13 03:51:58+02:00,91.5
2022-06-13 03:52:58+02:00,91.4
2022-06-13 03:53:58+02:00,91.0
2022-06-13 03:54:58+02:00,90.7
2022-06-13 03:55:58+02:00,50.0
2022-06-13 03:56:58+02:00,90.2
2022-06-13 03:57:58+02:00,89.7
2022-06-13 03:58:59+02:00,89.5
2022-06-13 03:59:59+02:00,89.4
2022-06-13 04:00:59+02:00,89.6
2022-06-13 04:01:59+02:00,89.2
2022-06-13 04:02:59+02:00,89.8
2022-06-13 04:03:59+02:00,90.6
2022-06-13 04:04:59+02:00,91.1
2022-06-13 04:06:00+02:00,90.6
2022-06-13 04:07:00+02:00,91.8
2022-06-13 04:08:00+02:00,91.0
2022-06-13 04:09:00+02:00,90.6
2022-06-13 04:10:00+02:00,90.5
2022-06-13 04:11:00+02:00,91.5
2022-06-13 04:12:00+02:00,90.5
2022-06-13 04:13:01+02:00,50.0
2022-06-13 04:14:01+02:00,50.0
2022-06-13 04:15:01+02:00,85.2
2022-06-13 04:16:01+02:00,50.0
2022-06-13 04:17:01+02:00,76.6
2022-06-13 04:18:01+02:00,78.0
2022-06-13 04:19:01+02:00,74.8
2022-06-13 04:20:01+02:00,76.1
2022-06-13 04:21:01+02:00,76.4
2022-06-13 04:22:02+02:00,50.0
2022-06-13 04:23:02+02:00,50.0
2022-06-13 04:24:02+02:00,75.5
2022-06-13 04:25:02+02:00,76.8
2022-06-13 04:26:02+02:00,81.8
2022-06-13 04:27:02+02:00,50.0
2022-06-13 04:28:02+02:00,50.0
2022-06-13 04:29:02+02:00,50.0
2022-06-13 04:30:02+02:00,50.0
2022-06-13 04:31:02+02:00,88.3
2022-06-13 04:32:02+02:00,88.9
2022-06-13 04:33:03+02:00,89.0
2022-06-13 04:34:03+02:00,89.1
2022-06-13 04:35:03+02:00,90.1
2022-06-13 04:36:03+02:00,90.9
2022-06-13 04:37:03+02:00,90.2
2022-06-13 04:38:03+02:00,90.0
2022-06-13 04:39:03+02:00,90.1
2022-06-13 04:40:03+02:00,90.0
2022-06-13 04:41:04+02:00,50.0
2022-06-13 04:42:04+02:00,90.1
2022-06-13 04:43:04+02:00,90.1
2022-06-13 04:44:04+02:00,89.4
2022-06-13 04:45:04+02:00,89.4
2022-06-13 04:46:04+02:00,88.8
2022-06-13 04:47:04+02:00,89.1
2022-06-13 04:48:04+02:00,88.3
2022-06-13 04:49:05+02:00,88.5
2022-06-13 04:50:05+02:00,88.5
2022-06-13 04:51:05+02:00,89.1
2022-06-13 04:52:05+02:00,88.8
2022-06-13 04:53:05+02:00,50.0
2022-06-13 04:54:05+02:00,88.5
2022-06-13 04:55:05+02:00,87.3
2022-06-13 04:56:06+02:00,87.2
2022-06-13 04:57:06+02:00,86.0
2022-06-13 04:58:06+02:00,86.0
2022-06-13 04:59:06+02:00,86.8
2022-06-13 05:00:06+02:00,87.2
2022-06-13 05:01:06+02:00,88.8
2022-06-13 05:02:06+02:00,88.7
2022-06-13 05:03:07+02:00,89.7
2022-06-13 05:04:07+02:00,90.5
2022-06-13 05:05:07+02:00,50.0
2022-06-13 05:06:07+02:00,50.0
2022-06-13 05:07:07+02:00,78.8
2022-06-13 05:08:07+02:00,50.0
2022-06-13 05:09:07+02:00,77.1
2022-06-13 05:10:08+02:00,78.1
2022-06-13 05:11:08+02:00,80.6
2022-06-13 05:12:08+02:00,50.0
2022-06-13 05:13:08+02:00,83.5
2022-06-13 05:14:08+02:00,85.1
2022-06-13 05:15:08+02:00,50.0
2022-06-13 05:16:08+02:00,50.0
2022-06-13 05:17:09+02:00,50.0
2022-06-13 05:18:09+02:00,50.0
2022-06-13 05:19:09+02:00,82.2
2022-06-13 05:20:09+02:00,50.0
2022-06-13 05:21:09+02:00,50.0
2022-06-13 05:22:09+02:00,50.0
2022-06-13 05:23:09+02:00,50.0
2022-06-13 05:24:10+02:00,50.0
2022-06-13 05:25:10+02:00,50.0
2022-06-13 05:26:10+02:00,50.0
2022-06-13 05:27:10+02:00,50.0
2022-06-13 05:28:10+02:00,50.0
2022-06-13 05:29:10+02:00,50.0
2022-06-13 05:30:10+02:00,50.0
2022-06-13 05:31:11+02:00,50.0
2022-06-13 05:32:11+02:00,50.0
2022-06-13 05:33:11+02:00,50.0
2022-06-13 05:34:11+02:00,50.0
2022-06-13 05:35:11+02:00,50.0
2022-06-13 05:36:11+02:00,50.0
2022-06-13 05:37:11+02:00,50.0
2022-06-13 05:38:12+02:00,83.8
2022-06-13 05:39:12+02:00,83.9
2022-06-13 05:40:12+02:00,50.0
2022-06-13 05:41:12+02:00,50.0
2022-06-13 05:42:12+02:00,50.0
2022-06-13 05:43:12+02:00,50.0
2022-06-13 05:44:13+02:00,50.0
2022-06-13 05:45:13+02:00,50.0
2022-06-13 05:46:13+02:00,50.0
2022-06-13 05:47:13+02:00,50.0
2022-06-13 05:48:13+02:00,50.0
2022-06-13 05:49:13+02:00,50.0
2022-06-13 05:50:13+02:00,50.0
2022-06-13 05:51:14+02:00,50.0
2022-06-13 05:52:14+02:00,50.0
2022-06-13 05:53:14+02:00,50.0
2022-06-13 05:54:14+02:00,50.0
2022-06-14 00:37:30+02:00,50.0
2022-06-14 00:38:30+02:00,86.9
2022-06-14 00:39:30+02:00,87.7
2022-06-14 00:40:30+02:00,88.2
2022-06-14 00:41:30+02:00,88.4
2022-06-14 00:42:30+02:00,88.6
2022-06-14 00:43:30+02:00,89.5
2022-06-14 00:44:30+02:00,89.9
2022-06-14 00:45:30+02:00,50.0
2022-06-14 00:46:30+02:00,50.0
2022-06-14 00:47:30+02:00,50.0
2022-06-14 00:48:30+02:00,50.0
2022-06-14 00:49:30+02:00,50.0
2022-06-14 00:50:31+02:00,89.9
2022-06-14 00:51:31+02:00,50.0
2022-06-14 00:52:31+02:00,90.4
2022-06-14 00:53:31+02:00,50.0
2022-06-14 00:54:31+02:00,50.0
2022-06-14 00:55:31+02:00,89.9
2022-06-14 00:56:31+02:00,89.1
2022-06-14 00:57:31+02:00,88.8
2022-06-14 00:58:31+02:00,88.9
2022-06-14 00:59:31+02:00,50.0
2022-06-14 01:00:31+02:00,50.0
2022-06-14 01:01:32+02:00,89.6
2022-06-14 01:02:32+02:00,89.4
2022-06-14 01:03:32+02:00,89.4
2022-06-14 01:04:32+02:00,89.6
2022-06-14 01:05:32+02:00,89.6
2022-06-14 01:06:32+02:00,89.8
2022-06-14 01:07:32+02:00,89.6
2022-06-14 01:08:32+02:00,89.4
2022-06-14 01:09:32+02:00,89.9
2022-06-14 01:10:33+02:00,90.0
2022-06-14 01:11:33+02:00,89.6
2022-06-14 01:12:33+02:00,89.7
2022-06-14 01:13:33+02:00,90.2
2022-06-14 01:14:33+02:00,90.4
2022-06-14 01:15:33+02:00,90.4
2022-06-14 01:16:33+02:00,90.4
2022-06-14 01:17:33+02:00,90.8
2022-06-14 01:18:33+02:00,90.6
2022-06-14 01:19:33+02:00,90.4
2022-06-14 01:20:34+02:00,90.0
2022-06-14 01:21:34+02:00,89.8
2022-06-14 01:22:34+02:00,89.5
2022-06-14 01:23:34+02:00,89.3
2022-06-14 01:24:34+02:00,89.2
2022-06-14 01:25:34+02:00,89.1
2022-06-14 01:26:34+02:00,88.8
2022-06-14 01:27:34+02:00,88.6
2022-06-14 01:28:35+02:00,88.7
2022-06-14 01:29:35+02:00,88.9
2022-06-14 01:30:35+02:00,89.1
2022-06-14 01:31:35+02:00,89.2
2022-06-14 01:32:35+02:00,89.2
2022-06-14 01:33:35+02:00,89.0
2022-06-14 01:34:35+02:00,88.9
2022-06-14 01:35:35+02:00,89.1
2022-06-14 01:36:35+02:00,89.0
2022-06-14 01:37:35+02:00,88.9
2022-06-14 01:38:35+02:00,88.8
2022-06-14 01:39:36+02:00,89.2
2022-06-14 01:40:36+02:00,89.3
2022-06-14 01:41:36+02:00,89.1
2022-06-14 01:42:36+02:00,89.0
2022-06-14 01:43:36+02:00,88.5
2022-06-14 01:44:36+02:00,88.5
2022-06-14 01:45:36+02:00,88.8
2022-06-14 01:46:37+02:00,89.1
2022-06-14 01:47:37+02:00,89.2
2022-06-14 01:48:37+02:00,89.2
2022-06-14 01:49:37+02:00,89.2
2022-06-14 01:50:37+02:00,89.1
2022-06-14 01:51:37+02:00,88.9
2022-06-14 01:52:38+02:00,89.0
2022-06-14 01:53:38+02:00,88.9
2022-06-14 01:54:38+02:00,88.8
2022-06-14 01:55:38+02:00,88.7
2022-06-14 01:56:38+02:00,88.6
2022-06-14 01:57:38+02:00,88.6
2022-06-14 01:58:39+02:00,88.5
2022-06-14 01:59:39+02:00,88.4
2022-06-14 02:00:39+02:00,88.4
2022-06-14 02:00:39+02:00,88.4
2022-06-14 02:01:39+02:00,88.4
2022-06-14 02:02:39+02:00,88.6
2022-06-14 02:03:39+02:00,88.4
2022-06-14 02:04:39+02:00,88.5
2022-06-14 02:05:40+02:00,88.6
2022-06-14 02:06:40+02:00,88.9
2022-06-14 02:07:40+02:00,89.0
2022-06-14 02:08:40+02:00,89.1
2022-06-14 02:09:40+02:00,89.0
2022-06-14 02:10:40+02:00,89.1
2022-06-14 02:11:41+02:00,89.4
2022-06-14 02:12:41+02:00,89.3
2022-06-14 02:13:41+02:00,89.3
2022-06-14 02:14:41+02:00,89.5
2022-06-14 02:15:41+02:00,89.5
2022-06-14 02:16:41+02:00,89.7
2022-06-14 02:17:41+02:00,89.9
2022-06-14 02:18:42+02:00,50.0
2022-06-14 02:19:42+02:00,90.1
2022-06-14 02:20:42+02:00,91.1
2022-06-14 02:21:42+02:00,50.0
2022-06-14 02:22:42+02:00,50.0
2022-06-14 02:23:42+02:00,91.2
2022-06-14 02:24:42+02:00,50.0
2022-06-14 02:25:43+02:00,50.0
2022-06-14 02:26:43+02:00,91.4
2022-06-14 02:27:43+02:00,50.0
2022-06-14 02:28:43+02:00,50.0
2022-06-14 02:29:43+02:00,50.0
2022-06-14 02:30:43+02:00,50.0
2022-06-14 02:31:43+02:00,91.2
2022-06-14 02:32:43+02:00,90.9
2022-06-14 02:33:44+02:00,90.0
2022-06-14 02:34:44+02:00,89.3
2022-06-14 02:35:44+02:00,88.8
2022-06-14 02:36:44+02:00,50.0
2022-06-14 02:37:44+02:00,89.6
2022-06-14 02:38:44+02:00,89.4
2022-06-14 02:39:45+02:00,89.1
2022-06-14 02:40:45+02:00,88.8
2022-06-14 02:41:45+02:00,88.5
2022-06-14 02:42:45+02:00,88.4
2022-06-14 02:43:45+02:00,88.4
2022-06-14 02:44:45+02:00,88.8
2022-06-14 02:45:45+02:00,88.9
2022-06-14 02:46:46+02:00,88.7
2022-06-14 02:47:46+02:00,89.0
2022-06-14 02:48:46+02:00,89.0
2022-06-14 02:49:46+02:00,88.8
2022-06-14 02:50:46+02:00,89.3
2022-06-14 02:51:46+02:00,89.3
2022-06-14 02:52:47+02:00,89.4
2022-06-14 02:53:47+02:00,89.3
2022-06-14 02:54:47+02:00,89.1
2022-06-14 02:55:47+02:00,89.2
2022-06-14 02:56:47+02:00,89.5
2022-06-14 02:57:47+02:00,89.5
2022-06-14 02:58:47+02:00,89.4
2022-06-14 02:59:48+02:00,89.5
2022-06-14 03:00:48+02:00,89.8
2022-06-14 03:01:48+02:00,90.0
2022-06-14 03:02:48+02:00,89.5
2022-06-14 03:03:48+02:00,89.6
2022-06-14 03:04:48+02:00,89.2
2022-06-14 03:05:48+02:00,89.1
2022-06-14 03:06:49+02:00,89.4
2022-06-14 03:07:49+02:00,89.5
2022-06-14 03:08:49+02:00,89.4
2022-06-14 03:09:49+02:00,89.3
2022-06-14 03:10:49+02:00,89.3
2022-06-14 03:11:49+02:00,89.2
2022-06-14 03:12:50+02:00,89.5
2022-06-14 03:13:50+02:00,89.8
2022-06-14 03:14:50+02:00,89.9
2022-06-14 03:15:50+02:00,90.0
2022-06-14 03:16:50+02:00,90.0
2022-06-14 03:17:50+02:00,90.1
2022-06-14 03:18:50+02:00,89.6
2022-06-14 03:19:51+02:00,89.7
2022-06-14 03:20:51+02:00,89.9
2022-06-14 03:21:51+02:00,50.0
2022-06-14 03:22:51+02:00,50.0
2022-06-14 03:23:51+02:00,50.0
2022-06-14 03:24:51+02:00,90.3
2022-06-14 03:25:51+02:00,90.6
2022-06-14 03:26:52+02:00,91.0
2022-06-14 03:27:52+02:00,50.0
2022-06-14 03:28:52+02:00,50.0
2022-06-14 03:29:52+02:00,50.0
2022-06-14 03:30:52+02:00,50.0
2022-06-14 03:31:52+02:00,90.4
2022-06-14 03:32:53+02:00,90.4
2022-06-14 03:33:53+02:00,90.4
2022-06-14 03:34:53+02:00,50.0
2022-06-14 03:35:53+02:00,91.0
2022-06-14 03:36:53+02:00,91.3
2022-06-14 03:37:53+02:00,91.2
2022-06-14 03:38:53+02:00,90.8
2022-06-14 03:39:54+02:00,90.9
2022-06-14 03:40:54+02:00,91.2
2022-06-14 03:41:54+02:00,91.3
2022-06-14 03:42:54+02:00,91.5
2022-06-14 03:43:54+02:00,91.5
2022-06-14 03:44:54+02:00,91.6
2022-06-14 03:45:54+02:00,91.6
2022-06-14 03:46:55+02:00,91.4
2022-06-14 03:47:55+02:00,91.4
2022-06-14 03:48:55+02:00,50.0
2022-06-14 03:49:55+02:00,91.7
2022-06-14 03:50:55+02:00,92.3
2022-06-14 03:51:55+02:00,93.3
2022-06-14 03:52:56+02:00,93.7
2022-06-14 03:53:56+02:00,94.5
2022-06-14 03:54:56+02:00,95.1
2022-06-14 03:55:56+02:00,50.0
2022-06-14 03:56:56+02:00,95.1
2022-06-14 03:57:56+02:00,50.0
2022-06-14 03:58:56+02:00,50.0
2022-06-14 03:59:57+02:00,94.0
2022-06-14 04:00:57+02:00,93.1
2022-06-14 04:01:57+02:00,92.0
2022-06-14 04:02:57+02:00,91.6
2022-06-14 04:03:57+02:00,91.4
2022-06-14 04:04:57+02:00,50.0
2022-06-14 04:05:57+02:00,89.8
2022-06-14 04:06:58+02:00,89.0
2022-06-14 04:07:58+02:00,87.8
2022-06-14 04:08:58+02:00,85.2
2022-06-14 04:09:58+02:00,84.6
2022-06-14 04:10:58+02:00,83.5
2022-06-14 04:11:58+02:00,84.0
2022-06-14 04:12:59+02:00,84.0
2022-06-14 04:13:59+02:00,85.1
2022-06-14 04:14:59+02:00,86.1
2022-06-14 04:15:59+02:00,86.1
2022-06-14 04:16:59+02:00,87.5
2022-06-14 04:17:59+02:00,87.9
2022-06-14 04:18:59+02:00,88.1
2022-06-14 04:20:00+02:00,88.1
2022-06-14 04:21:00+02:00,89.2
2022-06-14 04:22:00+02:00,89.7
2022-06-14 04:23:00+02:00,90.1
2022-06-14 04:24:00+02:00,91.3
2022-06-14 04:25:00+02:00,50.0
2022-06-14 04:26:00+02:00,91.5
2022-06-14 04:27:00+02:00,50.0
2022-06-14 04:28:01+02:00,50.0
2022-06-14 04:29:01+02:00,89.4
2022-06-14 04:30:01+02:00,89.6
2022-06-14 04:31:01+02:00,90.5
2022-06-14 04:32:01+02:00,91.3
2022-06-14 04:33:01+02:00,92.9
2022-06-14 04:34:01+02:00,92.3
2022-06-14 04:35:01+02:00,93.6
2022-06-14 04:36:01+02:00,50.0
2022-06-14 04:37:02+02:00,93.9
2022-06-14 04:38:02+02:00,92.4
2022-06-14 04:39:02+02:00,91.6
2022-06-14 04:40:02+02:00,91.3
2022-06-14 04:41:02+02:00,91.1
2022-06-14 04:42:02+02:00,90.7
2022-06-14 04:43:02+02:00,91.0
2022-06-14 04:44:02+02:00,90.9
2022-06-14 04:45:02+02:00,91.1
2022-06-14 04:46:03+02:00,91.0
2022-06-14 04:47:03+02:00,90.9
2022-06-14 04:48:03+02:00,90.8
2022-06-14 04:49:03+02:00,91.0
2022-06-14 04:50:03+02:00,90.9
2022-06-14 04:51:03+02:00,91.0
2022-06-14 04:52:03+02:00,91.0
2022-06-14 04:53:04+02:00,91.0
2022-06-14 04:54:04+02:00,91.4
2022-06-14 04:55:04+02:00,91.5
2022-06-14 04:56:04+02:00,91.1
2022-06-14 04:57:04+02:00,90.9
2022-06-14 04:58:04+02:00,91.0
2022-06-14 04:59:04+02:00,91.1
2022-06-14 05:00:04+02:00,91.3
2022-06-14 05:01:04+02:00,91.7
2022-06-14 05:02:05+02:00,92.0
2022-06-14 05:03:05+02:00,92.2
2022-06-14 05:04:05+02:00,92.4
2022-06-14 05:05:05+02:00,92.5
2022-06-14 05:06:05+02:00,50.0
2022-06-14 05:07:05+02:00,92.2
2022-06-14 05:08:05+02:00,93.9
2022-06-14 05:09:05+02:00,95.2
2022-06-14 05:10:06+02:00,95.4
2022-06-14 05:11:06+02:00,96.5
2022-06-14 05:12:06+02:00,97.0
2022-06-14 05:13:06+02:00,97.2
2022-06-14 05:14:06+02:00,96.9
2022-06-14 05:15:06+02:00,96.7
2022-06-14 05:16:06+02:00,96.6
2022-06-14 05:17:07+02:00,97.3
2022-06-14 05:18:07+02:00,50.0
2022-06-14 05:19:07+02:00,96.1
2022-06-14 05:20:07+02:00,95.5
2022-06-14 05:21:07+02:00,94.7
2022-06-14 05:22:07+02:00,94.0
2022-06-14 05:23:08+02:00,50.0
2022-06-14 05:24:08+02:00,50.0
2022-06-14 05:25:08+02:00,92.8
2022-06-14 05:26:08+02:00,50.0
2022-06-14 05:27:08+02:00,50.0
2022-06-14 05:28:08+02:00,50.0
2022-06-14 05:29:09+02:00,93.1
2022-06-14 05:30:09+02:00,91.5
2022-06-14 05:31:09+02:00,90.1
2022-06-14 05:32:09+02:00,50.0
2022-06-14 05:33:09+02:00,50.0
2022-06-14 05:34:09+02:00,50.0
2022-06-14 05:35:09+02:00,50.0
2022-06-14 05:36:10+02:00,50.0
2022-06-14 05:37:10+02:00,50.0
2022-06-14 05:38:10+02:00,89.7
2022-06-14 05:39:10+02:00,89.4
2022-06-14 05:40:10+02:00,89.5
2022-06-14 05:41:10+02:00,89.5
2022-06-14 05:42:11+02:00,89.9
2022-06-14 05:43:11+02:00,90.5
2022-06-14 05:44:11+02:00,90.6
2022-06-14 05:45:11+02:00,90.9
2022-06-14 05:46:11+02:00,90.9
2022-06-14 05:47:11+02:00,91.0
2022-06-14 05:48:11+02:00,50.0
2022-06-14 05:49:12+02:00,91.9
2022-06-14 05:50:12+02:00,92.4
2022-06-14 05:51:12+02:00,92.6
2022-06-14 05:52:12+02:00,92.5
2022-06-14 05:53:12+02:00,92.5
2022-06-14 05:54:12+02:00,92.3
2022-06-14 05:55:13+02:00,92.4
2022-06-14 05:56:13+02:00,92.5
2022-06-14 05:57:13+02:00,92.4
2022-06-14 05:58:13+02:00,92.3
2022-06-14 05:59:13+02:00,50.0
2022-06-14 06:00:13+02:00,50.0
2022-06-14 06:01:14+02:00,50.0
2022-06-14 06:02:14+02:00,50.0
2022-06-14 06:03:14+02:00,50.0
2022-06-14 06:04:14+02:00,50.0
2022-06-14 06:05:14+02:00,50.0
2022-06-14 06:06:14+02:00,50.0
2022-06-14 06:07:14+02:00,50.0
2022-06-14 06:08:14+02:00,50.0
2022-06-14 06:09:15+02:00,50.0
2022-06-14 06:10:15+02:00,50.0
2022-06-14 06:11:15+02:00,50.0
2022-06-14 06:12:15+02:00,50.0
2022-06-14 06:13:15+02:00,50.0
2022-06-14 06:14:15+02:00,50.0
2022-06-14 06:15:15+02:00,50.0
2022-06-14 06:16:16+02:00,50.0
2022-06-14 06:17:16+02:00,50.0
2022-06-14 06:18:16+02:00,50.0
2022-06-14 06:19:16+02:00,50.0
2022-06-14 06:20:16+02:00,50.0
2022-06-14 06:21:16+02:00,50.0
2022-06-14 06:22:16+02:00,50.0
2022-06-14 06:23:17+02:00,50.0
2022-06-14 06:24:17+02:00,50.0
2022-06-14 06:25:17+02:00,50.0
2022-06-14 06:26:17+02:00,50.0
2022-06-14 06:27:17+02:00,50.0
2022-06-14 06:28:17+02:00,50.0
2022-06-14 06:29:17+02:00,50.0
2022-06-14 06:30:18+02:00,50.0
2022-06-14 06:31:18+02:00,50.0
2022-06-14 06:32:18+02:00,50.0
2022-06-14 06:33:18+02:00,50.0
2022-06-15 22:59:30+02:00,50.0
2022-06-15 23:00:30+02:00,86.5
2022-06-15 23:01:30+02:00,87.4
2022-06-15 23:02:30+02:00,87.6
2022-06-15 23:03:30+02:00,88.2
2022-06-15 23:04:30+02:00,50.0
2022-06-15 23:05:30+02:00,50.0
2022-06-15 23:06:30+02:00,50.0
2022-06-15 23:07:30+02:00,50.0
2022-06-15 23:08:30+02:00,50.0
2022-06-15 23:09:30+02:00,50.0
2022-06-15 23:10:31+02:00,50.0
2022-06-15 23:11:31+02:00,50.0
2022-06-15 23:12:31+02:00,50.0
2022-06-15 23:13:31+02:00,50.0
2022-06-15 23:14:31+02:00,50.0
2022-06-15 23:15:31+02:00,50.0
2022-06-15 23:16:31+02:00,50.0
2022-06-15 23:17:32+02:00,50.0
2022-06-15 23:18:32+02:00,50.0
2022-06-15 23:19:32+02:00,50.0
2022-06-15 23:20:32+02:00,88.2
2022-06-15 23:21:32+02:00,88.8
2022-06-15 23:22:32+02:00,89.4
2022-06-15 23:23:32+02:00,89.6
2022-06-15 23:24:32+02:00,89.9
2022-06-15 23:25:33+02:00,90.3
2022-06-15 23:26:33+02:00,90.7
2022-06-15 23:27:33+02:00,50.0
2022-06-15 23:28:33+02:00,91.5
2022-06-15 23:29:33+02:00,91.8
2022-06-15 23:30:33+02:00,91.9
2022-06-15 23:31:34+02:00,92.1
2022-06-15 23:32:34+02:00,92.0
2022-06-15 23:33:34+02:00,92.0
2022-06-15 23:34:34+02:00,92.0
2022-06-15 23:35:34+02:00,92.0
2022-06-15 23:36:34+02:00,92.1
2022-06-15 23:37:34+02:00,92.0
2022-06-15 23:38:34+02:00,91.8
2022-06-15 23:39:35+02:00,92.1
2022-06-15 23:40:35+02:00,91.8
2022-06-15 23:41:35+02:00,91.3
2022-06-15 23:42:35+02:00,91.3
2022-06-15 23:43:35+02:00,91.5
2022-06-15 23:44:35+02:00,91.5
2022-06-15 23:45:36+02:00,91.6
2022-06-15 23:46:36+02:00,91.9
2022-06-15 23:47:36+02:00,92.0
2022-06-15 23:48:36+02:00,92.1
2022-06-15 23:49:36+02:00,91.9
2022-06-15 23:50:36+02:00,91.7
2022-06-15 23:51:36+02:00,91.6
2022-06-15 23:52:37+02:00,91.9
2022-06-15 23:53:37+02:00,91.8
2022-06-15 23:54:37+02:00,91.7
2022-06-15 23:55:37+02:00,91.5
2022-06-15 23:56:37+02:00,91.5
2022-06-15 23:57:37+02:00,91.4
2022-06-15 23:58:37+02:00,91.6
2022-06-15 23:59:38+02:00,91.6
2022-06-16 00:00:38+02:00,91.7
2022-06-16 00:01:38+02:00,91.9
2022-06-16 00:02:38+02:00,92.2
2022-06-16 00:03:38+02:00,92.3
2022-06-16 00:04:38+02:00,92.5
2022-06-16 00:05:38+02:00,92.8
2022-06-16 00:06:39+02:00,92.9
2022-06-16 00:07:39+02:00,93.0
2022-06-16 00:08:39+02:00,92.6
2022-06-16 00:09:39+02:00,92.4
2022-06-16 00:10:39+02:00,92.2
2022-06-16 00:11:39+02:00,91.8
2022-06-16 00:12:40+02:00,91.7
2022-06-16 00:13:40+02:00,91.5
2022-06-16 00:14:40+02:00,91.4
2022-06-16 00:15:40+02:00,91.2
2022-06-16 00:16:40+02:00,50.0
2022-06-16 00:17:40+02:00,90.7
2022-06-16 00:18:40+02:00,90.0
2022-06-16 00:19:41+02:00,90.0
2022-06-16 00:20:41+02:00,89.5
2022-06-16 00:21:41+02:00,89.5
2022-06-16 00:22:41+02:00,50.0
2022-06-16 00:23:41+02:00,50.0
2022-06-16 00:24:41+02:00,50.0
2022-06-16 00:25:41+02:00,89.4
2022-06-16 00:26:42+02:00,88.6
2022-06-16 00:27:42+02:00,88.0
2022-06-16 00:28:42+02:00,87.7
2022-06-16 00:29:42+02:00,87.2
2022-06-16 00:30:42+02:00,86.8
2022-06-16 00:31:42+02:00,87.0
2022-06-16 00:32:42+02:00,87.1
2022-06-16 00:33:43+02:00,88.9
2022-06-16 00:34:43+02:00,88.6
2022-06-16 00:35:43+02:00,88.2
2022-06-16 00:36:43+02:00,88.2
2022-06-16 00:37:43+02:00,88.9
2022-06-16 00:38:43+02:00,89.5
2022-06-16 00:39:44+02:00,89.6
2022-06-16 00:40:44+02:00,89.7
2022-06-16 00:41:44+02:00,90.4
2022-06-16 00:42:44+02:00,92.1
2022-06-16 00:43:44+02:00,92.6
2022-06-16 00:44:44+02:00,92.9
2022-06-16 00:45:44+02:00,93.7
2022-06-16 00:46:45+02:00,93.8
2022-06-16 00:47:45+02:00,94.8
2022-06-16 00:48:45+02:00,95.6
2022-06-16 00:49:45+02:00,94.7
2022-06-16 00:50:45+02:00,94.6
2022-06-16 00:51:45+02:00,94.8
2022-06-16 00:52:45+02:00,95.3
2022-06-16 00:53:46+02:00,95.0
2022-06-16 00:54:46+02:00,95.2
2022-06-16 00:55:46+02:00,95.9
2022-06-16 00:56:46+02:00,96.4
2022-06-16 00:57:46+02:00,95.8
2022-06-16 00:58:46+02:00,96.3
2022-06-16 00:59:47+02:00,96.8
2022-06-16 01:00:47+02:00,96.7
2022-06-16 01:01:47+02:00,96.7
2022-06-16 01:02:47+02:00,95.1
2022-06-16 01:03:47+02:00,94.9
2022-06-16 01:04:47+02:00,94.2
2022-06-16 01:05:47+02:00,94.6
2022-06-16 01:06:47+02:00,93.9
2022-06-16 01:07:48+02:00,94.4
2022-06-16 01:08:48+02:00,95.0
2022-06-16 01:09:48+02:00,93.1
2022-06-16 01:10:48+02:00,91.5
2022-06-16 01:11:48+02:00,90.5
2022-06-16 01:12:48+02:00,91.0
2022-06-16 01:13:49+02:00,90.5
2022-06-16 01:14:49+02:00,91.6
2022-06-16 01:15:49+02:00,91.8
2022-06-16 01:16:49+02:00,92.5
2022-06-16 01:17:49+02:00,50.0
2022-06-16 01:18:49+02:00,90.5
2022-06-16 01:19:49+02:00,87.8
2022-06-16 01:20:50+02:00,78.6
2022-06-16 01:21:50+02:00,77.2
2022-06-16 01:22:50+02:00,82.0
2022-06-16 01:23:50+02:00,82.6
2022-06-16 01:24:50+02:00,83.2
2022-06-16 01:25:50+02:00,83.3
2022-06-16 01:26:51+02:00,83.6
2022-06-16 01:27:51+02:00,84.1
2022-06-16 01:28:51+02:00,84.6
2022-06-16 01:29:51+02:00,84.4
2022-06-16 01:30:51+02:00,84.5
2022-06-16 01:31:51+02:00,84.2
2022-06-16 01:32:51+02:00,84.3
2022-06-16 01:33:52+02:00,82.5
2022-06-16 01:34:52+02:00,81.9
2022-06-16 01:35:52+02:00,81.7
2022-06-16 01:36:52+02:00,82.0
2022-06-16 01:37:52+02:00,82.2
2022-06-16 01:38:52+02:00,81.5
2022-06-16 01:39:52+02:00,81.9
2022-06-16 01:40:53+02:00,82.4
2022-06-16 01:41:53+02:00,82.9
2022-06-16 01:42:53+02:00,83.5
2022-06-16 01:43:53+02:00,83.2
2022-06-16 01:44:53+02:00,83.5
2022-06-16 01:45:53+02:00,83.7
2022-06-16 01:46:54+02:00,84.0
2022-06-16 01:47:54+02:00,82.8
2022-06-16 01:48:54+02:00,77.5
2022-06-16 01:49:54+02:00,77.0
2022-06-16 01:50:54+02:00,77.5
2022-06-16 01:51:54+02:00,77.3
2022-06-16 01:52:54+02:00,76.9
2022-06-16 01:53:55+02:00,76.2
2022-06-16 01:54:55+02:00,76.8
2022-06-16 01:55:55+02:00,75.9
2022-06-16 01:56:55+02:00,75.9
2022-06-16 01:57:55+02:00,75.6
2022-06-16 01:58:55+02:00,75.8
2022-06-16 01:59:56+02:00,75.8
2022-06-16 02:00:56+02:00,76.7
2022-06-16 02:00:56+02:00,76.7
2022-06-16 02:01:56+02:00,76.5
2022-06-16 02:02:56+02:00,77.3
2022-06-16 02:03:56+02:00,77.2
2022-06-16 02:04:56+02:00,78.8
2022-06-16 02:05:56+02:00,80.5
2022-06-16 02:06:57+02:00,83.6
2022-06-16 02:07:57+02:00,86.2
2022-06-16 02:08:57+02:00,85.0
2022-06-16 02:09:57+02:00,86.9
2022-06-16 02:10:57+02:00,86.6
2022-06-16 02:11:57+02:00,86.6
2022-06-16 02:12:57+02:00,87.8
2022-06-16 02:13:58+02:00,89.1
2022-06-16 02:14:58+02:00,89.6
2022-06-16 02:15:58+02:00,89.9
2022-06-16 02:16:58+02:00,50.0
2022-06-16 02:17:58+02:00,50.0
2022-06-16 02:18:58+02:00,50.0
2022-06-16 02:19:58+02:00,88.7
2022-06-16 02:20:59+02:00,50.0
2022-06-16 02:21:59+02:00,89.2
2022-06-16 02:22:59+02:00,89.0
2022-06-16 02:23:59+02:00,88.8
2022-06-16 02:24:59+02:00,89.5
2022-06-16 02:25:59+02:00,90.0
2022-06-16 02:27:00+02:00,89.8
2022-06-16 02:28:00+02:00,89.7
2022-06-16 02:29:00+02:00,90.0
2022-06-16 02:30:00+02:00,90.8
2022-06-16 02:31:00+02:00,91.0
2022-06-16 02:32:00+02:00,91.2
2022-06-16 02:33:00+02:00,91.3
2022-06-16 02:34:00+02:00,91.6
2022-06-16 02:35:00+02:00,91.7
2022-06-16 02:36:01+02:00,91.5
2022-06-16 02:37:01+02:00,91.9
2022-06-16 02:38:01+02:00,92.2
2022-06-16 02:39:01+02:00,92.3
2022-06-16 02:40:01+02:00,92.4
2022-06-16 02:41:01+02:00,92.4
2022-06-16 02:42:01+02:00,92.6
2022-06-16 02:43:01+02:00,92.6
2022-06-16 02:44:01+02:00,92.6
2022-06-16 02:45:02+02:00,92.6
2022-06-16 02:46:02+02:00,93.0
2022-06-16 02:47:02+02:00,93.2
2022-06-16 02:48:02+02:00,93.3
2022-06-16 02:49:02+02:00,93.2
2022-06-16 02:50:02+02:00,93.2
2022-06-16 02:51:02+02:00,93.0
2022-06-16 02:52:02+02:00,92.9
2022-06-16 02:53:03+02:00,92.9
2022-06-16 02:54:03+02:00,92.9
2022-06-16 02:55:03+02:00,92.8
2022-06-16 02:56:03+02:00,92.8
2022-06-16 02:57:03+02:00,93.0
2022-06-16 02:58:03+02:00,93.1
2022-06-16 02:59:03+02:00,92.9
2022-06-16 03:00:03+02:00,92.7
2022-06-16 03:01:03+02:00,92.9
2022-06-16 03:02:04+02:00,93.0
2022-06-16 03:03:04+02:00,93.0
2022-06-16 03:04:04+02:00,93.0
2022-06-16 03:05:04+02:00,92.8
2022-06-16 03:06:04+02:00,92.9
2022-06-16 03:07:04+02:00,92.9
2022-06-16 03:08:04+02:00,92.9
2022-06-16 03:09:04+02:00,93.0
2022-06-16 03:10:05+02:00,93.1
2022-06-16 03:11:05+02:00,93.0
2022-06-16 03:12:05+02:00,92.9
2022-06-16 03:13:05+02:00,93.0
2022-06-16 03:14:05+02:00,50.0
2022-06-16 03:15:05+02:00,50.0
2022-06-16 03:16:05+02:00,89.3
2022-06-16 03:17:06+02:00,84.7
2022-06-16 03:18:06+02:00,82.6
2022-06-16 03:19:06+02:00,81.3
2022-06-16 03:20:06+02:00,80.8
2022-06-16 03:21:06+02:00,81.3
2022-06-16 03:22:06+02:00,81.6
2022-06-16 03:23:06+02:00,82.0
2022-06-16 03:24:07+02:00,84.7
2022-06-16 03:25:07+02:00,85.7
2022-06-16 03:26:07+02:00,85.8
2022-06-16 03:27:07+02:00,85.9
2022-06-16 03:28:07+02:00,88.5
2022-06-16 03:29:07+02:00,87.4
2022-06-16 03:30:08+02:00,84.7
2022-06-16 03:31:08+02:00,82.9
2022-06-16 03:32:08+02:00,82.7
2022-06-16 03:33:08+02:00,83.6
2022-06-16 03:34:08+02:00,84.8
2022-06-16 03:35:08+02:00,50.0
2022-06-16 03:36:08+02:00,86.2
2022-06-16 03:37:08+02:00,87.8
2022-06-16 03:38:09+02:00,89.5
2022-06-16 03:39:09+02:00,90.8
2022-06-16 03:40:09+02:00,91.6
2022-06-16 03:41:09+02:00,92.0
2022-06-16 03:42:09+02:00,92.4
2022-06-16 03:43:09+02:00,92.6
2022-06-16 03:44:09+02:00,92.8
2022-06-16 03:45:09+02:00,92.9
2022-06-16 03:46:09+02:00,93.0
2022-06-16 03:47:09+02:00,92.9
2022-06-16 03:48:09+02:00,92.9
2022-06-16 03:49:10+02:00,92.9
2022-06-16 03:50:10+02:00,93.0
2022-06-16 03:51:10+02:00,92.9
2022-06-16 03:52:10+02:00,50.0
2022-06-16 03:53:10+02:00,50.0
2022-06-16 03:54:10+02:00,88.3
2022-06-16 03:55:10+02:00,50.0
2022-06-16 03:56:10+02:00,85.2
2022-06-16 03:57:11+02:00,82.7
2022-06-16 03:58:11+02:00,81.9
2022-06-16 03:59:11+02:00,80.9
2022-06-16 04:00:11+02:00,80.4
2022-06-16 04:01:11+02:00,79.5
2022-06-16 04:02:11+02:00,79.3
2022-06-16 04:03:11+02:00,78.6
2022-06-16 04:04:11+02:00,78.3
2022-06-16 04:05:11+02:00,77.6
2022-06-16 04:06:11+02:00,77.2
2022-06-16 04:07:12+02:00,76.4
2022-06-16 04:08:12+02:00,75.7
2022-06-16 04:09:12+02:00,50.0
2022-06-16 04:10:12+02:00,75.3
2022-06-16 04:11:12+02:00,78.9
2022-06-16 04:12:12+02:00,77.6
2022-06-16 04:13:12+02:00,76.1
2022-06-16 04:14:12+02:00,75.9
2022-06-16 04:15:12+02:00,75.5
2022-06-16 04:16:13+02:00,75.4
2022-06-16 04:17:13+02:00,75.1
2022-06-16 04:18:13+02:00,75.3
2022-06-16 04:19:13+02:00,75.6
2022-06-16 04:20:13+02:00,75.3
2022-06-16 04:21:13+02:00,76.0
2022-06-16 04:22:13+02:00,75.9
2022-06-16 04:23:13+02:00,75.4
2022-06-16 04:24:13+02:00,76.1
2022-06-16 04:25:14+02:00,75.8
2022-06-16 04:26:14+02:00,75.4
2022-06-16 04:27:14+02:00,75.0
2022-06-16 04:28:14+02:00,75.7
2022-06-16 04:29:14+02:00,75.8
2022-06-16 04:30:14+02:00,76.2
2022-06-16 04:31:14+02:00,76.4
2022-06-16 04:32:14+02:00,77.2
2022-06-16 04:33:14+02:00,77.6
2022-06-16 04:34:15+02:00,78.0
2022-06-16 04:35:15+02:00,79.0
2022-06-16 04:36:15+02:00,79.6
2022-06-16 04:37:15+02:00,79.7
2022-06-16 04:38:15+02:00,79.5
2022-06-16 04:39:15+02:00,80.0
2022-06-16 04:40:15+02:00,79.6
2022-06-16 04:41:16+02:00,80.0
2022-06-16 04:42:16+02:00,50.0
2022-06-16 04:43:16+02:00,50.0
2022-06-16 04:44:16+02:00,50.0
2022-06-16 04:45:16+02:00,50.0
2022-06-16 04:46:16+02:00,83.1
2022-06-16 04:47:16+02:00,50.0
2022-06-16 04:48:17+02:00,83.2
2022-06-16 04:49:17+02:00,50.0
2022-06-16 04:50:17+02:00,50.0
2022-06-16 04:51:17+02:00,50.0
2022-06-16 04:52:17+02:00,50.0
2022-06-16 04:53:17+02:00,86.9
2022-06-16 04:54:17+02:00,50.0
2022-06-16 04:55:18+02:00,50.0
2022-06-16 04:56:18+02:00,50.0
2022-06-16 04:57:18+02:00,86.2
2022-06-16 04:58:18+02:00,85.9
2022-06-16 04:59:18+02:00,82.4
2022-06-16 05:00:18+02:00,50.0
2022-06-16 05:01:19+02:00,50.0
2022-06-16 05:02:19+02:00,50.0
2022-06-16 05:03:19+02:00,50.0
2022-06-16 05:04:19+02:00,50.0
2022-06-16 05:05:19+02:00,50.0
2022-06-16 05:06:19+02:00,50.0
2022-06-16 05:07:19+02:00,50.0
2022-06-16 05:08:19+02:00,50.0
2022-06-16 05:09:20+02:00,50.0
2022-06-16 05:10:20+02:00,50.0
2022-06-16 05:11:20+02:00,50.0
2022-06-16 05:12:20+02:00,50.0
2022-06-16 05:13:20+02:00,50.0
2022-06-16 05:14:20+02:00,50.0
2022-06-16 05:15:21+02:00,50.0
2022-06-16 05:16:21+02:00,50.0
2022-06-16 05:17:21+02:00,50.0
2022-06-16 05:18:21+02:00,50.0
2022-06-16 05:19:21+02:00,50.0
2022-06-16 05:20:21+02:00,50.0
2022-06-16 05:21:21+02:00,50.0
2022-06-16 05:22:22+02:00,50.0
2022-06-16 05:23:22+02:00,80.7
2022-06-16 05:24:22+02:00,81.5
2022-06-16 05:25:22+02:00,82.4
2022-06-16 05:26:22+02:00,82.9
2022-06-16 05:27:22+02:00,83.4
2022-06-16 05:28:23+02:00,50.0
2022-06-16 05:29:23+02:00,84.3
2022-06-16 05:30:23+02:00,83.1
2022-06-16 05:31:23+02:00,82.8
2022-06-16 05:32:23+02:00,82.6
2022-06-16 05:33:23+02:00,83.1
2022-06-16 05:34:23+02:00,83.4
2022-06-16 23:43:00+02:00,87.5
2022-06-16 23:44:00+02:00,87.6
2022-06-16 23:45:00+02:00,87.6
2022-06-16 23:46:00+02:00,87.9
2022-06-16 23:47:00+02:00,87.9
2022-06-16 23:48:00+02:00,88.0
2022-06-16 23:49:00+02:00,87.9
2022-06-16 23:50:00+02:00,88.0
2022-06-16 23:51:00+02:00,87.9
2022-06-16 23:52:00+02:00,88.0
2022-06-16 23:53:00+02:00,88.0
2022-06-16 23:54:01+02:00,88.0
2022-06-16 23:55:01+02:00,88.1
2022-06-16 23:56:01+02:00,88.1
2022-06-16 23:57:01+02:00,88.1
2022-06-16 23:58:01+02:00,88.0
2022-06-16 23:59:01+02:00,88.0
2022-06-17 00:00:01+02:00,88.2
2022-06-17 00:01:01+02:00,88.2
2022-06-17 00:02:01+02:00,88.4
2022-06-17 00:03:01+02:00,88.4
2022-06-17 00:04:01+02:00,88.7
2022-06-17 00:05:02+02:00,88.6
2022-06-17 00:06:02+02:00,88.7
2022-06-17 00:07:02+02:00,88.7
2022-06-17 00:08:02+02:00,88.8
2022-06-17 00:09:02+02:00,88.7
2022-06-17 00:10:02+02:00,88.7
2022-06-17 00:11:02+02:00,88.6
2022-06-17 00:12:02+02:00,88.5
2022-06-17 00:13:02+02:00,88.6
2022-06-17 00:14:03+02:00,88.5
2022-06-17 00:15:03+02:00,88.5
2022-06-17 00:16:03+02:00,88.5
2022-06-17 00:17:03+02:00,88.6
2022-06-17 00:18:03+02:00,88.6
2022-06-17 00:19:03+02:00,88.7
2022-06-17 00:20:03+02:00,88.8
2022-06-17 00:21:03+02:00,88.7
2022-06-17 00:22:03+02:00,88.9
2022-06-17 00:23:03+02:00,88.9
2022-06-17 00:24:04+02:00,89.0
2022-06-17 00:25:04+02:00,89.1
2022-06-17 00:26:04+02:00,50.0
2022-06-17 00:27:04+02:00,89.6
2022-06-17 00:28:04+02:00,89.6
2022-06-17 00:29:04+02:00,89.5
2022-06-17 00:30:04+02:00,89.6
2022-06-17 00:31:04+02:00,89.4
2022-06-17 00:32:04+02:00,89.4
2022-06-17 00:33:04+02:00,89.4
2022-06-17 00:34:04+02:00,89.8
2022-06-17 00:35:05+02:00,90.4
2022-06-17 00:36:05+02:00,90.9
2022-06-17 00:37:05+02:00,91.0
2022-06-17 00:38:05+02:00,91.4
2022-06-17 00:39:05+02:00,91.4
2022-06-17 00:40:05+02:00,91.3
2022-06-17 00:41:05+02:00,91.5
2022-06-17 00:42:06+02:00,91.5
2022-06-17 00:43:06+02:00,91.1
2022-06-17 00:44:06+02:00,91.2
2022-06-17 00:45:06+02:00,91.1
2022-06-17 00:46:06+02:00,91.2
2022-06-17 00:47:06+02:00,91.3
2022-06-17 00:48:06+02:00,91.2
2022-06-17 00:49:06+02:00,91.0
2022-06-17 00:50:07+02:00,91.0
2022-06-17 00:51:07+02:00,91.5
2022-06-17 00:52:07+02:00,91.8
2022-06-17 00:53:07+02:00,92.2
2022-06-17 00:54:07+02:00,92.0
2022-06-17 00:55:07+02:00,92.2
2022-06-17 00:56:07+02:00,91.7
2022-06-17 00:57:08+02:00,91.7
2022-06-17 00:58:08+02:00,92.9
2022-06-17 00:59:08+02:00,93.6
2022-06-17 01:00:08+02:00,92.8
2022-06-17 01:01:08+02:00,91.7
2022-06-17 01:02:08+02:00,90.9
2022-06-17 01:03:08+02:00,89.9
2022-06-17 01:04:09+02:00,89.4
2022-06-17 01:05:09+02:00,88.4
2022-06-17 01:06:09+02:00,88.2
2022-06-17 01:07:09+02:00,87.7
2022-06-17 01:08:09+02:00,87.3
2022-06-17 01:09:09+02:00,87.2
2022-06-17 01:10:09+02:00,87.2
2022-06-17 01:11:09+02:00,87.2
2022-06-17 01:12:09+02:00,87.4
2022-06-17 01:13:09+02:00,87.3
2022-06-17 01:14:10+02:00,87.3
2022-06-17 01:15:10+02:00,87.8
2022-06-17 01:16:10+02:00,87.9
2022-06-17 01:17:10+02:00,87.7
2022-06-17 01:18:10+02:00,88.1
2022-06-17 01:19:10+02:00,88.2
2022-06-17 01:20:10+02:00,88.1
2022-06-17 01:21:10+02:00,87.7
2022-06-17 01:22:10+02:00,87.4
2022-06-17 01:23:11+02:00,87.2
2022-06-17 01:24:11+02:00,87.1
2022-06-17 01:25:11+02:00,87.0
2022-06-17 01:26:11+02:00,86.6
2022-06-17 01:27:11+02:00,86.5
2022-06-17 01:28:11+02:00,86.6
2022-06-17 01:29:11+02:00,86.6
2022-06-17 01:30:11+02:00,86.5
2022-06-17 01:31:11+02:00,87.1
2022-06-17 01:32:11+02:00,87.1
2022-06-17 01:33:12+02:00,87.3
2022-06-17 01:34:12+02:00,87.2
2022-06-17 01:35:12+02:00,87.2
2022-06-17 01:36:12+02:00,87.1
2022-06-17 01:37:12+02:00,87.3
2022-06-17 01:38:12+02:00,87.2
2022-06-17 01:39:12+02:00,87.2
2022-06-17 01:40:12+02:00,87.0
2022-06-17 01:41:13+02:00,87.3
2022-06-17 01:42:13+02:00,50.0
2022-06-17 01:43:13+02:00,86.0
2022-06-17 01:44:13+02:00,80.0
2022-06-17 01:45:13+02:00,77.6
2022-06-17 01:46:13+02:00,77.9
2022-06-17 01:47:13+02:00,77.3
2022-06-17 01:48:13+02:00,77.4
2022-06-17 01:49:13+02:00,77.2
2022-06-17 01:50:13+02:00,77.5
2022-06-17 01:51:13+02:00,77.4
2022-06-17 01:52:14+02:00,77.4
2022-06-17 01:53:14+02:00,77.4
2022-06-17 01:54:14+02:00,77.4
2022-06-17 01:55:14+02:00,77.9
2022-06-17 01:56:14+02:00,77.9
2022-06-17 01:57:14+02:00,78.0
2022-06-17 01:58:14+02:00,78.2
2022-06-17 01:59:14+02:00,78.6
2022-06-17 02:00:14+02:00,78.9
2022-06-17 02:00:14+02:00,78.9
2022-06-17 02:01:14+02:00,50.0
2022-06-17 02:02:15+02:00,80.3
2022-06-17 02:03:15+02:00,50.0
2022-06-17 02:04:15+02:00,86.2
2022-06-17 02:05:15+02:00,88.3
2022-06-17 02:06:15+02:00,89.6
2022-06-17 02:07:15+02:00,90.2
2022-06-17 02:08:15+02:00,90.8
2022-06-17 02:09:16+02:00,91.3
2022-06-17 02:10:16+02:00,50.0
2022-06-17 02:11:16+02:00,92.3
2022-06-17 02:12:16+02:00,92.1
2022-06-17 02:13:16+02:00,92.0
2022-06-17 02:14:16+02:00,91.9
2022-06-17 02:15:16+02:00,92.2
2022-06-17 02:16:17+02:00,92.7
2022-06-17 02:17:17+02:00,92.9
2022-06-17 02:18:17+02:00,93.1
2022-06-17 02:19:17+02:00,93.2
2022-06-17 02:20:17+02:00,50.0
2022-06-17 02:21:17+02:00,93.4
2022-06-17 02:22:17+02:00,93.7
2022-06-17 02:23:18+02:00,93.6
2022-06-17 02:24:18+02:00,93.6
2022-06-17 02:25:18+02:00,93.2
2022-06-17 02:26:18+02:00,93.4
2022-06-17 02:27:18+02:00,93.8
2022-06-17 02:28:18+02:00,93.7
2022-06-17 02:29:19+02:00,93.6
2022-06-17 02:30:19+02:00,93.6
2022-06-17 02:31:19+02:00,93.6
2022-06-17 02:32:19+02:00,93.5
2022-06-17 02:33:19+02:00,93.6
2022-06-17 02:34:19+02:00,93.7
2022-06-17 02:35:19+02:00,93.7
2022-06-17 02:36:19+02:00,93.6
2022-06-17 02:37:20+02:00,93.6
2022-06-17 02:38:20+02:00,93.9
2022-06-17 02:39:20+02:00,94.2
2022-06-17 02:40:20+02:00,94.2
2022-06-17 02:41:20+02:00,94.1
2022-06-17 02:42:20+02:00,94.0
2022-06-17 02:43:20+02:00,94.1
2022-06-17 02:44:21+02:00,94.0
2022-06-17 02:45:21+02:00,94.0
2022-06-17 02:46:21+02:00,94.1
2022-06-17 02:47:21+02:00,94.2
2022-06-17 02:48:21+02:00,94.3
2022-06-17 02:49:21+02:00,94.3
2022-06-17 02:50:21+02:00,94.3
2022-06-17 02:51:21+02:00,94.1
2022-06-17 02:52:22+02:00,94.0
2022-06-17 02:53:22+02:00,94.1
2022-06-17 02:54:22+02:00,94.0
2022-06-17 02:55:22+02:00,93.8
2022-06-17 02:56:22+02:00,94.2
2022-06-17 02:57:22+02:00,93.3
2022-06-17 02:58:23+02:00,92.4
2022-06-17 02:59:23+02:00,91.8
2022-06-17 03:00:23+02:00,91.7
2022-06-17 03:01:23+02:00,91.5
2022-06-17 03:02:23+02:00,90.6
2022-06-17 03:03:23+02:00,89.0
2022-06-17 03:04:23+02:00,88.8
2022-06-17 03:05:24+02:00,89.6
2022-06-17 03:06:24+02:00,90.2
2022-06-17 03:07:24+02:00,90.7
2022-06-17 03:08:24+02:00,91.0
2022-06-17 03:09:24+02:00,91.4
2022-06-17 03:10:24+02:00,91.6
2022-06-17 03:11:24+02:00,91.8
2022-06-17 03:12:25+02:00,92.0
2022-06-17 03:13:25+02:00,92.0
2022-06-17 03:14:25+02:00,92.0
2022-06-17 03:15:25+02:00,92.1
2022-06-17 03:16:25+02:00,92.3
2022-06-17 03:17:25+02:00,92.4
2022-06-17 03:18:25+02:00,92.5
2022-06-17 03:19:26+02:00,92.3
2022-06-17 03:20:26+02:00,92.0
2022-06-17 03:21:26+02:00,92.1
2022-06-17 03:22:26+02:00,92.2
2022-06-17 03:23:26+02:00,92.1
2022-06-17 03:24:26+02:00,92.2
2022-06-17 03:25:27+02:00,92.1
2022-06-17 03:26:27+02:00,92.2
2022-06-17 03:27:27+02:00,92.1
2022-06-17 03:28:27+02:00,92.1
2022-06-17 03:29:27+02:00,91.9
2022-06-17 03:30:27+02:00,92.0
2022-06-17 03:31:27+02:00,92.1
2022-06-17 03:32:28+02:00,91.9
2022-06-17 03:33:28+02:00,91.9
2022-06-17 03:34:28+02:00,92.1
2022-06-17 03:35:28+02:00,92.2
2022-06-17 03:36:28+02:00,92.0
2022-06-17 03:37:28+02:00,92.2
2022-06-17 03:38:28+02:00,50.0
2022-06-17 03:39:29+02:00,50.0
2022-06-17 03:40:29+02:00,50.0
2022-06-17 03:41:29+02:00,50.0
2022-06-17 03:42:29+02:00,50.0
2022-06-17 03:43:29+02:00,92.4
2022-06-17 03:44:29+02:00,92.3
2022-06-17 03:45:29+02:00,50.0
2022-06-17 03:46:30+02:00,50.0
2022-06-17 03:47:30+02:00,50.0
2022-06-17 03:48:30+02:00,91.8
2022-06-17 03:49:30+02:00,92.2
2022-06-17 03:50:30+02:00,50.0
2022-06-17 03:51:30+02:00,93.0
2022-06-17 03:52:30+02:00,50.0
2022-06-17 03:53:31+02:00,93.3
2022-06-17 03:54:31+02:00,50.0
2022-06-17 03:55:31+02:00,93.7
2022-06-17 03:56:31+02:00,93.6
2022-06-17 03:57:31+02:00,93.8
2022-06-17 03:58:31+02:00,93.8
2022-06-17 03:59:31+02:00,93.6
2022-06-17 04:00:32+02:00,50.0
2022-06-17 04:01:32+02:00,94.4
2022-06-17 04:02:32+02:00,50.0
2022-06-17 04:03:32+02:00,94.6
2022-06-17 04:04:32+02:00,50.0
2022-06-17 04:05:32+02:00,94.6
2022-06-17 04:06:32+02:00,50.0
2022-06-17 04:07:33+02:00,50.0
2022-06-17 04:08:33+02:00,93.9
2022-06-17 04:09:33+02:00,50.0
2022-06-17 04:10:33+02:00,50.0
2022-06-17 04:11:33+02:00,50.0
2022-06-17 04:12:33+02:00,50.0
2022-06-17 04:13:34+02:00,92.5
2022-06-17 04:14:34+02:00,91.5
2022-06-17 04:15:34+02:00,91.0
2022-06-17 04:16:34+02:00,90.3
2022-06-17 04:17:34+02:00,88.7
2022-06-17 04:18:34+02:00,89.2
2022-06-17 04:19:34+02:00,89.4
2022-06-17 04:20:35+02:00,89.4
2022-06-17 04:21:35+02:00,89.2
2022-06-17 04:22:35+02:00,89.4
2022-06-17 04:23:35+02:00,89.1
2022-06-17 04:24:35+02:00,88.8
2022-06-17 04:25:35+02:00,90.2
2022-06-17 04:26:35+02:00,89.9
2022-06-17 04:27:36+02:00,50.0
2022-06-17 04:28:36+02:00,90.3
2022-06-17 04:29:36+02:00,90.4
2022-06-17 04:30:36+02:00,91.9
2022-06-17 04:31:36+02:00,91.9
2022-06-17 04:32:36+02:00,91.4
2022-06-17 04:33:36+02:00,92.3
2022-06-17 04:34:37+02:00,92.2
2022-06-17 04:35:37+02:00,92.9
2022-06-17 04:36:37+02:00,92.8
2022-06-17 04:37:37+02:00,93.2
2022-06-17 04:38:37+02:00,92.7
2022-06-17 04:39:37+02:00,93.0
2022-06-17 04:40:37+02:00,93.2
2022-06-17 04:41:38+02:00,93.9
2022-06-17 04:42:38+02:00,94.2
2022-06-17 04:43:38+02:00,94.1
2022-06-17 04:44:38+02:00,94.0
2022-06-17 04:45:38+02:00,94.1
2022-06-17 04:46:38+02:00,94.0
2022-06-17 04:47:38+02:00,93.7
2022-06-17 04:48:39+02:00,93.8
2022-06-17 04:49:39+02:00,93.7
2022-06-17 04:50:39+02:00,93.4
2022-06-17 04:51:39+02:00,93.3
2022-06-17 04:52:39+02:00,93.8
2022-06-17 04:53:39+02:00,93.8
2022-06-17 04:54:40+02:00,93.8
2022-06-17 04:55:40+02:00,94.0
2022-06-17 04:56:40+02:00,94.3
2022-06-17 04:57:40+02:00,94.2
2022-06-17 04:58:40+02:00,94.4
2022-06-17 04:59:40+02:00,94.5
2022-06-17 05:00:40+02:00,94.6
2022-06-17 05:01:41+02:00,94.0
2022-06-17 05:02:41+02:00,50.0
2022-06-17 05:03:41+02:00,50.0
2022-06-17 05:04:41+02:00,50.0
2022-06-17 05:05:41+02:00,50.0
2022-06-17 05:06:41+02:00,50.0
2022-06-17 05:07:41+02:00,50.0
2022-06-17 05:08:42+02:00,50.0
2022-06-17 05:09:42+02:00,50.0
2022-06-17 05:10:42+02:00,50.0
2022-06-17 05:11:42+02:00,50.0
2022-06-17 05:12:42+02:00,50.0
2022-06-17 05:13:42+02:00,50.0
2022-06-17 05:14:42+02:00,94.6
2022-06-17 05:15:43+02:00,92.8
2022-06-17 05:16:43+02:00,91.8
2022-06-17 05:17:43+02:00,90.2
2022-06-17 05:18:43+02:00,90.6
2022-06-17 05:19:43+02:00,50.0
2022-06-17 05:20:43+02:00,50.0
2022-06-17 05:21:43+02:00,50.0
2022-06-17 05:22:44+02:00,50.0
2022-06-17 05:23:44+02:00,50.0
2022-06-17 05:24:44+02:00,50.0
2022-06-17 05:25:44+02:00,50.0
2022-06-17 05:26:44+02:00,50.0
2022-06-17 05:27:44+02:00,50.0
2022-06-17 05:28:44+02:00,50.0
2022-06-17 05:29:45+02:00,50.0
2022-06-17 05:30:45+02:00,50.0
2022-06-17 05:31:45+02:00,50.0
2022-06-17 05:32:45+02:00,50.0
2022-06-17 05:33:45+02:00,50.0
2022-06-17 05:34:45+02:00,50.0
2022-06-17 05:35:45+02:00,50.0
2022-06-17 05:36:46+02:00,50.0
2022-06-17 05:37:46+02:00,50.0
2022-06-17 05:38:46+02:00,50.0
2022-06-17 05:39:46+02:00,92.6
2022-06-17 05:40:46+02:00,50.0
2022-06-17 05:41:46+02:00,50.0
2022-06-17 05:42:47+02:00,50.0
2022-06-17 05:43:47+02:00,50.0
2022-06-17 05:44:47+02:00,50.0
2022-06-17 05:45:47+02:00,50.0
2022-06-17 05:46:47+02:00,50.0
2022-06-17 05:47:47+02:00,50.0
2022-06-17 05:48:47+02:00,50.0
2022-06-17 05:49:48+02:00,50.0
2022-06-17 05:50:48+02:00,50.0
2022-06-17 05:51:48+02:00,50.0
2022-06-17 05:52:48+02:00,50.0
2022-06-17 05:53:48+02:00,50.0
2022-06-17 05:54:48+02:00,93.7
2022-06-17 05:55:48+02:00,89.7
2022-06-18 00:35:30+02:00,50.0
2022-06-18 00:36:30+02:00,88.9
2022-06-18 00:37:30+02:00,50.0
2022-06-18 00:38:30+02:00,90.2
2022-06-18 00:39:30+02:00,90.7
2022-06-18 00:40:30+02:00,90.9
2022-06-18 00:41:30+02:00,90.9
2022-06-18 00:42:30+02:00,90.8
2022-06-18 00:43:30+02:00,90.8
2022-06-18 00:44:30+02:00,90.7
2022-06-18 00:45:30+02:00,90.7
2022-06-18 00:46:31+02:00,90.5
2022-06-18 00:47:31+02:00,90.5
2022-06-18 00:48:31+02:00,90.4
2022-06-18 00:49:31+02:00,90.6
2022-06-18 00:50:31+02:00,90.5
2022-06-18 00:51:31+02:00,90.3
2022-06-18 00:52:31+02:00,90.0
2022-06-18 00:53:32+02:00,89.9
2022-06-18 00:54:32+02:00,89.8
2022-06-18 00:55:32+02:00,89.7
2022-06-18 00:56:32+02:00,89.6
2022-06-18 00:57:32+02:00,89.4
2022-06-18 00:58:32+02:00,89.5
2022-06-18 00:59:33+02:00,89.4
2022-06-18 01:00:33+02:00,89.6
2022-06-18 01:01:33+02:00,89.6
2022-06-18 01:02:33+02:00,89.7
2022-06-18 01:03:33+02:00,50.0
2022-06-18 01:04:33+02:00,90.3
2022-06-18 01:05:34+02:00,90.5
2022-06-18 01:06:34+02:00,90.3
2022-06-18 01:07:34+02:00,90.4
2022-06-18 01:08:34+02:00,90.4
2022-06-18 01:09:34+02:00,50.0
2022-06-18 01:10:34+02:00,90.4
2022-06-18 01:11:34+02:00,90.9
2022-06-18 01:12:35+02:00,91.0
2022-06-18 01:13:35+02:00,91.2
2022-06-18 01:14:35+02:00,91.3
2022-06-18 01:15:35+02:00,91.4
2022-06-18 01:16:35+02:00,91.5
2022-06-18 01:17:35+02:00,91.7
2022-06-18 01:18:36+02:00,91.8
2022-06-18 01:19:36+02:00,91.8
2022-06-18 01:20:36+02:00,92.1
2022-06-18 01:21:36+02:00,92.1
2022-06-18 01:22:36+02:00,92.0
2022-06-18 01:23:36+02:00,92.0
2022-06-18 01:24:36+02:00,92.2
2022-06-18 01:25:37+02:00,92.3
2022-06-18 01:26:37+02:00,92.3
2022-06-18 01:27:37+02:00,92.2
2022-06-18 01:28:37+02:00,92.2
2022-06-18 01:29:37+02:00,92.2
2022-06-18 01:30:37+02:00,92.2
2022-06-18 01:31:38+02:00,92.2
2022-06-18 01:32:38+02:00,92.3
2022-06-18 01:33:38+02:00,92.5
2022-06-18 01:34:38+02:00,92.3
2022-06-18 01:35:38+02:00,92.4
2022-06-18 01:36:38+02:00,92.3
2022-06-18 01:37:38+02:00,92.3
2022-06-18 01:38:39+02:00,92.3
2022-06-18 01:39:39+02:00,92.3
2022-06-18 01:40:39+02:00,92.6
2022-06-18 01:41:39+02:00,92.7
2022-06-18 01:42:39+02:00,92.6
2022-06-18 01:43:39+02:00,92.4
2022-06-18 01:44:40+02:00,92.3
2022-06-18 01:45:40+02:00,92.3
2022-06-18 01:46:40+02:00,92.3
2022-06-18 01:47:40+02:00,92.3
2022-06-18 01:48:40+02:00,92.3
2022-06-18 01:49:40+02:00,92.4
2022-06-18 01:50:40+02:00,92.5
2022-06-18 01:51:41+02:00,92.5
2022-06-18 01:52:41+02:00,92.7
2022-06-18 01:53:41+02:00,93.0
2022-06-18 01:54:41+02:00,93.0
2022-06-18 01:55:41+02:00,92.9
2022-06-18 01:56:41+02:00,92.8
2022-06-18 01:57:42+02:00,92.4
2022-06-18 01:58:42+02:00,92.2
2022-06-18 01:59:42+02:00,92.1
2022-06-18 02:00:42+02:00,91.9
2022-06-18 02:00:42+02:00,91.9
2022-06-18 02:01:42+02:00,91.7
2022-06-18 02:02:42+02:00,91.5
2022-06-18 02:03:42+02:00,91.4
2022-06-18 02:04:43+02:00,91.5
2022-06-18 02:05:43+02:00,91.3
2022-06-18 02:06:43+02:00,91.3
2022-06-18 02:07:43+02:00,91.5
2022-06-18 02:08:43+02:00,91.5
2022-06-18 02:09:43+02:00,91.4
2022-06-18 02:10:43+02:00,91.3
2022-06-18 02:11:44+02:00,91.2
2022-06-18 02:12:44+02:00,91.3
2022-06-18 02:13:44+02:00,91.1
2022-06-18 02:14:44+02:00,91.1
2022-06-18 02:15:44+02:00,91.0
2022-06-18 02:16:44+02:00,50.0
2022-06-18 02:17:45+02:00,50.0
2022-06-18 02:18:45+02:00,89.7
2022-06-18 02:19:45+02:00,50.0
2022-06-18 02:20:45+02:00,89.9
2022-06-18 02:21:45+02:00,90.6
2022-06-18 02:22:45+02:00,91.0
2022-06-18 02:23:45+02:00,91.3
2022-06-18 02:24:46+02:00,91.4
2022-06-18 02:25:46+02:00,91.5
2022-06-18 02:26:46+02:00,91.6
2022-06-18 02:27:46+02:00,91.6
2022-06-18 02:28:46+02:00,91.5
2022-06-18 02:29:46+02:00,91.4
2022-06-18 02:30:47+02:00,91.3
2022-06-18 02:31:47+02:00,91.1
2022-06-18 02:32:47+02:00,91.1
2022-06-18 02:33:47+02:00,91.0
2022-06-18 02:34:47+02:00,91.0
2022-06-18 02:35:47+02:00,91.1
2022-06-18 02:36:47+02:00,91.0
2022-06-18 02:37:48+02:00,90.9
2022-06-18 02:38:48+02:00,90.8
2022-06-18 02:39:48+02:00,90.5
2022-06-18 02:40:48+02:00,90.1
2022-06-18 02:41:48+02:00,90.3
2022-06-18 02:42:48+02:00,90.5
2022-06-18 02:43:49+02:00,90.6
2022-06-18 02:44:49+02:00,90.7
2022-06-18 02:45:49+02:00,90.8
2022-06-18 02:46:49+02:00,90.8
2022-06-18 02:47:49+02:00,90.9
2022-06-18 02:48:49+02:00,90.8
2022-06-18 02:49:50+02:00,90.9
2022-06-18 02:50:50+02:00,90.8
2022-06-18 02:51:50+02:00,90.9
2022-06-18 02:52:50+02:00,90.8
2022-06-18 02:53:50+02:00,90.8
2022-06-18 02:54:50+02:00,91.1
2022-06-18 02:55:50+02:00,91.1
2022-06-18 02:56:51+02:00,91.1
2022-06-18 02:57:51+02:00,91.2
2022-06-18 02:58:51+02:00,91.2
2022-06-18 02:59:51+02:00,91.2
2022-06-18 03:00:51+02:00,91.2
2022-06-18 03:01:51+02:00,91.2
2022-06-18 03:02:51+02:00,91.4
2022-06-18 03:03:52+02:00,91.5
2022-06-18 03:04:52+02:00,91.6
2022-06-18 03:05:52+02:00,91.5
2022-06-18 03:06:52+02:00,91.6
2022-06-18 03:07:52+02:00,91.6
2022-06-18 03:08:52+02:00,91.5
2022-06-18 03:09:53+02:00,91.6
2022-06-18 03:10:53+02:00,91.7
2022-06-18 03:11:53+02:00,91.7
2022-06-18 03:12:53+02:00,91.9
2022-06-18 03:13:53+02:00,91.9
2022-06-18 03:14:53+02:00,91.8
2022-06-18 03:15:54+02:00,91.8
2022-06-18 03:16:54+02:00,91.7
2022-06-18 03:17:54+02:00,91.8
2022-06-18 03:18:54+02:00,50.0
2022-06-18 03:19:54+02:00,50.0
2022-06-18 03:20:54+02:00,92.3
2022-06-18 03:21:55+02:00,92.1
2022-06-18 03:22:55+02:00,50.0
2022-06-18 03:23:55+02:00,50.0
2022-06-18 03:24:55+02:00,50.0
2022-06-18 03:25:55+02:00,92.2
2022-06-18 03:26:55+02:00,92.1
2022-06-18 03:27:55+02:00,91.9
2022-06-18 03:28:56+02:00,91.8
2022-06-18 03:29:56+02:00,50.0
2022-06-18 03:30:56+02:00,50.0
2022-06-18 03:31:56+02:00,91.7
2022-06-18 03:32:56+02:00,91.8
2022-06-18 03:33:56+02:00,91.7
2022-06-18 03:34:56+02:00,91.8
2022-06-18 03:35:57+02:00,50.0
2022-06-18 03:36:57+02:00,50.0
2022-06-18 03:37:57+02:00,50.0
2022-06-18 03:38:57+02:00,90.8
2022-06-18 03:39:57+02:00,90.1
2022-06-18 03:40:57+02:00,89.4
2022-06-18 03:41:58+02:00,50.0
2022-06-18 03:42:58+02:00,50.0
2022-06-18 03:43:58+02:00,50.0
2022-06-18 03:44:58+02:00,89.3
2022-06-18 03:45:58+02:00,90.3
2022-06-18 03:46:58+02:00,90.5
2022-06-18 03:47:58+02:00,91.5
2022-06-18 03:48:59+02:00,91.6
2022-06-18 03:49:59+02:00,92.2
2022-06-18 03:50:59+02:00,92.3
2022-06-18 03:51:59+02:00,93.0
2022-06-18 03:52:59+02:00,93.5
2022-06-18 03:53:59+02:00,93.8
2022-06-18 03:55:00+02:00,50.0
2022-06-18 03:56:00+02:00,92.3
2022-06-18 03:57:00+02:00,89.4
2022-06-18 03:58:00+02:00,88.4
2022-06-18 03:59:00+02:00,87.7
2022-06-18 04:00:00+02:00,87.6
2022-06-18 04:01:00+02:00,88.2
2022-06-18 04:02:00+02:00,88.2
2022-06-18 04:03:00+02:00,88.6
2022-06-18 04:04:00+02:00,89.9
2022-06-18 04:05:01+02:00,89.7
2022-06-18 04:06:01+02:00,89.3
2022-06-18 04:07:01+02:00,88.6
2022-06-18 04:08:01+02:00,88.0
2022-06-18 04:09:01+02:00,88.3
2022-06-18 04:10:01+02:00,89.1
2022-06-18 04:11:01+02:00,89.1
2022-06-18 04:12:02+02:00,89.7
2022-06-18 04:13:02+02:00,90.5
2022-06-18 04:14:02+02:00,90.8
2022-06-18 04:15:02+02:00,89.8
2022-06-18 04:16:02+02:00,89.6
2022-06-18 04:17:02+02:00,90.4
2022-06-18 04:18:02+02:00,92.3
2022-06-18 04:19:02+02:00,92.5
2022-06-18 04:20:02+02:00,93.4
2022-06-18 04:21:03+02:00,93.2
2022-06-18 04:22:03+02:00,93.3
2022-06-18 04:23:03+02:00,93.7
2022-06-18 04:24:03+02:00,93.7
2022-06-18 04:25:03+02:00,93.2
2022-06-18 04:26:03+02:00,94.2
2022-06-18 04:27:03+02:00,95.3
2022-06-18 04:28:04+02:00,96.1
2022-06-18 04:29:04+02:00,96.2
2022-06-18 04:30:04+02:00,95.8
2022-06-18 04:31:04+02:00,95.8
2022-06-18 04:32:04+02:00,94.8
2022-06-18 04:33:04+02:00,95.5
2022-06-18 04:34:04+02:00,96.0
2022-06-18 04:35:04+02:00,96.6
2022-06-18 04:36:05+02:00,96.7
2022-06-18 04:37:05+02:00,96.9
2022-06-18 04:38:05+02:00,97.2
2022-06-18 04:39:05+02:00,50.0
2022-06-18 04:40:05+02:00,95.7
2022-06-18 04:41:05+02:00,92.5
2022-06-18 04:42:05+02:00,91.9
2022-06-18 04:43:05+02:00,89.3
2022-06-18 04:44:05+02:00,88.6
2022-06-18 04:45:06+02:00,88.1
2022-06-18 04:46:06+02:00,50.0
2022-06-18 04:47:06+02:00,87.7
2022-06-18 04:48:06+02:00,50.0
2022-06-18 04:49:06+02:00,89.1
2022-06-18 04:50:06+02:00,90.0
2022-06-18 04:51:07+02:00,50.0
2022-06-18 04:52:07+02:00,50.0
2022-06-18 04:53:07+02:00,50.0
2022-06-18 04:54:07+02:00,90.3
2022-06-18 04:55:07+02:00,90.7
2022-06-18 04:56:07+02:00,90.3
2022-06-18 04:57:08+02:00,90.0
2022-06-18 04:58:08+02:00,89.6
2022-06-18 04:59:08+02:00,89.3
2022-06-18 05:00:08+02:00,89.1
2022-06-18 05:01:08+02:00,88.5
2022-06-18 05:02:08+02:00,88.4
2022-06-18 05:03:08+02:00,88.5
2022-06-18 05:04:09+02:00,88.5
2022-06-18 05:05:09+02:00,88.3
2022-06-18 05:06:09+02:00,88.2
2022-06-18 05:07:09+02:00,87.9
2022-06-18 05:08:09+02:00,88.4
2022-06-18 05:09:09+02:00,88.5
2022-06-18 05:10:09+02:00,88.5
2022-06-18 05:11:10+02:00,88.4
2022-06-18 05:12:10+02:00,88.7
2022-06-18 05:13:10+02:00,88.6
2022-06-18 05:14:10+02:00,88.6
2022-06-18 05:15:10+02:00,88.6
2022-06-18 05:16:10+02:00,89.3
2022-06-18 05:17:10+02:00,89.3
2022-06-18 05:18:10+02:00,89.1
2022-06-18 05:19:10+02:00,89.3
2022-06-18 05:20:11+02:00,89.6
2022-06-18 05:21:11+02:00,89.9
2022-06-18 05:22:11+02:00,89.7
2022-06-18 05:23:11+02:00,89.4
2022-06-18 05:24:11+02:00,89.3
2022-06-18 05:25:11+02:00,89.5
2022-06-18 05:26:11+02:00,89.7
2022-06-18 05:27:11+02:00,89.4
2022-06-18 05:28:11+02:00,89.5
2022-06-18 05:29:12+02:00,89.2
2022-06-18 05:30:12+02:00,89.2
2022-06-18 05:31:12+02:00,50.0
2022-06-18 05:32:12+02:00,50.0
2022-06-18 05:33:12+02:00,50.0
2022-06-18 05:34:12+02:00,50.0
2022-06-18 05:35:12+02:00,50.0
2022-06-18 05:36:12+02:00,50.0
2022-06-18 05:37:12+02:00,50.0
2022-06-18 05:38:12+02:00,50.0
2022-06-18 05:39:13+02:00,50.0
2022-06-18 05:40:13+02:00,50.0
2022-06-18 05:41:13+02:00,50.0
2022-06-18 05:42:13+02:00,50.0
2022-06-18 05:43:13+02:00,50.0
2022-06-18 05:44:13+02:00,50.0
2022-06-18 05:45:13+02:00,50.0
2022-06-18 05:46:13+02:00,50.0
2022-06-18 05:47:13+02:00,50.0
2022-06-18 05:48:13+02:00,50.0
2022-06-18 05:49:13+02:00,50.0
2022-06-18 05:50:13+02:00,50.0
2022-06-18 05:51:13+02:00,50.0
2022-06-18 05:52:13+02:00,50.0
2022-06-18 05:53:14+02:00,50.0
2022-06-18 05:54:14+02:00,50.0
2022-06-18 05:55:14+02:00,50.0
2022-06-18 05:56:14+02:00,50.0
2022-06-18 05:57:14+02:00,50.0
2022-06-18 05:58:14+02:00,50.0
2022-06-18 05:59:14+02:00,50.0
2022-06-18 06:00:14+02:00,50.0
2022-06-18 06:01:14+02:00,50.0
2022-06-18 06:02:14+02:00,50.0
2022-06-18 06:03:14+02:00,50.0
2022-06-18 06:04:15+02:00,50.0
2022-06-18 06:05:15+02:00,50.0
2022-06-18 06:06:15+02:00,50.0
2022-06-19 01:41:30+02:00,91.6
2022-06-19 01:42:30+02:00,91.4
2022-06-19 01:43:30+02:00,91.3
2022-06-19 01:44:30+02:00,91.6
2022-06-19 01:45:30+02:00,91.5
2022-06-19 01:46:30+02:00,91.3
2022-06-19 01:47:30+02:00,91.3
2022-06-19 01:48:30+02:00,91.3
2022-06-19 01:49:30+02:00,91.6
2022-06-19 01:50:30+02:00,91.9
2022-06-19 01:51:30+02:00,91.9
2022-06-19 01:52:31+02:00,92.0
2022-06-19 01:53:31+02:00,92.1
2022-06-19 01:54:31+02:00,92.2
2022-06-19 01:55:31+02:00,92.3
2022-06-19 01:56:31+02:00,92.4
2022-06-19 01:57:31+02:00,92.3
2022-06-19 01:58:32+02:00,92.5
2022-06-19 01:59:32+02:00,92.7
2022-06-19 02:00:32+02:00,92.4
2022-06-19 02:00:32+02:00,92.4
2022-06-19 02:01:32+02:00,92.4
2022-06-19 02:02:32+02:00,92.5
2022-06-19 02:03:32+02:00,92.3
2022-06-19 02:04:32+02:00,92.2
2022-06-19 02:05:33+02:00,92.4
2022-06-19 02:06:33+02:00,92.4
2022-06-19 02:07:33+02:00,92.4
2022-06-19 02:08:33+02:00,92.3
2022-06-19 02:09:33+02:00,50.0
2022-06-19 02:10:33+02:00,91.7
2022-06-19 02:11:33+02:00,90.6
2022-06-19 02:12:34+02:00,89.7
2022-06-19 02:13:34+02:00,88.9
2022-06-19 02:14:34+02:00,88.3
2022-06-19 02:15:34+02:00,87.7
2022-06-19 02:16:34+02:00,87.7
2022-06-19 02:17:34+02:00,87.5
2022-06-19 02:18:34+02:00,87.6
2022-06-19 02:19:34+02:00,88.1
2022-06-19 02:20:35+02:00,88.4
2022-06-19 02:21:35+02:00,88.0
2022-06-19 02:22:35+02:00,88.0
2022-06-19 02:23:35+02:00,87.6
2022-06-19 02:24:35+02:00,87.8
2022-06-19 02:25:35+02:00,88.6
2022-06-19 02:26:35+02:00,88.8
2022-06-19 02:27:36+02:00,89.4
2022-06-19 02:28:36+02:00,89.3
2022-06-19 02:29:36+02:00,89.3
2022-06-19 02:30:36+02:00,89.7
2022-06-19 02:31:36+02:00,90.0
2022-06-19 02:32:36+02:00,89.5
2022-06-19 02:33:36+02:00,89.7
2022-06-19 02:34:36+02:00,89.8
2022-06-19 02:35:37+02:00,89.5
2022-06-19 02:36:37+02:00,89.8
2022-06-19 02:37:37+02:00,89.6
2022-06-19 02:38:37+02:00,89.6
2022-06-19 02:39:37+02:00,89.5
2022-06-19 02:40:37+02:00,89.9
2022-06-19 02:41:37+02:00,89.7
2022-06-19 02:42:37+02:00,89.9
2022-06-19 02:43:38+02:00,89.7
2022-06-19 02:44:38+02:00,89.9
2022-06-19 02:45:38+02:00,89.3
2022-06-19 02:46:38+02:00,89.2
2022-06-19 02:47:38+02:00,89.0
2022-06-19 02:48:38+02:00,88.8
2022-06-19 02:49:38+02:00,88.7
2022-06-19 02:50:39+02:00,88.9
2022-06-19 02:51:39+02:00,88.9
2022-06-19 02:52:39+02:00,88.8
2022-06-19 02:53:39+02:00,88.7
2022-06-19 02:54:39+02:00,89.2
2022-06-19 02:55:39+02:00,89.1
2022-06-19 02:56:39+02:00,88.6
2022-06-19 02:57:39+02:00,88.1
2022-06-19 02:58:40+02:00,88.0
2022-06-19 02:59:40+02:00,87.9
2022-06-19 03:00:40+02:00,87.8
2022-06-19 03:01:40+02:00,87.8
2022-06-19 03:02:40+02:00,87.8
2022-06-19 03:03:40+02:00,87.8
2022-06-19 03:04:40+02:00,87.9
2022-06-19 03:05:41+02:00,88.0
2022-06-19 03:06:41+02:00,88.1
2022-06-19 03:07:41+02:00,88.2
2022-06-19 03:08:41+02:00,88.3
2022-06-19 03:09:41+02:00,88.3
2022-06-19 03:10:41+02:00,88.2
2022-06-19 03:11:41+02:00,88.0
2022-06-19 03:12:41+02:00,87.9
2022-06-19 03:13:42+02:00,87.6
2022-06-19 03:14:42+02:00,87.5
2022-06-19 03:15:42+02:00,50.0
2022-06-19 03:16:42+02:00,87.8
2022-06-19 03:17:42+02:00,50.0
2022-06-19 03:18:42+02:00,88.2
2022-06-19 03:19:42+02:00,89.1
2022-06-19 03:20:43+02:00,89.4
2022-06-19 03:21:43+02:00,89.5
2022-06-19 03:22:43+02:00,50.0
2022-06-19 03:23:43+02:00,89.2
2022-06-19 03:24:43+02:00,89.0
2022-06-19 03:25:43+02:00,88.5
2022-06-19 03:26:43+02:00,88.0
2022-06-19 03:27:44+02:00,88.3
2022-06-19 03:28:44+02:00,89.0
2022-06-19 03:29:44+02:00,89.3
2022-06-19 03:30:44+02:00,89.6
2022-06-19 03:31:44+02:00,90.0
2022-06-19 03:32:44+02:00,90.6
2022-06-19 03:33:44+02:00,91.0
2022-06-19 03:34:45+02:00,91.1
2022-06-19 03:35:45+02:00,91.3
2022-06-19 03:36:45+02:00,91.4
2022-06-19 03:37:45+02:00,92.0
2022-06-19 03:38:45+02:00,91.9
2022-06-19 03:39:45+02:00,92.0
2022-06-19 03:40:45+02:00,92.1
2022-06-19 03:41:45+02:00,92.1
2022-06-19 03:42:46+02:00,92.2
2022-06-19 03:43:46+02:00,92.5
2022-06-19 03:44:46+02:00,92.4
2022-06-19 03:45:46+02:00,92.3
2022-06-19 03:46:46+02:00,92.5
2022-06-19 03:47:46+02:00,92.6
2022-06-19 03:48:46+02:00,92.5
2022-06-19 03:49:47+02:00,92.3
2022-06-19 03:50:47+02:00,92.3
2022-06-19 03:51:47+02:00,92.4
2022-06-19 03:52:47+02:00,92.3
2022-06-19 03:53:47+02:00,92.2
2022-06-19 03:54:47+02:00,92.0
2022-06-19 03:55:47+02:00,91.6
2022-06-19 03:56:48+02:00,91.8
2022-06-19 03:57:48+02:00,92.1
2022-06-19 03:58:48+02:00,92.0
2022-06-19 03:59:48+02:00,92.0
2022-06-19 04:00:48+02:00,91.9
2022-06-19 04:01:48+02:00,91.8
2022-06-19 04:02:48+02:00,91.8
2022-06-19 04:03:49+02:00,92.0
2022-06-19 04:04:49+02:00,91.9
2022-06-19 04:05:49+02:00,92.0
2022-06-19 04:06:49+02:00,91.9
2022-06-19 04:07:49+02:00,91.9
2022-06-19 04:08:49+02:00,91.8
2022-06-19 04:09:49+02:00,91.8
2022-06-19 04:10:50+02:00,91.8
2022-06-19 04:11:50+02:00,91.9
2022-06-19 04:12:50+02:00,91.8
2022-06-19 04:13:50+02:00,91.6
2022-06-19 04:14:50+02:00,91.6
2022-06-19 04:15:50+02:00,91.5
2022-06-19 04:16:50+02:00,91.2
2022-06-19 04:17:50+02:00,91.3
2022-06-19 04:18:51+02:00,91.3
2022-06-19 04:19:51+02:00,90.9
2022-06-19 04:20:51+02:00,89.5
2022-06-19 04:21:51+02:00,87.8
2022-06-19 04:22:51+02:00,85.9
2022-06-19 04:23:51+02:00,84.1
2022-06-19 04:24:51+02:00,82.9
2022-06-19 04:25:52+02:00,82.9
2022-06-19 04:26:52+02:00,83.8
2022-06-19 04:27:52+02:00,84.3
2022-06-19 04:28:52+02:00,84.7
2022-06-19 04:29:52+02:00,85.1
2022-06-19 04:30:52+02:00,85.7
2022-06-19 04:31:52+02:00,82.2
2022-06-19 04:32:53+02:00,80.6
2022-06-19 04:33:53+02:00,80.4
2022-06-19 04:34:53+02:00,79.9
2022-06-19 04:35:53+02:00,80.0
2022-06-19 04:36:53+02:00,79.5
2022-06-19 04:37:53+02:00,50.0
2022-06-19 04:38:53+02:00,79.6
2022-06-19 04:39:53+02:00,79.3
2022-06-19 04:40:54+02:00,79.2
2022-06-19 04:41:54+02:00,79.0
2022-06-19 04:42:54+02:00,78.7
2022-06-19 04:43:54+02:00,78.2
2022-06-19 04:44:54+02:00,78.0
2022-06-19 04:45:54+02:00,77.9
2022-06-19 04:46:55+02:00,50.0
2022-06-19 04:47:55+02:00,80.3
2022-06-19 04:48:55+02:00,84.5
2022-06-19 04:49:55+02:00,50.0
2022-06-19 04:50:55+02:00,87.3
2022-06-19 04:51:55+02:00,90.0
2022-06-19 04:52:55+02:00,91.5
2022-06-19 04:53:55+02:00,92.3
2022-06-19 04:54:56+02:00,93.0
2022-06-19 04:55:56+02:00,93.3
2022-06-19 04:56:56+02:00,93.8
2022-06-19 04:57:56+02:00,93.7
2022-06-19 04:58:56+02:00,93.5
2022-06-19 04:59:56+02:00,93.2
2022-06-19 05:00:56+02:00,93.0
2022-06-19 05:01:57+02:00,93.1
2022-06-19 05:02:57+02:00,92.9
2022-06-19 05:03:57+02:00,92.6
2022-06-19 05:04:57+02:00,92.5
2022-06-19 05:05:57+02:00,92.3
2022-06-19 05:06:57+02:00,92.3
2022-06-19 05:07:57+02:00,92.0
2022-06-19 05:08:58+02:00,92.1
2022-06-19 05:09:58+02:00,92.5
2022-06-19 05:10:58+02:00,92.5
2022-06-19 05:11:58+02:00,92.5
2022-06-19 05:12:58+02:00,92.3
2022-06-19 05:13:58+02:00,92.3
2022-06-19 05:14:58+02:00,92.0
2022-06-19 05:15:59+02:00,50.0
2022-06-19 05:16:59+02:00,91.2
2022-06-19 05:17:59+02:00,92.0
2022-06-19 05:18:59+02:00,92.5
2022-06-19 05:19:59+02:00,92.9
2022-06-19 05:20:59+02:00,93.2
2022-06-19 05:21:59+02:00,93.2
2022-06-19 05:23:00+02:00,93.3
2022-06-19 05:24:00+02:00,93.7
2022-06-19 05:25:00+02:00,93.7
2022-06-19 05:26:00+02:00,93.6
2022-06-19 05:27:00+02:00,93.4
2022-06-19 05:28:00+02:00,93.2
2022-06-19 05:29:00+02:00,93.2
2022-06-19 05:30:00+02:00,93.2
2022-06-19 05:31:00+02:00,93.3
2022-06-19 05:32:01+02:00,93.2
2022-06-19 05:33:01+02:00,93.4
2022-06-19 05:34:01+02:00,93.3
2022-06-19 05:35:01+02:00,93.3
2022-06-19 05:36:01+02:00,93.5
2022-06-19 05:37:01+02:00,93.5
2022-06-19 05:38:01+02:00,93.5
2022-06-19 05:39:01+02:00,93.4
2022-06-19 05:40:01+02:00,93.4
2022-06-19 05:41:02+02:00,50.0
2022-06-19 05:42:02+02:00,93.9
2022-06-19 05:43:02+02:00,92.9
2022-06-19 05:44:02+02:00,91.8
2022-06-19 05:45:02+02:00,91.2
2022-06-19 05:46:02+02:00,90.5
2022-06-19 05:47:02+02:00,90.0
2022-06-19 05:48:02+02:00,89.8
2022-06-19 05:49:02+02:00,50.0
2022-06-19 05:50:03+02:00,89.7
2022-06-19 05:51:03+02:00,90.9
2022-06-19 05:52:03+02:00,91.3
2022-06-19 05:53:03+02:00,91.4
2022-06-19 05:54:03+02:00,50.0
2022-06-19 05:55:03+02:00,93.2
2022-06-19 05:56:03+02:00,94.0
2022-06-19 05:57:03+02:00,50.0
2022-06-19 05:58:04+02:00,93.4
2022-06-19 05:59:04+02:00,92.7
2022-06-19 06:00:04+02:00,91.8
2022-06-19 06:01:04+02:00,91.3
2022-06-19 06:02:04+02:00,90.9
2022-06-19 06:03:04+02:00,90.8
2022-06-19 06:04:04+02:00,90.2
2022-06-19 06:05:04+02:00,89.8
2022-06-19 06:06:04+02:00,90.0
2022-06-19 06:07:04+02:00,90.2
2022-06-19 06:08:05+02:00,90.5
2022-06-19 06:09:05+02:00,90.2
2022-06-19 06:10:05+02:00,90.5
2022-06-19 06:11:05+02:00,90.2
2022-06-19 06:12:05+02:00,90.1
2022-06-19 06:13:05+02:00,89.7
2022-06-19 06:14:05+02:00,89.4
2022-06-19 06:15:06+02:00,89.2
2022-06-19 06:16:06+02:00,89.0
2022-06-19 06:17:06+02:00,89.0
2022-06-19 06:18:06+02:00,88.8
2022-06-19 06:19:06+02:00,88.4
2022-06-19 06:20:06+02:00,88.0
2022-06-19 06:21:06+02:00,87.4
2022-06-19 06:22:06+02:00,86.9
2022-06-19 06:23:07+02:00,86.6
2022-06-19 06:24:07+02:00,86.5
2022-06-19 06:25:07+02:00,86.3
2022-06-19 06:26:07+02:00,86.4
2022-06-19 06:27:07+02:00,86.4
2022-06-19 06:28:07+02:00,86.5
2022-06-19 06:29:08+02:00,86.6
2022-06-19 06:30:08+02:00,86.5
2022-06-19 06:31:08+02:00,86.6
2022-06-19 06:32:08+02:00,86.7
2022-06-19 06:33:08+02:00,86.6
2022-06-19 06:34:08+02:00,86.5
2022-06-19 06:35:08+02:00,86.4
2022-06-19 06:36:09+02:00,86.4
2022-06-19 06:37:09+02:00,86.5
2022-06-19 06:38:09+02:00,86.8
2022-06-19 06:39:09+02:00,87.3
2022-06-19 06:40:09+02:00,50.0
2022-06-19 06:41:09+02:00,87.8
2022-06-19 06:42:10+02:00,87.1
2022-06-19 06:43:10+02:00,87.1
2022-06-19 06:44:10+02:00,86.8
2022-06-19 06:45:10+02:00,86.8
2022-06-19 06:46:10+02:00,87.0
2022-06-19 06:47:10+02:00,87.5
2022-06-19 06:48:10+02:00,88.1
2022-06-19 06:49:10+02:00,88.1
2022-06-19 06:50:11+02:00,88.1
2022-06-19 06:51:11+02:00,50.0
2022-06-19 06:52:11+02:00,50.0
2022-06-19 06:53:11+02:00,85.6
2022-06-19 06:54:11+02:00,86.4
2022-06-19 06:55:11+02:00,84.8
2022-06-19 06:56:11+02:00,83.3
2022-06-19 06:57:11+02:00,81.5
2022-06-19 06:58:11+02:00,81.1
2022-06-19 06:59:11+02:00,80.5
2022-06-19 07:00:11+02:00,80.3
2022-06-19 07:01:12+02:00,80.0
2022-06-19 07:02:12+02:00,50.0
2022-06-19 07:03:12+02:00,81.0
2022-06-19 07:04:12+02:00,83.2
2022-06-19 07:05:12+02:00,84.8
2022-06-19 07:06:12+02:00,85.3
2022-06-19 07:07:12+02:00,85.9
2022-06-19 07:08:12+02:00,86.0
2022-06-19 07:09:12+02:00,86.2
2022-06-19 07:10:12+02:00,86.1
2022-06-19 07:11:12+02:00,86.3
2022-06-19 07:12:13+02:00,86.3
2022-06-19 07:13:13+02:00,86.3
2022-06-19 07:14:13+02:00,85.6
2022-06-19 07:15:13+02:00,85.3
2022-06-19 07:16:13+02:00,84.4
2022-06-19 07:17:13+02:00,84.3
2022-06-19 07:18:13+02:00,84.3
2022-06-19 07:19:13+02:00,83.8
2022-06-19 07:20:14+02:00,83.0
2022-06-19 07:21:14+02:00,82.6
2022-06-19 07:22:14+02:00,81.9
2022-06-19 07:23:14+02:00,81.0
2022-06-19 07:24:14+02:00,79.4
2022-06-19 07:25:14+02:00,79.3
2022-06-19 07:26:14+02:00,79.6
2022-06-19 07:27:14+02:00,50.0
2022-06-19 07:28:14+02:00,50.0
2022-06-19 07:29:14+02:00,76.4
2022-06-19 07:30:14+02:00,79.7
2022-06-19 07:31:15+02:00,83.2
2022-06-19 07:32:15+02:00,86.0
2022-06-19 07:33:15+02:00,50.0
2022-06-19 07:34:15+02:00,50.0
2022-06-19 07:35:15+02:00,50.0
2022-06-19 07:36:15+02:00,50.0
2022-06-19 07:37:15+02:00,50.0
2022-06-19 07:38:15+02:00,50.0
2022-06-19 07:39:15+02:00,50.0
2022-06-19 07:40:15+02:00,50.0
2022-06-19 07:41:15+02:00,50.0
2022-06-19 07:42:15+02:00,50.0
2022-06-19 07:43:16+02:00,50.0
2022-06-19 07:44:16+02:00,50.0
2022-06-19 07:45:16+02:00,50.0
2022-06-19 07:46:16+02:00,50.0
2022-06-19 07:47:16+02:00,50.0
2022-06-19 07:48:16+02:00,50.0
2022-06-19 07:49:16+02:00,50.0
2022-06-19 07:50:17+02:00,50.0
2022-06-19 07:51:17+02:00,50.0
2022-06-19 07:52:17+02:00,50.0
2022-06-19 07:53:17+02:00,50.0
2022-06-19 07:54:17+02:00,50.0
2022-06-19 07:55:17+02:00,50.0
2022-06-19 07:56:17+02:00,50.0
2022-06-19 07:57:18+02:00,50.0
2022-06-19 07:58:18+02:00,50.0
2022-06-19 07:59:18+02:00,50.0
2022-06-19 08:00:18+02:00,50.0
2022-06-19 08:01:18+02:00,50.0
2022-06-19 08:02:18+02:00,50.0
2022-06-19 08:03:18+02:00,50.0
2022-06-19 08:04:19+02:00,50.0
2022-06-19 08:05:19+02:00,50.0
2022-06-19 08:06:19+02:00,50.0
2022-06-19 23:59:00+02:00,50.0
2022-06-20 00:00:00+02:00,85.8
2022-06-20 00:01:00+02:00,85.3
2022-06-20 00:02:00+02:00,85.0
2022-06-20 00:03:00+02:00,84.9
2022-06-20 00:04:00+02:00,85.0
2022-06-20 00:05:00+02:00,85.0
2022-06-20 00:06:00+02:00,85.3
2022-06-20 00:07:00+02:00,85.3
2022-06-20 00:08:00+02:00,85.4
2022-06-20 00:09:00+02:00,85.4
2022-06-20 00:10:00+02:00,85.6
2022-06-20 00:11:00+02:00,85.7
2022-06-20 00:12:01+02:00,85.7
2022-06-20 00:13:01+02:00,85.8
2022-06-20 00:14:01+02:00,85.7
2022-06-20 00:15:01+02:00,85.8
2022-06-20 00:16:01+02:00,85.9
2022-06-20 00:17:01+02:00,85.8
2022-06-20 00:18:01+02:00,85.9
2022-06-20 00:19:01+02:00,86.0
2022-06-20 00:20:01+02:00,86.1
2022-06-20 00:21:02+02:00,86.4
2022-06-20 00:22:02+02:00,86.4
2022-06-20 00:23:02+02:00,86.6
2022-06-20 00:24:02+02:00,86.6
2022-06-20 00:25:02+02:00,86.9
2022-06-20 00:26:02+02:00,87.0
2022-06-20 00:27:02+02:00,87.2
2022-06-20 00:28:02+02:00,87.3
2022-06-20 00:29:02+02:00,87.4
2022-06-20 00:30:02+02:00,87.6
2022-06-20 00:31:03+02:00,87.6
2022-06-20 00:32:03+02:00,87.8
2022-06-20 00:33:03+02:00,88.1
2022-06-20 00:34:03+02:00,88.4
2022-06-20 00:35:03+02:00,88.6
2022-06-20 00:36:03+02:00,88.8
2022-06-20 00:37:03+02:00,88.7
2022-06-20 00:38:03+02:00,88.6
2022-06-20 00:39:03+02:00,88.6
2022-06-20 00:40:03+02:00,88.7
2022-06-20 00:41:03+02:00,88.9
2022-06-20 00:42:04+02:00,89.0
2022-06-20 00:43:04+02:00,89.3
2022-06-20 00:44:04+02:00,89.6
2022-06-20 00:45:04+02:00,89.7
2022-06-20 00:46:04+02:00,89.6
2022-06-20 00:47:04+02:00,89.6
2022-06-20 00:48:04+02:00,89.6
2022-06-20 00:49:04+02:00,50.0
2022-06-20 00:50:04+02:00,50.0
2022-06-20 00:51:04+02:00,89.8
2022-06-20 00:52:04+02:00,90.4
2022-06-20 00:53:05+02:00,50.0
2022-06-20 00:54:05+02:00,87.5
2022-06-20 00:55:05+02:00,84.9
2022-06-20 00:56:05+02:00,83.4
2022-06-20 00:57:05+02:00,83.4
2022-06-20 00:58:05+02:00,83.7
2022-06-20 00:59:05+02:00,83.7
2022-06-20 01:00:05+02:00,83.7
2022-06-20 01:01:05+02:00,84.7
2022-06-20 01:02:06+02:00,85.1
2022-06-20 01:03:06+02:00,85.9
2022-06-20 01:04:06+02:00,87.0
2022-06-20 01:05:06+02:00,87.7
2022-06-20 01:06:06+02:00,88.9
2022-06-20 01:07:06+02:00,88.9
2022-06-20 01:08:06+02:00,88.2
2022-06-20 01:09:07+02:00,87.9
2022-06-20 01:10:07+02:00,88.5
2022-06-20 01:11:07+02:00,88.0
2022-06-20 01:12:07+02:00,87.6
2022-06-20 01:13:07+02:00,87.5
2022-06-20 01:14:07+02:00,88.8
2022-06-20 01:15:07+02:00,91.4
2022-06-20 01:16:08+02:00,93.3
2022-06-20 01:17:08+02:00,93.8
2022-06-20 01:18:08+02:00,94.1
2022-06-20 01:19:08+02:00,94.3
2022-06-20 01:20:08+02:00,94.7
2022-06-20 01:21:08+02:00,94.8
2022-06-20 01:22:08+02:00,94.5
2022-06-20 01:23:08+02:00,93.8
2022-06-20 01:24:09+02:00,93.6
2022-06-20 01:25:09+02:00,93.1
2022-06-20 01:26:09+02:00,92.6
2022-06-20 01:27:09+02:00,92.5
2022-06-20 01:28:09+02:00,92.2
2022-06-20 01:29:09+02:00,92.2
2022-06-20 01:30:09+02:00,91.8
2022-06-20 01:31:10+02:00,91.9
2022-06-20 01:32:10+02:00,91.9
2022-06-20 01:33:10+02:00,91.5
2022-06-20 01:34:10+02:00,91.6
2022-06-20 01:35:10+02:00,50.0
2022-06-20 01:36:10+02:00,91.9
2022-06-20 01:37:10+02:00,91.3
2022-06-20 01:38:11+02:00,91.0
2022-06-20 01:39:11+02:00,90.7
2022-06-20 01:40:11+02:00,90.3
2022-06-20 01:41:11+02:00,90.3
2022-06-20 01:42:11+02:00,50.0
2022-06-20 01:43:11+02:00,90.1
2022-06-20 01:44:11+02:00,89.8
2022-06-20 01:45:11+02:00,89.6
2022-06-20 01:46:11+02:00,89.4
2022-06-20 01:47:11+02:00,89.3
2022-06-20 01:48:11+02:00,89.5
2022-06-20 01:49:12+02:00,89.6
2022-06-20 01:50:12+02:00,89.8
2022-06-20 01:51:12+02:00,89.9
2022-06-20 01:52:12+02:00,90.1
2022-06-20 01:53:12+02:00,90.1
2022-06-20 01:54:12+02:00,90.2
2022-06-20 01:55:12+02:00,90.5
2022-06-20 01:56:12+02:00,90.7
2022-06-20 01:57:13+02:00,90.7
2022-06-20 01:58:13+02:00,90.9
2022-06-20 01:59:13+02:00,91.0
2022-06-20 02:00:13+02:00,91.1
2022-06-20 02:00:13+02:00,91.1
2022-06-20 02:01:13+02:00,91.3
2022-06-20 02:02:13+02:00,91.4
2022-06-20 02:03:13+02:00,91.6
2022-06-20 02:04:13+02:00,91.7
2022-06-20 02:05:13+02:00,91.9
2022-06-20 02:06:13+02:00,91.9
2022-06-20 02:07:13+02:00,92.0
2022-06-20 02:08:14+02:00,92.2
2022-06-20 02:09:14+02:00,92.4
2022-06-20 02:10:14+02:00,92.5
2022-06-20 02:11:14+02:00,92.6
2022-06-20 02:12:14+02:00,92.6
2022-06-20 02:13:14+02:00,50.0
2022-06-20 02:14:14+02:00,93.0
2022-06-20 02:15:14+02:00,50.0
2022-06-20 02:16:15+02:00,50.0
2022-06-20 02:17:15+02:00,93.8
2022-06-20 02:18:15+02:00,94.6
2022-06-20 02:19:15+02:00,94.9
2022-06-20 02:20:15+02:00,95.1
2022-06-20 02:21:15+02:00,95.3
2022-06-20 02:22:15+02:00,95.1
2022-06-20 02:23:15+02:00,95.5
2022-06-20 02:24:15+02:00,95.3
2022-06-20 02:25:15+02:00,95.3
2022-06-20 02:26:16+02:00,95.7
2022-06-20 02:27:16+02:00,96.0
2022-06-20 02:28:16+02:00,96.1
2022-06-20 02:29:16+02:00,96.0
2022-06-20 02:30:16+02:00,96.3
2022-06-20 02:31:16+02:00,96.4
2022-06-20 02:32:16+02:00,96.4
2022-06-20 02:33:16+02:00,96.4
2022-06-20 02:34:16+02:00,96.6
2022-06-20 02:35:17+02:00,96.7
2022-06-20 02:36:17+02:00,50.0
2022-06-20 02:37:17+02:00,94.6
2022-06-20 02:38:17+02:00,91.8
2022-06-20 02:39:17+02:00,89.9
2022-06-20 02:40:17+02:00,88.7
2022-06-20 02:41:17+02:00,87.8
2022-06-20 02:42:18+02:00,87.1
2022-06-20 02:43:18+02:00,87.1
2022-06-20 02:44:18+02:00,50.0
2022-06-20 02:45:18+02:00,50.0
2022-06-20 02:46:18+02:00,50.0
2022-06-20 02:47:18+02:00,50.0
2022-06-20 02:48:18+02:00,88.5
2022-06-20 02:49:19+02:00,50.0
2022-06-20 02:50:19+02:00,50.0
2022-06-20 02:51:19+02:00,50.0
2022-06-20 02:52:19+02:00,88.8
2022-06-20 02:53:19+02:00,89.1
2022-06-20 02:54:19+02:00,89.0
2022-06-20 02:55:19+02:00,50.0
2022-06-20 02:56:20+02:00,89.2
2022-06-20 02:57:20+02:00,89.5
2022-06-20 02:58:20+02:00,89.1
2022-06-20 02:59:20+02:00,50.0
2022-06-20 03:00:20+02:00,90.2
2022-06-20 03:01:20+02:00,90.6
2022-06-20 03:02:21+02:00,91.5
2022-06-20 03:03:21+02:00,91.8
2022-06-20 03:04:21+02:00,91.7
2022-06-20 03:05:21+02:00,50.0
2022-06-20 03:06:21+02:00,91.4
2022-06-20 03:07:21+02:00,92.1
2022-06-20 03:08:21+02:00,50.0
2022-06-20 03:09:22+02:00,92.4
2022-06-20 03:10:22+02:00,92.2
2022-06-20 03:11:22+02:00,92.0
2022-06-20 03:12:22+02:00,50.0
2022-06-20 03:13:22+02:00,50.0
2022-06-20 03:14:22+02:00,50.0
2022-06-20 03:15:22+02:00,91.1
2022-06-20 03:16:22+02:00,91.2
2022-06-20 03:17:23+02:00,91.1
2022-06-20 03:18:23+02:00,91.4
2022-06-20 03:19:23+02:00,91.7
2022-06-20 03:20:23+02:00,91.8
2022-06-20 03:21:23+02:00,91.9
2022-06-20 03:22:23+02:00,92.2
2022-06-20 03:23:23+02:00,92.2
2022-06-20 03:24:23+02:00,92.0
2022-06-20 03:25:24+02:00,92.3
2022-06-20 03:26:24+02:00,91.6
2022-06-20 03:27:24+02:00,50.0
2022-06-20 03:28:24+02:00,90.9
2022-06-20 03:29:24+02:00,90.1
2022-06-20 03:30:24+02:00,89.7
2022-06-20 03:31:25+02:00,89.4
2022-06-20 03:32:25+02:00,89.3
2022-06-20 03:33:25+02:00,89.1
2022-06-20 03:34:25+02:00,88.9
2022-06-20 03:35:25+02:00,88.6
2022-06-20 03:36:25+02:00,88.5
2022-06-20 03:37:25+02:00,88.4
2022-06-20 03:38:26+02:00,88.6
2022-06-20 03:39:26+02:00,50.0
2022-06-20 03:40:26+02:00,88.0
2022-06-20 03:41:26+02:00,87.6
2022-06-20 03:42:26+02:00,87.2
2022-06-20 03:43:26+02:00,87.0
2022-06-20 03:44:26+02:00,87.0
2022-06-20 03:45:27+02:00,50.0
2022-06-20 03:46:27+02:00,87.5
2022-06-20 03:47:27+02:00,87.9
2022-06-20 03:48:27+02:00,88.0
2022-06-20 03:49:27+02:00,87.9
2022-06-20 03:50:27+02:00,87.9
2022-06-20 03:51:27+02:00,87.8
2022-06-20 03:52:28+02:00,87.7
2022-06-20 03:53:28+02:00,88.1
2022-06-20 03:54:28+02:00,88.0
2022-06-20 03:55:28+02:00,88.1
2022-06-20 03:56:28+02:00,88.2
2022-06-20 03:57:28+02:00,50.0
2022-06-20 03:58:29+02:00,88.9
2022-06-20 03:59:29+02:00,88.9
2022-06-20 04:00:29+02:00,88.5
2022-06-20 04:01:29+02:00,88.4
2022-06-20 04:02:29+02:00,88.4
2022-06-20 04:03:29+02:00,88.4
2022-06-20 04:04:29+02:00,88.7
2022-06-20 04:05:30+02:00,88.9
2022-06-20 04:06:30+02:00,88.9
2022-06-20 04:07:30+02:00,88.7
2022-06-20 04:08:30+02:00,88.8
2022-06-20 04:09:30+02:00,88.6
2022-06-20 04:10:30+02:00,88.6
2022-06-20 04:11:30+02:00,88.6
2022-06-20 04:12:31+02:00,88.3
2022-06-20 04:13:31+02:00,88.6
2022-06-20 04:14:31+02:00,88.8
2022-06-20 04:15:31+02:00,88.8
2022-06-20 04:16:31+02:00,88.8
2022-06-20 04:17:31+02:00,88.5
2022-06-20 04:18:31+02:00,88.6
2022-06-20 04:19:32+02:00,88.7
2022-06-20 04:20:32+02:00,88.8
2022-06-20 04:21:32+02:00,88.9
2022-06-20 04:22:32+02:00,50.0
2022-06-20 04:23:32+02:00,50.0
2022-06-20 04:24:32+02:00,50.0
2022-06-20 04:25:32+02:00,88.9
2022-06-20 04:26:33+02:00,88.4
2022-06-20 04:27:33+02:00,87.6
2022-06-20 04:28:33+02:00,86.8
2022-06-20 04:29:33+02:00,87.5
2022-06-20 04:30:33+02:00,87.0
2022-06-20 04:31:33+02:00,86.8
2022-06-20 04:32:34+02:00,86.1
2022-06-20 04:33:34+02:00,85.5
2022-06-20 04:34:34+02:00,85.8
2022-06-20 04:35:34+02:00,86.2
2022-06-20 04:36:34+02:00,87.2
2022-06-20 04:37:34+02:00,87.0
2022-06-20 04:38:34+02:00,86.6
2022-06-20 04:39:35+02:00,86.8
2022-06-20 04:40:35+02:00,86.8
2022-06-20 04:41:35+02:00,50.0
2022-06-20 04:42:35+02:00,87.5
2022-06-20 04:43:35+02:00,87.5
2022-06-20 04:44:35+02:00,87.5
2022-06-20 04:45:36+02:00,87.9
2022-06-20 04:46:36+02:00,87.8
2022-06-20 04:47:36+02:00,87.2
2022-06-20 04:48:36+02:00,87.9
2022-06-20 04:49:36+02:00,88.4
2022-06-20 04:50:36+02:00,87.9
2022-06-20 04:51:36+02:00,88.2
2022-06-20 04:52:37+02:00,88.6
2022-06-20 04:53:37+02:00,88.2
2022-06-20 04:54:37+02:00,87.8
2022-06-20 04:55:37+02:00,87.7
2022-06-20 04:56:37+02:00,88.5
2022-06-20 04:57:37+02:00,50.0
2022-06-20 04:58:37+02:00,89.1
2022-06-20 04:59:38+02:00,50.0
2022-06-20 05:00:38+02:00,50.0
2022-06-20 05:01:38+02:00,88.0
2022-06-20 05:02:38+02:00,89.3
2022-06-20 05:03:38+02:00,89.4
2022-06-20 05:04:38+02:00,90.3
2022-06-20 05:05:38+02:00,91.8
2022-06-20 05:06:39+02:00,93.1
2022-06-20 05:07:39+02:00,93.6
2022-06-20 05:08:39+02:00,50.0
2022-06-20 05:09:39+02:00,92.5
2022-06-20 05:10:39+02:00,91.4
2022-06-20 05:11:39+02:00,90.6
2022-06-20 05:12:40+02:00,90.3
2022-06-20 05:13:40+02:00,89.7
2022-06-20 05:14:40+02:00,89.5
2022-06-20 05:15:40+02:00,89.6
2022-06-20 05:16:40+02:00,89.7
2022-06-20 05:17:40+02:00,89.8
2022-06-20 05:18:40+02:00,89.5
2022-06-20 05:19:41+02:00,89.5
2022-06-20 05:20:41+02:00,89.9
2022-06-20 05:21:41+02:00,89.9
2022-06-20 05:22:41+02:00,89.9
2022-06-20 05:23:41+02:00,89.6
2022-06-20 05:24:41+02:00,89.6
2022-06-20 05:25:41+02:00,89.3
2022-06-20 05:26:42+02:00,89.1
2022-06-20 05:27:42+02:00,89.4
2022-06-20 05:28:42+02:00,89.8
2022-06-20 05:29:42+02:00,89.9
2022-06-20 05:30:42+02:00,90.1
2022-06-20 05:31:42+02:00,90.0
2022-06-20 05:32:43+02:00,89.9
2022-06-20 05:33:43+02:00,90.1
2022-06-20 05:34:43+02:00,50.0
2022-06-20 05:35:43+02:00,50.0
2022-06-20 05:36:43+02:00,91.1
2022-06-20 05:37:43+02:00,91.5
2022-06-20 05:38:43+02:00,91.4
2022-06-20 05:39:44+02:00,91.6
2022-06-20 05:40:44+02:00,91.6
2022-06-20 05:41:44+02:00,50.0
2022-06-20 05:42:44+02:00,50.0
2022-06-20 05:43:44+02:00,92.6
2022-06-20 05:44:44+02:00,91.6
2022-06-20 05:45:44+02:00,91.1
2022-06-20 05:46:45+02:00,90.8
2022-06-20 05:47:45+02:00,90.8
2022-06-20 05:48:45+02:00,90.6
2022-06-20 05:49:45+02:00,90.8
2022-06-20 05:50:45+02:00,91.6
2022-06-20 05:51:45+02:00,91.8
2022-06-20 05:52:45+02:00,50.0
2022-06-20 05:53:46+02:00,91.9
2022-06-20 05:54:46+02:00,50.0
2022-06-20 05:55:46+02:00,50.0
2022-06-20 05:56:46+02:00,50.0
2022-06-20 05:57:46+02:00,50.0
2022-06-20 05:58:46+02:00,50.0
2022-06-20 05:59:46+02:00,50.0
2022-06-20 06:00:47+02:00,50.0
2022-06-20 06:01:47+02:00,50.0
2022-06-20 06:02:47+02:00,50.0
2022-06-20 06:03:47+02:00,50.0
2022-06-20 06:04:47+02:00,50.0
2022-06-20 06:05:47+02:00,50.0
2022-06-20 06:06:47+02:00,50.0
2022-06-20 06:07:48+02:00,50.0
2022-06-20 06:08:48+02:00,50.0
2022-06-20 06:09:48+02:00,50.0
2022-06-20 06:10:48+02:00,50.0
2022-06-20 06:11:48+02:00,50.0
2022-06-20 06:12:48+02:00,92.7
2022-06-20 06:13:49+02:00,94.1
2022-06-20 06:14:49+02:00,93.7
2022-06-20 06:15:49+02:00,92.7
2022-06-20 06:16:49+02:00,50.0
2022-06-20 06:17:49+02:00,50.0
2022-06-20 06:18:49+02:00,50.0
2022-06-20 06:19:49+02:00,50.0
2022-06-20 06:20:49+02:00,50.0
2022-06-20 06:21:50+02:00,50.0
2022-06-20 06:22:50+02:00,50.0
2022-06-20 06:23:50+02:00,50.0
2022-06-20 06:24:50+02:00,50.0
2022-06-20 06:25:50+02:00,50.0
2022-06-20 06:26:50+02:00,50.0
2022-06-20 06:27:50+02:00,50.0
2022-06-20 06:28:51+02:00,50.0
2022-06-20 06:29:51+02:00,50.0
2022-06-20 06:30:51+02:00,50.0
2022-06-20 06:31:51+02:00,50.0
2022-06-20 06:32:51+02:00,50.0
2022-06-20 06:33:51+02:00,50.0
2022-06-20 06:34:51+02:00,50.0
2022-06-20 06:35:51+02:00,50.0
2022-06-20 23:21:00+02:00,50.0
2022-06-20 23:22:00+02:00,50.0
2022-06-20 23:23:00+02:00,94.9
2022-06-20 23:24:00+02:00,93.2
2022-06-20 23:25:00+02:00,91.3
2022-06-20 23:26:00+02:00,90.1
2022-06-20 23:27:00+02:00,89.3
2022-06-20 23:28:00+02:00,88.9
2022-06-20 23:29:00+02:00,88.7
2022-06-20 23:30:00+02:00,88.6
2022-06-20 23:31:00+02:00,88.8
2022-06-20 23:32:00+02:00,88.9
2022-06-20 23:33:00+02:00,88.7
2022-06-20 23:34:01+02:00,88.9
2022-06-20 23:35:01+02:00,89.0
2022-06-20 23:36:01+02:00,89.2
2022-06-20 23:37:01+02:00,89.4
2022-06-20 23:38:01+02:00,89.5
2022-06-20 23:39:01+02:00,89.6
2022-06-20 23:40:01+02:00,89.4
2022-06-20 23:41:02+02:00,89.5
2022-06-20 23:42:02+02:00,89.7
2022-06-20 23:43:02+02:00,89.8
2022-06-20 23:44:02+02:00,89.7
2022-06-20 23:45:02+02:00,89.9
2022-06-20 23:46:02+02:00,90.0
2022-06-20 23:47:02+02:00,90.1
2022-06-20 23:48:02+02:00,90.1
2022-06-20 23:49:02+02:00,90.2
2022-06-20 23:50:03+02:00,90.2
2022-06-20 23:51:03+02:00,90.2
2022-06-20 23:52:03+02:00,90.2
2022-06-20 23:53:03+02:00,90.1
2022-06-20 23:54:03+02:00,90.4
2022-06-20 23:55:03+02:00,90.7
2022-06-20 23:56:03+02:00,90.6
2022-06-20 23:57:03+02:00,90.6
2022-06-20 23:58:04+02:00,90.5
2022-06-20 23:59:04+02:00,90.3
2022-06-21 00:00:04+02:00,90.2
2022-06-21 00:01:04+02:00,90.0
2022-06-21 00:02:04+02:00,90.0
2022-06-21 00:03:04+02:00,89.9
2022-06-21 00:04:04+02:00,89.9
2022-06-21 00:05:04+02:00,90.0
2022-06-21 00:06:04+02:00,89.9
2022-06-21 00:07:04+02:00,89.8
2022-06-21 00:08:05+02:00,89.8
2022-06-21 00:09:05+02:00,89.9
2022-06-21 00:10:05+02:00,90.3
2022-06-21 00:11:05+02:00,90.3
2022-06-21 00:12:05+02:00,90.3
2022-06-21 00:13:05+02:00,90.3
2022-06-21 00:14:05+02:00,91.2
2022-06-21 00:15:05+02:00,50.0
2022-06-21 00:16:05+02:00,91.6
2022-06-21 00:17:05+02:00,91.5
2022-06-21 00:18:06+02:00,91.3
2022-06-21 00:19:06+02:00,91.3
2022-06-21 00:20:06+02:00,91.6
2022-06-21 00:21:06+02:00,91.8
2022-06-21 00:22:06+02:00,91.4
2022-06-21 00:23:06+02:00,91.6
2022-06-21 00:24:06+02:00,91.5
2022-06-21 00:25:07+02:00,91.6
2022-06-21 00:26:07+02:00,91.4
2022-06-21 00:27:07+02:00,91.4
2022-06-21 00:28:07+02:00,91.2
2022-06-21 00:29:07+02:00,91.3
2022-06-21 00:30:07+02:00,91.2
2022-06-21 00:31:07+02:00,91.4
2022-06-21 00:32:08+02:00,91.6
2022-06-21 00:33:08+02:00,91.7
2022-06-21 00:34:08+02:00,91.6
2022-06-21 00:35:08+02:00,91.6
2022-06-21 00:36:08+02:00,91.7
2022-06-21 00:37:08+02:00,91.4
2022-06-21 00:38:08+02:00,91.4
2022-06-21 00:39:09+02:00,91.6
2022-06-21 00:40:09+02:00,91.6
2022-06-21 00:41:09+02:00,91.4
2022-06-21 00:42:09+02:00,91.5
2022-06-21 00:43:09+02:00,91.6
2022-06-21 00:44:09+02:00,91.3
2022-06-21 00:45:10+02:00,91.2
2022-06-21 00:46:10+02:00,91.4
2022-06-21 00:47:10+02:00,91.3
2022-06-21 00:48:10+02:00,91.6
2022-06-21 00:49:10+02:00,91.9
2022-06-21 00:50:10+02:00,91.9
2022-06-21 00:51:10+02:00,92.0
2022-06-21 00:52:11+02:00,91.9
2022-06-21 00:53:11+02:00,91.5
2022-06-21 00:54:11+02:00,91.5
2022-06-21 00:55:11+02:00,91.3
2022-06-21 00:56:11+02:00,91.2
2022-06-21 00:57:11+02:00,91.3
2022-06-21 00:58:11+02:00,91.3
2022-06-21 00:59:11+02:00,91.1
2022-06-21 01:00:11+02:00,91.2
2022-06-21 01:01:12+02:00,91.5
2022-06-21 01:02:12+02:00,91.3
2022-06-21 01:03:12+02:00,91.3
2022-06-21 01:04:12+02:00,91.4
2022-06-21 01:05:12+02:00,91.3
2022-06-21 01:06:12+02:00,91.3
2022-06-21 01:07:12+02:00,91.4
2022-06-21 01:08:12+02:00,91.4
2022-06-21 01:09:12+02:00,91.5
2022-06-21 01:10:12+02:00,91.5
2022-06-21 01:11:12+02:00,50.0
2022-06-21 01:12:12+02:00,91.1
2022-06-21 01:13:12+02:00,91.1
2022-06-21 01:14:12+02:00,90.8
2022-06-21 01:15:13+02:00,90.5
2022-06-21 01:16:13+02:00,90.4
2022-06-21 01:17:13+02:00,90.3
2022-06-21 01:18:13+02:00,90.4
2022-06-21 01:19:13+02:00,90.3
2022-06-21 01:20:13+02:00,90.4
2022-06-21 01:21:13+02:00,90.6
2022-06-21 01:22:13+02:00,90.5
2022-06-21 01:23:13+02:00,90.4
2022-06-21 01:24:13+02:00,90.4
2022-06-21 01:25:14+02:00,90.4
2022-06-21 01:26:14+02:00,90.6
2022-06-21 01:27:14+02:00,90.7
2022-06-21 01:28:14+02:00,90.8
2022-06-21 01:29:14+02:00,91.0
2022-06-21 01:30:14+02:00,50.0
2022-06-21 01:31:14+02:00,50.0
2022-06-21 01:32:14+02:00,50.0
2022-06-21 01:33:14+02:00,91.0
2022-06-21 01:34:14+02:00,50.0
2022-06-21 01:35:15+02:00,50.0
2022-06-21 01:36:15+02:00,50.0
2022-06-21 01:37:15+02:00,50.0
2022-06-21 01:38:15+02:00,50.0
2022-06-21 01:39:15+02:00,90.5
2022-06-21 01:40:15+02:00,89.5
2022-06-21 01:41:15+02:00,89.3
2022-06-21 01:42:15+02:00,89.0
2022-06-21 01:43:15+02:00,88.9
2022-06-21 01:44:15+02:00,89.5
2022-06-21 01:45:16+02:00,89.8
2022-06-21 01:46:16+02:00,89.8
2022-06-21 01:47:16+02:00,90.2
2022-06-21 01:48:16+02:00,90.0
2022-06-21 01:49:16+02:00,89.7
2022-06-21 01:50:16+02:00,89.9
2022-06-21 01:51:16+02:00,90.5
2022-06-21 01:52:16+02:00,90.3
2022-06-21 01:53:16+02:00,90.4
2022-06-21 01:54:17+02:00,90.8
2022-06-21 01:55:17+02:00,90.9
2022-06-21 01:56:17+02:00,90.9
2022-06-21 01:57:17+02:00,91.1
2022-06-21 01:58:17+02:00,91.4
2022-06-21 01:59:17+02:00,91.2
2022-06-21 02:00:17+02:00,91.2
2022-06-21 02:00:17+02:00,91.2
2022-06-21 02:01:18+02:00,91.1
2022-06-21 02:02:18+02:00,91.2
2022-06-21 02:03:18+02:00,91.1
2022-06-21 02:04:18+02:00,91.6
2022-06-21 02:05:18+02:00,91.7
2022-06-21 02:06:18+02:00,91.7
2022-06-21 02:07:19+02:00,92.1
2022-06-21 02:08:19+02:00,91.8
2022-06-21 02:09:19+02:00,91.7
2022-06-21 02:10:19+02:00,91.8
2022-06-21 02:11:19+02:00,50.0
2022-06-21 02:12:19+02:00,91.7
2022-06-21 02:13:19+02:00,91.0
2022-06-21 02:14:20+02:00,90.4
2022-06-21 02:15:20+02:00,90.3
2022-06-21 02:16:20+02:00,50.0
2022-06-21 02:17:20+02:00,90.2
2022-06-21 02:18:20+02:00,90.0
2022-06-21 02:19:20+02:00,89.8
2022-06-21 02:20:20+02:00,89.7
2022-06-21 02:21:21+02:00,89.6
2022-06-21 02:22:21+02:00,89.7
2022-06-21 02:23:21+02:00,89.5
2022-06-21 02:24:21+02:00,89.9
2022-06-21 02:25:21+02:00,90.3
2022-06-21 02:26:21+02:00,90.5
2022-06-21 02:27:22+02:00,90.7
2022-06-21 02:28:22+02:00,90.7
2022-06-21 02:29:22+02:00,91.0
2022-06-21 02:30:22+02:00,90.6
2022-06-21 02:31:22+02:00,90.3
2022-06-21 02:32:22+02:00,90.3
2022-06-21 02:33:22+02:00,50.0
2022-06-21 02:34:23+02:00,89.4
2022-06-21 02:35:23+02:00,88.8
2022-06-21 02:36:23+02:00,90.0
2022-06-21 02:37:23+02:00,88.8
2022-06-21 02:38:23+02:00,89.6
2022-06-21 02:39:23+02:00,89.4
2022-06-21 02:40:24+02:00,89.6
2022-06-21 02:41:24+02:00,90.0
2022-06-21 02:42:24+02:00,90.4
2022-06-21 02:43:24+02:00,90.9
2022-06-21 02:44:24+02:00,50.0
2022-06-21 02:45:24+02:00,88.8
2022-06-21 02:46:24+02:00,87.3
2022-06-21 02:47:25+02:00,84.4
2022-06-21 02:48:25+02:00,83.6
2022-06-21 02:49:25+02:00,85.0
2022-06-21 02:50:25+02:00,86.6
2022-06-21 02:51:25+02:00,87.6
2022-06-21 02:52:25+02:00,87.9
2022-06-21 02:53:25+02:00,88.3
2022-06-21 02:54:26+02:00,88.5
2022-06-21 02:55:26+02:00,88.4
2022-06-21 02:56:26+02:00,88.7
2022-06-21 02:57:26+02:00,88.7
2022-06-21 02:58:26+02:00,50.0
2022-06-21 02:59:26+02:00,89.3
2022-06-21 03:00:26+02:00,89.5
2022-06-21 03:01:27+02:00,89.6
2022-06-21 03:02:27+02:00,90.0
2022-06-21 03:03:27+02:00,90.1
2022-06-21 03:04:27+02:00,90.2
2022-06-21 03:05:27+02:00,90.1
2022-06-21 03:06:27+02:00,90.0
2022-06-21 03:07:28+02:00,90.2
2022-06-21 03:08:28+02:00,90.2
2022-06-21 03:09:28+02:00,50.0
2022-06-21 03:10:28+02:00,88.9
2022-06-21 03:11:28+02:00,87.0
2022-06-21 03:12:28+02:00,50.0
2022-06-21 03:13:29+02:00,50.0
2022-06-21 03:14:29+02:00,50.0
2022-06-21 03:15:29+02:00,87.9
2022-06-21 03:16:29+02:00,50.0
2022-06-21 03:17:29+02:00,50.0
2022-06-21 03:18:29+02:00,50.0
2022-06-21 03:19:29+02:00,50.0
2022-06-21 03:20:29+02:00,89.3
2022-06-21 03:21:30+02:00,89.6
2022-06-21 03:22:30+02:00,89.2
2022-06-21 03:23:30+02:00,88.3
2022-06-21 03:24:30+02:00,87.8
2022-06-21 03:25:30+02:00,87.3
2022-06-21 03:26:30+02:00,50.0
2022-06-21 03:27:30+02:00,87.7
2022-06-21 03:28:31+02:00,88.0
2022-06-21 03:29:31+02:00,88.0
2022-06-21 03:30:31+02:00,88.4
2022-06-21 03:31:31+02:00,88.6
2022-06-21 03:32:31+02:00,88.4
2022-06-21 03:33:31+02:00,88.8
2022-06-21 03:34:31+02:00,89.1
2022-06-21 03:35:32+02:00,89.4
2022-06-21 03:36:32+02:00,89.3
2022-06-21 03:37:32+02:00,89.8
2022-06-21 03:38:32+02:00,89.7
2022-06-21 03:39:32+02:00,89.9
2022-06-21 03:40:32+02:00,90.0
2022-06-21 03:41:33+02:00,90.4
2022-06-21 03:42:33+02:00,90.7
2022-06-21 03:43:33+02:00,90.8
2022-06-21 03:44:33+02:00,90.8
2022-06-21 03:45:33+02:00,90.8
2022-06-21 03:46:33+02:00,90.4
2022-06-21 03:47:33+02:00,90.2
2022-06-21 03:48:33+02:00,90.2
2022-06-21 03:49:34+02:00,90.6
2022-06-21 03:50:34+02:00,90.9
2022-06-21 03:51:34+02:00,91.5
2022-06-21 03:52:34+02:00,91.8
2022-06-21 03:53:34+02:00,91.6
2022-06-21 03:54:34+02:00,91.4
2022-06-21 03:55:34+02:00,91.5
2022-06-21 03:56:35+02:00,91.3
2022-06-21 03:57:35+02:00,91.6
2022-06-21 03:58:35+02:00,91.5
2022-06-21 03:59:35+02:00,91.6
2022-06-21 04:00:35+02:00,91.4
2022-06-21 04:01:35+02:00,91.6
2022-06-21 04:02:36+02:00,91.3
2022-06-21 04:03:36+02:00,91.4
2022-06-21 04:04:36+02:00,91.4
2022-06-21 04:05:36+02:00,91.0
2022-06-21 04:06:36+02:00,91.1
2022-06-21 04:07:36+02:00,91.4
2022-06-21 04:08:36+02:00,91.7
2022-06-21 04:09:37+02:00,91.7
2022-06-21 04:10:37+02:00,91.6
2022-06-21 04:11:37+02:00,91.4
2022-06-21 04:12:37+02:00,50.0
2022-06-21 04:13:37+02:00,91.0
2022-06-21 04:14:37+02:00,90.7
2022-06-21 04:15:38+02:00,90.8
2022-06-21 04:16:38+02:00,91.1
2022-06-21 04:17:38+02:00,91.5
2022-06-21 04:18:38+02:00,91.4
2022-06-21 04:19:38+02:00,91.6
2022-06-21 04:20:38+02:00,91.7
2022-06-21 04:21:38+02:00,91.7
2022-06-21 04:22:39+02:00,91.8
2022-06-21 04:23:39+02:00,92.1
2022-06-21 04:24:39+02:00,92.4
2022-06-21 04:25:39+02:00,92.6
2022-06-21 04:26:39+02:00,92.8
2022-06-21 04:27:39+02:00,92.9
2022-06-21 04:28:40+02:00,93.0
2022-06-21 04:29:40+02:00,93.2
2022-06-21 04:30:40+02:00,93.1
2022-06-21 04:31:40+02:00,92.9
2022-06-21 04:32:40+02:00,92.9
2022-06-21 04:33:40+02:00,92.7
2022-06-21 04:34:40+02:00,50.0
2022-06-21 04:35:41+02:00,91.4
2022-06-21 04:36:41+02:00,89.1
2022-06-21 04:37:41+02:00,87.4
2022-06-21 04:38:41+02:00,86.1
2022-06-21 04:39:41+02:00,85.7
2022-06-21 04:40:41+02:00,88.5
2022-06-21 04:41:42+02:00,90.4
2022-06-21 04:42:42+02:00,91.5
2022-06-21 04:43:42+02:00,92.2
2022-06-21 04:44:42+02:00,92.9
2022-06-21 04:45:42+02:00,93.2
2022-06-21 04:46:42+02:00,93.5
2022-06-21 04:47:43+02:00,93.8
2022-06-21 04:48:43+02:00,93.8
2022-06-21 04:49:43+02:00,93.7
2022-06-21 04:50:43+02:00,93.7
2022-06-21 04:51:43+02:00,93.6
2022-06-21 04:52:43+02:00,93.9
2022-06-21 04:53:43+02:00,93.9
2022-06-21 04:54:44+02:00,93.7
2022-06-21 04:55:44+02:00,93.9
2022-06-21 04:56:44+02:00,93.8
2022-06-21 04:57:44+02:00,93.7
2022-06-21 04:58:44+02:00,93.8
2022-06-21 04:59:44+02:00,93.5
2022-06-21 05:00:45+02:00,93.3
2022-06-21 05:01:45+02:00,93.2
2022-06-21 05:02:45+02:00,93.2
2022-06-21 05:03:45+02:00,50.0
2022-06-21 05:04:45+02:00,50.0
2022-06-21 05:05:45+02:00,93.0
2022-06-21 05:06:45+02:00,93.0
2022-06-21 05:07:46+02:00,93.1
2022-06-21 05:08:46+02:00,92.8
2022-06-21 05:09:46+02:00,92.7
2022-06-21 05:10:46+02:00,92.4
2022-06-21 05:11:46+02:00,92.9
2022-06-21 05:12:46+02:00,92.8
2022-06-21 05:13:47+02:00,93.0
2022-06-21 05:14:47+02:00,93.2
2022-06-21 05:15:47+02:00,93.6
2022-06-21 05:16:47+02:00,93.6
2022-06-21 05:17:47+02:00,93.7
2022-06-21 05:18:47+02:00,93.7
2022-06-21 05:19:47+02:00,93.7
2022-06-21 05:20:48+02:00,93.7
2022-06-21 05:21:48+02:00,93.6
2022-06-21 05:22:48+02:00,93.5
2022-06-21 05:23:48+02:00,93.5
2022-06-21 05:24:48+02:00,93.9
2022-06-21 05:25:48+02:00,93.9
2022-06-21 05:26:49+02:00,94.0
2022-06-21 05:27:49+02:00,50.0
2022-06-21 05:28:49+02:00,50.0
2022-06-21 05:29:49+02:00,50.0
2022-06-21 05:30:49+02:00,50.0
2022-06-21 05:31:49+02:00,93.5
2022-06-21 05:32:49+02:00,92.4
2022-06-21 05:33:50+02:00,50.0
2022-06-21 05:34:50+02:00,92.3
2022-06-21 05:35:50+02:00,91.3
2022-06-21 05:36:50+02:00,91.4
2022-06-21 05:37:50+02:00,92.3
2022-06-21 05:38:50+02:00,92.5
2022-06-21 05:39:51+02:00,92.8
2022-06-21 05:40:51+02:00,93.2
2022-06-21 05:41:51+02:00,50.0
2022-06-21 05:42:51+02:00,91.3
2022-06-21 05:43:51+02:00,89.4
2022-06-21 05:44:51+02:00,88.0
2022-06-21 05:45:51+02:00,86.9
2022-06-21 05:46:52+02:00,86.3
2022-06-21 05:47:52+02:00,86.0
2022-06-21 05:48:52+02:00,50.0
2022-06-21 05:49:52+02:00,87.8
2022-06-21 05:50:52+02:00,85.9
2022-06-21 05:51:52+02:00,50.0
2022-06-21 05:52:52+02:00,85.3
2022-06-21 05:53:52+02:00,83.8
2022-06-21 05:54:53+02:00,84.9
2022-06-21 05:55:53+02:00,86.2
2022-06-21 05:56:53+02:00,86.7
2022-06-21 05:57:53+02:00,50.0
2022-06-21 05:58:53+02:00,85.9
2022-06-21 05:59:53+02:00,50.0
2022-06-21 06:00:54+02:00,50.0
2022-06-21 06:01:54+02:00,50.0
2022-06-21 06:02:54+02:00,50.0
2022-06-21 06:03:54+02:00,50.0
2022-06-21 06:04:54+02:00,50.0
2022-06-21 06:05:54+02:00,50.0
2022-06-21 06:06:54+02:00,50.0
2022-06-21 06:07:54+02:00,50.0
2022-06-21 06:08:55+02:00,50.0
2022-06-21 06:09:55+02:00,50.0
2022-06-21 06:10:55+02:00,85.5
2022-06-21 06:11:55+02:00,88.8
2022-06-21 06:12:55+02:00,90.3
2022-06-21 06:13:55+02:00,91.1
2022-06-21 06:14:56+02:00,50.0
2022-06-21 06:15:56+02:00,50.0
2022-06-21 06:16:56+02:00,50.0
2022-06-21 06:17:56+02:00,50.0
2022-06-21 06:18:56+02:00,50.0
2022-06-21 06:19:56+02:00,50.0
2022-06-21 06:20:56+02:00,50.0
2022-06-21 06:21:56+02:00,50.0
2022-06-21 06:22:57+02:00,50.0
2022-06-21 06:23:57+02:00,50.0
2022-06-21 06:24:57+02:00,50.0
2022-06-21 06:25:57+02:00,50.0
2022-06-21 06:26:57+02:00,50.0
2022-06-21 06:27:57+02:00,50.0
2022-06-21 06:28:57+02:00,50.0
2022-06-21 06:29:58+02:00,50.0
2022-06-21 06:30:58+02:00,50.0
2022-06-21 06:31:58+02:00,50.0
2022-06-21 06:32:58+02:00,50.0
2022-06-21 06:33:58+02:00,50.0
2022-06-21 06:34:58+02:00,50.0
2022-06-21 23:19:30+02:00,89.8
2022-06-21 23:20:30+02:00,88.5
2022-06-21 23:21:30+02:00,87.2
2022-06-21 23:22:30+02:00,50.0
2022-06-21 23:23:30+02:00,86.3
2022-06-21 23:24:30+02:00,85.6
2022-06-21 23:25:30+02:00,85.5
2022-06-21 23:26:30+02:00,85.7
2022-06-21 23:27:30+02:00,85.6
2022-06-21 23:28:30+02:00,86.1
2022-06-21 23:29:30+02:00,85.7
2022-06-21 23:30:31+02:00,85.8
2022-06-21 23:31:31+02:00,85.7
2022-06-21 23:32:31+02:00,86.1
2022-06-21 23:33:31+02:00,86.3
2022-06-21 23:34:31+02:00,86.3
2022-06-21 23:35:31+02:00,86.0
2022-06-21 23:36:31+02:00,86.0
2022-06-21 23:37:31+02:00,86.3
2022-06-21 23:38:32+02:00,86.8
2022-06-21 23:39:32+02:00,86.8
2022-06-21 23:40:32+02:00,86.9
2022-06-21 23:41:32+02:00,86.8
2022-06-21 23:42:32+02:00,86.9
2022-06-21 23:43:32+02:00,86.8
2022-06-21 23:44:32+02:00,86.8
2022-06-21 23:45:33+02:00,87.1
2022-06-21 23:46:33+02:00,87.1
2022-06-21 23:47:33+02:00,86.9
2022-06-21 23:48:33+02:00,86.8
2022-06-21 23:49:33+02:00,86.7
2022-06-21 23:50:33+02:00,86.8
2022-06-21 23:51:33+02:00,86.5
2022-06-21 23:52:33+02:00,86.7
2022-06-21 23:53:34+02:00,86.5
2022-06-21 23:54:34+02:00,86.6
2022-06-21 23:55:34+02:00,86.8
2022-06-21 23:56:34+02:00,86.6
2022-06-21 23:57:34+02:00,86.2
2022-06-21 23:58:34+02:00,86.6
2022-06-21 23:59:35+02:00,86.6
2022-06-22 00:00:35+02:00,86.9
2022-06-22 00:01:35+02:00,86.6
2022-06-22 00:02:35+02:00,86.4
2022-06-22 00:03:35+02:00,86.0
2022-06-22 00:04:35+02:00,86.4
2022-06-22 00:05:35+02:00,86.4
2022-06-22 00:06:35+02:00,86.4
2022-06-22 00:07:36+02:00,87.7
2022-06-22 00:08:36+02:00,89.5
2022-06-22 00:09:36+02:00,90.5
2022-06-22 00:10:36+02:00,91.3
2022-06-22 00:11:36+02:00,91.6
2022-06-22 00:12:36+02:00,92.1
2022-06-22 00:13:36+02:00,50.0
2022-06-22 00:14:37+02:00,92.7
2022-06-22 00:15:37+02:00,93.7
2022-06-22 00:16:37+02:00,94.0
2022-06-22 00:17:37+02:00,94.2
2022-06-22 00:18:37+02:00,50.0
2022-06-22 00:19:37+02:00,94.4
2022-06-22 00:20:37+02:00,96.4
2022-06-22 00:21:38+02:00,96.8
2022-06-22 00:22:38+02:00,96.9
2022-06-22 00:23:38+02:00,97.0
2022-06-22 00:24:38+02:00,96.9
2022-06-22 00:25:38+02:00,96.8
2022-06-22 00:26:38+02:00,97.1
2022-06-22 00:27:38+02:00,97.2
2022-06-22 00:28:39+02:00,97.2
2022-06-22 00:29:39+02:00,97.4
2022-06-22 00:30:39+02:00,97.7
2022-06-22 00:31:39+02:00,97.5
2022-06-22 00:32:39+02:00,97.1
2022-06-22 00:33:39+02:00,97.0
2022-06-22 00:34:39+02:00,97.1
2022-06-22 00:35:40+02:00,97.0
2022-06-22 00:36:40+02:00,96.9
2022-06-22 00:37:40+02:00,96.5
2022-06-22 00:38:40+02:00,96.8
2022-06-22 00:39:40+02:00,96.4
2022-06-22 00:40:40+02:00,96.2
2022-06-22 00:41:40+02:00,96.3
2022-06-22 00:42:41+02:00,96.3
2022-06-22 00:43:41+02:00,96.3
2022-06-22 00:44:41+02:00,96.2
2022-06-22 00:45:41+02:00,96.3
2022-06-22 00:46:41+02:00,96.4
2022-06-22 00:47:41+02:00,96.3
2022-06-22 00:48:41+02:00,96.3
2022-06-22 00:49:42+02:00,96.2
2022-06-22 00:50:42+02:00,96.3
2022-06-22 00:51:42+02:00,96.1
2022-06-22 00:52:42+02:00,96.5
2022-06-22 00:53:42+02:00,96.3
2022-06-22 00:54:42+02:00,95.8
2022-06-22 00:55:42+02:00,95.9
2022-06-22 00:56:42+02:00,50.0
2022-06-22 00:57:43+02:00,93.8
2022-06-22 00:58:43+02:00,92.1
2022-06-22 00:59:43+02:00,50.0
2022-06-22 01:00:43+02:00,90.0
2022-06-22 01:01:43+02:00,88.9
2022-06-22 01:02:43+02:00,88.2
2022-06-22 01:03:43+02:00,87.9
2022-06-22 01:04:44+02:00,87.7
2022-06-22 01:05:44+02:00,87.7
2022-06-22 01:06:44+02:00,88.1
2022-06-22 01:07:44+02:00,88.1
2022-06-22 01:08:44+02:00,88.2
2022-06-22 01:09:44+02:00,88.3
2022-06-22 01:10:44+02:00,88.5
2022-06-22 01:11:45+02:00,88.7
2022-06-22 01:12:45+02:00,88.3
2022-06-22 01:13:45+02:00,87.6
2022-06-22 01:14:45+02:00,86.7
2022-06-22 01:15:45+02:00,86.8
2022-06-22 01:16:45+02:00,87.1
2022-06-22 01:17:45+02:00,87.4
2022-06-22 01:18:46+02:00,87.6
2022-06-22 01:19:46+02:00,87.9
2022-06-22 01:20:46+02:00,87.9
2022-06-22 01:21:46+02:00,88.0
2022-06-22 01:22:46+02:00,88.1
2022-06-22 01:23:46+02:00,88.2
2022-06-22 01:24:46+02:00,88.2
2022-06-22 01:25:47+02:00,88.2
2022-06-22 01:26:47+02:00,88.3
2022-06-22 01:27:47+02:00,88.2
2022-06-22 01:28:47+02:00,88.3
2022-06-22 01:29:47+02:00,88.5
2022-06-22 01:30:47+02:00,88.6
2022-06-22 01:31:47+02:00,88.5
2022-06-22 01:32:48+02:00,88.5
2022-06-22 01:33:48+02:00,88.5
2022-06-22 01:34:48+02:00,88.3
2022-06-22 01:35:48+02:00,88.5
2022-06-22 01:36:48+02:00,88.5
2022-06-22 01:37:48+02:00,88.5
2022-06-22 01:38:48+02:00,88.5
2022-06-22 01:39:49+02:00,88.6
2022-06-22 01:40:49+02:00,88.7
2022-06-22 01:41:49+02:00,88.3
2022-06-22 01:42:49+02:00,88.7
2022-06-22 01:43:49+02:00,88.3
2022-06-22 01:44:49+02:00,88.0
2022-06-22 01:45:49+02:00,87.9
2022-06-22 01:46:50+02:00,88.3
2022-06-22 01:47:50+02:00,88.2
2022-06-22 01:48:50+02:00,88.5
2022-06-22 01:49:50+02:00,88.6
2022-06-22 01:50:50+02:00,88.6
2022-06-22 01:51:50+02:00,88.5
2022-06-22 01:52:50+02:00,88.8
2022-06-22 01:53:50+02:00,88.7
2022-06-22 01:54:51+02:00,89.0
2022-06-22 01:55:51+02:00,88.3
2022-06-22 01:56:51+02:00,88.1
2022-06-22 01:57:51+02:00,88.2
2022-06-22 01:58:51+02:00,50.0
2022-06-22 01:59:51+02:00,50.0
2022-06-22 02:00:51+02:00,88.1
2022-06-22 02:00:51+02:00,88.1
2022-06-22 02:01:52+02:00,88.7
2022-06-22 02:02:52+02:00,90.1
2022-06-22 02:03:52+02:00,92.4
2022-06-22 02:04:52+02:00,93.3
2022-06-22 02:05:52+02:00,93.3
2022-06-22 02:06:52+02:00,93.7
2022-06-22 02:07:52+02:00,93.5
2022-06-22 02:08:53+02:00,93.8
2022-06-22 02:09:53+02:00,94.1
2022-06-22 02:10:53+02:00,50.0
2022-06-22 02:11:53+02:00,50.0
2022-06-22 02:12:53+02:00,92.8
2022-06-22 02:13:53+02:00,90.1
2022-06-22 02:14:54+02:00,89.6
2022-06-22 02:15:54+02:00,88.5
2022-06-22 02:16:54+02:00,87.8
2022-06-22 02:17:54+02:00,87.4
2022-06-22 02:18:54+02:00,87.2
2022-06-22 02:19:54+02:00,88.2
2022-06-22 02:20:54+02:00,88.0
2022-06-22 02:21:54+02:00,88.4
2022-06-22 02:22:55+02:00,87.4
2022-06-22 02:23:55+02:00,87.1
2022-06-22 02:24:55+02:00,87.5
2022-06-22 02:25:55+02:00,87.7
2022-06-22 02:26:55+02:00,87.3
2022-06-22 02:27:55+02:00,87.3
2022-06-22 02:28:55+02:00,86.3
2022-06-22 02:29:56+02:00,86.5
2022-06-22 02:30:56+02:00,86.6
2022-06-22 02:31:56+02:00,86.6
2022-06-22 02:32:56+02:00,86.1
2022-06-22 02:33:56+02:00,86.0
2022-06-22 02:34:56+02:00,85.8
2022-06-22 02:35:56+02:00,85.4
2022-06-22 02:36:57+02:00,84.8
2022-06-22 02:37:57+02:00,84.7
2022-06-22 02:38:57+02:00,83.4
2022-06-22 02:39:57+02:00,83.3
2022-06-22 02:40:57+02:00,82.8
2022-06-22 02:41:57+02:00,82.6
2022-06-22 02:42:57+02:00,83.0
2022-06-22 02:43:58+02:00,83.4
2022-06-22 02:44:58+02:00,82.4
2022-06-22 02:45:58+02:00,83.0
2022-06-22 02:46:58+02:00,83.7
2022-06-22 02:47:58+02:00,82.9
2022-06-22 02:48:58+02:00,82.9
2022-06-22 02:49:58+02:00,82.1
2022-06-22 02:50:59+02:00,84.4
2022-06-22 02:51:59+02:00,84.9
2022-06-22 02:52:59+02:00,83.3
2022-06-22 02:53:59+02:00,50.0
2022-06-22 02:54:59+02:00,50.0
2022-06-22 02:55:59+02:00,50.0
2022-06-22 02:56:59+02:00,85.7
2022-06-22 02:57:59+02:00,86.0
2022-06-22 02:59:00+02:00,84.4
2022-06-22 03:00:00+02:00,83.3
2022-06-22 03:01:00+02:00,82.0
2022-06-22 03:02:00+02:00,80.4
2022-06-22 03:03:00+02:00,80.5
2022-06-22 03:04:00+02:00,80.6
2022-06-22 03:05:00+02:00,80.3
2022-06-22 03:06:00+02:00,79.6
2022-06-22 03:07:01+02:00,78.5
2022-06-22 03:08:01+02:00,78.2
2022-06-22 03:09:01+02:00,77.5
2022-06-22 03:10:01+02:00,78.0
2022-06-22 03:11:01+02:00,77.2
2022-06-22 03:12:01+02:00,80.2
2022-06-22 03:13:01+02:00,83.1
2022-06-22 03:14:02+02:00,85.1
2022-06-22 03:15:02+02:00,87.3
2022-06-22 03:16:02+02:00,50.0
2022-06-22 03:17:02+02:00,86.8
2022-06-22 03:18:02+02:00,84.9
2022-06-22 03:19:02+02:00,80.9
2022-06-22 03:20:02+02:00,50.0
2022-06-22 03:21:02+02:00,79.3
2022-06-22 03:22:03+02:00,81.0
2022-06-22 03:23:03+02:00,83.6
2022-06-22 03:24:03+02:00,84.8
2022-06-22 03:25:03+02:00,85.5
2022-06-22 03:26:03+02:00,83.8
2022-06-22 03:27:03+02:00,81.2
2022-06-22 03:28:03+02:00,80.3
2022-06-22 03:29:04+02:00,81.0
2022-06-22 03:30:04+02:00,83.0
2022-06-22 03:31:04+02:00,83.4
2022-06-22 03:32:04+02:00,85.1
2022-06-22 03:33:04+02:00,85.3
2022-06-22 03:34:04+02:00,85.7
2022-06-22 03:35:04+02:00,85.9
2022-06-22 03:36:04+02:00,86.4
2022-06-22 03:37:05+02:00,86.3
2022-06-22 03:38:05+02:00,86.5
2022-06-22 03:39:05+02:00,86.8
2022-06-22 03:40:05+02:00,87.4
2022-06-22 03:41:05+02:00,85.2
2022-06-22 03:42:05+02:00,85.8
2022-06-22 03:43:05+02:00,85.6
2022-06-22 03:44:05+02:00,85.7
2022-06-22 03:45:06+02:00,85.1
2022-06-22 03:46:06+02:00,85.1
2022-06-22 03:47:06+02:00,83.1
2022-06-22 03:48:06+02:00,82.4
2022-06-22 03:49:06+02:00,81.8
2022-06-22 03:50:06+02:00,83.9
2022-06-22 03:51:07+02:00,86.4
2022-06-22 03:52:07+02:00,85.5
2022-06-22 03:53:07+02:00,85.9
2022-06-22 03:54:07+02:00,87.1
2022-06-22 03:55:07+02:00,86.2
2022-06-22 03:56:07+02:00,85.8
2022-06-22 03:57:07+02:00,84.4
2022-06-22 03:58:08+02:00,86.9
2022-06-22 03:59:08+02:00,87.1
2022-06-22 04:00:08+02:00,88.9
2022-06-22 04:01:08+02:00,90.1
2022-06-22 04:02:08+02:00,90.8
2022-06-22 04:03:08+02:00,91.3
2022-06-22 04:04:08+02:00,91.6
2022-06-22 04:05:09+02:00,91.8
2022-06-22 04:06:09+02:00,92.1
2022-06-22 04:07:09+02:00,91.8
2022-06-22 04:08:09+02:00,89.5
2022-06-22 04:09:09+02:00,88.3
2022-06-22 04:10:09+02:00,86.6
2022-06-22 04:11:10+02:00,85.1
2022-06-22 04:12:10+02:00,84.6
2022-06-22 04:13:10+02:00,83.9
2022-06-22 04:14:10+02:00,83.4
2022-06-22 04:15:10+02:00,50.0
2022-06-22 04:16:10+02:00,83.0
2022-06-22 04:17:10+02:00,50.0
2022-06-22 04:18:11+02:00,50.0
2022-06-22 04:19:11+02:00,50.0
2022-06-22 04:20:11+02:00,85.7
2022-06-22 04:21:11+02:00,50.0
2022-06-22 04:22:11+02:00,50.0
2022-06-22 04:23:11+02:00,50.0
2022-06-22 04:24:11+02:00,50.0
2022-06-22 04:25:12+02:00,50.0
2022-06-22 04:26:12+02:00,87.9
2022-06-22 04:27:12+02:00,88.8
2022-06-22 04:28:12+02:00,88.4
2022-06-22 04:29:12+02:00,88.2
2022-06-22 04:30:12+02:00,88.3
2022-06-22 04:31:13+02:00,88.5
2022-06-22 04:32:13+02:00,89.1
2022-06-22 04:33:13+02:00,89.5
2022-06-22 04:34:13+02:00,89.8
2022-06-22 04:35:13+02:00,89.9
2022-06-22 04:36:13+02:00,90.1
2022-06-22 04:37:13+02:00,90.3
2022-06-22 04:38:14+02:00,90.4
2022-06-22 04:39:14+02:00,90.6
2022-06-22 04:40:14+02:00,90.8
2022-06-22 04:41:14+02:00,90.9
2022-06-22 04:42:14+02:00,91.2
2022-06-22 04:43:14+02:00,91.5
2022-06-22 04:44:14+02:00,91.6
2022-06-22 04:45:14+02:00,91.7
2022-06-22 04:46:15+02:00,91.5
2022-06-22 04:47:15+02:00,91.4
2022-06-22 04:48:15+02:00,91.4
2022-06-22 04:49:15+02:00,91.3
2022-06-22 04:50:15+02:00,91.3
2022-06-22 04:51:15+02:00,91.3
2022-06-22 04:52:15+02:00,91.4
2022-06-22 04:53:15+02:00,91.2
2022-06-22 04:54:15+02:00,91.4
2022-06-22 04:55:16+02:00,91.0
2022-06-22 04:56:16+02:00,91.2
2022-06-22 04:57:16+02:00,91.4
2022-06-22 04:58:16+02:00,91.5
2022-06-22 04:59:16+02:00,50.0
2022-06-22 05:00:16+02:00,90.3
2022-06-22 05:01:16+02:00,88.5
2022-06-22 05:02:16+02:00,87.1
2022-06-22 05:03:16+02:00,86.2
2022-06-22 05:04:16+02:00,85.9
2022-06-22 05:05:17+02:00,85.7
2022-06-22 05:06:17+02:00,85.4
2022-06-22 05:07:17+02:00,84.9
2022-06-22 05:08:17+02:00,84.8
2022-06-22 05:09:17+02:00,50.0
2022-06-22 05:10:17+02:00,50.0
2022-06-22 05:11:17+02:00,85.5
2022-06-22 05:12:17+02:00,87.5
2022-06-22 05:13:17+02:00,88.8
2022-06-22 05:14:17+02:00,89.0
2022-06-22 05:15:18+02:00,89.5
2022-06-22 05:16:18+02:00,89.8
2022-06-22 05:17:18+02:00,90.3
2022-06-22 05:18:18+02:00,90.3
2022-06-22 05:19:18+02:00,90.9
2022-06-22 05:20:18+02:00,91.1
2022-06-22 05:21:18+02:00,91.3
2022-06-22 05:22:18+02:00,91.6
2022-06-22 05:23:18+02:00,91.7
2022-06-22 05:24:18+02:00,92.1
2022-06-22 05:25:19+02:00,92.1
2022-06-22 05:26:19+02:00,91.8
2022-06-22 05:27:19+02:00,91.8
2022-06-22 05:28:19+02:00,91.8
2022-06-22 05:29:19+02:00,50.0
2022-06-22 05:30:19+02:00,50.0
2022-06-22 05:31:19+02:00,50.0
2022-06-22 05:32:19+02:00,50.0
2022-06-22 05:33:19+02:00,50.0
2022-06-22 05:34:19+02:00,50.0
2022-06-22 05:35:19+02:00,50.0
2022-06-22 05:36:19+02:00,50.0
2022-06-22 05:37:20+02:00,50.0
2022-06-22 05:38:20+02:00,50.0
2022-06-22 05:39:20+02:00,50.0
2022-06-22 05:40:20+02:00,50.0
2022-06-22 05:41:20+02:00,50.0
2022-06-22 05:42:20+02:00,91.1
2022-06-22 05:43:21+02:00,92.2
2022-06-22 05:44:21+02:00,93.9
2022-06-22 05:45:21+02:00,94.0
2022-06-22 05:46:21+02:00,50.0
2022-06-22 05:47:21+02:00,50.0
2022-06-22 05:48:21+02:00,50.0
2022-06-22 05:49:22+02:00,50.0
2022-06-22 05:50:22+02:00,50.0
2022-06-22 05:51:22+02:00,50.0
2022-06-22 05:52:22+02:00,50.0
2022-06-22 05:53:22+02:00,50.0
2022-06-22 05:54:22+02:00,50.0
2022-06-22 05:55:22+02:00,50.0
2022-06-22 05:56:23+02:00,50.0
2022-06-22 05:57:23+02:00,50.0
2022-06-22 05:58:23+02:00,50.0
2022-06-22 05:59:23+02:00,50.0
2022-06-22 06:00:23+02:00,50.0
2022-06-22 06:01:23+02:00,50.0
2022-06-22 06:02:24+02:00,50.0
2022-06-22 06:03:24+02:00,50.0
2022-06-22 06:04:24+02:00,50.0
2022-06-22 06:05:24+02:00,50.0
