timestamp,oxygen_saturation_by_minute
2022-06-05 01:51:00+02:00,50.0
2022-06-05 01:52:00+02:00,89.5
2022-06-05 01:53:00+02:00,89.4
2022-06-05 01:54:00+02:00,89.2
2022-06-05 01:55:00+02:00,89.0
2022-06-05 01:56:00+02:00,89.3
2022-06-05 01:57:00+02:00,89.2
2022-06-05 01:58:00+02:00,89.4
2022-06-05 01:59:00+02:00,89.4
2022-06-05 02:00:00+02:00,50.0
2022-06-05 02:00:00+02:00,50.0
2022-06-05 02:01:00+02:00,50.0
2022-06-05 02:02:00+02:00,50.0
2022-06-05 02:03:00+02:00,91.9
2022-06-05 02:04:01+02:00,92.9
2022-06-05 02:05:01+02:00,93.6
2022-06-05 02:06:01+02:00,94.1
2022-06-05 02:07:01+02:00,94.4
2022-06-05 02:08:01+02:00,94.5
2022-06-05 02:09:01+02:00,94.3
2022-06-05 02:10:01+02:00,94.4
2022-06-05 02:11:02+02:00,50.0
2022-06-05 02:12:02+02:00,94.5
2022-06-05 02:13:02+02:00,94.7
2022-06-05 02:14:02+02:00,50.0
2022-06-05 02:15:02+02:00,94.3
2022-06-05 02:16:02+02:00,95.3
2022-06-05 02:17:02+02:00,95.7
2022-06-05 02:18:03+02:00,96.1
2022-06-05 02:19:03+02:00,96.0
2022-06-05 02:20:03+02:00,95.6
2022-06-05 02:21:03+02:00,95.6
2022-06-05 02:22:03+02:00,95.4
2022-06-05 02:23:03+02:00,95.5
2022-06-05 02:24:03+02:00,95.4
2022-06-05 02:25:04+02:00,95.4
2022-06-05 02:26:04+02:00,95.7
2022-06-05 02:27:04+02:00,95.8
2022-06-05 02:28:04+02:00,95.2
2022-06-05 02:29:04+02:00,95.0
2022-06-05 02:30:04+02:00,94.7
2022-06-05 02:31:04+02:00,94.6
2022-06-05 02:32:05+02:00,95.0
2022-06-05 02:33:05+02:00,94.8
2022-06-05 02:34:05+02:00,94.6
2022-06-05 02:35:05+02:00,94.3
2022-06-05 02:36:05+02:00,94.4
2022-06-05 02:37:05+02:00,93.8
2022-06-05 02:38:05+02:00,93.6
2022-06-05 02:39:05+02:00,50.0
2022-06-05 02:40:06+02:00,95.3
2022-06-05 02:41:06+02:00,94.8
2022-06-05 02:42:06+02:00,50.0
2022-06-05 02:43:06+02:00,92.5
2022-06-05 02:44:06+02:00,92.8
2022-06-05 02:45:06+02:00,92.7
2022-06-05 02:46:06+02:00,93.6
2022-06-05 02:47:07+02:00,94.6
2022-06-05 02:48:07+02:00,94.6
2022-06-05 02:49:07+02:00,94.7
2022-06-05 02:50:07+02:00,94.3
2022-06-05 02:51:07+02:00,93.7
2022-06-05 02:52:07+02:00,50.0
2022-06-05 02:53:07+02:00,93.5
2022-06-05 02:54:07+02:00,94.4
2022-06-05 02:55:08+02:00,50.0
2022-06-05 02:56:08+02:00,94.4
2022-06-05 02:57:08+02:00,50.0
2022-06-05 02:58:08+02:00,94.5
2022-06-05 02:59:08+02:00,94.8
2022-06-05 03:00:08+02:00,94.4
2022-06-05 03:01:09+02:00,50.0
2022-06-05 03:02:09+02:00,50.0
2022-06-05 03:03:09+02:00,95.1
2022-06-05 03:04:09+02:00,95.7
2022-06-05 03:05:09+02:00,50.0
2022-06-05 03:06:09+02:00,96.4
2022-06-05 03:07:09+02:00,96.5
2022-06-05 03:08:10+02:00,96.9
2022-06-05 03:09:10+02:00,97.1
2022-06-05 03:10:10+02:00,97.4
2022-06-05 03:11:10+02:00,50.0
2022-06-05 03:12:10+02:00,97.3
2022-06-05 03:13:10+02:00,98.4
2022-06-05 03:14:10+02:00,99.1
2022-06-05 03:15:11+02:00,99.4
2022-06-05 03:16:11+02:00,99.6
2022-06-05 03:17:11+02:00,99.2
2022-06-05 03:18:11+02:00,98.0
2022-06-05 03:19:11+02:00,96.5
2022-06-05 03:20:11+02:00,50.0
2022-06-05 03:21:12+02:00,50.0
2022-06-05 03:22:12+02:00,93.9
2022-06-05 03:23:12+02:00,91.8
2022-06-05 03:24:12+02:00,50.0
2022-06-05 03:25:12+02:00,50.0
2022-06-05 03:26:12+02:00,90.7
2022-06-05 03:27:12+02:00,91.3
2022-06-05 03:28:13+02:00,92.6
2022-06-05 03:29:13+02:00,93.5
2022-06-05 03:30:13+02:00,93.9
2022-06-05 03:31:13+02:00,94.4
2022-06-05 03:32:13+02:00,95.0
2022-06-05 03:33:13+02:00,50.0
2022-06-05 03:34:13+02:00,50.0
2022-06-05 03:35:14+02:00,50.0
2022-06-05 03:36:14+02:00,94.3
2022-06-05 03:37:14+02:00,94.3
2022-06-05 03:38:14+02:00,50.0
2022-06-05 03:39:14+02:00,50.0
2022-06-05 03:40:14+02:00,93.6
2022-06-05 03:41:14+02:00,92.5
2022-06-05 03:42:15+02:00,90.9
2022-06-05 03:43:15+02:00,89.7
2022-06-05 03:44:15+02:00,89.1
2022-06-05 03:45:15+02:00,89.1
2022-06-05 03:46:15+02:00,89.2
2022-06-05 03:47:15+02:00,89.0
2022-06-05 03:48:15+02:00,89.1
2022-06-05 03:49:16+02:00,88.7
2022-06-05 03:50:16+02:00,88.4
2022-06-05 03:51:16+02:00,88.3
2022-06-05 03:52:16+02:00,88.1
2022-06-05 03:53:16+02:00,88.2
2022-06-05 03:54:16+02:00,88.4
2022-06-05 03:55:16+02:00,91.4
2022-06-05 03:56:17+02:00,93.3
2022-06-05 03:57:17+02:00,94.8
2022-06-05 03:58:17+02:00,96.2
2022-06-05 03:59:17+02:00,96.9
2022-06-05 04:00:17+02:00,95.0
2022-06-05 04:01:17+02:00,93.8
2022-06-05 04:02:17+02:00,50.0
2022-06-05 04:03:18+02:00,90.5
2022-06-05 04:04:18+02:00,88.0
2022-06-05 04:05:18+02:00,86.9
2022-06-05 04:06:18+02:00,86.7
2022-06-05 04:07:18+02:00,86.6
2022-06-05 04:08:18+02:00,87.6
2022-06-05 04:09:19+02:00,90.7
2022-06-05 04:10:19+02:00,91.6
2022-06-05 04:11:19+02:00,92.6
2022-06-05 04:12:19+02:00,92.6
2022-06-05 04:13:19+02:00,50.0
2022-06-05 04:14:19+02:00,91.4
2022-06-05 04:15:19+02:00,88.3
2022-06-05 04:16:20+02:00,85.2
2022-06-05 04:17:20+02:00,88.7
2022-06-05 04:18:20+02:00,88.3
2022-06-05 04:19:20+02:00,90.2
2022-06-05 04:20:20+02:00,91.9
2022-06-05 04:21:20+02:00,92.8
2022-06-05 04:22:21+02:00,93.3
2022-06-05 04:23:21+02:00,50.0
2022-06-05 04:24:21+02:00,93.8
2022-06-05 04:25:21+02:00,95.8
2022-06-05 04:26:21+02:00,97.3
2022-06-05 04:27:21+02:00,98.1
2022-06-05 04:28:22+02:00,98.4
2022-06-05 04:29:22+02:00,99.0
2022-06-05 04:30:22+02:00,50.0
2022-06-05 04:31:22+02:00,96.6
2022-06-05 04:32:22+02:00,94.0
2022-06-05 04:33:22+02:00,92.0
2022-06-05 04:34:22+02:00,90.4
2022-06-05 04:35:23+02:00,90.2
2022-06-05 04:36:23+02:00,90.4
2022-06-05 04:37:23+02:00,89.3
2022-06-05 04:38:23+02:00,50.0
2022-06-05 04:39:23+02:00,89.8
2022-06-05 04:40:23+02:00,92.4
2022-06-05 04:41:23+02:00,94.3
2022-06-05 04:42:24+02:00,95.5
2022-06-05 04:43:24+02:00,96.2
2022-06-05 04:44:24+02:00,97.2
2022-06-05 04:45:24+02:00,50.0
2022-06-05 04:46:24+02:00,50.0
2022-06-05 04:47:24+02:00,50.0
2022-06-05 04:48:25+02:00,96.9
2022-06-05 04:49:25+02:00,98.5
2022-06-05 04:50:25+02:00,97.0
2022-06-05 04:51:25+02:00,50.0
2022-06-05 04:52:25+02:00,94.7
2022-06-05 04:53:25+02:00,93.6
2022-06-05 04:54:25+02:00,93.1
2022-06-05 04:55:26+02:00,95.5
2022-06-05 04:56:26+02:00,97.0
2022-06-05 04:57:26+02:00,97.9
2022-06-05 04:58:26+02:00,98.1
2022-06-05 04:59:26+02:00,98.3
2022-06-05 05:00:26+02:00,98.5
2022-06-05 05:01:27+02:00,98.6
2022-06-05 05:02:27+02:00,98.5
2022-06-05 05:03:27+02:00,99.0
2022-06-05 05:04:27+02:00,99.0
2022-06-05 05:05:27+02:00,99.2
2022-06-05 05:06:27+02:00,99.0
2022-06-05 05:07:27+02:00,99.0
2022-06-05 05:08:28+02:00,50.0
2022-06-05 05:09:28+02:00,98.8
2022-06-05 05:10:28+02:00,99.1
2022-06-05 05:11:28+02:00,99.6
2022-06-05 05:12:28+02:00,99.4
2022-06-05 05:13:28+02:00,98.1
2022-06-05 05:14:29+02:00,97.2
2022-06-05 05:15:29+02:00,96.3
2022-06-05 05:16:29+02:00,95.0
2022-06-05 05:17:29+02:00,93.7
2022-06-05 05:18:29+02:00,94.1
2022-06-05 05:19:29+02:00,94.2
2022-06-05 05:20:29+02:00,93.2
2022-06-05 05:21:30+02:00,92.2
2022-06-05 05:22:30+02:00,91.6
2022-06-05 05:23:30+02:00,91.8
2022-06-05 05:24:30+02:00,92.9
2022-06-05 05:25:30+02:00,93.1
2022-06-05 05:26:30+02:00,92.8
2022-06-05 05:27:30+02:00,93.0
2022-06-05 05:28:31+02:00,93.1
2022-06-05 05:29:31+02:00,92.5
2022-06-05 05:30:31+02:00,92.4
2022-06-05 05:31:31+02:00,50.0
2022-06-05 05:32:31+02:00,91.2
2022-06-05 05:33:31+02:00,90.5
2022-06-05 05:34:32+02:00,50.0
2022-06-05 05:35:32+02:00,89.9
2022-06-05 05:36:32+02:00,50.0
2022-06-05 05:37:32+02:00,92.5
2022-06-05 05:38:32+02:00,94.0
2022-06-05 05:39:32+02:00,95.9
2022-06-05 05:40:32+02:00,96.8
2022-06-05 05:41:33+02:00,97.2
2022-06-05 05:42:33+02:00,97.8
2022-06-05 05:43:33+02:00,97.6
2022-06-05 05:44:33+02:00,96.6
2022-06-05 05:45:33+02:00,95.0
2022-06-05 05:46:33+02:00,95.4
2022-06-05 05:47:33+02:00,94.3
2022-06-05 05:48:34+02:00,95.9
2022-06-05 05:49:34+02:00,95.2
2022-06-05 05:50:34+02:00,97.3
2022-06-05 05:51:34+02:00,98.8
2022-06-05 05:52:34+02:00,99.3
2022-06-05 05:53:34+02:00,99.8
2022-06-05 05:54:35+02:00,99.9
2022-06-05 05:55:35+02:00,50.0
2022-06-05 05:56:35+02:00,98.8
2022-06-05 05:57:35+02:00,97.5
2022-06-05 05:58:35+02:00,50.0
2022-06-05 05:59:35+02:00,96.1
2022-06-05 06:00:35+02:00,95.9
2022-06-05 06:01:35+02:00,50.0
2022-06-05 06:02:36+02:00,95.9
2022-06-05 06:03:36+02:00,95.8
2022-06-05 06:04:36+02:00,95.7
2022-06-05 06:05:36+02:00,95.5
2022-06-05 06:06:36+02:00,95.5
2022-06-05 06:07:36+02:00,50.0
2022-06-05 06:08:37+02:00,95.9
2022-06-05 06:09:37+02:00,96.5
2022-06-05 06:10:37+02:00,96.4
2022-06-05 06:11:37+02:00,96.6
2022-06-05 06:12:37+02:00,96.7
2022-06-05 06:13:37+02:00,96.4
2022-06-05 06:14:37+02:00,96.3
2022-06-05 06:15:37+02:00,96.3
2022-06-05 06:16:37+02:00,95.8
2022-06-05 06:17:38+02:00,95.8
2022-06-05 06:18:38+02:00,50.0
2022-06-05 06:19:38+02:00,97.0
2022-06-05 06:20:38+02:00,98.4
2022-06-05 06:21:38+02:00,98.7
2022-06-05 06:22:38+02:00,98.6
2022-06-05 06:23:38+02:00,98.6
2022-06-05 06:24:38+02:00,98.3
2022-06-05 06:25:38+02:00,98.1
2022-06-05 06:26:38+02:00,98.7
2022-06-05 06:27:38+02:00,99.3
2022-06-05 06:28:39+02:00,50.0
2022-06-05 06:29:39+02:00,96.8
2022-06-05 06:30:39+02:00,95.3
2022-06-05 06:31:39+02:00,93.9
2022-06-05 06:32:39+02:00,50.0
2022-06-05 06:33:39+02:00,93.5
2022-06-05 06:34:39+02:00,95.1
2022-06-05 06:35:39+02:00,96.1
2022-06-05 06:36:39+02:00,96.4
2022-06-05 06:37:39+02:00,50.0
2022-06-05 06:38:39+02:00,97.0
2022-06-05 06:39:39+02:00,97.3
2022-06-05 06:40:40+02:00,97.8
2022-06-05 06:41:40+02:00,98.0
2022-06-05 06:42:40+02:00,98.3
2022-06-05 06:43:40+02:00,50.0
2022-06-05 06:44:40+02:00,98.0
2022-06-05 06:45:40+02:00,97.0
2022-06-05 06:46:40+02:00,50.0
2022-06-05 06:47:40+02:00,96.3
2022-06-05 06:48:40+02:00,96.5
2022-06-05 06:49:40+02:00,96.5
2022-06-05 06:50:40+02:00,96.4
2022-06-05 06:51:41+02:00,96.6
2022-06-05 06:52:41+02:00,96.7
2022-06-05 06:53:41+02:00,96.7
2022-06-05 06:54:41+02:00,96.7
2022-06-05 06:55:41+02:00,50.0
2022-06-05 06:56:41+02:00,50.0
2022-06-05 06:57:41+02:00,96.4
2022-06-05 06:58:41+02:00,96.1
2022-06-05 06:59:41+02:00,95.9
2022-06-05 07:00:41+02:00,96.1
2022-06-05 07:01:42+02:00,95.4
2022-06-05 07:02:42+02:00,94.5
2022-06-05 07:03:42+02:00,94.1
2022-06-05 07:04:42+02:00,93.4
2022-06-05 07:05:42+02:00,93.1
2022-06-05 07:06:42+02:00,50.0
2022-06-05 07:07:42+02:00,50.0
2022-06-05 07:08:42+02:00,94.0
2022-06-05 07:09:42+02:00,95.6
2022-06-05 07:10:42+02:00,96.5
2022-06-05 07:11:43+02:00,97.1
2022-06-05 07:12:43+02:00,97.6
2022-06-05 07:13:43+02:00,97.9
2022-06-05 07:14:43+02:00,98.0
2022-06-05 07:15:43+02:00,50.0
2022-06-05 07:16:43+02:00,95.9
2022-06-05 07:17:44+02:00,96.4
2022-06-05 07:18:44+02:00,96.6
2022-06-05 07:19:44+02:00,97.0
2022-06-05 07:20:44+02:00,97.4
2022-06-05 07:21:44+02:00,50.0
2022-06-05 07:22:44+02:00,97.1
2022-06-05 07:23:45+02:00,95.7
2022-06-05 07:24:45+02:00,94.5
2022-06-05 07:25:45+02:00,93.4
2022-06-05 07:26:45+02:00,93.8
2022-06-05 07:27:45+02:00,93.6
2022-06-05 07:28:45+02:00,93.5
2022-06-05 07:29:46+02:00,50.0
2022-06-05 07:30:46+02:00,93.9
2022-06-05 07:31:46+02:00,95.5
2022-06-05 07:32:46+02:00,96.8
2022-06-05 07:33:46+02:00,98.0
2022-06-05 07:34:46+02:00,98.8
2022-06-05 07:35:47+02:00,50.0
2022-06-05 07:36:47+02:00,97.7
2022-06-05 07:37:47+02:00,96.1
2022-06-05 07:38:47+02:00,95.6
2022-06-05 07:39:47+02:00,95.6
2022-06-05 07:40:47+02:00,95.6
2022-06-05 07:41:47+02:00,95.9
2022-06-05 07:42:48+02:00,95.8
2022-06-05 07:43:48+02:00,96.7
2022-06-05 07:44:48+02:00,96.5
2022-06-05 07:45:48+02:00,96.5
2022-06-05 07:46:48+02:00,96.0
2022-06-05 07:47:48+02:00,95.7
2022-06-05 07:48:48+02:00,50.0
2022-06-05 07:49:49+02:00,96.4
2022-06-05 07:50:49+02:00,97.0
2022-06-05 07:51:49+02:00,97.1
2022-06-05 07:52:49+02:00,97.4
2022-06-05 07:53:49+02:00,97.6
2022-06-05 07:54:49+02:00,97.6
2022-06-05 07:55:50+02:00,97.7
2022-06-05 07:56:50+02:00,50.0
2022-06-05 07:57:50+02:00,50.0
2022-06-05 07:58:50+02:00,97.1
2022-06-05 07:59:50+02:00,97.1
2022-06-05 08:00:50+02:00,97.4
2022-06-05 08:01:51+02:00,97.5
2022-06-05 08:02:51+02:00,97.5
2022-06-05 08:03:51+02:00,97.4
2022-06-05 08:04:51+02:00,50.0
2022-06-05 08:05:51+02:00,97.5
2022-06-05 08:06:51+02:00,50.0
2022-06-05 08:07:51+02:00,98.7
2022-06-05 08:08:52+02:00,99.1
2022-06-05 08:09:52+02:00,99.2
2022-06-05 08:10:52+02:00,99.8
2022-06-05 08:11:52+02:00,50.0
2022-06-05 08:12:52+02:00,50.0
2022-06-05 08:13:52+02:00,97.3
2022-06-05 08:14:53+02:00,50.0
2022-06-05 08:15:53+02:00,95.9
2022-06-05 08:16:53+02:00,50.0
2022-06-05 08:17:53+02:00,50.0
2022-06-05 08:18:53+02:00,50.0
2022-06-05 08:19:53+02:00,50.0
2022-06-05 08:20:54+02:00,95.2
2022-06-05 08:21:54+02:00,50.0
2022-06-05 08:22:54+02:00,50.0
2022-06-05 08:23:54+02:00,50.0
2022-06-05 08:24:54+02:00,50.0
2022-06-05 08:25:54+02:00,50.0
2022-06-05 08:26:54+02:00,50.0
2022-06-05 08:27:54+02:00,50.0
2022-06-05 08:28:55+02:00,94.9
2022-06-05 08:29:55+02:00,50.0
2022-06-05 08:30:55+02:00,93.7
2022-06-05 08:31:55+02:00,50.0
2022-06-05 08:32:55+02:00,93.8
2022-06-05 08:33:55+02:00,50.0
2022-06-05 08:34:55+02:00,95.4
2022-06-05 08:35:55+02:00,97.2
2022-06-05 08:36:56+02:00,98.4
2022-06-05 08:37:56+02:00,99.0
2022-06-05 08:38:56+02:00,99.4
2022-06-05 08:39:56+02:00,99.9
2022-06-05 08:40:56+02:00,100.0
2022-06-05 08:41:56+02:00,100.0
2022-06-05 08:42:56+02:00,50.0
2022-06-05 08:43:57+02:00,99.1
2022-06-05 08:44:57+02:00,50.0
2022-06-05 08:45:57+02:00,99.4
2022-06-05 08:46:57+02:00,99.8
2022-06-05 08:47:57+02:00,99.8
2022-06-05 08:48:57+02:00,100.0
2022-06-05 08:49:58+02:00,100.0
2022-06-05 08:50:58+02:00,100.0
2022-06-05 08:51:58+02:00,100.0
2022-06-05 08:52:58+02:00,100.0
2022-06-05 08:53:58+02:00,100.0
2022-06-05 08:54:58+02:00,100.0
2022-06-05 08:55:59+02:00,100.0
2022-06-05 08:56:59+02:00,100.0
2022-06-05 08:57:59+02:00,100.0
2022-06-05 08:58:59+02:00,100.0
2022-06-05 08:59:59+02:00,50.0
2022-06-05 09:00:59+02:00,98.4
2022-06-05 09:02:00+02:00,98.7
2022-06-05 09:03:00+02:00,50.0
2022-06-05 09:04:00+02:00,98.0
2022-06-05 09:05:00+02:00,96.7
2022-06-05 09:06:00+02:00,95.6
2022-06-05 09:07:00+02:00,94.9
2022-06-05 09:08:01+02:00,94.2
2022-06-05 09:09:01+02:00,93.9
2022-06-05 09:10:01+02:00,95.8
2022-06-05 09:11:01+02:00,97.4
2022-06-05 09:12:01+02:00,98.7
2022-06-05 09:13:01+02:00,97.6
2022-06-05 09:14:01+02:00,97.1
2022-06-05 09:15:02+02:00,97.5
2022-06-05 09:16:02+02:00,50.0
2022-06-05 09:17:02+02:00,96.9
2022-06-05 09:18:02+02:00,96.5
2022-06-05 09:19:02+02:00,96.7
2022-06-05 09:20:02+02:00,96.9
2022-06-05 09:21:02+02:00,97.4
2022-06-05 09:22:03+02:00,97.0
2022-06-05 09:23:03+02:00,96.3
2022-06-05 09:24:03+02:00,96.3
2022-06-05 09:25:03+02:00,96.4
2022-06-05 09:26:03+02:00,97.1
2022-06-05 09:27:03+02:00,97.2
2022-06-05 09:28:03+02:00,97.5
2022-06-05 09:29:03+02:00,97.0
2022-06-05 09:30:04+02:00,96.5
2022-06-05 09:31:04+02:00,96.6
2022-06-05 09:32:04+02:00,96.5
2022-06-05 09:33:04+02:00,96.1
2022-06-05 09:34:04+02:00,96.1
2022-06-05 09:35:04+02:00,96.2
2022-06-05 09:36:05+02:00,50.0
2022-06-05 09:37:05+02:00,50.0
2022-06-05 09:38:05+02:00,96.3
2022-06-05 09:39:05+02:00,96.6
2022-06-05 09:40:05+02:00,96.4
2022-06-05 09:41:05+02:00,50.0
2022-06-05 09:42:05+02:00,94.1
2022-06-05 09:43:05+02:00,93.2
2022-06-05 09:44:06+02:00,93.0
2022-06-05 09:45:06+02:00,50.0
2022-06-05 09:46:06+02:00,92.8
2022-06-05 09:47:06+02:00,94.9
2022-06-05 09:48:06+02:00,96.2
2022-06-05 09:49:06+02:00,50.0
2022-06-05 09:50:07+02:00,50.0
2022-06-05 09:51:07+02:00,95.5
2022-06-05 09:52:07+02:00,50.0
2022-06-05 09:53:07+02:00,50.0
2022-06-05 09:54:07+02:00,96.0
2022-06-05 09:55:07+02:00,50.0
2022-06-05 09:56:07+02:00,96.3
2022-06-05 09:57:08+02:00,94.6
2022-06-05 09:58:08+02:00,91.9
2022-06-05 09:59:08+02:00,87.1
2022-06-05 10:00:08+02:00,81.5
2022-06-05 10:01:08+02:00,78.5
2022-06-05 10:02:08+02:00,50.0
2022-06-05 10:03:09+02:00,50.0
2022-06-05 10:04:09+02:00,79.2
2022-06-05 10:05:09+02:00,50.0
2022-06-05 10:06:09+02:00,50.0
2022-06-05 10:07:09+02:00,85.6
2022-06-05 10:08:09+02:00,91.1
2022-06-05 10:09:09+02:00,93.3
2022-06-05 10:10:10+02:00,94.2
2022-06-05 10:11:10+02:00,94.4
2022-06-05 10:12:10+02:00,94.6
2022-06-05 10:13:10+02:00,94.4
2022-06-05 10:14:10+02:00,94.8
2022-06-05 10:15:11+02:00,94.9
2022-06-05 10:16:11+02:00,94.9
2022-06-05 10:17:11+02:00,50.0
2022-06-05 10:18:11+02:00,50.0
2022-06-05 10:19:11+02:00,93.8
2022-06-05 10:20:11+02:00,50.0
2022-06-05 10:21:12+02:00,50.0
2022-06-05 10:22:12+02:00,50.0
2022-06-05 10:23:12+02:00,50.0
2022-06-05 10:24:12+02:00,50.0
2022-06-05 10:25:12+02:00,50.0
2022-06-05 10:26:12+02:00,50.0
2022-06-05 10:27:12+02:00,50.0
2022-06-05 10:28:13+02:00,50.0
2022-06-05 10:29:13+02:00,50.0
2022-06-05 10:30:13+02:00,50.0
2022-06-05 10:31:13+02:00,87.4
2022-06-05 10:32:13+02:00,87.0
2022-06-05 10:33:13+02:00,50.0
2022-06-05 10:34:14+02:00,50.0
2022-06-05 10:35:14+02:00,50.0
2022-06-05 10:36:14+02:00,50.0
2022-06-05 10:37:14+02:00,50.0
2022-06-05 10:38:14+02:00,50.0
2022-06-05 10:39:14+02:00,87.0
2022-06-05 10:40:14+02:00,50.0
2022-06-05 10:41:14+02:00,50.0
2022-06-05 10:42:15+02:00,50.0
2022-06-05 10:43:15+02:00,50.0
2022-06-05 10:44:15+02:00,86.0
2022-06-05 10:45:15+02:00,50.0
2022-06-05 10:46:15+02:00,50.0
2022-06-05 10:47:15+02:00,50.0
2022-06-05 10:48:15+02:00,50.0
2022-06-05 10:49:16+02:00,50.0
2022-06-05 10:50:16+02:00,50.0
2022-06-05 10:51:16+02:00,50.0
2022-06-05 10:52:16+02:00,50.0
2022-06-05 10:53:16+02:00,50.0
2022-06-05 10:54:16+02:00,50.0
2022-06-05 10:55:16+02:00,50.0
2022-06-06 01:31:30+02:00,50.0
2022-06-06 01:32:30+02:00,99.1
2022-06-06 01:33:30+02:00,99.5
2022-06-06 01:34:30+02:00,99.7
2022-06-06 01:35:30+02:00,99.9
2022-06-06 01:36:30+02:00,98.6
2022-06-06 01:37:30+02:00,97.4
2022-06-06 01:38:30+02:00,97.7
2022-06-06 01:39:30+02:00,98.1
2022-06-06 01:40:30+02:00,98.4
2022-06-06 01:41:30+02:00,98.7
2022-06-06 01:42:30+02:00,50.0
2022-06-06 01:43:31+02:00,50.0
2022-06-06 01:44:31+02:00,99.1
2022-06-06 01:45:31+02:00,99.3
2022-06-06 01:46:31+02:00,99.3
2022-06-06 01:47:31+02:00,99.1
2022-06-06 01:48:31+02:00,99.1
2022-06-06 01:49:31+02:00,50.0
2022-06-06 01:50:32+02:00,99.2
2022-06-06 01:51:32+02:00,98.7
2022-06-06 01:52:32+02:00,98.3
2022-06-06 01:53:32+02:00,97.8
2022-06-06 01:54:32+02:00,97.7
2022-06-06 01:55:32+02:00,97.4
2022-06-06 01:56:32+02:00,97.4
2022-06-06 01:57:33+02:00,97.7
2022-06-06 01:58:33+02:00,98.1
2022-06-06 01:59:33+02:00,98.1
2022-06-06 02:00:33+02:00,98.1
2022-06-06 02:00:33+02:00,98.1
2022-06-06 02:01:33+02:00,50.0
2022-06-06 02:02:33+02:00,50.0
2022-06-06 02:03:33+02:00,50.0
2022-06-06 02:04:34+02:00,50.0
2022-06-06 02:05:34+02:00,96.2
2022-06-06 02:06:34+02:00,96.0
2022-06-06 02:07:34+02:00,95.5
2022-06-06 02:08:34+02:00,95.2
2022-06-06 02:09:34+02:00,94.9
2022-06-06 02:10:34+02:00,94.6
2022-06-06 02:11:35+02:00,94.5
2022-06-06 02:12:35+02:00,94.0
2022-06-06 02:13:35+02:00,50.0
2022-06-06 02:14:35+02:00,93.4
2022-06-06 02:15:35+02:00,93.4
2022-06-06 02:16:35+02:00,50.0
2022-06-06 02:17:35+02:00,92.5
2022-06-06 02:18:36+02:00,50.0
2022-06-06 02:19:36+02:00,91.7
2022-06-06 02:20:36+02:00,91.2
2022-06-06 02:21:36+02:00,91.0
2022-06-06 02:22:36+02:00,91.0
2022-06-06 02:23:36+02:00,91.3
2022-06-06 02:24:36+02:00,91.8
2022-06-06 02:25:37+02:00,91.5
2022-06-06 02:26:37+02:00,92.0
2022-06-06 02:27:37+02:00,50.0
2022-06-06 02:28:37+02:00,93.0
2022-06-06 02:29:37+02:00,94.1
2022-06-06 02:30:37+02:00,50.0
2022-06-06 02:31:37+02:00,95.6
2022-06-06 02:32:37+02:00,95.2
2022-06-06 02:33:37+02:00,50.0
2022-06-06 02:34:37+02:00,95.0
2022-06-06 02:35:37+02:00,95.2
2022-06-06 02:36:37+02:00,95.4
2022-06-06 02:37:38+02:00,95.3
2022-06-06 02:38:38+02:00,50.0
2022-06-06 02:39:38+02:00,95.3
2022-06-06 02:40:38+02:00,95.8
2022-06-06 02:41:38+02:00,96.2
2022-06-06 02:42:38+02:00,96.2
2022-06-06 02:43:38+02:00,96.0
2022-06-06 02:44:38+02:00,96.0
2022-06-06 02:45:38+02:00,96.0
2022-06-06 02:46:38+02:00,50.0
2022-06-06 02:47:38+02:00,88.2
2022-06-06 02:48:39+02:00,79.8
2022-06-06 02:49:39+02:00,78.8
2022-06-06 02:50:39+02:00,84.5
2022-06-06 02:51:39+02:00,86.1
2022-06-06 02:52:39+02:00,86.4
2022-06-06 02:53:39+02:00,86.3
2022-06-06 02:54:39+02:00,86.7
2022-06-06 02:55:39+02:00,50.0
2022-06-06 02:56:39+02:00,86.0
2022-06-06 02:57:39+02:00,85.6
2022-06-06 02:58:39+02:00,85.7
2022-06-06 02:59:39+02:00,50.0
2022-06-06 03:00:39+02:00,84.5
2022-06-06 03:01:39+02:00,80.3
2022-06-06 03:02:40+02:00,80.0
2022-06-06 03:03:40+02:00,81.5
2022-06-06 03:04:40+02:00,83.1
2022-06-06 03:05:40+02:00,84.4
2022-06-06 03:06:40+02:00,50.0
2022-06-06 03:07:40+02:00,79.2
2022-06-06 03:08:40+02:00,82.3
2022-06-06 03:09:40+02:00,83.9
2022-06-06 03:10:40+02:00,50.0
2022-06-06 03:11:40+02:00,80.1
2022-06-06 03:12:40+02:00,78.5
2022-06-06 03:13:40+02:00,50.0
2022-06-06 03:14:41+02:00,79.7
2022-06-06 03:15:41+02:00,81.3
2022-06-06 03:16:41+02:00,84.7
2022-06-06 03:17:41+02:00,86.7
2022-06-06 03:18:41+02:00,88.2
2022-06-06 03:19:41+02:00,50.0
2022-06-06 03:20:41+02:00,88.2
2022-06-06 03:21:41+02:00,88.9
2022-06-06 03:22:41+02:00,89.5
2022-06-06 03:23:41+02:00,90.3
2022-06-06 03:24:41+02:00,91.1
2022-06-06 03:25:41+02:00,91.7
2022-06-06 03:26:42+02:00,92.6
2022-06-06 03:27:42+02:00,92.6
2022-06-06 03:28:42+02:00,92.8
2022-06-06 03:29:42+02:00,93.2
2022-06-06 03:30:42+02:00,94.1
2022-06-06 03:31:42+02:00,94.3
2022-06-06 03:32:42+02:00,50.0
2022-06-06 03:33:42+02:00,94.0
2022-06-06 03:34:42+02:00,92.8
2022-06-06 03:35:42+02:00,91.4
2022-06-06 03:36:43+02:00,90.1
2022-06-06 03:37:43+02:00,89.4
2022-06-06 03:38:43+02:00,88.5
2022-06-06 03:39:43+02:00,87.8
2022-06-06 03:40:43+02:00,87.3
2022-06-06 03:41:43+02:00,86.6
2022-06-06 03:42:43+02:00,86.5
2022-06-06 03:43:44+02:00,86.1
2022-06-06 03:44:44+02:00,85.9
2022-06-06 03:45:44+02:00,85.5
2022-06-06 03:46:44+02:00,85.8
2022-06-06 03:47:44+02:00,85.5
2022-06-06 03:48:44+02:00,85.3
2022-06-06 03:49:44+02:00,85.3
2022-06-06 03:50:45+02:00,85.1
2022-06-06 03:51:45+02:00,85.1
2022-06-06 03:52:45+02:00,85.0
2022-06-06 03:53:45+02:00,84.6
2022-06-06 03:54:45+02:00,84.8
2022-06-06 03:55:45+02:00,84.6
2022-06-06 03:56:45+02:00,50.0
2022-06-06 03:57:46+02:00,50.0
2022-06-06 03:58:46+02:00,85.8
2022-06-06 03:59:46+02:00,88.4
2022-06-06 04:00:46+02:00,89.7
2022-06-06 04:01:46+02:00,90.6
2022-06-06 04:02:46+02:00,91.8
2022-06-06 04:03:46+02:00,92.7
2022-06-06 04:04:47+02:00,92.9
2022-06-06 04:05:47+02:00,93.0
2022-06-06 04:06:47+02:00,93.4
2022-06-06 04:07:47+02:00,50.0
2022-06-06 04:08:47+02:00,93.2
2022-06-06 04:09:47+02:00,92.6
2022-06-06 04:10:47+02:00,91.2
2022-06-06 04:11:48+02:00,91.1
2022-06-06 04:12:48+02:00,91.2
2022-06-06 04:13:48+02:00,91.1
2022-06-06 04:14:48+02:00,91.3
2022-06-06 04:15:48+02:00,91.2
2022-06-06 04:16:48+02:00,90.8
2022-06-06 04:17:49+02:00,91.3
2022-06-06 04:18:49+02:00,90.8
2022-06-06 04:19:49+02:00,91.0
2022-06-06 04:20:49+02:00,91.1
2022-06-06 04:21:49+02:00,91.3
2022-06-06 04:22:49+02:00,91.5
2022-06-06 04:23:49+02:00,91.5
2022-06-06 04:24:49+02:00,91.1
2022-06-06 04:25:50+02:00,50.0
2022-06-06 04:26:50+02:00,85.7
2022-06-06 04:27:50+02:00,82.3
2022-06-06 04:28:50+02:00,81.8
2022-06-06 04:29:50+02:00,81.6
2022-06-06 04:30:50+02:00,81.8
2022-06-06 04:31:51+02:00,80.9
2022-06-06 04:32:51+02:00,80.5
2022-06-06 04:33:51+02:00,80.9
2022-06-06 04:34:51+02:00,80.5
2022-06-06 04:35:51+02:00,79.9
2022-06-06 04:36:51+02:00,79.5
2022-06-06 04:37:51+02:00,79.2
2022-06-06 04:38:52+02:00,50.0
2022-06-06 04:39:52+02:00,79.2
2022-06-06 04:40:52+02:00,81.1
2022-06-06 04:41:52+02:00,84.3
2022-06-06 04:42:52+02:00,88.1
2022-06-06 04:43:52+02:00,90.5
2022-06-06 04:44:52+02:00,91.9
2022-06-06 04:45:53+02:00,90.5
2022-06-06 04:46:53+02:00,90.1
2022-06-06 04:47:53+02:00,89.8
2022-06-06 04:48:53+02:00,89.1
2022-06-06 04:49:53+02:00,89.0
2022-06-06 04:50:53+02:00,89.0
2022-06-06 04:51:54+02:00,88.6
2022-06-06 04:52:54+02:00,88.2
2022-06-06 04:53:54+02:00,88.4
2022-06-06 04:54:54+02:00,89.0
2022-06-06 04:55:54+02:00,89.4
2022-06-06 04:56:54+02:00,89.7
2022-06-06 04:57:54+02:00,50.0
2022-06-06 04:58:55+02:00,88.9
2022-06-06 04:59:55+02:00,88.4
2022-06-06 05:00:55+02:00,88.4
2022-06-06 05:01:55+02:00,88.9
2022-06-06 05:02:55+02:00,89.7
2022-06-06 05:03:55+02:00,92.5
2022-06-06 05:04:55+02:00,90.8
2022-06-06 05:05:56+02:00,90.9
2022-06-06 05:06:56+02:00,93.1
2022-06-06 05:07:56+02:00,50.0
2022-06-06 05:08:56+02:00,92.1
2022-06-06 05:09:56+02:00,90.5
2022-06-06 05:10:56+02:00,89.3
2022-06-06 05:11:56+02:00,50.0
2022-06-06 05:12:57+02:00,88.3
2022-06-06 05:13:57+02:00,88.5
2022-06-06 05:14:57+02:00,88.6
2022-06-06 05:15:57+02:00,88.3
2022-06-06 05:16:57+02:00,50.0
2022-06-06 05:17:57+02:00,87.6
2022-06-06 05:18:58+02:00,87.0
2022-06-06 05:19:58+02:00,86.6
2022-06-06 05:20:58+02:00,86.9
2022-06-06 05:21:58+02:00,86.9
2022-06-06 05:22:58+02:00,87.9
2022-06-06 05:23:58+02:00,91.2
2022-06-06 05:24:58+02:00,90.9
2022-06-06 05:25:59+02:00,89.2
2022-06-06 05:26:59+02:00,88.6
2022-06-06 05:27:59+02:00,50.0
2022-06-06 05:28:59+02:00,88.2
2022-06-06 05:29:59+02:00,88.0
2022-06-06 05:30:59+02:00,87.8
2022-06-06 05:31:59+02:00,88.0
2022-06-06 05:33:00+02:00,88.2
2022-06-06 05:34:00+02:00,88.2
2022-06-06 05:35:00+02:00,88.7
2022-06-06 05:36:00+02:00,88.7
2022-06-06 05:37:00+02:00,88.4
2022-06-06 05:38:00+02:00,88.0
2022-06-06 05:39:00+02:00,87.7
2022-06-06 05:40:00+02:00,50.0
2022-06-06 05:41:01+02:00,50.0
2022-06-06 05:42:01+02:00,50.0
2022-06-06 05:43:01+02:00,89.2
2022-06-06 05:44:01+02:00,89.1
2022-06-06 05:45:01+02:00,89.1
2022-06-06 05:46:01+02:00,91.9
2022-06-06 05:47:02+02:00,94.8
2022-06-06 05:48:02+02:00,96.6
2022-06-06 05:49:02+02:00,96.8
2022-06-06 05:50:02+02:00,97.5
2022-06-06 05:51:02+02:00,97.6
2022-06-06 05:52:02+02:00,96.9
2022-06-06 05:53:02+02:00,50.0
2022-06-06 05:54:03+02:00,94.9
2022-06-06 05:55:03+02:00,50.0
2022-06-06 05:56:03+02:00,91.7
2022-06-06 05:57:03+02:00,90.5
2022-06-06 05:58:03+02:00,90.5
2022-06-06 05:59:03+02:00,90.3
2022-06-06 06:00:03+02:00,90.8
2022-06-06 06:01:03+02:00,91.5
2022-06-06 06:02:04+02:00,91.6
2022-06-06 06:03:04+02:00,90.9
2022-06-06 06:04:04+02:00,90.7
2022-06-06 06:05:04+02:00,89.7
2022-06-06 06:06:04+02:00,90.8
2022-06-06 06:07:04+02:00,89.3
2022-06-06 06:08:05+02:00,89.3
2022-06-06 06:09:05+02:00,89.0
2022-06-06 06:10:05+02:00,88.6
2022-06-06 06:11:05+02:00,88.7
2022-06-06 06:12:05+02:00,88.6
2022-06-06 06:13:05+02:00,88.8
2022-06-06 06:14:05+02:00,88.5
2022-06-06 06:15:05+02:00,88.2
2022-06-06 06:16:06+02:00,88.4
2022-06-06 06:17:06+02:00,85.9
2022-06-06 06:18:06+02:00,78.6
2022-06-06 06:19:06+02:00,79.3
2022-06-06 06:20:06+02:00,83.0
2022-06-06 06:21:06+02:00,83.2
2022-06-06 06:22:06+02:00,83.5
2022-06-06 06:23:07+02:00,81.8
2022-06-06 06:24:07+02:00,82.2
2022-06-06 06:25:07+02:00,79.8
2022-06-06 06:26:07+02:00,82.3
2022-06-06 06:27:07+02:00,79.0
2022-06-06 06:28:07+02:00,81.5
2022-06-06 06:29:07+02:00,50.0
2022-06-06 06:30:08+02:00,77.8
2022-06-06 06:31:08+02:00,77.8
2022-06-06 06:32:08+02:00,77.9
2022-06-06 06:33:08+02:00,79.3
2022-06-06 06:34:08+02:00,50.0
2022-06-06 06:35:08+02:00,78.5
2022-06-06 06:36:09+02:00,77.0
2022-06-06 06:37:09+02:00,76.7
2022-06-06 06:38:09+02:00,78.1
2022-06-06 06:39:09+02:00,83.1
2022-06-06 06:40:09+02:00,83.8
2022-06-06 06:41:09+02:00,83.7
2022-06-06 06:42:09+02:00,84.0
2022-06-06 06:43:10+02:00,84.6
2022-06-06 06:44:10+02:00,85.3
2022-06-06 06:45:10+02:00,85.5
2022-06-06 06:46:10+02:00,85.5
2022-06-06 06:47:10+02:00,85.3
2022-06-06 06:48:10+02:00,85.1
2022-06-06 06:49:10+02:00,85.0
2022-06-06 06:50:11+02:00,85.3
2022-06-06 06:51:11+02:00,85.4
2022-06-06 06:52:11+02:00,85.5
2022-06-06 06:53:11+02:00,85.1
2022-06-06 06:54:11+02:00,84.7
2022-06-06 06:55:11+02:00,84.4
2022-06-06 06:56:11+02:00,50.0
2022-06-06 06:57:12+02:00,83.5
2022-06-06 06:58:12+02:00,79.8
2022-06-06 06:59:12+02:00,50.0
2022-06-06 07:00:12+02:00,77.2
2022-06-06 07:01:12+02:00,80.7
2022-06-06 07:02:12+02:00,84.6
2022-06-06 07:03:13+02:00,50.0
2022-06-06 07:04:13+02:00,86.3
2022-06-06 07:05:13+02:00,50.0
2022-06-06 07:06:13+02:00,90.1
2022-06-06 07:07:13+02:00,50.0
2022-06-06 07:08:13+02:00,92.9
2022-06-06 07:09:13+02:00,91.4
2022-06-06 07:10:14+02:00,90.5
2022-06-06 07:11:14+02:00,90.3
2022-06-06 07:12:14+02:00,89.8
2022-06-06 07:13:14+02:00,89.8
2022-06-06 07:14:14+02:00,50.0
2022-06-06 07:15:14+02:00,89.1
2022-06-06 07:16:14+02:00,90.9
2022-06-06 07:17:15+02:00,92.1
2022-06-06 07:18:15+02:00,92.8
2022-06-06 07:19:15+02:00,93.6
2022-06-06 07:20:15+02:00,94.1
2022-06-06 07:21:15+02:00,94.2
2022-06-06 07:22:15+02:00,93.6
2022-06-06 07:23:16+02:00,50.0
2022-06-06 07:24:16+02:00,94.7
2022-06-06 07:25:16+02:00,50.0
2022-06-06 07:26:16+02:00,95.0
2022-06-06 07:27:16+02:00,95.2
2022-06-06 07:28:16+02:00,96.0
2022-06-06 07:29:16+02:00,96.0
2022-06-06 07:30:17+02:00,96.1
2022-06-06 07:31:17+02:00,50.0
2022-06-06 07:32:17+02:00,95.5
2022-06-06 07:33:17+02:00,94.0
2022-06-06 07:34:17+02:00,93.1
2022-06-06 07:35:17+02:00,92.2
2022-06-06 07:36:17+02:00,91.9
2022-06-06 07:37:18+02:00,50.0
2022-06-06 07:38:18+02:00,92.9
2022-06-06 07:39:18+02:00,50.0
2022-06-06 07:40:18+02:00,50.0
2022-06-06 07:41:18+02:00,50.0
2022-06-06 07:42:18+02:00,50.0
2022-06-06 07:43:18+02:00,50.0
2022-06-06 07:44:18+02:00,50.0
2022-06-06 07:45:19+02:00,50.0
2022-06-06 07:46:19+02:00,50.0
2022-06-06 07:47:19+02:00,50.0
2022-06-06 07:48:19+02:00,50.0
2022-06-06 07:49:19+02:00,50.0
2022-06-06 07:50:20+02:00,50.0
2022-06-06 07:51:20+02:00,92.4
2022-06-06 07:52:21+02:00,93.7
2022-06-06 07:53:21+02:00,50.0
2022-06-06 07:54:21+02:00,94.0
2022-06-06 07:55:21+02:00,50.0
2022-06-06 07:56:21+02:00,94.1
2022-06-06 07:57:21+02:00,94.9
2022-06-06 07:58:21+02:00,95.1
2022-06-06 07:59:22+02:00,50.0
2022-06-06 08:00:22+02:00,95.6
2022-06-06 08:01:22+02:00,96.2
2022-06-06 08:02:22+02:00,96.3
2022-06-06 08:03:22+02:00,96.7
2022-06-06 08:04:22+02:00,50.0
2022-06-06 08:05:22+02:00,96.7
2022-06-06 08:06:23+02:00,96.7
2022-06-06 08:07:23+02:00,96.8
2022-06-06 08:08:23+02:00,50.0
2022-06-06 08:09:23+02:00,50.0
2022-06-06 08:10:23+02:00,96.4
2022-06-06 08:11:23+02:00,96.8
2022-06-06 08:12:23+02:00,97.4
2022-06-06 08:13:24+02:00,97.4
2022-06-06 08:14:24+02:00,97.8
2022-06-06 08:15:24+02:00,97.9
2022-06-06 08:16:24+02:00,50.0
2022-06-06 08:17:24+02:00,97.6
2022-06-06 08:18:24+02:00,98.1
2022-06-06 08:19:24+02:00,50.0
2022-06-06 08:20:25+02:00,97.3
2022-06-06 08:21:25+02:00,97.3
2022-06-06 08:22:25+02:00,97.4
2022-06-06 08:23:25+02:00,97.5
2022-06-06 08:24:25+02:00,97.2
2022-06-06 08:25:25+02:00,97.5
2022-06-06 08:26:25+02:00,97.6
2022-06-06 08:27:26+02:00,97.7
2022-06-06 08:28:26+02:00,97.7
2022-06-06 08:29:26+02:00,97.7
2022-06-06 08:30:26+02:00,97.6
2022-06-06 08:31:26+02:00,50.0
2022-06-06 08:32:26+02:00,97.5
2022-06-06 08:33:26+02:00,97.2
2022-06-06 08:34:27+02:00,97.2
2022-06-06 08:35:27+02:00,97.4
2022-06-06 08:36:27+02:00,97.4
2022-06-06 08:37:27+02:00,97.5
2022-06-06 08:38:27+02:00,97.6
2022-06-06 08:39:27+02:00,97.5
2022-06-06 08:40:27+02:00,97.4
2022-06-06 08:41:28+02:00,97.3
2022-06-06 08:42:28+02:00,97.0
2022-06-06 08:43:28+02:00,50.0
2022-06-06 08:44:28+02:00,97.0
2022-06-06 08:45:28+02:00,97.1
2022-06-06 08:46:28+02:00,50.0
2022-06-06 08:47:29+02:00,96.6
2022-06-06 08:48:29+02:00,50.0
2022-06-06 08:49:29+02:00,95.9
2022-06-06 08:50:29+02:00,96.9
2022-06-06 08:51:29+02:00,97.6
2022-06-06 08:52:29+02:00,97.6
2022-06-06 08:53:29+02:00,97.7
2022-06-06 08:54:30+02:00,97.7
2022-06-06 08:55:30+02:00,50.0
2022-06-06 08:56:30+02:00,97.7
2022-06-06 08:57:30+02:00,98.2
2022-06-06 08:58:30+02:00,98.4
2022-06-06 08:59:30+02:00,98.5
2022-06-06 09:00:30+02:00,50.0
2022-06-06 09:01:31+02:00,98.0
2022-06-06 09:02:31+02:00,98.1
2022-06-06 09:03:31+02:00,98.2
2022-06-06 09:04:31+02:00,50.0
2022-06-06 09:05:31+02:00,98.0
2022-06-06 09:06:31+02:00,50.0
2022-06-06 09:07:32+02:00,98.6
2022-06-06 09:08:32+02:00,98.9
2022-06-06 09:09:32+02:00,99.2
2022-06-06 09:10:32+02:00,99.4
2022-06-06 09:11:32+02:00,99.7
2022-06-06 09:12:32+02:00,99.8
2022-06-06 09:13:32+02:00,99.7
2022-06-06 09:14:33+02:00,99.5
2022-06-06 09:15:33+02:00,99.5
2022-06-06 09:16:33+02:00,50.0
2022-06-06 09:17:33+02:00,50.0
2022-06-06 09:18:33+02:00,50.0
2022-06-06 09:19:33+02:00,50.0
2022-06-06 09:20:33+02:00,50.0
2022-06-06 09:21:34+02:00,50.0
2022-06-06 09:22:34+02:00,50.0
2022-06-06 09:23:34+02:00,50.0
2022-06-06 09:24:34+02:00,50.0
2022-06-06 09:25:34+02:00,93.4
2022-06-06 09:26:34+02:00,90.1
2022-06-06 09:27:34+02:00,86.4
2022-06-06 09:28:35+02:00,84.3
2022-06-06 09:29:35+02:00,50.0
2022-06-06 09:30:35+02:00,50.0
2022-06-06 09:31:35+02:00,50.0
2022-06-06 09:32:35+02:00,50.0
2022-06-06 09:33:35+02:00,50.0
2022-06-06 09:34:35+02:00,50.0
2022-06-06 09:35:36+02:00,50.0
2022-06-06 09:36:36+02:00,83.4
2022-06-06 09:37:36+02:00,50.0
2022-06-06 09:38:36+02:00,50.0
2022-06-06 09:39:36+02:00,50.0
2022-06-06 09:40:36+02:00,50.0
2022-06-06 09:41:36+02:00,50.0
2022-06-06 09:42:37+02:00,50.0
2022-06-06 09:43:37+02:00,50.0
2022-06-06 09:44:37+02:00,50.0
2022-06-06 09:45:37+02:00,50.0
2022-06-06 09:46:37+02:00,50.0
2022-06-06 09:47:37+02:00,50.0
2022-06-06 09:48:37+02:00,50.0
2022-06-06 09:49:37+02:00,50.0
2022-06-06 09:50:37+02:00,50.0
2022-06-06 09:51:37+02:00,50.0
2022-06-06 09:52:37+02:00,50.0
2022-06-06 09:53:37+02:00,50.0
2022-06-06 09:54:37+02:00,50.0
2022-06-06 09:55:38+02:00,50.0
2022-06-06 09:56:38+02:00,50.0
2022-06-06 09:57:38+02:00,50.0
2022-06-06 09:58:38+02:00,50.0
2022-06-06 09:59:38+02:00,50.0
2022-06-06 10:00:38+02:00,50.0
2022-06-06 10:01:38+02:00,50.0
2022-06-07 01:09:00+02:00,50.0
2022-06-07 01:10:00+02:00,50.0
2022-06-07 01:11:00+02:00,96.3
2022-06-07 01:12:00+02:00,96.0
2022-06-07 01:13:00+02:00,96.1
2022-06-07 01:14:00+02:00,96.0
2022-06-07 01:15:00+02:00,50.0
2022-06-07 01:16:00+02:00,50.0
2022-06-07 01:17:00+02:00,96.6
2022-06-07 01:18:00+02:00,97.0
2022-06-07 01:19:00+02:00,97.3
2022-06-07 01:20:01+02:00,97.3
2022-06-07 01:21:01+02:00,97.1
2022-06-07 01:22:01+02:00,97.4
2022-06-07 01:23:01+02:00,97.8
2022-06-07 01:24:01+02:00,97.9
2022-06-07 01:25:01+02:00,97.9
2022-06-07 01:26:01+02:00,50.0
2022-06-07 01:27:02+02:00,50.0
2022-06-07 01:28:02+02:00,97.3
2022-06-07 01:29:02+02:00,96.7
2022-06-07 01:30:02+02:00,96.2
2022-06-07 01:31:02+02:00,95.6
2022-06-07 01:32:02+02:00,50.0
2022-06-07 01:33:02+02:00,50.0
2022-06-07 01:34:03+02:00,95.2
2022-06-07 01:35:03+02:00,95.2
2022-06-07 01:36:03+02:00,94.9
2022-06-07 01:37:03+02:00,50.0
2022-06-07 01:38:03+02:00,94.5
2022-06-07 01:39:03+02:00,50.0
2022-06-07 01:40:03+02:00,50.0
2022-06-07 01:41:03+02:00,94.4
2022-06-07 01:42:04+02:00,50.0
2022-06-07 01:43:04+02:00,50.0
2022-06-07 01:44:04+02:00,94.5
2022-06-07 01:45:04+02:00,94.6
2022-06-07 01:46:04+02:00,94.4
2022-06-07 01:47:04+02:00,94.7
2022-06-07 01:48:04+02:00,95.0
2022-06-07 01:49:05+02:00,50.0
2022-06-07 01:50:05+02:00,95.2
2022-06-07 01:51:05+02:00,95.1
2022-06-07 01:52:05+02:00,95.2
2022-06-07 01:53:05+02:00,95.3
2022-06-07 01:54:05+02:00,95.1
2022-06-07 01:55:05+02:00,95.2
2022-06-07 01:56:05+02:00,95.0
2022-06-07 01:57:06+02:00,95.1
2022-06-07 01:58:06+02:00,94.8
2022-06-07 01:59:06+02:00,94.8
2022-06-07 02:00:06+02:00,94.7
2022-06-07 02:00:06+02:00,94.7
2022-06-07 02:01:06+02:00,94.5
2022-06-07 02:02:06+02:00,94.6
2022-06-07 02:03:06+02:00,94.5
2022-06-07 02:04:07+02:00,94.3
2022-06-07 02:05:07+02:00,94.2
2022-06-07 02:06:07+02:00,50.0
2022-06-07 02:07:07+02:00,50.0
2022-06-07 02:08:07+02:00,50.0
2022-06-07 02:09:07+02:00,94.2
2022-06-07 02:10:07+02:00,50.0
2022-06-07 02:11:08+02:00,94.7
2022-06-07 02:12:08+02:00,95.4
2022-06-07 02:13:08+02:00,95.1
2022-06-07 02:14:08+02:00,95.2
2022-06-07 02:15:08+02:00,95.1
2022-06-07 02:16:08+02:00,95.2
2022-06-07 02:17:09+02:00,95.5
2022-06-07 02:18:09+02:00,95.6
2022-06-07 02:19:09+02:00,95.3
2022-06-07 02:20:09+02:00,94.7
2022-06-07 02:21:09+02:00,94.5
2022-06-07 02:22:09+02:00,94.3
2022-06-07 02:23:09+02:00,94.3
2022-06-07 02:24:10+02:00,94.1
2022-06-07 02:25:10+02:00,50.0
2022-06-07 02:26:10+02:00,95.0
2022-06-07 02:27:10+02:00,50.0
2022-06-07 02:28:10+02:00,95.4
2022-06-07 02:29:10+02:00,95.2
2022-06-07 02:30:10+02:00,95.0
2022-06-07 02:31:11+02:00,95.1
2022-06-07 02:32:11+02:00,95.0
2022-06-07 02:33:11+02:00,95.0
2022-06-07 02:34:11+02:00,94.9
2022-06-07 02:35:11+02:00,50.0
2022-06-07 02:36:11+02:00,94.9
2022-06-07 02:37:12+02:00,95.0
2022-06-07 02:38:12+02:00,50.0
2022-06-07 02:39:12+02:00,95.4
2022-06-07 02:40:12+02:00,96.5
2022-06-07 02:41:12+02:00,96.9
2022-06-07 02:42:12+02:00,96.9
2022-06-07 02:43:12+02:00,97.2
2022-06-07 02:44:13+02:00,97.4
2022-06-07 02:45:13+02:00,97.8
2022-06-07 02:46:13+02:00,97.5
2022-06-07 02:47:13+02:00,97.6
2022-06-07 02:48:13+02:00,97.6
2022-06-07 02:49:13+02:00,97.7
2022-06-07 02:50:13+02:00,97.6
2022-06-07 02:51:14+02:00,97.9
2022-06-07 02:52:14+02:00,98.1
2022-06-07 02:53:14+02:00,97.6
2022-06-07 02:54:14+02:00,97.7
2022-06-07 02:55:14+02:00,97.8
2022-06-07 02:56:14+02:00,97.7
2022-06-07 02:57:14+02:00,97.6
2022-06-07 02:58:15+02:00,50.0
2022-06-07 02:59:15+02:00,50.0
2022-06-07 03:00:15+02:00,97.7
2022-06-07 03:01:15+02:00,50.0
2022-06-07 03:02:15+02:00,97.7
2022-06-07 03:03:15+02:00,97.4
2022-06-07 03:04:16+02:00,97.3
2022-06-07 03:05:16+02:00,97.3
2022-06-07 03:06:16+02:00,97.3
2022-06-07 03:07:16+02:00,50.0
2022-06-07 03:08:16+02:00,97.1
2022-06-07 03:09:16+02:00,97.2
2022-06-07 03:10:16+02:00,97.9
2022-06-07 03:11:17+02:00,97.6
2022-06-07 03:12:17+02:00,97.3
2022-06-07 03:13:17+02:00,97.2
2022-06-07 03:14:17+02:00,97.0
2022-06-07 03:15:17+02:00,96.7
2022-06-07 03:16:17+02:00,96.9
2022-06-07 03:17:17+02:00,97.1
2022-06-07 03:18:18+02:00,96.7
2022-06-07 03:19:18+02:00,50.0
2022-06-07 03:20:18+02:00,96.9
2022-06-07 03:21:18+02:00,50.0
2022-06-07 03:22:18+02:00,97.3
2022-06-07 03:23:18+02:00,50.0
2022-06-07 03:24:18+02:00,97.8
2022-06-07 03:25:19+02:00,97.7
2022-06-07 03:26:19+02:00,97.7
2022-06-07 03:27:19+02:00,97.5
2022-06-07 03:28:19+02:00,97.5
2022-06-07 03:29:19+02:00,97.3
2022-06-07 03:30:19+02:00,97.5
2022-06-07 03:31:20+02:00,50.0
2022-06-07 03:32:20+02:00,97.1
2022-06-07 03:33:20+02:00,97.5
2022-06-07 03:34:20+02:00,97.5
2022-06-07 03:35:20+02:00,50.0
2022-06-07 03:36:20+02:00,96.9
2022-06-07 03:37:20+02:00,96.3
2022-06-07 03:38:21+02:00,96.4
2022-06-07 03:39:21+02:00,50.0
2022-06-07 03:40:21+02:00,97.0
2022-06-07 03:41:21+02:00,50.0
2022-06-07 03:42:21+02:00,96.9
2022-06-07 03:43:21+02:00,96.5
2022-06-07 03:44:21+02:00,96.5
2022-06-07 03:45:22+02:00,97.1
2022-06-07 03:46:22+02:00,97.4
2022-06-07 03:47:22+02:00,97.8
2022-06-07 03:48:22+02:00,50.0
2022-06-07 03:49:22+02:00,96.5
2022-06-07 03:50:22+02:00,96.8
2022-06-07 03:51:23+02:00,96.4
2022-06-07 03:52:23+02:00,96.6
2022-06-07 03:53:23+02:00,50.0
2022-06-07 03:54:23+02:00,96.8
2022-06-07 03:55:23+02:00,92.5
2022-06-07 03:56:23+02:00,92.8
2022-06-07 03:57:23+02:00,89.8
2022-06-07 03:58:24+02:00,91.7
2022-06-07 03:59:24+02:00,90.0
2022-06-07 04:00:24+02:00,87.5
2022-06-07 04:01:24+02:00,89.7
2022-06-07 04:02:24+02:00,89.5
2022-06-07 04:03:24+02:00,90.9
2022-06-07 04:04:24+02:00,89.3
2022-06-07 04:05:25+02:00,50.0
2022-06-07 04:06:25+02:00,50.0
2022-06-07 04:07:25+02:00,50.0
2022-06-07 04:08:25+02:00,91.6
2022-06-07 04:09:25+02:00,50.0
2022-06-07 04:10:25+02:00,93.4
2022-06-07 04:11:26+02:00,95.0
2022-06-07 04:12:26+02:00,96.0
2022-06-07 04:13:26+02:00,96.9
2022-06-07 04:14:26+02:00,97.5
2022-06-07 04:15:26+02:00,97.6
2022-06-07 04:16:26+02:00,97.5
2022-06-07 04:17:26+02:00,50.0
2022-06-07 04:18:27+02:00,50.0
2022-06-07 04:19:27+02:00,97.2
2022-06-07 04:20:27+02:00,50.0
2022-06-07 04:21:27+02:00,97.0
2022-06-07 04:22:27+02:00,97.0
2022-06-07 04:23:27+02:00,96.6
2022-06-07 04:24:27+02:00,96.9
2022-06-07 04:25:28+02:00,97.3
2022-06-07 04:26:28+02:00,97.6
2022-06-07 04:27:28+02:00,50.0
2022-06-07 04:28:28+02:00,97.7
2022-06-07 04:29:28+02:00,98.3
2022-06-07 04:30:28+02:00,97.7
2022-06-07 04:31:29+02:00,95.8
2022-06-07 04:32:29+02:00,94.2
2022-06-07 04:33:29+02:00,92.5
2022-06-07 04:34:29+02:00,89.9
2022-06-07 04:35:29+02:00,88.3
2022-06-07 04:36:29+02:00,87.2
2022-06-07 04:37:29+02:00,86.0
2022-06-07 04:38:30+02:00,50.0
2022-06-07 04:39:30+02:00,84.2
2022-06-07 04:40:30+02:00,86.0
2022-06-07 04:41:30+02:00,87.0
2022-06-07 04:42:30+02:00,91.2
2022-06-07 04:43:30+02:00,93.8
2022-06-07 04:44:30+02:00,95.5
2022-06-07 04:45:31+02:00,96.8
2022-06-07 04:46:31+02:00,97.4
2022-06-07 04:47:31+02:00,97.5
2022-06-07 04:48:31+02:00,97.8
2022-06-07 04:49:31+02:00,97.9
2022-06-07 04:50:31+02:00,97.7
2022-06-07 04:51:32+02:00,98.0
2022-06-07 04:52:32+02:00,50.0
2022-06-07 04:53:32+02:00,98.1
2022-06-07 04:54:32+02:00,50.0
2022-06-07 04:55:32+02:00,98.2
2022-06-07 04:56:32+02:00,98.3
2022-06-07 04:57:32+02:00,98.4
2022-06-07 04:58:33+02:00,98.8
2022-06-07 04:59:33+02:00,98.5
2022-06-07 05:00:33+02:00,98.8
2022-06-07 05:01:33+02:00,50.0
2022-06-07 05:02:33+02:00,98.8
2022-06-07 05:03:33+02:00,99.4
2022-06-07 05:04:33+02:00,99.7
2022-06-07 05:05:34+02:00,100.0
2022-06-07 05:06:34+02:00,100.0
2022-06-07 05:07:34+02:00,50.0
2022-06-07 05:08:34+02:00,99.1
2022-06-07 05:09:34+02:00,98.4
2022-06-07 05:10:34+02:00,97.7
2022-06-07 05:11:34+02:00,97.2
2022-06-07 05:12:35+02:00,96.7
2022-06-07 05:13:35+02:00,96.3
2022-06-07 05:14:35+02:00,95.9
2022-06-07 05:15:35+02:00,95.9
2022-06-07 05:16:35+02:00,50.0
2022-06-07 05:17:35+02:00,93.4
2022-06-07 05:18:36+02:00,94.3
2022-06-07 05:19:36+02:00,95.5
2022-06-07 05:20:36+02:00,96.2
2022-06-07 05:21:36+02:00,96.6
2022-06-07 05:22:36+02:00,96.8
2022-06-07 05:23:36+02:00,97.2
2022-06-07 05:24:36+02:00,97.2
2022-06-07 05:25:37+02:00,50.0
2022-06-07 05:26:37+02:00,97.2
2022-06-07 05:27:37+02:00,98.7
2022-06-07 05:28:37+02:00,99.4
2022-06-07 05:29:37+02:00,99.8
2022-06-07 05:30:37+02:00,100.0
2022-06-07 05:31:37+02:00,50.0
2022-06-07 05:32:37+02:00,50.0
2022-06-07 05:33:37+02:00,98.3
2022-06-07 05:34:37+02:00,97.4
2022-06-07 05:35:38+02:00,50.0
2022-06-07 05:36:38+02:00,97.0
2022-06-07 05:37:38+02:00,95.5
2022-06-07 05:38:38+02:00,90.6
2022-06-07 05:39:38+02:00,92.2
2022-06-07 05:40:38+02:00,93.1
2022-06-07 05:41:38+02:00,95.0
2022-06-07 05:42:38+02:00,97.0
2022-06-07 05:43:38+02:00,50.0
2022-06-07 05:44:39+02:00,95.6
2022-06-07 05:45:39+02:00,96.7
2022-06-07 05:46:39+02:00,97.3
2022-06-07 05:47:39+02:00,97.4
2022-06-07 05:48:39+02:00,50.0
2022-06-07 05:49:39+02:00,97.4
2022-06-07 05:50:39+02:00,97.6
2022-06-07 05:51:39+02:00,50.0
2022-06-07 05:52:40+02:00,97.2
2022-06-07 05:53:40+02:00,50.0
2022-06-07 05:54:40+02:00,96.5
2022-06-07 05:55:40+02:00,96.6
2022-06-07 05:56:40+02:00,97.1
2022-06-07 05:57:40+02:00,96.8
2022-06-07 05:58:40+02:00,97.4
2022-06-07 05:59:40+02:00,96.4
2022-06-07 06:00:41+02:00,97.0
2022-06-07 06:01:41+02:00,97.3
2022-06-07 06:02:41+02:00,97.8
2022-06-07 06:03:41+02:00,97.1
2022-06-07 06:04:41+02:00,96.5
2022-06-07 06:05:41+02:00,96.4
2022-06-07 06:06:41+02:00,96.4
2022-06-07 06:07:41+02:00,50.0
2022-06-07 06:08:41+02:00,50.0
2022-06-07 06:09:41+02:00,50.0
2022-06-07 06:10:42+02:00,50.0
2022-06-07 06:11:42+02:00,94.3
2022-06-07 06:12:42+02:00,93.2
2022-06-07 06:13:42+02:00,93.6
2022-06-07 06:14:42+02:00,93.2
2022-06-07 06:15:42+02:00,94.0
2022-06-07 06:16:42+02:00,93.2
2022-06-07 06:17:43+02:00,94.5
2022-06-07 06:18:43+02:00,92.7
2022-06-07 06:19:43+02:00,90.6
2022-06-07 06:20:43+02:00,88.5
2022-06-07 06:21:43+02:00,87.8
2022-06-07 06:22:43+02:00,87.4
2022-06-07 06:23:43+02:00,87.3
2022-06-07 06:24:44+02:00,87.8
2022-06-07 06:25:44+02:00,87.6
2022-06-07 06:26:44+02:00,87.4
2022-06-07 06:27:44+02:00,87.0
2022-06-07 06:28:44+02:00,86.8
2022-06-07 06:29:44+02:00,87.0
2022-06-07 06:30:44+02:00,91.2
2022-06-07 06:31:45+02:00,91.7
2022-06-07 06:32:45+02:00,90.4
2022-06-07 06:33:45+02:00,89.5
2022-06-07 06:34:45+02:00,88.7
2022-06-07 06:35:45+02:00,87.9
2022-06-07 06:36:45+02:00,87.4
2022-06-07 06:37:46+02:00,87.7
2022-06-07 06:38:46+02:00,88.1
2022-06-07 06:39:46+02:00,88.2
2022-06-07 06:40:46+02:00,89.0
2022-06-07 06:41:46+02:00,89.1
2022-06-07 06:42:46+02:00,89.7
2022-06-07 06:43:46+02:00,89.6
2022-06-07 06:44:47+02:00,89.4
2022-06-07 06:45:47+02:00,89.1
2022-06-07 06:46:47+02:00,89.5
2022-06-07 06:47:47+02:00,50.0
2022-06-07 06:48:47+02:00,89.1
2022-06-07 06:49:47+02:00,92.6
2022-06-07 06:50:47+02:00,50.0
2022-06-07 06:51:48+02:00,50.0
2022-06-07 06:52:48+02:00,94.9
2022-06-07 06:53:48+02:00,96.7
2022-06-07 06:54:48+02:00,97.5
2022-06-07 06:55:48+02:00,97.0
2022-06-07 06:56:48+02:00,97.7
2022-06-07 06:57:48+02:00,98.1
2022-06-07 06:58:49+02:00,98.5
2022-06-07 06:59:49+02:00,50.0
2022-06-07 07:00:49+02:00,50.0
2022-06-07 07:01:49+02:00,97.7
2022-06-07 07:02:49+02:00,97.0
2022-06-07 07:03:49+02:00,96.9
2022-06-07 07:04:50+02:00,50.0
2022-06-07 07:05:50+02:00,96.2
2022-06-07 07:06:50+02:00,96.3
2022-06-07 07:07:50+02:00,96.4
2022-06-07 07:08:50+02:00,50.0
2022-06-07 07:09:50+02:00,96.8
2022-06-07 07:10:50+02:00,97.0
2022-06-07 07:11:51+02:00,97.4
2022-06-07 07:12:51+02:00,97.4
2022-06-07 07:13:51+02:00,97.1
2022-06-07 07:14:51+02:00,96.7
2022-06-07 07:15:51+02:00,50.0
2022-06-07 07:16:51+02:00,50.0
2022-06-07 07:17:52+02:00,97.6
2022-06-07 07:18:52+02:00,97.9
2022-06-07 07:19:52+02:00,97.8
2022-06-07 07:20:52+02:00,97.5
2022-06-07 07:21:52+02:00,98.3
2022-06-07 07:22:52+02:00,98.3
2022-06-07 07:23:53+02:00,98.2
2022-06-07 07:24:53+02:00,50.0
2022-06-07 07:25:53+02:00,97.5
2022-06-07 07:26:53+02:00,50.0
2022-06-07 07:27:53+02:00,97.0
2022-06-07 07:28:53+02:00,97.0
2022-06-07 07:29:53+02:00,96.5
2022-06-07 07:30:54+02:00,96.0
2022-06-07 07:31:54+02:00,96.1
2022-06-07 07:32:54+02:00,96.6
2022-06-07 07:33:54+02:00,97.2
2022-06-07 07:34:54+02:00,97.4
2022-06-07 07:35:54+02:00,97.4
2022-06-07 07:36:54+02:00,97.3
2022-06-07 07:37:55+02:00,96.8
2022-06-07 07:38:55+02:00,96.0
2022-06-07 07:39:55+02:00,50.0
2022-06-07 07:40:55+02:00,96.4
2022-06-07 07:41:55+02:00,97.3
2022-06-07 07:42:55+02:00,97.3
2022-06-07 07:43:56+02:00,97.8
2022-06-07 07:44:56+02:00,98.1
2022-06-07 07:45:56+02:00,98.1
2022-06-07 07:46:56+02:00,98.4
2022-06-07 07:47:56+02:00,98.6
2022-06-07 07:48:56+02:00,98.8
2022-06-07 07:49:56+02:00,99.0
2022-06-07 07:50:57+02:00,50.0
2022-06-07 07:51:57+02:00,99.2
2022-06-07 07:52:57+02:00,99.2
2022-06-07 07:53:57+02:00,99.1
2022-06-07 07:54:57+02:00,99.1
2022-06-07 07:55:57+02:00,99.1
2022-06-07 07:56:57+02:00,98.9
2022-06-07 07:57:58+02:00,99.0
2022-06-07 07:58:58+02:00,99.2
2022-06-07 07:59:58+02:00,50.0
2022-06-07 08:00:58+02:00,98.6
2022-06-07 08:01:58+02:00,98.5
2022-06-07 08:02:58+02:00,98.7
2022-06-07 08:03:58+02:00,50.0
2022-06-07 08:04:59+02:00,50.0
2022-06-07 08:05:59+02:00,97.3
2022-06-07 08:06:59+02:00,96.9
2022-06-07 08:07:59+02:00,96.7
2022-06-07 08:08:59+02:00,96.0
2022-06-07 08:09:59+02:00,50.0
2022-06-07 08:11:00+02:00,50.0
2022-06-07 08:12:00+02:00,96.1
2022-06-07 08:13:00+02:00,96.6
2022-06-07 08:14:00+02:00,96.7
2022-06-07 08:15:00+02:00,97.0
2022-06-07 08:16:00+02:00,97.4
2022-06-07 08:17:00+02:00,97.7
2022-06-07 08:18:01+02:00,97.8
2022-06-07 08:19:01+02:00,98.0
2022-06-07 08:20:01+02:00,50.0
2022-06-07 08:21:01+02:00,97.6
2022-06-07 08:22:01+02:00,94.8
2022-06-07 08:23:01+02:00,92.3
2022-06-07 08:24:01+02:00,90.7
2022-06-07 08:25:02+02:00,89.9
2022-06-07 08:26:02+02:00,89.5
2022-06-07 08:27:02+02:00,91.1
2022-06-07 08:28:02+02:00,90.3
2022-06-07 08:29:02+02:00,89.7
2022-06-07 08:30:02+02:00,89.2
2022-06-07 08:31:02+02:00,88.8
2022-06-07 08:32:03+02:00,87.8
2022-06-07 08:33:03+02:00,86.7
2022-06-07 08:34:03+02:00,86.6
2022-06-07 08:35:03+02:00,87.0
2022-06-07 08:36:03+02:00,89.9
2022-06-07 08:37:03+02:00,93.1
2022-06-07 08:38:03+02:00,93.2
2022-06-07 08:39:04+02:00,94.8
2022-06-07 08:40:04+02:00,50.0
2022-06-07 08:41:04+02:00,94.2
2022-06-07 08:42:04+02:00,94.3
2022-06-07 08:43:04+02:00,94.8
2022-06-07 08:44:04+02:00,95.0
2022-06-07 08:45:04+02:00,50.0
2022-06-07 08:46:05+02:00,94.9
2022-06-07 08:47:05+02:00,50.0
2022-06-07 08:48:05+02:00,95.5
2022-06-07 08:49:05+02:00,95.4
2022-06-07 08:50:05+02:00,50.0
2022-06-07 08:51:05+02:00,95.0
2022-06-07 08:52:06+02:00,94.8
2022-06-07 08:53:06+02:00,95.0
2022-06-07 08:54:06+02:00,96.0
2022-06-07 08:55:06+02:00,96.0
2022-06-07 08:56:06+02:00,96.1
2022-06-07 08:57:06+02:00,50.0
2022-06-07 08:58:06+02:00,94.8
2022-06-07 08:59:07+02:00,50.0
2022-06-07 09:00:07+02:00,93.4
2022-06-07 09:01:07+02:00,91.7
2022-06-07 09:02:07+02:00,90.4
2022-06-07 09:03:07+02:00,89.3
2022-06-07 09:04:07+02:00,50.0
2022-06-07 09:05:07+02:00,50.0
2022-06-07 09:06:08+02:00,50.0
2022-06-07 09:07:08+02:00,88.3
2022-06-07 09:08:08+02:00,50.0
2022-06-07 09:09:08+02:00,50.0
2022-06-07 09:10:08+02:00,50.0
2022-06-07 09:11:08+02:00,50.0
2022-06-07 09:12:08+02:00,50.0
2022-06-07 09:13:09+02:00,88.5
2022-06-07 09:14:09+02:00,50.0
2022-06-07 09:15:09+02:00,50.0
2022-06-07 09:16:09+02:00,50.0
2022-06-07 09:17:09+02:00,50.0
2022-06-07 09:18:09+02:00,50.0
2022-06-07 09:19:10+02:00,50.0
2022-06-07 09:20:10+02:00,50.0
2022-06-07 09:21:10+02:00,50.0
2022-06-07 09:22:10+02:00,50.0
2022-06-07 09:23:10+02:00,50.0
2022-06-07 09:24:10+02:00,50.0
2022-06-07 09:25:10+02:00,50.0
2022-06-07 09:26:11+02:00,50.0
2022-06-07 09:27:11+02:00,50.0
2022-06-07 09:28:11+02:00,50.0
2022-06-07 09:29:11+02:00,50.0
2022-06-07 09:30:11+02:00,50.0
2022-06-07 09:31:11+02:00,50.0
2022-06-07 09:32:11+02:00,50.0
2022-06-07 09:33:12+02:00,50.0
2022-06-07 09:34:12+02:00,50.0
2022-06-07 09:35:12+02:00,50.0
2022-06-07 09:36:12+02:00,50.0
2022-06-07 09:37:12+02:00,50.0
2022-06-07 09:38:12+02:00,50.0
2022-06-07 09:39:12+02:00,50.0
2022-06-07 09:40:13+02:00,50.0
2022-06-13 01:46:30+02:00,50.0
2022-06-13 01:47:30+02:00,88.0
2022-06-13 01:48:30+02:00,88.5
2022-06-13 01:49:30+02:00,88.9
2022-06-13 01:50:30+02:00,88.9
2022-06-13 01:51:30+02:00,89.9
2022-06-13 01:52:30+02:00,89.8
2022-06-13 01:53:30+02:00,89.5
2022-06-13 01:54:30+02:00,89.2
2022-06-13 01:55:30+02:00,89.4
2022-06-13 01:56:30+02:00,89.4
2022-06-13 01:57:30+02:00,50.0
2022-06-13 01:58:31+02:00,89.5
2022-06-13 01:59:31+02:00,92.9
2022-06-13 02:00:31+02:00,92.5
2022-06-13 02:00:31+02:00,92.5
2022-06-13 02:01:31+02:00,89.6
2022-06-13 02:02:31+02:00,91.2
2022-06-13 02:03:31+02:00,94.2
2022-06-13 02:04:32+02:00,50.0
2022-06-13 02:05:32+02:00,50.0
2022-06-13 02:06:32+02:00,93.1
2022-06-13 02:07:32+02:00,91.8
2022-06-13 02:08:32+02:00,90.2
2022-06-13 02:09:32+02:00,89.3
2022-06-13 02:10:32+02:00,50.0
2022-06-13 02:11:33+02:00,50.0
2022-06-13 02:12:33+02:00,50.0
2022-06-13 02:13:33+02:00,89.4
2022-06-13 02:14:33+02:00,50.0
2022-06-13 02:15:33+02:00,92.7
2022-06-13 02:16:33+02:00,50.0
2022-06-13 02:17:34+02:00,50.0
2022-06-13 02:18:34+02:00,50.0
2022-06-13 02:19:34+02:00,50.0
2022-06-13 02:20:34+02:00,50.0
2022-06-13 02:21:34+02:00,94.9
2022-06-13 02:22:34+02:00,96.3
2022-06-13 02:23:35+02:00,97.1
2022-06-13 02:24:35+02:00,97.5
2022-06-13 02:25:35+02:00,50.0
2022-06-13 02:26:35+02:00,50.0
2022-06-13 02:27:35+02:00,98.2
2022-06-13 02:28:35+02:00,98.2
2022-06-13 02:29:35+02:00,98.3
2022-06-13 02:30:36+02:00,98.4
2022-06-13 02:31:36+02:00,98.3
2022-06-13 02:32:36+02:00,98.5
2022-06-13 02:33:36+02:00,98.4
2022-06-13 02:34:36+02:00,98.5
2022-06-13 02:35:36+02:00,98.5
2022-06-13 02:36:36+02:00,98.0
2022-06-13 02:37:37+02:00,98.4
2022-06-13 02:38:37+02:00,98.5
2022-06-13 02:39:37+02:00,98.6
2022-06-13 02:40:37+02:00,98.8
2022-06-13 02:41:37+02:00,99.0
2022-06-13 02:42:37+02:00,99.2
2022-06-13 02:43:37+02:00,99.3
2022-06-13 02:44:37+02:00,50.0
2022-06-13 02:45:37+02:00,98.7
2022-06-13 02:46:38+02:00,97.4
2022-06-13 02:47:38+02:00,98.2
2022-06-13 02:48:38+02:00,98.2
2022-06-13 02:49:38+02:00,98.4
2022-06-13 02:50:38+02:00,98.5
2022-06-13 02:51:38+02:00,98.6
2022-06-13 02:52:38+02:00,98.7
2022-06-13 02:53:38+02:00,98.8
2022-06-13 02:54:38+02:00,98.8
2022-06-13 02:55:39+02:00,98.8
2022-06-13 02:56:39+02:00,98.7
2022-06-13 02:57:39+02:00,98.7
2022-06-13 02:58:39+02:00,98.7
2022-06-13 02:59:39+02:00,98.6
2022-06-13 03:00:39+02:00,98.8
2022-06-13 03:01:39+02:00,98.8
2022-06-13 03:02:39+02:00,50.0
2022-06-13 03:03:40+02:00,98.6
2022-06-13 03:04:40+02:00,98.2
2022-06-13 03:05:40+02:00,97.7
2022-06-13 03:06:40+02:00,97.6
2022-06-13 03:07:40+02:00,97.2
2022-06-13 03:08:40+02:00,97.0
2022-06-13 03:09:40+02:00,50.0
2022-06-13 03:10:40+02:00,97.3
2022-06-13 03:11:40+02:00,96.8
2022-06-13 03:12:40+02:00,96.3
2022-06-13 03:13:41+02:00,95.9
2022-06-13 03:14:41+02:00,95.4
2022-06-13 03:15:41+02:00,50.0
2022-06-13 03:16:41+02:00,95.3
2022-06-13 03:17:41+02:00,97.1
2022-06-13 03:18:41+02:00,50.0
2022-06-13 03:19:41+02:00,50.0
2022-06-13 03:20:41+02:00,98.6
2022-06-13 03:21:42+02:00,97.7
2022-06-13 03:22:42+02:00,95.4
2022-06-13 03:23:42+02:00,93.3
2022-06-13 03:24:42+02:00,92.1
2022-06-13 03:25:42+02:00,91.0
2022-06-13 03:26:42+02:00,90.0
2022-06-13 03:27:42+02:00,50.0
2022-06-13 03:28:42+02:00,89.9
2022-06-13 03:29:42+02:00,90.6
2022-06-13 03:30:43+02:00,50.0
2022-06-13 03:31:43+02:00,90.4
2022-06-13 03:32:43+02:00,90.7
2022-06-13 03:33:43+02:00,91.4
2022-06-13 03:34:43+02:00,91.6
2022-06-13 03:35:43+02:00,91.5
2022-06-13 03:36:44+02:00,50.0
2022-06-13 03:37:44+02:00,50.0
2022-06-13 03:38:44+02:00,93.6
2022-06-13 03:39:44+02:00,50.0
2022-06-13 03:40:44+02:00,95.3
2022-06-13 03:41:44+02:00,96.7
2022-06-13 03:42:44+02:00,97.8
2022-06-13 03:43:45+02:00,98.6
2022-06-13 03:44:45+02:00,98.6
2022-06-13 03:45:45+02:00,98.8
2022-06-13 03:46:45+02:00,99.0
2022-06-13 03:47:45+02:00,50.0
2022-06-13 03:48:45+02:00,50.0
2022-06-13 03:49:46+02:00,99.1
2022-06-13 03:50:46+02:00,98.2
2022-06-13 03:51:46+02:00,98.4
2022-06-13 03:52:46+02:00,50.0
2022-06-13 03:53:46+02:00,50.0
2022-06-13 03:54:46+02:00,95.1
2022-06-13 03:55:46+02:00,90.9
2022-06-13 03:56:46+02:00,87.7
2022-06-13 03:57:47+02:00,84.8
2022-06-13 03:58:47+02:00,84.0
2022-06-13 03:59:47+02:00,82.8
2022-06-13 04:00:47+02:00,50.0
2022-06-13 04:01:47+02:00,50.0
2022-06-13 04:02:47+02:00,83.0
2022-06-13 04:03:47+02:00,84.8
2022-06-13 04:04:48+02:00,50.0
2022-06-13 04:05:48+02:00,85.9
2022-06-13 04:06:48+02:00,50.0
2022-06-13 04:07:48+02:00,86.6
2022-06-13 04:08:48+02:00,50.0
2022-06-13 04:09:48+02:00,90.2
2022-06-13 04:10:48+02:00,93.3
2022-06-13 04:11:49+02:00,50.0
2022-06-13 04:12:49+02:00,95.3
2022-06-13 04:13:49+02:00,95.3
2022-06-13 04:14:49+02:00,93.9
2022-06-13 04:15:49+02:00,92.4
2022-06-13 04:16:49+02:00,50.0
2022-06-13 04:17:50+02:00,91.2
2022-06-13 04:18:50+02:00,50.0
2022-06-13 04:19:50+02:00,50.0
2022-06-13 04:20:50+02:00,50.0
2022-06-13 04:21:50+02:00,50.0
2022-06-13 04:22:50+02:00,89.8
2022-06-13 04:23:50+02:00,88.4
2022-06-13 04:24:50+02:00,86.7
2022-06-13 04:25:51+02:00,84.9
2022-06-13 04:26:51+02:00,84.1
2022-06-13 04:27:51+02:00,83.6
2022-06-13 04:28:51+02:00,50.0
2022-06-13 04:29:51+02:00,50.0
2022-06-13 04:30:51+02:00,82.8
2022-06-13 04:31:52+02:00,50.0
2022-06-13 04:32:52+02:00,50.0
2022-06-13 04:33:52+02:00,86.8
2022-06-13 04:34:52+02:00,88.4
2022-06-13 04:35:52+02:00,89.8
2022-06-13 04:36:52+02:00,91.2
2022-06-13 04:37:52+02:00,94.6
2022-06-13 04:38:53+02:00,96.4
2022-06-13 04:39:53+02:00,97.6
2022-06-13 04:40:53+02:00,98.6
2022-06-13 04:41:53+02:00,98.7
2022-06-13 04:42:53+02:00,99.2
2022-06-13 04:43:53+02:00,99.2
2022-06-13 04:44:53+02:00,99.4
2022-06-13 04:45:54+02:00,98.2
2022-06-13 04:46:54+02:00,95.1
2022-06-13 04:47:54+02:00,93.3
2022-06-13 04:48:54+02:00,50.0
2022-06-13 04:49:54+02:00,50.0
2022-06-13 04:50:54+02:00,90.7
2022-06-13 04:51:54+02:00,50.0
2022-06-13 04:52:55+02:00,90.4
2022-06-13 04:53:55+02:00,50.0
2022-06-13 04:54:55+02:00,92.1
2022-06-13 04:55:55+02:00,50.0
2022-06-13 04:56:55+02:00,93.1
2022-06-13 04:57:55+02:00,93.9
2022-06-13 04:58:56+02:00,50.0
2022-06-13 04:59:56+02:00,93.7
2022-06-13 05:00:56+02:00,50.0
2022-06-13 05:01:56+02:00,50.0
2022-06-13 05:02:56+02:00,93.4
2022-06-13 05:03:56+02:00,91.6
2022-06-13 05:04:57+02:00,50.0
2022-06-13 05:05:57+02:00,90.8
2022-06-13 05:06:57+02:00,89.2
2022-06-13 05:07:57+02:00,87.3
2022-06-13 05:08:57+02:00,86.0
2022-06-13 05:09:57+02:00,85.2
2022-06-13 05:10:57+02:00,84.4
2022-06-13 05:11:58+02:00,50.0
2022-06-13 05:12:58+02:00,84.1
2022-06-13 05:13:58+02:00,84.0
2022-06-13 05:14:58+02:00,84.1
2022-06-13 05:15:58+02:00,84.1
2022-06-13 05:16:58+02:00,84.5
2022-06-13 05:17:59+02:00,84.8
2022-06-13 05:18:59+02:00,85.0
2022-06-13 05:19:59+02:00,83.9
2022-06-13 05:20:59+02:00,83.1
2022-06-13 05:21:59+02:00,82.8
2022-06-13 05:22:59+02:00,50.0
2022-06-13 05:24:00+02:00,83.9
2022-06-13 05:25:00+02:00,85.3
2022-06-13 05:26:00+02:00,86.2
2022-06-13 05:27:00+02:00,87.2
2022-06-13 05:28:00+02:00,88.3
2022-06-13 05:29:00+02:00,50.0
2022-06-13 05:30:00+02:00,50.0
2022-06-13 05:31:00+02:00,88.4
2022-06-13 05:32:01+02:00,89.9
2022-06-13 05:33:01+02:00,90.6
2022-06-13 05:34:01+02:00,89.1
2022-06-13 05:35:01+02:00,50.0
2022-06-13 05:36:01+02:00,88.0
2022-06-13 05:37:01+02:00,90.1
2022-06-13 05:38:01+02:00,91.8
2022-06-13 05:39:01+02:00,92.3
2022-06-13 05:40:02+02:00,92.6
2022-06-13 05:41:02+02:00,93.3
2022-06-13 05:42:02+02:00,92.9
2022-06-13 05:43:02+02:00,92.8
2022-06-13 05:44:02+02:00,92.4
2022-06-13 05:45:02+02:00,92.5
2022-06-13 05:46:02+02:00,92.4
2022-06-13 05:47:03+02:00,92.1
2022-06-13 05:48:03+02:00,92.3
2022-06-13 05:49:03+02:00,91.8
2022-06-13 05:50:03+02:00,50.0
2022-06-13 05:51:03+02:00,92.5
2022-06-13 05:52:03+02:00,92.9
2022-06-13 05:53:03+02:00,94.4
2022-06-13 05:54:03+02:00,96.8
2022-06-13 05:55:03+02:00,50.0
2022-06-13 05:56:04+02:00,50.0
2022-06-13 05:57:04+02:00,95.1
2022-06-13 05:58:04+02:00,92.8
2022-06-13 05:59:04+02:00,50.0
2022-06-13 06:00:04+02:00,92.2
2022-06-13 06:01:04+02:00,92.8
2022-06-13 06:02:04+02:00,94.0
2022-06-13 06:03:04+02:00,94.2
2022-06-13 06:04:04+02:00,91.5
2022-06-13 06:05:05+02:00,89.0
2022-06-13 06:06:05+02:00,87.1
2022-06-13 06:07:05+02:00,86.6
2022-06-13 06:08:05+02:00,85.7
2022-06-13 06:09:05+02:00,85.0
2022-06-13 06:10:05+02:00,84.6
2022-06-13 06:11:05+02:00,83.9
2022-06-13 06:12:05+02:00,84.0
2022-06-13 06:13:06+02:00,84.0
2022-06-13 06:14:06+02:00,84.2
2022-06-13 06:15:06+02:00,84.2
2022-06-13 06:16:06+02:00,84.4
2022-06-13 06:17:06+02:00,50.0
2022-06-13 06:18:06+02:00,50.0
2022-06-13 06:19:06+02:00,50.0
2022-06-13 06:20:07+02:00,50.0
2022-06-13 06:21:07+02:00,50.0
2022-06-13 06:22:07+02:00,85.7
2022-06-13 06:23:07+02:00,85.6
2022-06-13 06:24:07+02:00,85.3
2022-06-13 06:25:07+02:00,84.0
2022-06-13 06:26:08+02:00,83.7
2022-06-13 06:27:08+02:00,82.8
2022-06-13 06:28:08+02:00,84.6
2022-06-13 06:29:08+02:00,86.4
2022-06-13 06:30:08+02:00,87.0
2022-06-13 06:31:08+02:00,87.7
2022-06-13 06:32:09+02:00,88.1
2022-06-13 06:33:09+02:00,50.0
2022-06-13 06:34:09+02:00,50.0
2022-06-13 06:35:09+02:00,87.9
2022-06-13 06:36:09+02:00,50.0
2022-06-13 06:37:09+02:00,89.8
2022-06-13 06:38:10+02:00,91.6
2022-06-13 06:39:10+02:00,92.4
2022-06-13 06:40:10+02:00,93.6
2022-06-13 06:41:10+02:00,94.2
2022-06-13 06:42:10+02:00,94.5
2022-06-13 06:43:10+02:00,94.3
2022-06-13 06:44:10+02:00,94.1
2022-06-13 06:45:11+02:00,94.7
2022-06-13 06:46:11+02:00,94.8
2022-06-13 06:47:11+02:00,94.4
2022-06-13 06:48:11+02:00,94.2
2022-06-13 06:49:11+02:00,94.8
2022-06-13 06:50:11+02:00,95.3
2022-06-13 06:51:12+02:00,94.7
2022-06-13 06:52:12+02:00,50.0
2022-06-13 06:53:12+02:00,94.4
2022-06-13 06:54:12+02:00,94.2
2022-06-13 06:55:12+02:00,94.5
2022-06-13 06:56:12+02:00,94.1
2022-06-13 06:57:12+02:00,95.1
2022-06-13 06:58:13+02:00,95.1
2022-06-13 06:59:13+02:00,95.2
2022-06-13 07:00:13+02:00,50.0
2022-06-13 07:01:13+02:00,96.0
2022-06-13 07:02:13+02:00,96.7
2022-06-13 07:03:14+02:00,96.6
2022-06-13 07:04:14+02:00,96.5
2022-06-13 07:05:14+02:00,94.8
2022-06-13 07:06:14+02:00,50.0
2022-06-13 07:07:14+02:00,50.0
2022-06-13 07:08:14+02:00,50.0
2022-06-13 07:09:14+02:00,50.0
2022-06-13 07:10:15+02:00,50.0
2022-06-13 07:11:15+02:00,50.0
2022-06-13 07:12:15+02:00,50.0
2022-06-13 07:13:15+02:00,93.1
2022-06-13 07:14:15+02:00,50.0
2022-06-13 07:15:15+02:00,50.0
2022-06-13 07:16:15+02:00,50.0
2022-06-13 07:17:16+02:00,91.4
2022-06-13 07:18:16+02:00,50.0
2022-06-13 07:19:16+02:00,90.4
2022-06-13 07:20:16+02:00,50.0
2022-06-13 07:21:16+02:00,91.5
2022-06-13 07:22:16+02:00,92.0
2022-06-13 07:23:16+02:00,92.8
2022-06-13 07:24:17+02:00,93.2
2022-06-13 07:25:17+02:00,94.9
2022-06-13 07:26:17+02:00,97.8
2022-06-13 07:27:17+02:00,99.2
2022-06-13 07:28:17+02:00,50.0
2022-06-13 07:29:17+02:00,97.9
2022-06-13 07:30:17+02:00,97.2
2022-06-13 07:31:18+02:00,97.9
2022-06-13 07:32:18+02:00,98.3
2022-06-13 07:33:18+02:00,98.6
2022-06-13 07:34:18+02:00,98.8
2022-06-13 07:35:18+02:00,99.0
2022-06-13 07:36:18+02:00,98.9
2022-06-13 07:37:18+02:00,99.0
2022-06-13 07:38:18+02:00,99.2
2022-06-13 07:39:19+02:00,99.2
2022-06-13 07:40:19+02:00,99.2
2022-06-13 07:41:19+02:00,99.2
2022-06-13 07:42:19+02:00,99.2
2022-06-13 07:43:19+02:00,99.1
2022-06-13 07:44:19+02:00,99.1
2022-06-13 07:45:19+02:00,98.9
2022-06-13 07:46:20+02:00,98.7
2022-06-13 07:47:20+02:00,98.7
2022-06-13 07:48:20+02:00,98.6
2022-06-13 07:49:20+02:00,98.6
2022-06-13 07:50:20+02:00,50.0
2022-06-13 07:51:20+02:00,97.8
2022-06-13 07:52:20+02:00,97.9
2022-06-13 07:53:21+02:00,97.8
2022-06-13 07:54:21+02:00,98.1
2022-06-13 07:55:21+02:00,98.5
2022-06-13 07:56:21+02:00,98.4
2022-06-13 07:57:21+02:00,50.0
2022-06-13 07:58:21+02:00,97.5
2022-06-13 07:59:21+02:00,97.6
2022-06-13 08:00:22+02:00,98.2
2022-06-13 08:01:22+02:00,98.0
2022-06-13 08:02:22+02:00,97.9
2022-06-13 08:03:22+02:00,97.7
2022-06-13 08:04:22+02:00,97.2
2022-06-13 08:05:22+02:00,97.6
2022-06-13 08:06:22+02:00,98.0
2022-06-13 08:07:23+02:00,98.0
2022-06-13 08:08:23+02:00,50.0
2022-06-13 08:09:23+02:00,96.2
2022-06-13 08:10:23+02:00,50.0
2022-06-13 08:11:23+02:00,95.7
2022-06-13 08:12:23+02:00,94.5
2022-06-13 08:13:23+02:00,93.5
2022-06-13 08:14:24+02:00,93.0
2022-06-13 08:15:24+02:00,92.3
2022-06-13 08:16:24+02:00,92.8
2022-06-13 08:17:24+02:00,94.9
2022-06-13 08:18:24+02:00,96.2
2022-06-13 08:19:24+02:00,97.1
2022-06-13 08:20:24+02:00,98.0
2022-06-13 08:21:25+02:00,98.0
2022-06-13 08:22:25+02:00,98.5
2022-06-13 08:23:25+02:00,98.9
2022-06-13 08:24:25+02:00,99.2
2022-06-13 08:25:25+02:00,50.0
2022-06-13 08:26:25+02:00,97.8
2022-06-13 08:27:25+02:00,96.1
2022-06-13 08:28:26+02:00,94.0
2022-06-13 08:29:26+02:00,92.7
2022-06-13 08:30:26+02:00,92.0
2022-06-13 08:31:26+02:00,50.0
2022-06-13 08:32:26+02:00,50.0
2022-06-13 08:33:26+02:00,90.3
2022-06-13 08:34:26+02:00,88.5
2022-06-13 08:35:27+02:00,86.4
2022-06-13 08:36:27+02:00,85.0
2022-06-13 08:37:27+02:00,85.7
2022-06-13 08:38:27+02:00,85.7
2022-06-13 08:39:27+02:00,84.5
2022-06-13 08:40:27+02:00,86.0
2022-06-13 08:41:27+02:00,50.0
2022-06-13 08:42:28+02:00,87.6
2022-06-13 08:43:28+02:00,90.5
2022-06-13 08:44:28+02:00,93.2
2022-06-13 08:45:28+02:00,50.0
2022-06-13 08:46:28+02:00,94.3
2022-06-13 08:47:28+02:00,93.9
2022-06-13 08:48:28+02:00,93.8
2022-06-13 08:49:28+02:00,50.0
2022-06-13 08:50:29+02:00,50.0
2022-06-13 08:51:29+02:00,50.0
2022-06-13 08:52:29+02:00,94.4
2022-06-13 08:53:29+02:00,96.3
2022-06-13 08:54:29+02:00,97.7
2022-06-13 08:55:29+02:00,98.2
2022-06-13 08:56:29+02:00,50.0
2022-06-13 08:57:30+02:00,97.6
2022-06-13 08:58:30+02:00,97.9
2022-06-13 08:59:30+02:00,50.0
2022-06-13 09:00:30+02:00,97.7
2022-06-13 09:01:30+02:00,97.0
2022-06-13 09:02:30+02:00,97.4
2022-06-13 09:03:30+02:00,97.0
2022-06-13 09:04:31+02:00,50.0
2022-06-13 09:05:31+02:00,96.5
2022-06-13 09:06:31+02:00,97.2
2022-06-13 09:07:31+02:00,50.0
2022-06-13 09:08:31+02:00,96.4
2022-06-13 09:09:31+02:00,50.0
2022-06-13 09:10:31+02:00,50.0
2022-06-13 09:11:32+02:00,50.0
2022-06-13 09:12:32+02:00,50.0
2022-06-13 09:13:32+02:00,50.0
2022-06-13 09:14:32+02:00,50.0
2022-06-13 09:15:32+02:00,50.0
2022-06-13 09:16:32+02:00,50.0
2022-06-13 09:17:32+02:00,50.0
2022-06-13 09:18:32+02:00,50.0
2022-06-13 09:19:33+02:00,50.0
2022-06-13 09:20:33+02:00,50.0
2022-06-13 09:21:33+02:00,50.0
2022-06-13 09:22:33+02:00,50.0
2022-06-13 09:23:33+02:00,50.0
2022-06-13 09:24:33+02:00,50.0
2022-06-13 09:25:33+02:00,50.0
2022-06-13 09:26:34+02:00,50.0
2022-06-13 09:27:34+02:00,50.0
2022-06-13 09:28:34+02:00,50.0
2022-06-13 09:29:34+02:00,50.0
2022-06-13 09:30:34+02:00,50.0
2022-06-13 09:31:34+02:00,50.0
2022-06-13 09:32:34+02:00,50.0
2022-06-13 09:33:35+02:00,50.0
2022-06-13 09:34:35+02:00,50.0
2022-06-13 09:35:35+02:00,50.0
2022-06-13 09:36:35+02:00,50.0
2022-06-13 09:37:35+02:00,50.0
2022-06-13 09:38:35+02:00,50.0
2022-06-13 09:39:35+02:00,50.0
2022-06-13 09:40:36+02:00,50.0
2022-06-13 09:41:36+02:00,50.0
2022-06-13 09:42:36+02:00,50.0
2022-06-13 09:43:36+02:00,50.0
2022-06-13 09:44:36+02:00,50.0
2022-06-13 09:45:36+02:00,50.0
2022-06-15 02:20:30+02:00,50.0
2022-06-15 02:21:30+02:00,88.3
2022-06-15 02:22:30+02:00,88.7
2022-06-15 02:23:30+02:00,89.0
2022-06-15 02:24:30+02:00,91.6
2022-06-15 02:25:30+02:00,93.3
2022-06-15 02:26:30+02:00,93.3
2022-06-15 02:27:30+02:00,91.2
2022-06-15 02:28:30+02:00,88.8
2022-06-15 02:29:30+02:00,87.7
2022-06-15 02:30:30+02:00,88.9
2022-06-15 02:31:30+02:00,91.3
2022-06-15 02:32:31+02:00,94.0
2022-06-15 02:33:31+02:00,95.1
2022-06-15 02:34:31+02:00,96.1
2022-06-15 02:35:31+02:00,95.7
2022-06-15 02:36:31+02:00,96.3
2022-06-15 02:37:31+02:00,50.0
2022-06-15 02:38:31+02:00,50.0
2022-06-15 02:39:31+02:00,97.0
2022-06-15 02:40:32+02:00,97.5
2022-06-15 02:41:32+02:00,96.8
2022-06-15 02:42:32+02:00,50.0
2022-06-15 02:43:32+02:00,96.4
2022-06-15 02:44:32+02:00,50.0
2022-06-15 02:45:32+02:00,93.0
2022-06-15 02:46:33+02:00,91.5
2022-06-15 02:47:33+02:00,90.6
2022-06-15 02:48:33+02:00,89.9
2022-06-15 02:49:33+02:00,89.4
2022-06-15 02:50:33+02:00,89.1
2022-06-15 02:51:33+02:00,88.9
2022-06-15 02:52:33+02:00,88.8
2022-06-15 02:53:34+02:00,88.6
2022-06-15 02:54:34+02:00,88.5
2022-06-15 02:55:34+02:00,88.5
2022-06-15 02:56:34+02:00,88.6
2022-06-15 02:57:34+02:00,50.0
2022-06-15 02:58:34+02:00,50.0
2022-06-15 02:59:34+02:00,88.7
2022-06-15 03:00:34+02:00,88.8
2022-06-15 03:01:35+02:00,88.9
2022-06-15 03:02:35+02:00,89.0
2022-06-15 03:03:35+02:00,89.5
2022-06-15 03:04:35+02:00,89.3
2022-06-15 03:05:35+02:00,89.1
2022-06-15 03:06:35+02:00,88.4
2022-06-15 03:07:35+02:00,87.7
2022-06-15 03:08:36+02:00,87.3
2022-06-15 03:09:36+02:00,87.1
2022-06-15 03:10:36+02:00,50.0
2022-06-15 03:11:36+02:00,87.3
2022-06-15 03:12:36+02:00,50.0
2022-06-15 03:13:36+02:00,87.9
2022-06-15 03:14:36+02:00,50.0
2022-06-15 03:15:37+02:00,88.6
2022-06-15 03:16:37+02:00,88.3
2022-06-15 03:17:37+02:00,88.3
2022-06-15 03:18:37+02:00,88.2
2022-06-15 03:19:37+02:00,88.1
2022-06-15 03:20:37+02:00,88.2
2022-06-15 03:21:37+02:00,88.5
2022-06-15 03:22:37+02:00,88.7
2022-06-15 03:23:38+02:00,50.0
2022-06-15 03:24:38+02:00,50.0
2022-06-15 03:25:38+02:00,88.1
2022-06-15 03:26:38+02:00,87.9
2022-06-15 03:27:38+02:00,87.9
2022-06-15 03:28:38+02:00,87.9
2022-06-15 03:29:38+02:00,88.0
2022-06-15 03:30:38+02:00,88.1
2022-06-15 03:31:38+02:00,88.4
2022-06-15 03:32:38+02:00,88.6
2022-06-15 03:33:39+02:00,88.8
2022-06-15 03:34:39+02:00,50.0
2022-06-15 03:35:39+02:00,89.3
2022-06-15 03:36:39+02:00,50.0
2022-06-15 03:37:39+02:00,89.4
2022-06-15 03:38:39+02:00,90.5
2022-06-15 03:39:39+02:00,91.4
2022-06-15 03:40:39+02:00,92.2
2022-06-15 03:41:39+02:00,92.6
2022-06-15 03:42:39+02:00,50.0
2022-06-15 03:43:40+02:00,92.2
2022-06-15 03:44:40+02:00,91.7
2022-06-15 03:45:40+02:00,91.6
2022-06-15 03:46:40+02:00,91.5
2022-06-15 03:47:40+02:00,91.4
2022-06-15 03:48:40+02:00,91.6
2022-06-15 03:49:40+02:00,92.1
2022-06-15 03:50:40+02:00,92.3
2022-06-15 03:51:41+02:00,92.8
2022-06-15 03:52:41+02:00,93.3
2022-06-15 03:53:41+02:00,93.7
2022-06-15 03:54:41+02:00,93.9
2022-06-15 03:55:41+02:00,94.0
2022-06-15 03:56:41+02:00,94.0
2022-06-15 03:57:41+02:00,95.2
2022-06-15 03:58:41+02:00,95.6
2022-06-15 03:59:41+02:00,95.6
2022-06-15 04:00:41+02:00,95.7
2022-06-15 04:01:42+02:00,96.1
2022-06-15 04:02:42+02:00,96.1
2022-06-15 04:03:42+02:00,96.6
2022-06-15 04:04:42+02:00,50.0
2022-06-15 04:05:42+02:00,50.0
2022-06-15 04:06:42+02:00,50.0
2022-06-15 04:07:42+02:00,96.2
2022-06-15 04:08:42+02:00,50.0
2022-06-15 04:09:42+02:00,50.0
2022-06-15 04:10:42+02:00,50.0
2022-06-15 04:11:43+02:00,95.7
2022-06-15 04:12:43+02:00,95.4
2022-06-15 04:13:43+02:00,50.0
2022-06-15 04:14:43+02:00,50.0
2022-06-15 04:15:43+02:00,50.0
2022-06-15 04:16:43+02:00,93.9
2022-06-15 04:17:44+02:00,94.5
2022-06-15 04:18:44+02:00,95.5
2022-06-15 04:19:44+02:00,96.1
2022-06-15 04:20:44+02:00,95.9
2022-06-15 04:21:44+02:00,50.0
2022-06-15 04:22:44+02:00,50.0
2022-06-15 04:23:44+02:00,93.5
2022-06-15 04:24:45+02:00,89.7
2022-06-15 04:25:45+02:00,85.8
2022-06-15 04:26:45+02:00,83.1
2022-06-15 04:27:45+02:00,81.4
2022-06-15 04:28:45+02:00,80.5
2022-06-15 04:29:45+02:00,79.9
2022-06-15 04:30:45+02:00,79.7
2022-06-15 04:31:46+02:00,79.5
2022-06-15 04:32:46+02:00,50.0
2022-06-15 04:33:46+02:00,80.4
2022-06-15 04:34:46+02:00,81.6
2022-06-15 04:35:46+02:00,83.7
2022-06-15 04:36:46+02:00,85.1
2022-06-15 04:37:47+02:00,86.4
2022-06-15 04:38:47+02:00,86.5
2022-06-15 04:39:47+02:00,88.3
2022-06-15 04:40:47+02:00,89.2
2022-06-15 04:41:47+02:00,89.4
2022-06-15 04:42:47+02:00,89.0
2022-06-15 04:43:47+02:00,88.8
2022-06-15 04:44:48+02:00,91.1
2022-06-15 04:45:48+02:00,93.3
2022-06-15 04:46:48+02:00,91.8
2022-06-15 04:47:48+02:00,92.6
2022-06-15 04:48:48+02:00,94.9
2022-06-15 04:49:48+02:00,50.0
2022-06-15 04:50:48+02:00,94.6
2022-06-15 04:51:49+02:00,92.8
2022-06-15 04:52:49+02:00,88.3
2022-06-15 04:53:49+02:00,84.7
2022-06-15 04:54:49+02:00,82.6
2022-06-15 04:55:49+02:00,81.4
2022-06-15 04:56:49+02:00,79.2
2022-06-15 04:57:49+02:00,76.8
2022-06-15 04:58:50+02:00,75.9
2022-06-15 04:59:50+02:00,75.7
2022-06-15 05:00:50+02:00,76.4
2022-06-15 05:01:50+02:00,77.0
2022-06-15 05:02:50+02:00,75.3
2022-06-15 05:03:50+02:00,75.2
2022-06-15 05:04:51+02:00,75.7
2022-06-15 05:05:51+02:00,77.4
2022-06-15 05:06:51+02:00,78.5
2022-06-15 05:07:51+02:00,50.0
2022-06-15 05:08:51+02:00,78.0
2022-06-15 05:09:51+02:00,76.6
2022-06-15 05:10:51+02:00,78.0
2022-06-15 05:11:52+02:00,50.0
2022-06-15 05:12:52+02:00,77.6
2022-06-15 05:13:52+02:00,50.0
2022-06-15 05:14:52+02:00,50.0
2022-06-15 05:15:52+02:00,80.9
2022-06-15 05:16:52+02:00,50.0
2022-06-15 05:17:52+02:00,83.7
2022-06-15 05:18:53+02:00,50.0
2022-06-15 05:19:53+02:00,50.0
2022-06-15 05:20:53+02:00,85.8
2022-06-15 05:21:53+02:00,86.6
2022-06-15 05:22:53+02:00,87.7
2022-06-15 05:23:53+02:00,88.0
2022-06-15 05:24:53+02:00,88.7
2022-06-15 05:25:54+02:00,89.1
2022-06-15 05:26:54+02:00,89.0
2022-06-15 05:27:54+02:00,89.2
2022-06-15 05:28:54+02:00,89.1
2022-06-15 05:29:54+02:00,89.7
2022-06-15 05:30:54+02:00,90.0
2022-06-15 05:31:55+02:00,90.3
2022-06-15 05:32:55+02:00,90.6
2022-06-15 05:33:55+02:00,91.2
2022-06-15 05:34:55+02:00,91.4
2022-06-15 05:35:55+02:00,91.4
2022-06-15 05:36:55+02:00,91.7
2022-06-15 05:37:55+02:00,50.0
2022-06-15 05:38:56+02:00,50.0
2022-06-15 05:39:56+02:00,50.0
2022-06-15 05:40:56+02:00,93.1
2022-06-15 05:41:56+02:00,94.0
2022-06-15 05:42:56+02:00,94.4
2022-06-15 05:43:56+02:00,94.4
2022-06-15 05:44:56+02:00,50.0
2022-06-15 05:45:57+02:00,94.3
2022-06-15 05:46:57+02:00,87.1
2022-06-15 05:47:57+02:00,78.5
2022-06-15 05:48:57+02:00,50.0
2022-06-15 05:49:57+02:00,81.0
2022-06-15 05:50:57+02:00,87.2
2022-06-15 05:51:58+02:00,91.3
2022-06-15 05:52:58+02:00,94.1
2022-06-15 05:53:58+02:00,95.7
2022-06-15 05:54:58+02:00,96.4
2022-06-15 05:55:58+02:00,96.9
2022-06-15 05:56:58+02:00,50.0
2022-06-15 05:57:58+02:00,97.2
2022-06-15 05:58:59+02:00,97.4
2022-06-15 05:59:59+02:00,50.0
2022-06-15 06:00:59+02:00,50.0
2022-06-15 06:01:59+02:00,50.0
2022-06-15 06:02:59+02:00,50.0
2022-06-15 06:03:59+02:00,95.9
2022-06-15 06:04:59+02:00,50.0
2022-06-15 06:06:00+02:00,95.3
2022-06-15 06:07:00+02:00,50.0
2022-06-15 06:08:00+02:00,50.0
2022-06-15 06:09:00+02:00,50.0
2022-06-15 06:10:00+02:00,50.0
2022-06-15 06:11:00+02:00,50.0
2022-06-15 06:12:00+02:00,50.0
2022-06-15 06:13:00+02:00,50.0
2022-06-15 06:14:00+02:00,50.0
2022-06-15 06:15:00+02:00,95.3
2022-06-15 06:16:01+02:00,50.0
2022-06-15 06:17:01+02:00,50.0
2022-06-15 06:18:01+02:00,50.0
2022-06-15 06:19:01+02:00,94.9
2022-06-15 06:20:01+02:00,50.0
2022-06-15 06:21:01+02:00,96.1
2022-06-15 06:22:02+02:00,96.2
2022-06-15 06:23:02+02:00,96.7
2022-06-15 06:24:02+02:00,96.9
2022-06-15 06:25:02+02:00,50.0
2022-06-15 06:26:02+02:00,96.9
2022-06-15 06:27:02+02:00,97.5
2022-06-15 06:28:02+02:00,98.0
2022-06-15 06:29:02+02:00,98.3
2022-06-15 06:30:02+02:00,98.6
2022-06-15 06:31:03+02:00,50.0
2022-06-15 06:32:03+02:00,98.4
2022-06-15 06:33:03+02:00,98.3
2022-06-15 06:34:03+02:00,98.4
2022-06-15 06:35:03+02:00,98.4
2022-06-15 06:36:03+02:00,98.5
2022-06-15 06:37:04+02:00,98.4
2022-06-15 06:38:04+02:00,98.1
2022-06-15 06:39:04+02:00,98.0
2022-06-15 06:40:04+02:00,98.0
2022-06-15 06:41:04+02:00,98.1
2022-06-15 06:42:04+02:00,97.8
2022-06-15 06:43:04+02:00,97.9
2022-06-15 06:44:04+02:00,97.6
2022-06-15 06:45:05+02:00,97.2
2022-06-15 06:46:05+02:00,97.1
2022-06-15 06:47:05+02:00,97.1
2022-06-15 06:48:05+02:00,96.8
2022-06-15 06:49:05+02:00,96.7
2022-06-15 06:50:05+02:00,96.7
2022-06-15 06:51:05+02:00,96.7
2022-06-15 06:52:06+02:00,96.6
2022-06-15 06:53:06+02:00,96.8
2022-06-15 06:54:06+02:00,96.9
2022-06-15 06:55:06+02:00,97.0
2022-06-15 06:56:06+02:00,96.8
2022-06-15 06:57:06+02:00,96.7
2022-06-15 06:58:06+02:00,96.7
2022-06-15 06:59:07+02:00,97.1
2022-06-15 07:00:07+02:00,50.0
2022-06-15 07:01:07+02:00,92.4
2022-06-15 07:02:07+02:00,88.6
2022-06-15 07:03:07+02:00,85.2
2022-06-15 07:04:07+02:00,83.6
2022-06-15 07:05:08+02:00,50.0
2022-06-15 07:06:08+02:00,84.1
2022-06-15 07:07:08+02:00,84.7
2022-06-15 07:08:08+02:00,85.0
2022-06-15 07:09:08+02:00,84.9
2022-06-15 07:10:08+02:00,85.0
2022-06-15 07:11:08+02:00,85.6
2022-06-15 07:12:08+02:00,85.2
2022-06-15 07:13:09+02:00,85.1
2022-06-15 07:14:09+02:00,50.0
2022-06-15 07:15:09+02:00,84.8
2022-06-15 07:16:09+02:00,90.1
2022-06-15 07:17:09+02:00,92.5
2022-06-15 07:18:09+02:00,92.3
2022-06-15 07:19:09+02:00,92.6
2022-06-15 07:20:10+02:00,92.5
2022-06-15 07:21:10+02:00,92.2
2022-06-15 07:22:10+02:00,50.0
2022-06-15 07:23:10+02:00,91.9
2022-06-15 07:24:10+02:00,87.2
2022-06-15 07:25:10+02:00,83.8
2022-06-15 07:26:11+02:00,81.6
2022-06-15 07:27:11+02:00,80.1
2022-06-15 07:28:11+02:00,50.0
2022-06-15 07:29:11+02:00,50.0
2022-06-15 07:30:11+02:00,50.0
2022-06-15 07:31:11+02:00,79.2
2022-06-15 07:32:11+02:00,85.1
2022-06-15 07:33:12+02:00,89.7
2022-06-15 07:34:12+02:00,50.0
2022-06-15 07:35:12+02:00,90.4
2022-06-15 07:36:12+02:00,50.0
2022-06-15 07:37:12+02:00,50.0
2022-06-15 07:38:12+02:00,50.0
2022-06-15 07:39:13+02:00,50.0
2022-06-15 07:40:13+02:00,50.0
2022-06-15 07:41:13+02:00,50.0
2022-06-15 07:42:13+02:00,88.3
2022-06-15 07:43:13+02:00,90.5
2022-06-15 07:44:13+02:00,50.0
2022-06-15 07:45:13+02:00,50.0
2022-06-15 07:46:14+02:00,50.0
2022-06-15 07:47:14+02:00,50.0
2022-06-15 07:48:14+02:00,50.0
2022-06-15 07:49:14+02:00,50.0
2022-06-15 07:50:14+02:00,50.0
2022-06-15 07:51:14+02:00,50.0
2022-06-15 07:52:15+02:00,50.0
2022-06-15 07:53:15+02:00,50.0
2022-06-15 07:54:15+02:00,50.0
2022-06-15 07:55:15+02:00,50.0
2022-06-15 07:56:15+02:00,50.0
2022-06-15 07:57:15+02:00,50.0
2022-06-15 07:58:15+02:00,50.0
2022-06-15 07:59:15+02:00,50.0
2022-06-15 08:00:16+02:00,50.0
2022-06-15 08:01:16+02:00,50.0
2022-06-15 08:02:16+02:00,50.0
2022-06-15 08:03:16+02:00,50.0
2022-06-15 08:04:16+02:00,50.0
2022-06-15 08:05:16+02:00,50.0
2022-06-15 08:06:17+02:00,50.0
2022-06-15 08:07:17+02:00,50.0
2022-06-15 08:08:17+02:00,50.0
2022-06-15 08:09:17+02:00,50.0
2022-06-15 08:10:17+02:00,50.0
2022-06-15 08:11:17+02:00,50.0
2022-06-15 08:12:17+02:00,50.0
2022-06-15 08:13:18+02:00,50.0
2022-06-15 08:14:18+02:00,50.0
2022-06-16 02:13:30+02:00,50.0
2022-06-16 02:14:30+02:00,94.9
2022-06-16 02:15:30+02:00,95.4
2022-06-16 02:16:30+02:00,95.6
2022-06-16 02:17:30+02:00,95.8
2022-06-16 02:18:30+02:00,96.3
2022-06-16 02:19:30+02:00,96.8
2022-06-16 02:20:30+02:00,96.9
2022-06-16 02:21:30+02:00,96.8
2022-06-16 02:22:30+02:00,96.7
2022-06-16 02:23:30+02:00,96.8
2022-06-16 02:24:30+02:00,97.1
2022-06-16 02:25:31+02:00,97.1
2022-06-16 02:26:31+02:00,97.1
2022-06-16 02:27:31+02:00,97.0
2022-06-16 02:28:31+02:00,95.9
2022-06-16 02:29:31+02:00,50.0
2022-06-16 02:30:31+02:00,50.0
2022-06-16 02:31:32+02:00,96.7
2022-06-16 02:32:32+02:00,95.1
2022-06-16 02:33:32+02:00,93.8
2022-06-16 02:34:32+02:00,92.9
2022-06-16 02:35:32+02:00,50.0
2022-06-16 02:36:32+02:00,92.7
2022-06-16 02:37:33+02:00,92.8
2022-06-16 02:38:33+02:00,92.7
2022-06-16 02:39:33+02:00,92.6
2022-06-16 02:40:33+02:00,92.4
2022-06-16 02:41:33+02:00,92.3
2022-06-16 02:42:33+02:00,92.4
2022-06-16 02:43:33+02:00,92.5
2022-06-16 02:44:34+02:00,92.5
2022-06-16 02:45:34+02:00,92.4
2022-06-16 02:46:34+02:00,92.3
2022-06-16 02:47:34+02:00,92.2
2022-06-16 02:48:34+02:00,92.4
2022-06-16 02:49:34+02:00,92.5
2022-06-16 02:50:35+02:00,92.6
2022-06-16 02:51:35+02:00,92.7
2022-06-16 02:52:35+02:00,92.7
2022-06-16 02:53:35+02:00,92.9
2022-06-16 02:54:35+02:00,92.6
2022-06-16 02:55:35+02:00,92.5
2022-06-16 02:56:35+02:00,92.5
2022-06-16 02:57:36+02:00,92.6
2022-06-16 02:58:36+02:00,92.7
2022-06-16 02:59:36+02:00,50.0
2022-06-16 03:00:36+02:00,50.0
2022-06-16 03:01:36+02:00,92.2
2022-06-16 03:02:36+02:00,91.2
2022-06-16 03:03:36+02:00,90.8
2022-06-16 03:04:37+02:00,90.2
2022-06-16 03:05:37+02:00,89.7
2022-06-16 03:06:37+02:00,89.5
2022-06-16 03:07:37+02:00,88.9
2022-06-16 03:08:37+02:00,88.7
2022-06-16 03:09:37+02:00,88.2
2022-06-16 03:10:37+02:00,87.9
2022-06-16 03:11:37+02:00,87.7
2022-06-16 03:12:37+02:00,87.5
2022-06-16 03:13:38+02:00,87.6
2022-06-16 03:14:38+02:00,87.4
2022-06-16 03:15:38+02:00,87.2
2022-06-16 03:16:38+02:00,87.2
2022-06-16 03:17:38+02:00,87.4
2022-06-16 03:18:38+02:00,87.5
2022-06-16 03:19:38+02:00,87.5
2022-06-16 03:20:38+02:00,87.3
2022-06-16 03:21:38+02:00,86.9
2022-06-16 03:22:38+02:00,87.1
2022-06-16 03:23:39+02:00,86.9
2022-06-16 03:24:39+02:00,86.9
2022-06-16 03:25:39+02:00,87.0
2022-06-16 03:26:39+02:00,87.2
2022-06-16 03:27:39+02:00,87.0
2022-06-16 03:28:39+02:00,87.1
2022-06-16 03:29:39+02:00,87.0
2022-06-16 03:30:39+02:00,86.8
2022-06-16 03:31:39+02:00,86.8
2022-06-16 03:32:39+02:00,86.6
2022-06-16 03:33:39+02:00,86.9
2022-06-16 03:34:40+02:00,86.6
2022-06-16 03:35:40+02:00,86.6
2022-06-16 03:36:40+02:00,86.6
2022-06-16 03:37:40+02:00,86.9
2022-06-16 03:38:40+02:00,87.1
2022-06-16 03:39:40+02:00,87.8
2022-06-16 03:40:40+02:00,88.0
2022-06-16 03:41:40+02:00,88.7
2022-06-16 03:42:40+02:00,89.1
2022-06-16 03:43:40+02:00,89.5
2022-06-16 03:44:41+02:00,89.5
2022-06-16 03:45:41+02:00,89.7
2022-06-16 03:46:41+02:00,89.9
2022-06-16 03:47:41+02:00,89.9
2022-06-16 03:48:41+02:00,90.2
2022-06-16 03:49:41+02:00,90.4
2022-06-16 03:50:41+02:00,90.5
2022-06-16 03:51:41+02:00,90.3
2022-06-16 03:52:41+02:00,50.0
2022-06-16 03:53:42+02:00,91.1
2022-06-16 03:54:42+02:00,91.7
2022-06-16 03:55:42+02:00,50.0
2022-06-16 03:56:42+02:00,92.6
2022-06-16 03:57:42+02:00,93.3
2022-06-16 03:58:42+02:00,93.9
2022-06-16 03:59:42+02:00,94.4
2022-06-16 04:00:42+02:00,50.0
2022-06-16 04:01:42+02:00,50.0
2022-06-16 04:02:43+02:00,94.4
2022-06-16 04:03:43+02:00,94.4
2022-06-16 04:04:43+02:00,94.4
2022-06-16 04:05:43+02:00,94.3
2022-06-16 04:06:43+02:00,94.5
2022-06-16 04:07:43+02:00,94.5
2022-06-16 04:08:43+02:00,50.0
2022-06-16 04:09:44+02:00,95.0
2022-06-16 04:10:44+02:00,50.0
2022-06-16 04:11:44+02:00,50.0
2022-06-16 04:12:44+02:00,95.9
2022-06-16 04:13:44+02:00,95.8
2022-06-16 04:14:44+02:00,96.0
2022-06-16 04:15:44+02:00,96.1
2022-06-16 04:16:45+02:00,96.2
2022-06-16 04:17:45+02:00,95.7
2022-06-16 04:18:45+02:00,95.6
2022-06-16 04:19:45+02:00,95.8
2022-06-16 04:20:45+02:00,96.2
2022-06-16 04:21:45+02:00,96.4
2022-06-16 04:22:46+02:00,96.6
2022-06-16 04:23:46+02:00,96.7
2022-06-16 04:24:46+02:00,96.5
2022-06-16 04:25:46+02:00,96.1
2022-06-16 04:26:46+02:00,50.0
2022-06-16 04:27:46+02:00,50.0
2022-06-16 04:28:46+02:00,94.9
2022-06-16 04:29:47+02:00,94.2
2022-06-16 04:30:47+02:00,93.5
2022-06-16 04:31:47+02:00,93.2
2022-06-16 04:32:47+02:00,92.9
2022-06-16 04:33:47+02:00,92.8
2022-06-16 04:34:47+02:00,93.0
2022-06-16 04:35:48+02:00,93.0
2022-06-16 04:36:48+02:00,92.9
2022-06-16 04:37:48+02:00,94.1
2022-06-16 04:38:48+02:00,94.8
2022-06-16 04:39:48+02:00,95.3
2022-06-16 04:40:48+02:00,95.4
2022-06-16 04:41:48+02:00,95.4
2022-06-16 04:42:49+02:00,95.5
2022-06-16 04:43:49+02:00,95.5
2022-06-16 04:44:49+02:00,95.5
2022-06-16 04:45:49+02:00,95.5
2022-06-16 04:46:49+02:00,50.0
2022-06-16 04:47:49+02:00,95.8
2022-06-16 04:48:49+02:00,95.9
2022-06-16 04:49:50+02:00,50.0
2022-06-16 04:50:50+02:00,97.2
2022-06-16 04:51:50+02:00,96.7
2022-06-16 04:52:50+02:00,96.6
2022-06-16 04:53:50+02:00,96.3
2022-06-16 04:54:50+02:00,96.0
2022-06-16 04:55:51+02:00,96.0
2022-06-16 04:56:51+02:00,96.0
2022-06-16 04:57:51+02:00,95.7
2022-06-16 04:58:51+02:00,96.0
2022-06-16 04:59:51+02:00,95.8
2022-06-16 05:00:51+02:00,96.1
2022-06-16 05:01:51+02:00,50.0
2022-06-16 05:02:52+02:00,50.0
2022-06-16 05:03:52+02:00,50.0
2022-06-16 05:04:52+02:00,50.0
2022-06-16 05:05:52+02:00,50.0
2022-06-16 05:06:52+02:00,96.1
2022-06-16 05:07:52+02:00,50.0
2022-06-16 05:08:52+02:00,50.0
2022-06-16 05:09:53+02:00,96.1
2022-06-16 05:10:53+02:00,96.5
2022-06-16 05:11:53+02:00,96.6
2022-06-16 05:12:53+02:00,96.7
2022-06-16 05:13:53+02:00,96.7
2022-06-16 05:14:53+02:00,96.5
2022-06-16 05:15:53+02:00,96.6
2022-06-16 05:16:54+02:00,96.5
2022-06-16 05:17:54+02:00,96.7
2022-06-16 05:18:54+02:00,50.0
2022-06-16 05:19:54+02:00,50.0
2022-06-16 05:20:54+02:00,96.7
2022-06-16 05:21:54+02:00,50.0
2022-06-16 05:22:55+02:00,96.2
2022-06-16 05:23:55+02:00,96.3
2022-06-16 05:24:55+02:00,96.1
2022-06-16 05:25:55+02:00,96.1
2022-06-16 05:26:55+02:00,96.3
2022-06-16 05:27:55+02:00,96.4
2022-06-16 05:28:55+02:00,96.4
2022-06-16 05:29:56+02:00,96.5
2022-06-16 05:30:56+02:00,96.4
2022-06-16 05:31:56+02:00,96.4
2022-06-16 05:32:56+02:00,96.2
2022-06-16 05:33:56+02:00,96.3
2022-06-16 05:34:56+02:00,96.3
2022-06-16 05:35:56+02:00,96.4
2022-06-16 05:36:57+02:00,96.3
2022-06-16 05:37:57+02:00,50.0
2022-06-16 05:38:57+02:00,96.7
2022-06-16 05:39:57+02:00,96.9
2022-06-16 05:40:57+02:00,97.1
2022-06-16 05:41:57+02:00,97.0
2022-06-16 05:42:57+02:00,97.1
2022-06-16 05:43:58+02:00,97.0
2022-06-16 05:44:58+02:00,96.8
2022-06-16 05:45:58+02:00,96.8
2022-06-16 05:46:58+02:00,96.9
2022-06-16 05:47:58+02:00,96.8
2022-06-16 05:48:58+02:00,96.8
2022-06-16 05:49:59+02:00,96.8
2022-06-16 05:50:59+02:00,96.8
2022-06-16 05:51:59+02:00,96.9
2022-06-16 05:52:59+02:00,96.9
2022-06-16 05:53:59+02:00,96.8
2022-06-16 05:54:59+02:00,96.7
2022-06-16 05:55:59+02:00,96.7
2022-06-16 05:57:00+02:00,96.3
2022-06-16 05:58:00+02:00,97.0
2022-06-16 05:59:00+02:00,96.9
2022-06-16 06:00:00+02:00,96.9
2022-06-16 06:01:00+02:00,97.1
2022-06-16 06:02:00+02:00,97.2
2022-06-16 06:03:00+02:00,97.3
2022-06-16 06:04:00+02:00,97.3
2022-06-16 06:05:01+02:00,97.3
2022-06-16 06:06:01+02:00,97.3
2022-06-16 06:07:01+02:00,97.2
2022-06-16 06:08:01+02:00,96.9
2022-06-16 06:09:01+02:00,96.4
2022-06-16 06:10:01+02:00,50.0
2022-06-16 06:11:01+02:00,95.6
2022-06-16 06:12:01+02:00,50.0
2022-06-16 06:13:01+02:00,94.6
2022-06-16 06:14:02+02:00,94.1
2022-06-16 06:15:02+02:00,50.0
2022-06-16 06:16:02+02:00,50.0
2022-06-16 06:17:02+02:00,93.9
2022-06-16 06:18:02+02:00,93.9
2022-06-16 06:19:02+02:00,50.0
2022-06-16 06:20:02+02:00,93.4
2022-06-16 06:21:03+02:00,93.7
2022-06-16 06:22:03+02:00,93.3
2022-06-16 06:23:03+02:00,93.2
2022-06-16 06:24:03+02:00,50.0
2022-06-16 06:25:03+02:00,50.0
2022-06-16 06:26:03+02:00,93.4
2022-06-16 06:27:03+02:00,93.3
2022-06-16 06:28:03+02:00,93.2
2022-06-16 06:29:04+02:00,93.1
2022-06-16 06:30:04+02:00,50.0
2022-06-16 06:31:04+02:00,50.0
2022-06-16 06:32:04+02:00,93.3
2022-06-16 06:33:04+02:00,94.0
2022-06-16 06:34:04+02:00,50.0
2022-06-16 06:35:05+02:00,94.5
2022-06-16 06:36:05+02:00,95.0
2022-06-16 06:37:05+02:00,95.3
2022-06-16 06:38:05+02:00,95.4
2022-06-16 06:39:05+02:00,50.0
2022-06-16 06:40:05+02:00,95.6
2022-06-16 06:41:05+02:00,96.0
2022-06-16 06:42:05+02:00,96.0
2022-06-16 06:43:05+02:00,96.1
2022-06-16 06:44:06+02:00,96.1
2022-06-16 06:45:06+02:00,96.1
2022-06-16 06:46:06+02:00,96.1
2022-06-16 06:47:06+02:00,96.1
2022-06-16 06:48:06+02:00,96.0
2022-06-16 06:49:06+02:00,96.1
2022-06-16 06:50:06+02:00,95.9
2022-06-16 06:51:07+02:00,50.0
2022-06-16 06:52:07+02:00,95.8
2022-06-16 06:53:07+02:00,50.0
2022-06-16 06:54:07+02:00,95.6
2022-06-16 06:55:07+02:00,95.3
2022-06-16 06:56:07+02:00,95.0
2022-06-16 06:57:08+02:00,94.6
2022-06-16 06:58:08+02:00,94.5
2022-06-16 06:59:08+02:00,94.5
2022-06-16 07:00:08+02:00,94.5
2022-06-16 07:01:08+02:00,94.4
2022-06-16 07:02:08+02:00,94.3
2022-06-16 07:03:08+02:00,94.2
2022-06-16 07:04:09+02:00,94.4
2022-06-16 07:05:09+02:00,94.4
2022-06-16 07:06:09+02:00,94.3
2022-06-16 07:07:09+02:00,94.4
2022-06-16 07:08:09+02:00,94.4
2022-06-16 07:09:09+02:00,94.4
2022-06-16 07:10:09+02:00,94.5
2022-06-16 07:11:10+02:00,94.5
2022-06-16 07:12:10+02:00,50.0
2022-06-16 07:13:10+02:00,50.0
2022-06-16 07:14:10+02:00,94.5
2022-06-16 07:15:10+02:00,95.2
2022-06-16 07:16:10+02:00,50.0
2022-06-16 07:17:11+02:00,95.1
2022-06-16 07:18:11+02:00,95.7
2022-06-16 07:19:11+02:00,95.9
2022-06-16 07:20:11+02:00,95.8
2022-06-16 07:21:11+02:00,96.0
2022-06-16 07:22:11+02:00,96.0
2022-06-16 07:23:11+02:00,50.0
2022-06-16 07:24:12+02:00,96.1
2022-06-16 07:25:12+02:00,96.9
2022-06-16 07:26:12+02:00,97.0
2022-06-16 07:27:12+02:00,97.9
2022-06-16 07:28:12+02:00,96.9
2022-06-16 07:29:12+02:00,97.0
2022-06-16 07:30:12+02:00,97.1
2022-06-16 07:31:13+02:00,96.9
2022-06-16 07:32:13+02:00,96.7
2022-06-16 07:33:13+02:00,96.7
2022-06-16 07:34:13+02:00,96.5
2022-06-16 07:35:13+02:00,96.4
2022-06-16 07:36:13+02:00,96.0
2022-06-16 07:37:14+02:00,95.8
2022-06-16 07:38:14+02:00,95.7
2022-06-16 07:39:14+02:00,50.0
2022-06-16 07:40:14+02:00,50.0
2022-06-16 07:41:14+02:00,50.0
2022-06-16 07:42:14+02:00,50.0
2022-06-16 07:43:14+02:00,95.9
2022-06-16 07:44:15+02:00,95.8
2022-06-16 07:45:15+02:00,96.2
2022-06-16 07:46:15+02:00,96.6
2022-06-16 07:47:15+02:00,96.8
2022-06-16 07:48:15+02:00,96.9
2022-06-16 07:49:15+02:00,97.2
2022-06-16 07:50:16+02:00,97.3
2022-06-16 07:51:16+02:00,97.1
2022-06-16 07:52:16+02:00,96.7
2022-06-16 07:53:16+02:00,96.2
2022-06-16 07:54:16+02:00,50.0
2022-06-16 07:55:16+02:00,95.6
2022-06-16 07:56:16+02:00,95.9
2022-06-16 07:57:17+02:00,96.0
2022-06-16 07:58:17+02:00,96.1
2022-06-16 07:59:17+02:00,50.0
2022-06-16 08:00:17+02:00,50.0
2022-06-16 08:01:17+02:00,50.0
2022-06-16 08:02:17+02:00,50.0
2022-06-16 08:03:18+02:00,50.0
2022-06-16 08:04:18+02:00,50.0
2022-06-16 08:05:18+02:00,50.0
2022-06-16 08:06:18+02:00,95.7
2022-06-16 08:07:18+02:00,50.0
2022-06-16 08:08:18+02:00,50.0
2022-06-16 08:09:18+02:00,50.0
2022-06-16 08:10:18+02:00,50.0
2022-06-16 08:11:19+02:00,50.0
2022-06-16 08:12:19+02:00,50.0
2022-06-16 08:13:19+02:00,50.0
2022-06-16 08:14:19+02:00,50.0
2022-06-16 08:15:19+02:00,50.0
2022-06-16 08:16:19+02:00,50.0
2022-06-16 08:17:20+02:00,50.0
2022-06-16 08:18:20+02:00,50.0
2022-06-16 08:19:20+02:00,94.3
2022-06-16 08:20:20+02:00,92.1
2022-06-16 08:21:20+02:00,91.0
2022-06-16 08:22:20+02:00,90.6
2022-06-16 08:23:20+02:00,90.6
2022-06-16 08:24:21+02:00,90.5
2022-06-16 08:25:21+02:00,90.7
2022-06-16 08:26:21+02:00,90.3
2022-06-16 08:27:21+02:00,90.3
2022-06-16 08:28:21+02:00,90.7
2022-06-16 08:29:21+02:00,90.5
2022-06-16 08:30:22+02:00,90.5
2022-06-16 08:31:22+02:00,50.0
2022-06-16 08:32:22+02:00,50.0
2022-06-16 08:33:22+02:00,50.0
2022-06-16 08:34:22+02:00,50.0
2022-06-16 08:35:22+02:00,50.0
2022-06-16 08:36:22+02:00,50.0
2022-06-16 08:37:23+02:00,50.0
2022-06-16 08:38:23+02:00,50.0
2022-06-16 08:39:23+02:00,50.0
2022-06-16 08:40:23+02:00,50.0
2022-06-16 08:41:23+02:00,50.0
2022-06-16 08:42:23+02:00,50.0
2022-06-16 08:43:24+02:00,50.0
2022-06-16 08:44:24+02:00,50.0
2022-06-16 08:45:24+02:00,50.0
2022-06-16 08:46:24+02:00,50.0
2022-06-16 08:47:24+02:00,50.0
2022-06-16 08:48:24+02:00,50.0
2022-06-16 08:49:24+02:00,50.0
2022-06-16 08:50:25+02:00,50.0
2022-06-16 08:51:25+02:00,50.0
2022-06-16 08:52:25+02:00,50.0
2022-06-16 08:53:25+02:00,50.0
2022-06-16 08:54:25+02:00,50.0
2022-06-16 08:55:25+02:00,50.0
2022-06-16 08:56:25+02:00,50.0
2022-06-16 08:57:26+02:00,50.0
2022-06-16 08:58:26+02:00,50.0
2022-06-16 08:59:26+02:00,50.0
2022-06-16 09:00:26+02:00,50.0
2022-06-16 09:01:26+02:00,50.0
2022-06-16 09:02:26+02:00,50.0
2022-06-16 09:03:27+02:00,50.0
2022-06-16 09:04:27+02:00,50.0
2022-06-16 09:05:27+02:00,50.0
2022-06-16 09:06:27+02:00,50.0
2022-06-16 09:07:27+02:00,50.0
2022-06-17 00:41:00+02:00,50.0
2022-06-17 00:42:00+02:00,50.0
2022-06-17 00:43:00+02:00,80.6
2022-06-17 00:44:00+02:00,80.6
2022-06-17 00:45:00+02:00,80.6
2022-06-17 00:46:00+02:00,80.6
2022-06-17 00:47:00+02:00,80.6
2022-06-17 00:48:00+02:00,80.6
2022-06-17 00:49:00+02:00,80.6
2022-06-17 00:50:00+02:00,80.6
2022-06-17 00:51:00+02:00,80.7
2022-06-17 00:52:00+02:00,80.7
2022-06-17 00:53:01+02:00,80.7
2022-06-17 00:54:01+02:00,80.9
2022-06-17 00:55:01+02:00,81.0
2022-06-17 00:56:01+02:00,81.0
2022-06-17 00:57:01+02:00,81.1
2022-06-17 00:58:01+02:00,81.2
2022-06-17 00:59:01+02:00,81.2
2022-06-17 01:00:02+02:00,81.2
2022-06-17 01:01:02+02:00,81.3
2022-06-17 01:02:02+02:00,81.4
2022-06-17 01:03:02+02:00,50.0
2022-06-17 01:04:02+02:00,82.0
2022-06-17 01:05:02+02:00,82.8
2022-06-17 01:06:02+02:00,83.3
2022-06-17 01:07:02+02:00,84.2
2022-06-17 01:08:02+02:00,50.0
2022-06-17 01:09:02+02:00,85.7
2022-06-17 01:10:03+02:00,50.0
2022-06-17 01:11:03+02:00,87.1
2022-06-17 01:12:03+02:00,88.2
2022-06-17 01:13:03+02:00,89.2
2022-06-17 01:14:03+02:00,89.5
2022-06-17 01:15:03+02:00,89.7
2022-06-17 01:16:03+02:00,89.8
2022-06-17 01:17:04+02:00,50.0
2022-06-17 01:18:04+02:00,50.0
2022-06-17 01:19:04+02:00,87.9
2022-06-17 01:20:04+02:00,86.8
2022-06-17 01:21:04+02:00,85.6
2022-06-17 01:22:04+02:00,50.0
2022-06-17 01:23:04+02:00,85.1
2022-06-17 01:24:04+02:00,83.9
2022-06-17 01:25:05+02:00,83.6
2022-06-17 01:26:05+02:00,83.1
2022-06-17 01:27:05+02:00,82.7
2022-06-17 01:28:05+02:00,82.9
2022-06-17 01:29:05+02:00,50.0
2022-06-17 01:30:05+02:00,83.0
2022-06-17 01:31:05+02:00,83.7
2022-06-17 01:32:06+02:00,84.1
2022-06-17 01:33:06+02:00,84.3
2022-06-17 01:34:06+02:00,84.6
2022-06-17 01:35:06+02:00,84.7
2022-06-17 01:36:06+02:00,50.0
2022-06-17 01:37:06+02:00,85.2
2022-06-17 01:38:06+02:00,86.0
2022-06-17 01:39:07+02:00,86.3
2022-06-17 01:40:07+02:00,86.7
2022-06-17 01:41:07+02:00,50.0
2022-06-17 01:42:07+02:00,50.0
2022-06-17 01:43:07+02:00,50.0
2022-06-17 01:44:07+02:00,87.0
2022-06-17 01:45:07+02:00,86.9
2022-06-17 01:46:07+02:00,86.9
2022-06-17 01:47:08+02:00,87.0
2022-06-17 01:48:08+02:00,50.0
2022-06-17 01:49:08+02:00,50.0
2022-06-17 01:50:08+02:00,50.0
2022-06-17 01:51:08+02:00,87.0
2022-06-17 01:52:08+02:00,86.7
2022-06-17 01:53:09+02:00,86.6
2022-06-17 01:54:09+02:00,86.6
2022-06-17 01:55:09+02:00,86.7
2022-06-17 01:56:09+02:00,86.8
2022-06-17 01:57:09+02:00,50.0
2022-06-17 01:58:09+02:00,85.1
2022-06-17 01:59:09+02:00,81.8
2022-06-17 02:00:10+02:00,81.1
2022-06-17 02:00:10+02:00,81.1
2022-06-17 02:01:10+02:00,50.0
2022-06-17 02:02:10+02:00,50.0
2022-06-17 02:03:10+02:00,50.0
2022-06-17 02:04:10+02:00,50.0
2022-06-17 02:05:10+02:00,50.0
2022-06-17 02:06:11+02:00,50.0
2022-06-17 02:07:11+02:00,50.0
2022-06-17 02:08:11+02:00,50.0
2022-06-17 02:09:11+02:00,50.0
2022-06-17 02:10:11+02:00,86.2
2022-06-17 02:11:11+02:00,86.9
2022-06-17 02:12:11+02:00,87.3
2022-06-17 02:13:12+02:00,87.7
2022-06-17 02:14:12+02:00,50.0
2022-06-17 02:15:12+02:00,88.0
2022-06-17 02:16:12+02:00,89.0
2022-06-17 02:17:12+02:00,90.0
2022-06-17 02:18:12+02:00,91.4
2022-06-17 02:19:13+02:00,92.0
2022-06-17 02:20:13+02:00,93.8
2022-06-17 02:21:13+02:00,94.1
2022-06-17 02:22:13+02:00,92.9
2022-06-17 02:23:13+02:00,91.0
2022-06-17 02:24:13+02:00,90.0
2022-06-17 02:25:13+02:00,89.2
2022-06-17 02:26:14+02:00,88.6
2022-06-17 02:27:14+02:00,88.1
2022-06-17 02:28:14+02:00,87.9
2022-06-17 02:29:14+02:00,87.6
2022-06-17 02:30:14+02:00,87.2
2022-06-17 02:31:14+02:00,87.0
2022-06-17 02:32:14+02:00,86.9
2022-06-17 02:33:15+02:00,86.5
2022-06-17 02:34:15+02:00,86.5
2022-06-17 02:35:15+02:00,86.4
2022-06-17 02:36:15+02:00,50.0
2022-06-17 02:37:15+02:00,85.6
2022-06-17 02:38:15+02:00,85.9
2022-06-17 02:39:15+02:00,50.0
2022-06-17 02:40:16+02:00,86.2
2022-06-17 02:41:16+02:00,86.3
2022-06-17 02:42:16+02:00,50.0
2022-06-17 02:43:16+02:00,86.0
2022-06-17 02:44:16+02:00,85.7
2022-06-17 02:45:16+02:00,85.4
2022-06-17 02:46:16+02:00,85.1
2022-06-17 02:47:17+02:00,85.1
2022-06-17 02:48:17+02:00,85.1
2022-06-17 02:49:17+02:00,85.1
2022-06-17 02:50:17+02:00,84.8
2022-06-17 02:51:17+02:00,85.2
2022-06-17 02:52:17+02:00,85.4
2022-06-17 02:53:18+02:00,85.7
2022-06-17 02:54:18+02:00,85.3
2022-06-17 02:55:18+02:00,85.4
2022-06-17 02:56:18+02:00,85.8
2022-06-17 02:57:18+02:00,85.9
2022-06-17 02:58:18+02:00,85.7
2022-06-17 02:59:18+02:00,86.1
2022-06-17 03:00:19+02:00,50.0
2022-06-17 03:01:19+02:00,50.0
2022-06-17 03:02:19+02:00,85.8
2022-06-17 03:03:19+02:00,84.5
2022-06-17 03:04:19+02:00,83.4
2022-06-17 03:05:19+02:00,82.5
2022-06-17 03:06:20+02:00,82.1
2022-06-17 03:07:20+02:00,81.7
2022-06-17 03:08:20+02:00,50.0
2022-06-17 03:09:20+02:00,50.0
2022-06-17 03:10:20+02:00,50.0
2022-06-17 03:11:20+02:00,50.0
2022-06-17 03:12:20+02:00,80.6
2022-06-17 03:13:21+02:00,50.0
2022-06-17 03:14:21+02:00,80.4
2022-06-17 03:15:21+02:00,80.2
2022-06-17 03:16:21+02:00,80.0
2022-06-17 03:17:21+02:00,79.9
2022-06-17 03:18:21+02:00,50.0
2022-06-17 03:19:21+02:00,80.7
2022-06-17 03:20:22+02:00,50.0
2022-06-17 03:21:22+02:00,50.0
2022-06-17 03:22:22+02:00,50.0
2022-06-17 03:23:22+02:00,81.1
2022-06-17 03:24:22+02:00,80.9
2022-06-17 03:25:22+02:00,80.8
2022-06-17 03:26:22+02:00,50.0
2022-06-17 03:27:23+02:00,80.7
2022-06-17 03:28:23+02:00,80.6
2022-06-17 03:29:23+02:00,80.8
2022-06-17 03:30:23+02:00,50.0
2022-06-17 03:31:23+02:00,80.2
2022-06-17 03:32:23+02:00,78.7
2022-06-17 03:33:24+02:00,79.2
2022-06-17 03:34:24+02:00,79.4
2022-06-17 03:35:24+02:00,79.4
2022-06-17 03:36:24+02:00,79.2
2022-06-17 03:37:24+02:00,78.9
2022-06-17 03:38:24+02:00,50.0
2022-06-17 03:39:24+02:00,79.1
2022-06-17 03:40:25+02:00,78.8
2022-06-17 03:41:25+02:00,78.7
2022-06-17 03:42:25+02:00,78.0
2022-06-17 03:43:25+02:00,77.7
2022-06-17 03:44:25+02:00,77.6
2022-06-17 03:45:25+02:00,77.2
2022-06-17 03:46:25+02:00,76.9
2022-06-17 03:47:26+02:00,50.0
2022-06-17 03:48:26+02:00,77.3
2022-06-17 03:49:26+02:00,77.6
2022-06-17 03:50:26+02:00,50.0
2022-06-17 03:51:26+02:00,79.4
2022-06-17 03:52:26+02:00,82.7
2022-06-17 03:53:27+02:00,85.3
2022-06-17 03:54:27+02:00,50.0
2022-06-17 03:55:27+02:00,86.2
2022-06-17 03:56:27+02:00,86.5
2022-06-17 03:57:27+02:00,50.0
2022-06-17 03:58:27+02:00,88.5
2022-06-17 03:59:27+02:00,87.8
2022-06-17 04:00:28+02:00,85.2
2022-06-17 04:01:28+02:00,83.7
2022-06-17 04:02:28+02:00,82.9
2022-06-17 04:03:28+02:00,82.2
2022-06-17 04:04:28+02:00,82.0
2022-06-17 04:05:28+02:00,50.0
2022-06-17 04:06:28+02:00,81.5
2022-06-17 04:07:29+02:00,81.5
2022-06-17 04:08:29+02:00,82.2
2022-06-17 04:09:29+02:00,83.7
2022-06-17 04:10:29+02:00,86.3
2022-06-17 04:11:29+02:00,91.4
2022-06-17 04:12:29+02:00,94.5
2022-06-17 04:13:30+02:00,95.5
2022-06-17 04:14:30+02:00,96.5
2022-06-17 04:15:30+02:00,97.6
2022-06-17 04:16:30+02:00,98.0
2022-06-17 04:17:30+02:00,98.4
2022-06-17 04:18:30+02:00,98.5
2022-06-17 04:19:30+02:00,97.7
2022-06-17 04:20:31+02:00,97.5
2022-06-17 04:21:31+02:00,97.9
2022-06-17 04:22:31+02:00,97.3
2022-06-17 04:23:31+02:00,97.0
2022-06-17 04:24:31+02:00,97.0
2022-06-17 04:25:31+02:00,96.4
2022-06-17 04:26:32+02:00,96.4
2022-06-17 04:27:32+02:00,50.0
2022-06-17 04:28:32+02:00,50.0
2022-06-17 04:29:32+02:00,94.7
2022-06-17 04:30:32+02:00,93.7
2022-06-17 04:31:32+02:00,93.7
2022-06-17 04:32:32+02:00,90.5
2022-06-17 04:33:33+02:00,87.4
2022-06-17 04:34:33+02:00,85.1
2022-06-17 04:35:33+02:00,50.0
2022-06-17 04:36:33+02:00,50.0
2022-06-17 04:37:33+02:00,82.0
2022-06-17 04:38:33+02:00,79.1
2022-06-17 04:39:33+02:00,77.1
2022-06-17 04:40:34+02:00,76.1
2022-06-17 04:41:34+02:00,75.6
2022-06-17 04:42:34+02:00,75.1
2022-06-17 04:43:34+02:00,74.8
2022-06-17 04:44:34+02:00,50.0
2022-06-17 04:45:34+02:00,75.1
2022-06-17 04:46:35+02:00,75.1
2022-06-17 04:47:35+02:00,75.3
2022-06-17 04:48:35+02:00,75.3
2022-06-17 04:49:35+02:00,75.3
2022-06-17 04:50:35+02:00,75.2
2022-06-17 04:51:35+02:00,75.6
2022-06-17 04:52:35+02:00,76.0
2022-06-17 04:53:36+02:00,76.4
2022-06-17 04:54:36+02:00,77.4
2022-06-17 04:55:36+02:00,76.4
2022-06-17 04:56:36+02:00,76.5
2022-06-17 04:57:36+02:00,50.0
2022-06-17 04:58:36+02:00,50.0
2022-06-17 04:59:37+02:00,79.0
2022-06-17 05:00:37+02:00,83.1
2022-06-17 05:01:37+02:00,85.9
2022-06-17 05:02:37+02:00,88.5
2022-06-17 05:03:37+02:00,89.2
2022-06-17 05:04:37+02:00,50.0
2022-06-17 05:05:37+02:00,90.7
2022-06-17 05:06:37+02:00,87.9
2022-06-17 05:07:38+02:00,50.0
2022-06-17 05:08:38+02:00,50.0
2022-06-17 05:09:38+02:00,50.0
2022-06-17 05:10:38+02:00,87.5
2022-06-17 05:11:38+02:00,50.0
2022-06-17 05:12:38+02:00,84.6
2022-06-17 05:13:38+02:00,50.0
2022-06-17 05:14:38+02:00,82.6
2022-06-17 05:15:38+02:00,81.8
2022-06-17 05:16:39+02:00,81.3
2022-06-17 05:17:39+02:00,82.1
2022-06-17 05:18:39+02:00,83.3
2022-06-17 05:19:39+02:00,85.1
2022-06-17 05:20:39+02:00,86.2
2022-06-17 05:21:39+02:00,85.7
2022-06-17 05:22:39+02:00,85.6
2022-06-17 05:23:39+02:00,50.0
2022-06-17 05:24:39+02:00,50.0
2022-06-17 05:25:39+02:00,85.8
2022-06-17 05:26:40+02:00,87.4
2022-06-17 05:27:40+02:00,88.0
2022-06-17 05:28:40+02:00,88.5
2022-06-17 05:29:40+02:00,89.2
2022-06-17 05:30:40+02:00,89.8
2022-06-17 05:31:40+02:00,90.5
2022-06-17 05:32:40+02:00,90.2
2022-06-17 05:33:40+02:00,90.5
2022-06-17 05:34:40+02:00,91.5
2022-06-17 05:35:40+02:00,50.0
2022-06-17 05:36:41+02:00,90.5
2022-06-17 05:37:41+02:00,50.0
2022-06-17 05:38:41+02:00,89.6
2022-06-17 05:39:41+02:00,90.3
2022-06-17 05:40:41+02:00,50.0
2022-06-17 05:41:41+02:00,89.6
2022-06-17 05:42:41+02:00,85.3
2022-06-17 05:43:41+02:00,82.4
2022-06-17 05:44:41+02:00,80.8
2022-06-17 05:45:41+02:00,50.0
2022-06-17 05:46:42+02:00,80.3
2022-06-17 05:47:42+02:00,80.2
2022-06-17 05:48:42+02:00,80.2
2022-06-17 05:49:42+02:00,80.0
2022-06-17 05:50:42+02:00,79.6
2022-06-17 05:51:42+02:00,79.6
2022-06-17 05:52:42+02:00,79.6
2022-06-17 05:53:43+02:00,79.6
2022-06-17 05:54:43+02:00,80.1
2022-06-17 05:55:43+02:00,79.8
2022-06-17 05:56:43+02:00,79.7
2022-06-17 05:57:43+02:00,79.7
2022-06-17 05:58:43+02:00,50.0
2022-06-17 05:59:43+02:00,82.0
2022-06-17 06:00:44+02:00,84.0
2022-06-17 06:01:44+02:00,86.1
2022-06-17 06:02:44+02:00,87.6
2022-06-17 06:03:44+02:00,88.8
2022-06-17 06:04:44+02:00,89.6
2022-06-17 06:05:44+02:00,89.4
2022-06-17 06:06:44+02:00,89.4
2022-06-17 06:07:45+02:00,50.0
2022-06-17 06:08:45+02:00,89.3
2022-06-17 06:09:45+02:00,87.0
2022-06-17 06:10:45+02:00,85.7
2022-06-17 06:11:45+02:00,86.9
2022-06-17 06:12:45+02:00,87.6
2022-06-17 06:13:45+02:00,87.0
2022-06-17 06:14:46+02:00,50.0
2022-06-17 06:15:46+02:00,87.2
2022-06-17 06:16:46+02:00,50.0
2022-06-17 06:17:46+02:00,89.2
2022-06-17 06:18:46+02:00,91.4
2022-06-17 06:19:46+02:00,88.8
2022-06-17 06:20:47+02:00,86.8
2022-06-17 06:21:47+02:00,85.8
2022-06-17 06:22:47+02:00,84.8
2022-06-17 06:23:47+02:00,84.2
2022-06-17 06:24:47+02:00,83.8
2022-06-17 06:25:47+02:00,83.7
2022-06-17 06:26:47+02:00,50.0
2022-06-17 06:27:48+02:00,83.6
2022-06-17 06:28:48+02:00,82.5
2022-06-17 06:29:48+02:00,81.7
2022-06-17 06:30:48+02:00,81.2
2022-06-17 06:31:48+02:00,80.8
2022-06-17 06:32:48+02:00,50.0
2022-06-17 06:33:49+02:00,81.0
2022-06-17 06:34:49+02:00,81.4
2022-06-17 06:35:49+02:00,81.5
2022-06-17 06:36:49+02:00,81.4
2022-06-17 06:37:49+02:00,81.3
2022-06-17 06:38:49+02:00,50.0
2022-06-17 06:39:49+02:00,81.7
2022-06-17 06:40:50+02:00,81.4
2022-06-17 06:41:50+02:00,81.2
2022-06-17 06:42:50+02:00,81.2
2022-06-17 06:43:50+02:00,81.3
2022-06-17 06:44:50+02:00,81.5
2022-06-17 06:45:50+02:00,81.5
2022-06-17 06:46:50+02:00,81.5
2022-06-17 06:47:51+02:00,50.0
2022-06-17 06:48:51+02:00,80.8
2022-06-17 06:49:51+02:00,79.0
2022-06-17 06:50:51+02:00,79.0
2022-06-17 06:51:51+02:00,79.3
2022-06-17 06:52:51+02:00,78.8
2022-06-17 06:53:52+02:00,79.1
2022-06-17 06:54:52+02:00,79.1
2022-06-17 06:55:52+02:00,79.5
2022-06-17 06:56:52+02:00,79.6
2022-06-17 06:57:52+02:00,50.0
2022-06-17 06:58:52+02:00,80.8
2022-06-17 06:59:52+02:00,50.0
2022-06-17 07:00:53+02:00,81.3
2022-06-17 07:01:53+02:00,80.4
2022-06-17 07:02:53+02:00,80.2
2022-06-17 07:03:53+02:00,80.5
2022-06-17 07:04:53+02:00,81.1
2022-06-17 07:05:53+02:00,80.8
2022-06-17 07:06:54+02:00,80.6
2022-06-17 07:07:54+02:00,80.1
2022-06-17 07:08:54+02:00,79.6
2022-06-17 07:09:54+02:00,79.5
2022-06-17 07:10:54+02:00,79.1
2022-06-17 07:11:54+02:00,50.0
2022-06-17 07:12:54+02:00,79.3
2022-06-17 07:13:55+02:00,79.3
2022-06-17 07:14:55+02:00,79.3
2022-06-17 07:15:55+02:00,79.1
2022-06-17 07:16:55+02:00,78.9
2022-06-17 07:17:55+02:00,78.9
2022-06-17 07:18:55+02:00,78.9
2022-06-17 07:19:55+02:00,50.0
2022-06-17 07:20:56+02:00,79.0
2022-06-17 07:21:56+02:00,78.4
2022-06-17 07:22:56+02:00,78.2
2022-06-17 07:23:56+02:00,50.0
2022-06-17 07:24:56+02:00,50.0
2022-06-17 07:25:56+02:00,50.0
2022-06-17 07:26:56+02:00,50.0
2022-06-17 07:27:57+02:00,50.0
2022-06-17 07:28:57+02:00,78.8
2022-06-17 07:29:57+02:00,50.0
2022-06-17 07:30:57+02:00,81.0
2022-06-17 07:31:57+02:00,82.7
2022-06-17 07:32:57+02:00,83.0
2022-06-17 07:33:58+02:00,83.4
2022-06-17 07:34:58+02:00,83.7
2022-06-17 07:35:58+02:00,85.3
2022-06-17 07:36:58+02:00,87.3
2022-06-17 07:37:58+02:00,89.0
2022-06-17 07:38:58+02:00,89.3
2022-06-17 07:39:58+02:00,88.3
2022-06-17 07:40:59+02:00,89.2
2022-06-17 07:41:59+02:00,89.6
2022-06-17 07:42:59+02:00,50.0
2022-06-17 07:43:59+02:00,88.4
2022-06-17 07:44:59+02:00,86.3
2022-06-17 07:45:59+02:00,82.2
2022-06-17 07:47:00+02:00,80.3
2022-06-17 07:48:00+02:00,79.1
2022-06-17 07:49:00+02:00,78.7
2022-06-17 07:50:00+02:00,78.1
2022-06-17 07:51:00+02:00,77.8
2022-06-17 07:52:00+02:00,77.7
2022-06-17 07:53:00+02:00,77.6
2022-06-17 07:54:00+02:00,77.7
2022-06-17 07:55:01+02:00,77.7
2022-06-17 07:56:01+02:00,78.1
2022-06-17 07:57:01+02:00,78.7
2022-06-17 07:58:01+02:00,79.2
2022-06-17 07:59:01+02:00,79.4
2022-06-17 08:00:01+02:00,50.0
2022-06-17 08:01:01+02:00,78.9
2022-06-17 08:02:01+02:00,77.4
2022-06-17 08:03:02+02:00,50.0
2022-06-17 08:04:02+02:00,78.2
2022-06-17 08:05:02+02:00,79.6
2022-06-17 08:06:02+02:00,80.4
2022-06-17 08:07:02+02:00,50.0
2022-06-17 08:08:02+02:00,78.1
2022-06-17 08:09:02+02:00,77.2
2022-06-17 08:10:02+02:00,76.8
2022-06-17 08:11:02+02:00,50.0
2022-06-17 08:12:03+02:00,50.0
2022-06-17 08:13:03+02:00,78.0
2022-06-17 08:14:03+02:00,50.0
2022-06-17 08:15:03+02:00,50.0
2022-06-17 08:16:03+02:00,50.0
2022-06-17 08:17:03+02:00,79.7
2022-06-17 08:18:03+02:00,79.3
2022-06-17 08:19:04+02:00,78.5
2022-06-17 08:20:04+02:00,77.8
2022-06-17 08:21:04+02:00,77.4
2022-06-17 08:22:04+02:00,77.0
2022-06-17 08:23:04+02:00,50.0
2022-06-17 08:24:04+02:00,76.9
2022-06-17 08:25:04+02:00,79.2
2022-06-17 08:26:04+02:00,81.7
2022-06-17 08:27:05+02:00,84.6
2022-06-17 08:28:05+02:00,85.8
2022-06-17 08:29:05+02:00,86.4
2022-06-17 08:30:05+02:00,86.2
2022-06-17 08:31:05+02:00,86.6
2022-06-17 08:32:05+02:00,87.1
2022-06-17 08:33:05+02:00,87.4
2022-06-17 08:34:05+02:00,88.5
2022-06-17 08:35:06+02:00,88.4
2022-06-17 08:36:06+02:00,89.2
2022-06-17 08:37:06+02:00,87.9
2022-06-17 08:38:06+02:00,86.5
2022-06-17 08:39:06+02:00,87.5
2022-06-17 08:40:06+02:00,88.2
2022-06-17 08:41:06+02:00,87.9
2022-06-17 08:42:07+02:00,87.6
2022-06-17 08:43:07+02:00,86.0
2022-06-17 08:44:07+02:00,50.0
2022-06-17 08:45:07+02:00,84.4
2022-06-17 08:46:07+02:00,83.8
2022-06-17 08:47:07+02:00,82.7
2022-06-17 08:48:08+02:00,81.6
2022-06-17 08:49:08+02:00,80.3
2022-06-17 08:50:08+02:00,79.8
2022-06-17 08:51:08+02:00,79.8
2022-06-17 08:52:08+02:00,50.0
2022-06-17 08:53:08+02:00,79.1
2022-06-17 08:54:08+02:00,78.3
2022-06-17 08:55:09+02:00,50.0
2022-06-17 08:56:09+02:00,78.4
2022-06-17 08:57:09+02:00,50.0
2022-06-17 08:58:09+02:00,78.4
2022-06-17 08:59:09+02:00,76.8
2022-06-17 09:00:09+02:00,76.2
2022-06-17 09:01:10+02:00,50.0
2022-06-17 09:02:10+02:00,76.7
2022-06-17 09:03:10+02:00,77.7
2022-06-17 09:04:10+02:00,78.5
2022-06-17 09:05:10+02:00,50.0
2022-06-17 09:06:10+02:00,80.3
2022-06-17 09:07:10+02:00,82.9
2022-06-17 09:08:11+02:00,85.6
2022-06-17 09:09:11+02:00,50.0
2022-06-17 09:10:11+02:00,50.0
2022-06-17 09:11:11+02:00,89.7
2022-06-17 09:12:11+02:00,91.5
2022-06-17 09:13:11+02:00,50.0
2022-06-17 09:14:11+02:00,50.0
2022-06-17 09:15:12+02:00,50.0
2022-06-17 09:16:12+02:00,50.0
2022-06-17 09:17:12+02:00,50.0
2022-06-17 09:18:12+02:00,50.0
2022-06-17 09:19:12+02:00,50.0
2022-06-17 09:20:12+02:00,50.0
2022-06-17 09:21:13+02:00,50.0
2022-06-17 09:22:13+02:00,50.0
2022-06-17 09:23:13+02:00,50.0
2022-06-17 09:24:13+02:00,50.0
2022-06-17 09:25:13+02:00,50.0
2022-06-17 09:26:13+02:00,50.0
2022-06-17 09:27:13+02:00,50.0
2022-06-17 09:28:14+02:00,50.0
2022-06-17 09:29:14+02:00,50.0
2022-06-17 09:30:14+02:00,50.0
2022-06-17 09:31:14+02:00,50.0
2022-06-17 09:32:14+02:00,50.0
2022-06-17 09:33:14+02:00,50.0
2022-06-17 09:34:14+02:00,50.0
2022-06-17 09:35:14+02:00,50.0
2022-06-17 09:36:15+02:00,50.0
2022-06-17 09:37:15+02:00,50.0
2022-06-17 09:38:15+02:00,50.0
2022-06-17 09:39:15+02:00,50.0
2022-06-17 09:40:15+02:00,50.0
2022-06-17 09:41:15+02:00,50.0
2022-06-17 09:42:15+02:00,50.0
2022-06-17 09:43:16+02:00,50.0
2022-06-17 09:44:16+02:00,50.0
2022-06-17 09:45:16+02:00,50.0
2022-06-17 09:46:16+02:00,50.0
2022-06-17 09:47:16+02:00,50.0
2022-06-17 09:48:16+02:00,50.0
2022-06-21 00:55:30+02:00,50.0
2022-06-21 00:56:30+02:00,50.0
2022-06-21 00:57:30+02:00,92.4
2022-06-21 00:58:30+02:00,91.9
2022-06-21 00:59:30+02:00,91.1
2022-06-21 01:00:30+02:00,91.3
2022-06-21 01:01:30+02:00,50.0
2022-06-21 01:02:30+02:00,92.4
2022-06-21 01:03:30+02:00,92.6
2022-06-21 01:04:30+02:00,92.6
2022-06-21 01:05:30+02:00,92.4
2022-06-21 01:06:31+02:00,92.2
2022-06-21 01:07:31+02:00,92.0
2022-06-21 01:08:31+02:00,91.6
2022-06-21 01:09:31+02:00,91.4
2022-06-21 01:10:31+02:00,91.3
2022-06-21 01:11:31+02:00,91.3
2022-06-21 01:12:31+02:00,91.2
2022-06-21 01:13:32+02:00,91.2
2022-06-21 01:14:32+02:00,91.1
2022-06-21 01:15:32+02:00,92.2
2022-06-21 01:16:32+02:00,92.8
2022-06-21 01:17:32+02:00,93.6
2022-06-21 01:18:32+02:00,94.3
2022-06-21 01:19:32+02:00,50.0
2022-06-21 01:20:33+02:00,94.7
2022-06-21 01:21:33+02:00,95.0
2022-06-21 01:22:33+02:00,95.0
2022-06-21 01:23:33+02:00,94.7
2022-06-21 01:24:33+02:00,94.5
2022-06-21 01:25:33+02:00,94.1
2022-06-21 01:26:34+02:00,50.0
2022-06-21 01:27:34+02:00,94.0
2022-06-21 01:28:34+02:00,93.0
2022-06-21 01:29:34+02:00,50.0
2022-06-21 01:30:34+02:00,92.9
2022-06-21 01:31:34+02:00,92.5
2022-06-21 01:32:34+02:00,92.2
2022-06-21 01:33:35+02:00,92.0
2022-06-21 01:34:35+02:00,91.9
2022-06-21 01:35:35+02:00,50.0
2022-06-21 01:36:35+02:00,50.0
2022-06-21 01:37:35+02:00,50.0
2022-06-21 01:38:35+02:00,92.3
2022-06-21 01:39:35+02:00,92.7
2022-06-21 01:40:36+02:00,92.4
2022-06-21 01:41:36+02:00,50.0
2022-06-21 01:42:36+02:00,93.6
2022-06-21 01:43:36+02:00,94.3
2022-06-21 01:44:36+02:00,94.7
2022-06-21 01:45:36+02:00,95.3
2022-06-21 01:46:37+02:00,95.5
2022-06-21 01:47:37+02:00,95.9
2022-06-21 01:48:37+02:00,96.1
2022-06-21 01:49:37+02:00,96.0
2022-06-21 01:50:37+02:00,96.1
2022-06-21 01:51:37+02:00,50.0
2022-06-21 01:52:37+02:00,50.0
2022-06-21 01:53:38+02:00,94.7
2022-06-21 01:54:38+02:00,94.3
2022-06-21 01:55:38+02:00,50.0
2022-06-21 01:56:38+02:00,93.6
2022-06-21 01:57:38+02:00,92.8
2022-06-21 01:58:38+02:00,91.8
2022-06-21 01:59:39+02:00,91.2
2022-06-21 02:00:39+02:00,90.8
2022-06-21 02:00:39+02:00,90.8
2022-06-21 02:01:39+02:00,90.4
2022-06-21 02:02:39+02:00,90.3
2022-06-21 02:03:39+02:00,90.2
2022-06-21 02:04:39+02:00,50.0
2022-06-21 02:05:39+02:00,50.0
2022-06-21 02:06:40+02:00,90.9
2022-06-21 02:07:40+02:00,91.4
2022-06-21 02:08:40+02:00,91.6
2022-06-21 02:09:40+02:00,90.9
2022-06-21 02:10:40+02:00,50.0
2022-06-21 02:11:40+02:00,90.6
2022-06-21 02:12:41+02:00,89.3
2022-06-21 02:13:41+02:00,88.7
2022-06-21 02:14:41+02:00,89.1
2022-06-21 02:15:41+02:00,89.3
2022-06-21 02:16:41+02:00,89.0
2022-06-21 02:17:41+02:00,50.0
2022-06-21 02:18:41+02:00,88.5
2022-06-21 02:19:42+02:00,89.6
2022-06-21 02:20:42+02:00,89.7
2022-06-21 02:21:42+02:00,90.4
2022-06-21 02:22:42+02:00,50.0
2022-06-21 02:23:42+02:00,90.8
2022-06-21 02:24:42+02:00,50.0
2022-06-21 02:25:42+02:00,92.0
2022-06-21 02:26:43+02:00,92.1
2022-06-21 02:27:43+02:00,91.9
2022-06-21 02:28:43+02:00,92.1
2022-06-21 02:29:43+02:00,92.4
2022-06-21 02:30:43+02:00,92.5
2022-06-21 02:31:43+02:00,50.0
2022-06-21 02:32:43+02:00,92.8
2022-06-21 02:33:44+02:00,50.0
2022-06-21 02:34:44+02:00,94.0
2022-06-21 02:35:44+02:00,95.4
2022-06-21 02:36:44+02:00,50.0
2022-06-21 02:37:44+02:00,50.0
2022-06-21 02:38:44+02:00,50.0
2022-06-21 02:39:45+02:00,88.3
2022-06-21 02:40:45+02:00,81.1
2022-06-21 02:41:45+02:00,87.5
2022-06-21 02:42:45+02:00,88.9
2022-06-21 02:43:45+02:00,50.0
2022-06-21 02:44:45+02:00,86.8
2022-06-21 02:45:45+02:00,81.6
2022-06-21 02:46:45+02:00,84.6
2022-06-21 02:47:45+02:00,89.0
2022-06-21 02:48:46+02:00,92.4
2022-06-21 02:49:46+02:00,94.3
2022-06-21 02:50:46+02:00,95.5
2022-06-21 02:51:46+02:00,96.3
2022-06-21 02:52:46+02:00,96.5
2022-06-21 02:53:46+02:00,96.7
2022-06-21 02:54:46+02:00,96.5
2022-06-21 02:55:46+02:00,50.0
2022-06-21 02:56:46+02:00,50.0
2022-06-21 02:57:46+02:00,50.0
2022-06-21 02:58:47+02:00,50.0
2022-06-21 02:59:47+02:00,50.0
2022-06-21 03:00:47+02:00,50.0
2022-06-21 03:01:47+02:00,88.8
2022-06-21 03:02:47+02:00,85.8
2022-06-21 03:03:47+02:00,82.5
2022-06-21 03:04:47+02:00,80.9
2022-06-21 03:05:47+02:00,79.9
2022-06-21 03:06:47+02:00,79.4
2022-06-21 03:07:47+02:00,78.8
2022-06-21 03:08:47+02:00,78.6
2022-06-21 03:09:47+02:00,78.7
2022-06-21 03:10:47+02:00,50.0
2022-06-21 03:11:48+02:00,79.3
2022-06-21 03:12:48+02:00,50.0
2022-06-21 03:13:48+02:00,80.2
2022-06-21 03:14:48+02:00,82.7
2022-06-21 03:15:48+02:00,85.2
2022-06-21 03:16:48+02:00,86.3
2022-06-21 03:17:48+02:00,87.4
2022-06-21 03:18:48+02:00,88.1
2022-06-21 03:19:48+02:00,88.4
2022-06-21 03:20:49+02:00,50.0
2022-06-21 03:21:49+02:00,89.3
2022-06-21 03:22:49+02:00,50.0
2022-06-21 03:23:49+02:00,50.0
2022-06-21 03:24:49+02:00,50.0
2022-06-21 03:25:49+02:00,50.0
2022-06-21 03:26:49+02:00,50.0
2022-06-21 03:27:49+02:00,50.0
2022-06-21 03:28:49+02:00,50.0
2022-06-21 03:29:49+02:00,50.0
2022-06-21 03:30:50+02:00,89.8
2022-06-21 03:31:50+02:00,94.4
2022-06-21 03:32:50+02:00,96.7
2022-06-21 03:33:50+02:00,50.0
2022-06-21 03:34:50+02:00,96.8
2022-06-21 03:35:50+02:00,97.6
2022-06-21 03:36:50+02:00,98.1
2022-06-21 03:37:50+02:00,98.5
2022-06-21 03:38:50+02:00,98.7
2022-06-21 03:39:50+02:00,50.0
2022-06-21 03:40:50+02:00,50.0
2022-06-21 03:41:51+02:00,94.7
2022-06-21 03:42:51+02:00,82.8
2022-06-21 03:43:51+02:00,79.7
2022-06-21 03:44:51+02:00,82.6
2022-06-21 03:45:51+02:00,82.7
2022-06-21 03:46:51+02:00,84.7
2022-06-21 03:47:52+02:00,87.9
2022-06-21 03:48:52+02:00,88.6
2022-06-21 03:49:52+02:00,90.8
2022-06-21 03:50:52+02:00,93.2
2022-06-21 03:51:52+02:00,95.1
2022-06-21 03:52:52+02:00,94.1
2022-06-21 03:53:52+02:00,94.8
2022-06-21 03:54:53+02:00,95.5
2022-06-21 03:55:53+02:00,96.7
2022-06-21 03:56:53+02:00,97.5
2022-06-21 03:57:53+02:00,98.0
2022-06-21 03:58:53+02:00,97.0
2022-06-21 03:59:53+02:00,93.5
2022-06-21 04:00:54+02:00,96.0
2022-06-21 04:01:54+02:00,96.3
2022-06-21 04:02:54+02:00,90.4
2022-06-21 04:03:54+02:00,50.0
2022-06-21 04:04:54+02:00,84.0
2022-06-21 04:05:54+02:00,76.8
2022-06-21 04:06:54+02:00,76.6
2022-06-21 04:07:55+02:00,76.8
2022-06-21 04:08:55+02:00,77.3
2022-06-21 04:09:55+02:00,76.6
2022-06-21 04:10:55+02:00,75.8
2022-06-21 04:11:55+02:00,78.9
2022-06-21 04:12:55+02:00,78.1
2022-06-21 04:13:55+02:00,77.5
2022-06-21 04:14:56+02:00,77.9
2022-06-21 04:15:56+02:00,77.1
2022-06-21 04:16:56+02:00,75.4
2022-06-21 04:17:56+02:00,50.0
2022-06-21 04:18:56+02:00,75.7
2022-06-21 04:19:56+02:00,76.4
2022-06-21 04:20:57+02:00,79.3
2022-06-21 04:21:57+02:00,50.0
2022-06-21 04:22:57+02:00,80.7
2022-06-21 04:23:57+02:00,84.0
2022-06-21 04:24:57+02:00,87.3
2022-06-21 04:25:57+02:00,88.9
2022-06-21 04:26:58+02:00,89.4
2022-06-21 04:27:58+02:00,90.7
2022-06-21 04:28:58+02:00,91.1
2022-06-21 04:29:58+02:00,92.3
2022-06-21 04:30:58+02:00,92.7
2022-06-21 04:31:58+02:00,93.4
2022-06-21 04:32:58+02:00,93.7
2022-06-21 04:33:59+02:00,89.4
2022-06-21 04:34:59+02:00,50.0
2022-06-21 04:35:59+02:00,86.8
2022-06-21 04:36:59+02:00,84.1
2022-06-21 04:37:59+02:00,50.0
2022-06-21 04:38:59+02:00,83.5
2022-06-21 04:40:00+02:00,84.1
2022-06-21 04:41:00+02:00,50.0
2022-06-21 04:42:00+02:00,83.9
2022-06-21 04:43:00+02:00,50.0
2022-06-21 04:44:00+02:00,82.4
2022-06-21 04:45:00+02:00,50.0
2022-06-21 04:46:00+02:00,82.6
2022-06-21 04:47:01+02:00,83.1
2022-06-21 04:48:01+02:00,82.9
2022-06-21 04:49:01+02:00,83.0
2022-06-21 04:50:01+02:00,83.0
2022-06-21 04:51:01+02:00,50.0
2022-06-21 04:52:01+02:00,83.1
2022-06-21 04:53:01+02:00,82.9
2022-06-21 04:54:02+02:00,50.0
2022-06-21 04:55:02+02:00,82.1
2022-06-21 04:56:02+02:00,81.7
2022-06-21 04:57:02+02:00,81.4
2022-06-21 04:58:02+02:00,81.3
2022-06-21 04:59:02+02:00,81.1
2022-06-21 05:00:02+02:00,50.0
2022-06-21 05:01:02+02:00,50.0
2022-06-21 05:02:03+02:00,83.4
2022-06-21 05:03:03+02:00,85.0
2022-06-21 05:04:03+02:00,86.4
2022-06-21 05:05:03+02:00,87.2
2022-06-21 05:06:03+02:00,50.0
2022-06-21 05:07:03+02:00,86.8
2022-06-21 05:08:03+02:00,84.7
2022-06-21 05:09:04+02:00,83.7
2022-06-21 05:10:04+02:00,82.7
2022-06-21 05:11:04+02:00,85.2
2022-06-21 05:12:04+02:00,87.7
2022-06-21 05:13:04+02:00,88.8
2022-06-21 05:14:04+02:00,89.7
2022-06-21 05:15:04+02:00,89.8
2022-06-21 05:16:05+02:00,89.8
2022-06-21 05:17:05+02:00,50.0
2022-06-21 05:18:05+02:00,89.2
2022-06-21 05:19:05+02:00,87.5
2022-06-21 05:20:05+02:00,85.5
2022-06-21 05:21:05+02:00,84.3
2022-06-21 05:22:06+02:00,50.0
2022-06-21 05:23:06+02:00,83.6
2022-06-21 05:24:06+02:00,50.0
2022-06-21 05:25:06+02:00,82.6
2022-06-21 05:26:06+02:00,82.0
2022-06-21 05:27:06+02:00,81.6
2022-06-21 05:28:06+02:00,81.2
2022-06-21 05:29:07+02:00,80.8
2022-06-21 05:30:07+02:00,80.8
2022-06-21 05:31:07+02:00,80.8
2022-06-21 05:32:07+02:00,80.9
2022-06-21 05:33:07+02:00,81.7
2022-06-21 05:34:07+02:00,85.3
2022-06-21 05:35:08+02:00,89.3
2022-06-21 05:36:08+02:00,92.1
2022-06-21 05:37:08+02:00,91.3
2022-06-21 05:38:08+02:00,87.8
2022-06-21 05:39:08+02:00,85.1
2022-06-21 05:40:08+02:00,83.7
2022-06-21 05:41:09+02:00,82.8
2022-06-21 05:42:09+02:00,82.1
2022-06-21 05:43:09+02:00,50.0
2022-06-21 05:44:09+02:00,85.8
2022-06-21 05:45:09+02:00,89.0
2022-06-21 05:46:09+02:00,91.6
2022-06-21 05:47:09+02:00,50.0
2022-06-21 05:48:10+02:00,92.1
2022-06-21 05:49:10+02:00,91.5
2022-06-21 05:50:10+02:00,91.0
2022-06-21 05:51:10+02:00,90.2
2022-06-21 05:52:10+02:00,90.0
2022-06-21 05:53:10+02:00,89.9
2022-06-21 05:54:11+02:00,89.6
2022-06-21 05:55:11+02:00,90.2
2022-06-21 05:56:11+02:00,50.0
2022-06-21 05:57:11+02:00,90.8
2022-06-21 05:58:11+02:00,91.4
2022-06-21 05:59:11+02:00,92.0
2022-06-21 06:00:11+02:00,92.8
2022-06-21 06:01:12+02:00,92.8
2022-06-21 06:02:12+02:00,93.0
2022-06-21 06:03:12+02:00,93.0
2022-06-21 06:04:12+02:00,93.0
2022-06-21 06:05:12+02:00,93.0
2022-06-21 06:06:12+02:00,50.0
2022-06-21 06:07:13+02:00,93.2
2022-06-21 06:08:13+02:00,94.5
2022-06-21 06:09:13+02:00,95.7
2022-06-21 06:10:13+02:00,96.1
2022-06-21 06:11:13+02:00,96.4
2022-06-21 06:12:13+02:00,50.0
2022-06-21 06:13:14+02:00,96.1
2022-06-21 06:14:14+02:00,96.4
2022-06-21 06:15:14+02:00,96.7
2022-06-21 06:16:14+02:00,50.0
2022-06-21 06:17:14+02:00,96.5
2022-06-21 06:18:14+02:00,96.7
2022-06-21 06:19:14+02:00,96.4
2022-06-21 06:20:15+02:00,96.1
2022-06-21 06:21:15+02:00,96.4
2022-06-21 06:22:15+02:00,50.0
2022-06-21 06:23:15+02:00,95.9
2022-06-21 06:24:15+02:00,97.2
2022-06-21 06:25:15+02:00,50.0
2022-06-21 06:26:16+02:00,97.1
2022-06-21 06:27:16+02:00,97.7
2022-06-21 06:28:16+02:00,97.2
2022-06-21 06:29:16+02:00,97.4
2022-06-21 06:30:16+02:00,50.0
2022-06-21 06:31:16+02:00,97.1
2022-06-21 06:32:17+02:00,97.5
2022-06-21 06:33:17+02:00,50.0
2022-06-21 06:34:17+02:00,96.8
2022-06-21 06:35:17+02:00,50.0
2022-06-21 06:36:17+02:00,96.7
2022-06-21 06:37:17+02:00,97.4
2022-06-21 06:38:17+02:00,50.0
2022-06-21 06:39:18+02:00,50.0
2022-06-21 06:40:18+02:00,98.2
2022-06-21 06:41:18+02:00,50.0
2022-06-21 06:42:18+02:00,50.0
2022-06-21 06:43:18+02:00,50.0
2022-06-21 06:44:18+02:00,94.7
2022-06-21 06:45:19+02:00,95.1
2022-06-21 06:46:19+02:00,50.0
2022-06-21 06:47:19+02:00,94.1
2022-06-21 06:48:19+02:00,94.8
2022-06-21 06:49:19+02:00,95.3
2022-06-21 06:50:19+02:00,95.1
2022-06-21 06:51:20+02:00,96.1
2022-06-21 06:52:20+02:00,96.1
2022-06-21 06:53:20+02:00,96.7
2022-06-21 06:54:20+02:00,96.5
2022-06-21 06:55:20+02:00,97.4
2022-06-21 06:56:20+02:00,96.6
2022-06-21 06:57:20+02:00,97.1
2022-06-21 06:58:21+02:00,97.1
2022-06-21 06:59:21+02:00,97.8
2022-06-21 07:00:21+02:00,97.9
2022-06-21 07:01:21+02:00,98.1
2022-06-21 07:02:21+02:00,98.0
2022-06-21 07:03:21+02:00,97.6
2022-06-21 07:04:21+02:00,98.2
2022-06-21 07:05:21+02:00,97.8
2022-06-21 07:06:22+02:00,98.0
2022-06-21 07:07:22+02:00,97.8
2022-06-21 07:08:22+02:00,97.6
2022-06-21 07:09:22+02:00,98.2
2022-06-21 07:10:22+02:00,97.8
2022-06-21 07:11:22+02:00,98.2
2022-06-21 07:12:23+02:00,98.2
2022-06-21 07:13:23+02:00,98.2
2022-06-21 07:14:23+02:00,97.6
2022-06-21 07:15:23+02:00,97.8
2022-06-21 07:16:23+02:00,96.8
2022-06-21 07:17:23+02:00,96.9
2022-06-21 07:18:23+02:00,50.0
2022-06-21 07:19:24+02:00,97.5
2022-06-21 07:20:24+02:00,96.5
2022-06-21 07:21:24+02:00,50.0
2022-06-21 07:22:24+02:00,96.4
2022-06-21 07:23:24+02:00,96.5
2022-06-21 07:24:24+02:00,97.0
2022-06-21 07:25:24+02:00,96.4
2022-06-21 07:26:24+02:00,96.8
2022-06-21 07:27:25+02:00,50.0
2022-06-21 07:28:25+02:00,97.3
2022-06-21 07:29:25+02:00,50.0
2022-06-21 07:30:25+02:00,96.5
2022-06-21 07:31:25+02:00,50.0
2022-06-21 07:32:25+02:00,94.8
2022-06-21 07:33:25+02:00,90.9
2022-06-21 07:34:26+02:00,88.0
2022-06-21 07:35:26+02:00,50.0
2022-06-21 07:36:26+02:00,88.7
2022-06-21 07:37:26+02:00,91.9
2022-06-21 07:38:26+02:00,50.0
2022-06-21 07:39:26+02:00,93.0
2022-06-21 07:40:26+02:00,94.7
2022-06-21 07:41:27+02:00,95.7
2022-06-21 07:42:27+02:00,96.1
2022-06-21 07:43:27+02:00,50.0
2022-06-21 07:44:27+02:00,97.0
2022-06-21 07:45:27+02:00,97.3
2022-06-21 07:46:27+02:00,97.6
2022-06-21 07:47:27+02:00,50.0
2022-06-21 07:48:27+02:00,98.0
2022-06-21 07:49:28+02:00,98.6
2022-06-21 07:50:28+02:00,99.0
2022-06-21 07:51:28+02:00,50.0
2022-06-21 07:52:28+02:00,98.5
2022-06-21 07:53:28+02:00,98.2
2022-06-21 07:54:28+02:00,97.9
2022-06-21 07:55:29+02:00,97.7
2022-06-21 07:56:29+02:00,97.0
2022-06-21 07:57:29+02:00,96.9
2022-06-21 07:58:29+02:00,50.0
2022-06-21 07:59:29+02:00,96.5
2022-06-21 08:00:29+02:00,97.0
2022-06-21 08:01:29+02:00,97.0
2022-06-21 08:02:29+02:00,96.3
2022-06-21 08:03:30+02:00,50.0
2022-06-21 08:04:30+02:00,96.3
2022-06-21 08:05:30+02:00,97.7
2022-06-21 08:06:30+02:00,50.0
2022-06-21 08:07:30+02:00,97.6
2022-06-21 08:08:30+02:00,50.0
2022-06-21 08:09:30+02:00,50.0
2022-06-21 08:10:31+02:00,95.1
2022-06-21 08:11:31+02:00,95.0
2022-06-21 08:12:31+02:00,93.5
2022-06-21 08:13:31+02:00,93.3
2022-06-21 08:14:31+02:00,92.8
2022-06-21 08:15:31+02:00,93.7
2022-06-21 08:16:31+02:00,50.0
2022-06-21 08:17:32+02:00,93.1
2022-06-21 08:18:32+02:00,93.7
2022-06-21 08:19:32+02:00,94.2
2022-06-21 08:20:32+02:00,94.6
2022-06-21 08:21:32+02:00,95.6
2022-06-21 08:22:32+02:00,50.0
2022-06-21 08:23:32+02:00,93.3
2022-06-21 08:24:32+02:00,93.2
2022-06-21 08:25:33+02:00,88.5
2022-06-21 08:26:33+02:00,80.8
2022-06-21 08:27:33+02:00,76.1
2022-06-21 08:28:33+02:00,78.0
2022-06-21 08:29:33+02:00,83.1
2022-06-21 08:30:33+02:00,87.6
2022-06-21 08:31:33+02:00,89.8
2022-06-21 08:32:34+02:00,91.1
2022-06-21 08:33:34+02:00,91.6
2022-06-21 08:34:34+02:00,92.6
2022-06-21 08:35:34+02:00,93.4
2022-06-21 08:36:34+02:00,93.9
2022-06-21 08:37:34+02:00,93.4
2022-06-21 08:38:34+02:00,93.4
2022-06-21 08:39:35+02:00,93.5
2022-06-21 08:40:35+02:00,93.8
2022-06-21 08:41:35+02:00,94.2
2022-06-21 08:42:35+02:00,94.1
2022-06-21 08:43:35+02:00,93.6
2022-06-21 08:44:35+02:00,93.6
2022-06-21 08:45:36+02:00,50.0
2022-06-21 08:46:36+02:00,93.6
2022-06-21 08:47:36+02:00,50.0
2022-06-21 08:48:36+02:00,93.7
2022-06-21 08:49:36+02:00,92.3
2022-06-21 08:50:36+02:00,50.0
2022-06-21 08:51:36+02:00,92.5
2022-06-21 08:52:37+02:00,94.5
2022-06-21 08:53:37+02:00,94.9
2022-06-21 08:54:37+02:00,95.6
2022-06-21 08:55:37+02:00,50.0
2022-06-21 08:56:37+02:00,94.8
2022-06-21 08:57:37+02:00,95.0
2022-06-21 08:58:37+02:00,96.4
2022-06-21 08:59:38+02:00,97.5
2022-06-21 09:00:38+02:00,50.0
2022-06-21 09:01:38+02:00,50.0
2022-06-21 09:02:38+02:00,96.0
2022-06-21 09:03:38+02:00,50.0
2022-06-21 09:04:38+02:00,50.0
2022-06-21 09:05:38+02:00,96.8
2022-06-21 09:06:39+02:00,98.2
2022-06-21 09:07:39+02:00,99.0
2022-06-21 09:08:39+02:00,50.0
2022-06-21 09:09:39+02:00,50.0
2022-06-21 09:10:39+02:00,98.0
2022-06-21 09:11:39+02:00,95.2
2022-06-21 09:12:39+02:00,50.0
2022-06-21 09:13:39+02:00,91.6
2022-06-21 09:14:40+02:00,50.0
2022-06-21 09:15:40+02:00,91.7
2022-06-21 09:16:40+02:00,50.0
2022-06-21 09:17:40+02:00,92.8
2022-06-21 09:18:40+02:00,92.9
2022-06-21 09:19:40+02:00,50.0
2022-06-21 09:20:40+02:00,93.7
2022-06-21 09:21:41+02:00,50.0
2022-06-21 09:22:41+02:00,50.0
2022-06-21 09:23:41+02:00,50.0
2022-06-21 09:24:41+02:00,50.0
2022-06-21 09:25:41+02:00,50.0
2022-06-21 09:26:41+02:00,50.0
2022-06-21 09:27:41+02:00,50.0
2022-06-21 09:28:41+02:00,50.0
2022-06-21 09:29:42+02:00,50.0
2022-06-21 09:30:42+02:00,50.0
2022-06-21 09:31:42+02:00,50.0
2022-06-21 09:32:42+02:00,50.0
2022-06-21 09:33:42+02:00,50.0
2022-06-21 09:34:42+02:00,50.0
2022-06-21 09:35:42+02:00,50.0
2022-06-21 09:36:43+02:00,50.0
2022-06-21 09:37:43+02:00,50.0
2022-06-21 09:38:43+02:00,50.0
2022-06-21 09:39:43+02:00,50.0
2022-06-21 09:40:43+02:00,50.0
2022-06-21 09:41:43+02:00,50.0
2022-06-21 09:42:44+02:00,50.0
2022-06-21 09:43:44+02:00,50.0
2022-06-21 09:44:44+02:00,50.0
2022-06-21 09:45:44+02:00,50.0
2022-06-21 09:46:44+02:00,50.0
2022-06-21 09:47:44+02:00,50.0
2022-06-21 09:48:44+02:00,50.0
2022-06-21 09:49:44+02:00,50.0
2022-06-21 09:50:45+02:00,50.0
2022-06-21 09:51:45+02:00,50.0
2022-06-21 09:52:45+02:00,50.0
2022-06-21 09:53:45+02:00,50.0
2022-06-21 09:54:45+02:00,50.0
2022-06-21 09:55:45+02:00,50.0
2022-06-21 09:56:45+02:00,50.0
2022-06-21 09:57:45+02:00,50.0
2022-06-22 01:42:30+02:00,50.0
2022-06-22 01:43:30+02:00,87.4
2022-06-22 01:44:30+02:00,88.1
2022-06-22 01:45:30+02:00,50.0
2022-06-22 01:46:30+02:00,50.0
2022-06-22 01:47:30+02:00,50.0
2022-06-22 01:48:30+02:00,86.3
2022-06-22 01:49:30+02:00,83.9
2022-06-22 01:50:30+02:00,82.3
2022-06-22 01:51:30+02:00,81.4
2022-06-22 01:52:30+02:00,80.5
2022-06-22 01:53:30+02:00,79.8
2022-06-22 01:54:31+02:00,50.0
2022-06-22 01:55:31+02:00,81.2
2022-06-22 01:56:31+02:00,50.0
2022-06-22 01:57:31+02:00,82.9
2022-06-22 01:58:31+02:00,83.2
2022-06-22 01:59:31+02:00,83.5
2022-06-22 02:00:32+02:00,83.7
2022-06-22 02:00:32+02:00,83.7
2022-06-22 02:01:32+02:00,84.0
2022-06-22 02:02:32+02:00,50.0
2022-06-22 02:03:32+02:00,84.6
2022-06-22 02:04:32+02:00,86.3
2022-06-22 02:05:32+02:00,87.0
2022-06-22 02:06:32+02:00,87.6
2022-06-22 02:07:33+02:00,88.4
2022-06-22 02:08:33+02:00,88.4
2022-06-22 02:09:33+02:00,88.8
2022-06-22 02:10:33+02:00,88.6
2022-06-22 02:11:33+02:00,88.9
2022-06-22 02:12:33+02:00,88.8
2022-06-22 02:13:33+02:00,88.9
2022-06-22 02:14:34+02:00,89.0
2022-06-22 02:15:34+02:00,89.4
2022-06-22 02:16:34+02:00,89.5
2022-06-22 02:17:34+02:00,89.4
2022-06-22 02:18:34+02:00,89.6
2022-06-22 02:19:34+02:00,50.0
2022-06-22 02:20:35+02:00,90.5
2022-06-22 02:21:35+02:00,91.5
2022-06-22 02:22:35+02:00,90.5
2022-06-22 02:23:35+02:00,91.3
2022-06-22 02:24:35+02:00,93.4
2022-06-22 02:25:35+02:00,50.0
2022-06-22 02:26:36+02:00,94.3
2022-06-22 02:27:36+02:00,94.4
2022-06-22 02:28:36+02:00,94.3
2022-06-22 02:29:36+02:00,94.1
2022-06-22 02:30:36+02:00,50.0
2022-06-22 02:31:36+02:00,50.0
2022-06-22 02:32:36+02:00,91.9
2022-06-22 02:33:37+02:00,91.0
2022-06-22 02:34:37+02:00,91.0
2022-06-22 02:35:37+02:00,90.6
2022-06-22 02:36:37+02:00,90.6
2022-06-22 02:37:37+02:00,90.2
2022-06-22 02:38:37+02:00,89.3
2022-06-22 02:39:37+02:00,50.0
2022-06-22 02:40:38+02:00,90.6
2022-06-22 02:41:38+02:00,90.3
2022-06-22 02:42:38+02:00,50.0
2022-06-22 02:43:38+02:00,92.3
2022-06-22 02:44:38+02:00,50.0
2022-06-22 02:45:38+02:00,96.1
2022-06-22 02:46:39+02:00,95.9
2022-06-22 02:47:39+02:00,96.4
2022-06-22 02:48:39+02:00,50.0
2022-06-22 02:49:39+02:00,95.8
2022-06-22 02:50:39+02:00,95.3
2022-06-22 02:51:39+02:00,94.9
2022-06-22 02:52:40+02:00,93.8
2022-06-22 02:53:40+02:00,93.3
2022-06-22 02:54:40+02:00,93.0
2022-06-22 02:55:40+02:00,93.9
2022-06-22 02:56:40+02:00,94.0
2022-06-22 02:57:40+02:00,93.5
2022-06-22 02:58:40+02:00,93.5
2022-06-22 02:59:41+02:00,50.0
2022-06-22 03:00:41+02:00,93.9
2022-06-22 03:01:41+02:00,94.5
2022-06-22 03:02:41+02:00,95.1
2022-06-22 03:03:41+02:00,94.8
2022-06-22 03:04:41+02:00,94.5
2022-06-22 03:05:41+02:00,94.7
2022-06-22 03:06:42+02:00,94.7
2022-06-22 03:07:42+02:00,94.9
2022-06-22 03:08:42+02:00,94.6
2022-06-22 03:09:42+02:00,94.5
2022-06-22 03:10:42+02:00,50.0
2022-06-22 03:11:42+02:00,94.7
2022-06-22 03:12:43+02:00,50.0
2022-06-22 03:13:43+02:00,93.9
2022-06-22 03:14:43+02:00,50.0
2022-06-22 03:15:43+02:00,92.6
2022-06-22 03:16:43+02:00,92.8
2022-06-22 03:17:43+02:00,93.6
2022-06-22 03:18:44+02:00,50.0
2022-06-22 03:19:44+02:00,93.4
2022-06-22 03:20:44+02:00,94.1
2022-06-22 03:21:44+02:00,93.9
2022-06-22 03:22:44+02:00,50.0
2022-06-22 03:23:44+02:00,93.6
2022-06-22 03:24:44+02:00,93.2
2022-06-22 03:25:45+02:00,93.0
2022-06-22 03:26:45+02:00,92.3
2022-06-22 03:27:45+02:00,50.0
2022-06-22 03:28:45+02:00,92.2
2022-06-22 03:29:45+02:00,92.7
2022-06-22 03:30:45+02:00,50.0
2022-06-22 03:31:45+02:00,94.8
2022-06-22 03:32:45+02:00,50.0
2022-06-22 03:33:46+02:00,90.4
2022-06-22 03:34:46+02:00,87.3
2022-06-22 03:35:46+02:00,85.0
2022-06-22 03:36:46+02:00,83.7
2022-06-22 03:37:46+02:00,83.0
2022-06-22 03:38:46+02:00,83.3
2022-06-22 03:39:46+02:00,83.1
2022-06-22 03:40:46+02:00,82.0
2022-06-22 03:41:47+02:00,81.9
2022-06-22 03:42:47+02:00,81.5
2022-06-22 03:43:47+02:00,80.4
2022-06-22 03:44:47+02:00,79.2
2022-06-22 03:45:47+02:00,79.0
2022-06-22 03:46:47+02:00,78.8
2022-06-22 03:47:47+02:00,50.0
2022-06-22 03:48:47+02:00,78.5
2022-06-22 03:49:47+02:00,78.5
2022-06-22 03:50:47+02:00,78.6
2022-06-22 03:51:48+02:00,78.7
2022-06-22 03:52:48+02:00,79.1
2022-06-22 03:53:48+02:00,79.3
2022-06-22 03:54:48+02:00,79.5
2022-06-22 03:55:48+02:00,80.0
2022-06-22 03:56:48+02:00,80.3
2022-06-22 03:57:48+02:00,80.5
2022-06-22 03:58:48+02:00,50.0
2022-06-22 03:59:48+02:00,50.0
2022-06-22 04:00:48+02:00,77.2
2022-06-22 04:01:48+02:00,76.6
2022-06-22 04:02:48+02:00,79.1
2022-06-22 04:03:49+02:00,82.0
2022-06-22 04:04:49+02:00,82.7
2022-06-22 04:05:49+02:00,83.6
2022-06-22 04:06:49+02:00,84.0
2022-06-22 04:07:49+02:00,84.5
2022-06-22 04:08:49+02:00,84.5
2022-06-22 04:09:49+02:00,84.8
2022-06-22 04:10:49+02:00,84.7
2022-06-22 04:11:49+02:00,84.8
2022-06-22 04:12:50+02:00,84.9
2022-06-22 04:13:50+02:00,84.9
2022-06-22 04:14:50+02:00,84.6
2022-06-22 04:15:50+02:00,84.6
2022-06-22 04:16:50+02:00,84.4
2022-06-22 04:17:50+02:00,84.0
2022-06-22 04:18:50+02:00,50.0
2022-06-22 04:19:50+02:00,82.9
2022-06-22 04:20:51+02:00,79.2
2022-06-22 04:21:51+02:00,76.6
2022-06-22 04:22:51+02:00,79.3
2022-06-22 04:23:51+02:00,81.7
2022-06-22 04:24:51+02:00,50.0
2022-06-22 04:25:51+02:00,85.0
2022-06-22 04:26:52+02:00,88.7
2022-06-22 04:27:52+02:00,50.0
2022-06-22 04:28:52+02:00,91.9
2022-06-22 04:29:52+02:00,93.4
2022-06-22 04:30:52+02:00,94.0
2022-06-22 04:31:52+02:00,94.3
2022-06-22 04:32:52+02:00,94.6
2022-06-22 04:33:53+02:00,94.8
2022-06-22 04:34:53+02:00,94.7
2022-06-22 04:35:53+02:00,94.6
2022-06-22 04:36:53+02:00,95.1
2022-06-22 04:37:53+02:00,50.0
2022-06-22 04:38:53+02:00,94.9
2022-06-22 04:39:54+02:00,94.6
2022-06-22 04:40:54+02:00,50.0
2022-06-22 04:41:54+02:00,95.4
2022-06-22 04:42:54+02:00,96.4
2022-06-22 04:43:54+02:00,50.0
2022-06-22 04:44:54+02:00,95.8
2022-06-22 04:45:54+02:00,95.3
2022-06-22 04:46:55+02:00,94.9
2022-06-22 04:47:55+02:00,95.1
2022-06-22 04:48:55+02:00,94.5
2022-06-22 04:49:55+02:00,94.3
2022-06-22 04:50:55+02:00,94.0
2022-06-22 04:51:55+02:00,94.0
2022-06-22 04:52:56+02:00,94.9
2022-06-22 04:53:56+02:00,94.1
2022-06-22 04:54:56+02:00,93.8
2022-06-22 04:55:56+02:00,94.4
2022-06-22 04:56:56+02:00,94.1
2022-06-22 04:57:56+02:00,94.5
2022-06-22 04:58:56+02:00,94.7
2022-06-22 04:59:57+02:00,94.5
2022-06-22 05:00:57+02:00,94.2
2022-06-22 05:01:57+02:00,93.9
2022-06-22 05:02:57+02:00,94.2
2022-06-22 05:03:57+02:00,93.8
2022-06-22 05:04:57+02:00,94.1
2022-06-22 05:05:58+02:00,94.4
2022-06-22 05:06:58+02:00,94.2
2022-06-22 05:07:58+02:00,94.2
2022-06-22 05:08:58+02:00,94.0
2022-06-22 05:09:58+02:00,94.1
2022-06-22 05:10:58+02:00,50.0
2022-06-22 05:11:59+02:00,95.1
2022-06-22 05:12:59+02:00,50.0
2022-06-22 05:13:59+02:00,50.0
2022-06-22 05:14:59+02:00,95.4
2022-06-22 05:15:59+02:00,88.6
2022-06-22 05:16:59+02:00,83.8
2022-06-22 05:17:59+02:00,80.2
2022-06-22 05:19:00+02:00,78.3
2022-06-22 05:20:00+02:00,76.9
2022-06-22 05:21:00+02:00,76.4
2022-06-22 05:22:00+02:00,76.3
2022-06-22 05:23:00+02:00,75.8
2022-06-22 05:24:00+02:00,75.2
2022-06-22 05:25:01+02:00,74.9
2022-06-22 05:26:01+02:00,74.7
2022-06-22 05:27:01+02:00,74.8
2022-06-22 05:28:01+02:00,50.0
2022-06-22 05:29:01+02:00,76.6
2022-06-22 05:30:01+02:00,83.2
2022-06-22 05:31:01+02:00,88.3
2022-06-22 05:32:01+02:00,92.6
2022-06-22 05:33:02+02:00,94.6
2022-06-22 05:34:02+02:00,95.8
2022-06-22 05:35:02+02:00,97.0
2022-06-22 05:36:02+02:00,97.9
2022-06-22 05:37:02+02:00,98.8
2022-06-22 05:38:03+02:00,99.4
2022-06-22 05:39:03+02:00,99.5
2022-06-22 05:40:03+02:00,99.7
2022-06-22 05:41:03+02:00,99.3
2022-06-22 05:42:03+02:00,98.6
2022-06-22 05:43:03+02:00,97.4
2022-06-22 05:44:03+02:00,97.3
2022-06-22 05:45:04+02:00,97.9
2022-06-22 05:46:04+02:00,98.3
2022-06-22 05:47:04+02:00,98.5
2022-06-22 05:48:04+02:00,98.7
2022-06-22 05:49:04+02:00,98.7
2022-06-22 05:50:04+02:00,99.0
2022-06-22 05:51:04+02:00,99.2
2022-06-22 05:52:05+02:00,50.0
2022-06-22 05:53:05+02:00,97.1
2022-06-22 05:54:05+02:00,95.5
2022-06-22 05:55:05+02:00,50.0
2022-06-22 05:56:05+02:00,93.8
2022-06-22 05:57:05+02:00,93.3
2022-06-22 05:58:05+02:00,92.5
2022-06-22 05:59:06+02:00,92.4
2022-06-22 06:00:06+02:00,92.3
2022-06-22 06:01:06+02:00,50.0
2022-06-22 06:02:06+02:00,91.9
2022-06-22 06:03:06+02:00,92.4
2022-06-22 06:04:06+02:00,92.5
2022-06-22 06:05:07+02:00,90.7
2022-06-22 06:06:07+02:00,88.7
2022-06-22 06:07:07+02:00,85.8
2022-06-22 06:08:07+02:00,50.0
2022-06-22 06:09:07+02:00,85.4
2022-06-22 06:10:07+02:00,88.0
2022-06-22 06:11:08+02:00,89.7
2022-06-22 06:12:08+02:00,92.1
2022-06-22 06:13:08+02:00,50.0
2022-06-22 06:14:08+02:00,91.4
2022-06-22 06:15:08+02:00,89.0
2022-06-22 06:16:08+02:00,87.2
2022-06-22 06:17:08+02:00,86.6
2022-06-22 06:18:09+02:00,50.0
2022-06-22 06:19:09+02:00,88.4
2022-06-22 06:20:09+02:00,89.7
2022-06-22 06:21:09+02:00,90.0
2022-06-22 06:22:09+02:00,50.0
2022-06-22 06:23:09+02:00,91.2
2022-06-22 06:24:09+02:00,91.3
2022-06-22 06:25:10+02:00,50.0
2022-06-22 06:26:10+02:00,91.6
2022-06-22 06:27:10+02:00,50.0
2022-06-22 06:28:10+02:00,90.9
2022-06-22 06:29:10+02:00,91.0
2022-06-22 06:30:10+02:00,91.1
2022-06-22 06:31:11+02:00,91.4
2022-06-22 06:32:11+02:00,91.7
2022-06-22 06:33:11+02:00,91.5
2022-06-22 06:34:11+02:00,91.7
2022-06-22 06:35:11+02:00,50.0
2022-06-22 06:36:11+02:00,89.4
2022-06-22 06:37:12+02:00,84.9
2022-06-22 06:38:12+02:00,81.9
2022-06-22 06:39:12+02:00,79.6
2022-06-22 06:40:12+02:00,79.4
2022-06-22 06:41:12+02:00,79.1
2022-06-22 06:42:12+02:00,79.2
2022-06-22 06:43:12+02:00,79.7
2022-06-22 06:44:13+02:00,79.9
2022-06-22 06:45:13+02:00,79.9
2022-06-22 06:46:13+02:00,80.0
2022-06-22 06:47:13+02:00,80.2
2022-06-22 06:48:13+02:00,80.4
2022-06-22 06:49:13+02:00,80.5
2022-06-22 06:50:14+02:00,80.5
2022-06-22 06:51:14+02:00,80.8
2022-06-22 06:52:14+02:00,81.3
2022-06-22 06:53:14+02:00,81.6
2022-06-22 06:54:14+02:00,81.7
2022-06-22 06:55:14+02:00,82.3
2022-06-22 06:56:15+02:00,82.9
2022-06-22 06:57:15+02:00,82.6
2022-06-22 06:58:15+02:00,82.2
2022-06-22 06:59:15+02:00,50.0
2022-06-22 07:00:15+02:00,85.0
2022-06-22 07:01:15+02:00,89.4
2022-06-22 07:02:15+02:00,92.5
2022-06-22 07:03:16+02:00,94.1
2022-06-22 07:04:16+02:00,50.0
2022-06-22 07:05:16+02:00,94.2
2022-06-22 07:06:16+02:00,50.0
2022-06-22 07:07:16+02:00,50.0
2022-06-22 07:08:16+02:00,94.5
2022-06-22 07:09:17+02:00,94.0
2022-06-22 07:10:17+02:00,50.0
2022-06-22 07:11:17+02:00,50.0
2022-06-22 07:12:17+02:00,93.5
2022-06-22 07:13:17+02:00,94.2
2022-06-22 07:14:17+02:00,94.3
2022-06-22 07:15:18+02:00,50.0
2022-06-22 07:16:18+02:00,95.5
2022-06-22 07:17:18+02:00,95.9
2022-06-22 07:18:18+02:00,95.9
2022-06-22 07:19:18+02:00,95.9
2022-06-22 07:20:18+02:00,96.2
2022-06-22 07:21:19+02:00,96.2
2022-06-22 07:22:19+02:00,96.3
2022-06-22 07:23:19+02:00,50.0
2022-06-22 07:24:19+02:00,96.1
2022-06-22 07:25:19+02:00,50.0
2022-06-22 07:26:19+02:00,95.9
2022-06-22 07:27:20+02:00,95.7
2022-06-22 07:28:20+02:00,50.0
2022-06-22 07:29:20+02:00,94.9
2022-06-22 07:30:20+02:00,95.4
2022-06-22 07:31:20+02:00,95.8
2022-06-22 07:32:20+02:00,50.0
2022-06-22 07:33:20+02:00,95.7
2022-06-22 07:34:20+02:00,95.8
2022-06-22 07:35:21+02:00,95.9
2022-06-22 07:36:21+02:00,96.0
2022-06-22 07:37:21+02:00,50.0
2022-06-22 07:38:21+02:00,95.7
2022-06-22 07:39:21+02:00,95.8
2022-06-22 07:40:21+02:00,96.1
2022-06-22 07:41:21+02:00,96.2
2022-06-22 07:42:22+02:00,96.5
2022-06-22 07:43:22+02:00,96.5
2022-06-22 07:44:22+02:00,50.0
2022-06-22 07:45:22+02:00,96.7
2022-06-22 07:46:22+02:00,50.0
2022-06-22 07:47:22+02:00,96.5
2022-06-22 07:48:22+02:00,97.3
2022-06-22 07:49:23+02:00,98.5
2022-06-22 07:50:23+02:00,50.0
2022-06-22 07:51:23+02:00,98.6
2022-06-22 07:52:23+02:00,98.3
2022-06-22 07:53:23+02:00,97.2
2022-06-22 07:54:23+02:00,50.0
2022-06-22 07:55:23+02:00,95.9
2022-06-22 07:56:24+02:00,95.0
2022-06-22 07:57:24+02:00,93.7
2022-06-22 07:58:24+02:00,94.5
2022-06-22 07:59:24+02:00,96.2
2022-06-22 08:00:24+02:00,96.8
2022-06-22 08:01:24+02:00,97.5
2022-06-22 08:02:24+02:00,97.9
2022-06-22 08:03:24+02:00,50.0
2022-06-22 08:04:25+02:00,97.6
2022-06-22 08:05:25+02:00,96.1
2022-06-22 08:06:25+02:00,95.8
2022-06-22 08:07:25+02:00,96.5
2022-06-22 08:08:25+02:00,96.3
2022-06-22 08:09:25+02:00,95.8
2022-06-22 08:10:25+02:00,50.0
2022-06-22 08:11:26+02:00,50.0
2022-06-22 08:12:26+02:00,50.0
2022-06-22 08:13:26+02:00,94.2
2022-06-22 08:14:26+02:00,91.6
2022-06-22 08:15:26+02:00,50.0
2022-06-22 08:16:26+02:00,50.0
2022-06-22 08:17:26+02:00,50.0
2022-06-22 08:18:27+02:00,50.0
2022-06-22 08:19:27+02:00,91.7
2022-06-22 08:20:27+02:00,92.3
2022-06-22 08:21:27+02:00,93.6
2022-06-22 08:22:27+02:00,94.1
2022-06-22 08:23:27+02:00,94.3
2022-06-22 08:24:27+02:00,94.6
2022-06-22 08:25:28+02:00,95.2
2022-06-22 08:26:28+02:00,95.2
2022-06-22 08:27:28+02:00,95.2
2022-06-22 08:28:28+02:00,50.0
2022-06-22 08:29:28+02:00,50.0
2022-06-22 08:30:28+02:00,95.5
2022-06-22 08:31:28+02:00,50.0
2022-06-22 08:32:28+02:00,96.6
2022-06-22 08:33:29+02:00,97.6
2022-06-22 08:34:29+02:00,50.0
2022-06-22 08:35:29+02:00,97.1
2022-06-22 08:36:29+02:00,96.3
2022-06-22 08:37:29+02:00,95.6
2022-06-22 08:38:29+02:00,94.9
2022-06-22 08:39:29+02:00,50.0
2022-06-22 08:40:30+02:00,96.0
2022-06-22 08:41:30+02:00,97.0
2022-06-22 08:42:30+02:00,97.5
2022-06-22 08:43:30+02:00,97.8
2022-06-22 08:44:30+02:00,50.0
2022-06-22 08:45:30+02:00,97.4
2022-06-22 08:46:30+02:00,50.0
2022-06-22 08:47:31+02:00,50.0
2022-06-22 08:48:31+02:00,50.0
2022-06-22 08:49:31+02:00,50.0
2022-06-22 08:50:31+02:00,50.0
2022-06-22 08:51:31+02:00,50.0
2022-06-22 08:52:31+02:00,50.0
2022-06-22 08:53:31+02:00,50.0
2022-06-22 08:54:32+02:00,50.0
2022-06-22 08:55:32+02:00,50.0
2022-06-22 08:56:32+02:00,50.0
2022-06-22 08:57:32+02:00,50.0
2022-06-22 08:58:32+02:00,50.0
2022-06-22 08:59:32+02:00,50.0
2022-06-22 09:00:32+02:00,50.0
2022-06-22 09:01:32+02:00,50.0
2022-06-22 09:02:33+02:00,50.0
2022-06-22 09:03:33+02:00,50.0
2022-06-22 09:04:33+02:00,50.0
2022-06-22 09:05:33+02:00,50.0
2022-06-22 09:06:33+02:00,50.0
2022-06-22 09:07:33+02:00,50.0
2022-06-22 09:08:33+02:00,50.0
2022-06-22 09:09:34+02:00,50.0
2022-06-22 09:10:34+02:00,50.0
2022-06-22 09:11:34+02:00,50.0
2022-06-22 09:12:34+02:00,50.0
2022-06-22 09:13:34+02:00,50.0
2022-06-22 09:14:34+02:00,50.0
2022-06-22 09:15:34+02:00,50.0
2022-06-22 09:16:35+02:00,50.0
2022-06-22 09:17:35+02:00,50.0
2022-06-22 09:18:35+02:00,50.0
2022-06-22 09:19:35+02:00,50.0
2022-06-22 09:20:35+02:00,50.0
2022-06-22 09:21:35+02:00,50.0
2022-06-22 09:22:35+02:00,50.0
