timestamp,oxygen_saturation_by_minute
2022-06-08 00:49:30+02:00,85.8
2022-06-08 00:50:30+02:00,86.3
2022-06-08 00:51:30+02:00,86.8
2022-06-08 00:52:30+02:00,87.0
2022-06-08 00:53:30+02:00,87.0
2022-06-08 00:54:30+02:00,87.3
2022-06-08 00:55:30+02:00,87.6
2022-06-08 00:56:30+02:00,87.7
2022-06-08 00:57:30+02:00,88.0
2022-06-08 00:58:30+02:00,88.3
2022-06-08 00:59:30+02:00,88.5
2022-06-08 01:00:30+02:00,88.7
2022-06-08 01:01:30+02:00,88.7
2022-06-08 01:02:31+02:00,89.0
2022-06-08 01:03:31+02:00,50.0
2022-06-08 01:04:31+02:00,50.0
2022-06-08 01:05:31+02:00,50.0
2022-06-08 01:06:31+02:00,50.0
2022-06-08 01:07:31+02:00,50.0
2022-06-08 01:08:31+02:00,50.0
2022-06-08 01:09:32+02:00,50.0
2022-06-08 01:10:32+02:00,50.0
2022-06-08 01:11:32+02:00,50.0
2022-06-08 01:12:32+02:00,50.0
2022-06-08 01:13:32+02:00,50.0
2022-06-08 01:14:32+02:00,50.0
2022-06-08 01:15:33+02:00,89.9
2022-06-08 01:16:33+02:00,90.4
2022-06-08 01:17:33+02:00,90.4
2022-06-08 01:18:33+02:00,90.7
2022-06-08 01:19:33+02:00,90.6
2022-06-08 01:20:33+02:00,90.7
2022-06-08 01:21:33+02:00,90.5
2022-06-08 01:22:34+02:00,90.6
2022-06-08 01:23:34+02:00,90.2
2022-06-08 01:24:34+02:00,90.1
2022-06-08 01:25:34+02:00,90.3
2022-06-08 01:26:34+02:00,90.2
2022-06-08 01:27:34+02:00,90.1
2022-06-08 01:28:35+02:00,50.0
2022-06-08 01:29:35+02:00,50.0
2022-06-08 01:30:35+02:00,50.0
2022-06-08 01:31:35+02:00,50.0
2022-06-08 01:32:35+02:00,50.0
2022-06-08 01:33:35+02:00,90.2
2022-06-08 01:34:35+02:00,50.0
2022-06-08 01:35:35+02:00,89.4
2022-06-08 01:36:35+02:00,89.6
2022-06-08 01:37:36+02:00,90.5
2022-06-08 01:38:36+02:00,91.0
2022-06-08 01:39:36+02:00,91.6
2022-06-08 01:40:36+02:00,91.8
2022-06-08 01:41:36+02:00,50.0
2022-06-08 01:42:36+02:00,92.0
2022-06-08 01:43:37+02:00,92.0
2022-06-08 01:44:37+02:00,92.1
2022-06-08 01:45:37+02:00,92.1
2022-06-08 01:46:37+02:00,92.2
2022-06-08 01:47:37+02:00,92.2
2022-06-08 01:48:37+02:00,92.2
2022-06-08 01:49:37+02:00,92.2
2022-06-08 01:50:38+02:00,92.1
2022-06-08 01:51:38+02:00,92.1
2022-06-08 01:52:38+02:00,92.0
2022-06-08 01:53:38+02:00,91.9
2022-06-08 01:54:38+02:00,91.9
2022-06-08 01:55:38+02:00,91.9
2022-06-08 01:56:38+02:00,91.8
2022-06-08 01:57:39+02:00,91.7
2022-06-08 01:58:39+02:00,91.9
2022-06-08 01:59:39+02:00,50.0
2022-06-08 02:00:39+02:00,50.0
2022-06-08 02:00:39+02:00,50.0
2022-06-08 02:01:39+02:00,91.0
2022-06-08 02:02:39+02:00,90.3
2022-06-08 02:03:40+02:00,89.8
2022-06-08 02:04:40+02:00,89.5
2022-06-08 02:05:40+02:00,89.3
2022-06-08 02:06:40+02:00,50.0
2022-06-08 02:07:40+02:00,89.3
2022-06-08 02:08:40+02:00,89.6
2022-06-08 02:09:40+02:00,89.3
2022-06-08 02:10:41+02:00,89.1
2022-06-08 02:11:41+02:00,89.1
2022-06-08 02:12:41+02:00,88.8
2022-06-08 02:13:41+02:00,87.7
2022-06-08 02:14:41+02:00,86.5
2022-06-08 02:15:41+02:00,85.9
2022-06-08 02:16:42+02:00,50.0
2022-06-08 02:17:42+02:00,85.7
2022-06-08 02:18:42+02:00,87.2
2022-06-08 02:19:42+02:00,88.5
2022-06-08 02:20:42+02:00,89.4
2022-06-08 02:21:42+02:00,50.0
2022-06-08 02:22:42+02:00,88.2
2022-06-08 02:23:43+02:00,50.0
2022-06-08 02:24:43+02:00,89.9
2022-06-08 02:25:43+02:00,90.4
2022-06-08 02:26:43+02:00,90.5
2022-06-08 02:27:43+02:00,90.9
2022-06-08 02:28:43+02:00,90.8
2022-06-08 02:29:43+02:00,91.3
2022-06-08 02:30:44+02:00,91.5
2022-06-08 02:31:44+02:00,91.9
2022-06-08 02:32:44+02:00,92.0
2022-06-08 02:33:44+02:00,92.2
2022-06-08 02:34:44+02:00,92.1
2022-06-08 02:35:44+02:00,91.9
2022-06-08 02:36:45+02:00,92.3
2022-06-08 02:37:45+02:00,92.2
2022-06-08 02:38:45+02:00,50.0
2022-06-08 02:39:45+02:00,91.0
2022-06-08 02:40:45+02:00,89.8
2022-06-08 02:41:45+02:00,88.7
2022-06-08 02:42:45+02:00,88.2
2022-06-08 02:43:46+02:00,88.1
2022-06-08 02:44:46+02:00,88.3
2022-06-08 02:45:46+02:00,88.4
2022-06-08 02:46:46+02:00,88.7
2022-06-08 02:47:46+02:00,89.1
2022-06-08 02:48:46+02:00,89.3
2022-06-08 02:49:47+02:00,89.5
2022-06-08 02:50:47+02:00,89.4
2022-06-08 02:51:47+02:00,89.4
2022-06-08 02:52:47+02:00,89.3
2022-06-08 02:53:47+02:00,89.4
2022-06-08 02:54:47+02:00,89.3
2022-06-08 02:55:47+02:00,50.0
2022-06-08 02:56:48+02:00,50.0
2022-06-08 02:57:48+02:00,90.2
2022-06-08 02:58:48+02:00,91.1
2022-06-08 02:59:48+02:00,50.0
2022-06-08 03:00:48+02:00,50.0
2022-06-08 03:01:48+02:00,50.0
2022-06-08 03:02:48+02:00,50.0
2022-06-08 03:03:49+02:00,91.1
2022-06-08 03:04:49+02:00,91.4
2022-06-08 03:05:49+02:00,91.7
2022-06-08 03:06:49+02:00,91.4
2022-06-08 03:07:49+02:00,91.3
2022-06-08 03:08:49+02:00,91.4
2022-06-08 03:09:49+02:00,91.6
2022-06-08 03:10:50+02:00,50.0
2022-06-08 03:11:50+02:00,50.0
2022-06-08 03:12:50+02:00,92.0
2022-06-08 03:13:50+02:00,92.3
2022-06-08 03:14:50+02:00,92.8
2022-06-08 03:15:50+02:00,93.0
2022-06-08 03:16:51+02:00,92.9
2022-06-08 03:17:51+02:00,92.9
2022-06-08 03:18:51+02:00,92.8
2022-06-08 03:19:51+02:00,92.9
2022-06-08 03:20:51+02:00,92.9
2022-06-08 03:21:51+02:00,92.9
2022-06-08 03:22:51+02:00,50.0
2022-06-08 03:23:51+02:00,50.0
2022-06-08 03:24:52+02:00,93.2
2022-06-08 03:25:52+02:00,93.7
2022-06-08 03:26:52+02:00,94.0
2022-06-08 03:27:52+02:00,94.4
2022-06-08 03:28:52+02:00,50.0
2022-06-08 03:29:52+02:00,94.2
2022-06-08 03:30:53+02:00,92.6
2022-06-08 03:31:53+02:00,91.9
2022-06-08 03:32:53+02:00,91.3
2022-06-08 03:33:53+02:00,90.8
2022-06-08 03:34:53+02:00,50.0
2022-06-08 03:35:53+02:00,50.0
2022-06-08 03:36:53+02:00,90.6
2022-06-08 03:37:54+02:00,92.1
2022-06-08 03:38:54+02:00,92.7
2022-06-08 03:39:54+02:00,92.8
2022-06-08 03:40:54+02:00,93.0
2022-06-08 03:41:54+02:00,93.0
2022-06-08 03:42:54+02:00,93.4
2022-06-08 03:43:54+02:00,93.8
2022-06-08 03:44:55+02:00,94.2
2022-06-08 03:45:55+02:00,94.2
2022-06-08 03:46:55+02:00,94.2
2022-06-08 03:47:55+02:00,94.3
2022-06-08 03:48:55+02:00,94.5
2022-06-08 03:49:55+02:00,94.6
2022-06-08 03:50:55+02:00,94.6
2022-06-08 03:51:56+02:00,50.0
2022-06-08 03:52:56+02:00,95.3
2022-06-08 03:53:56+02:00,96.1
2022-06-08 03:54:56+02:00,50.0
2022-06-08 03:55:56+02:00,95.8
2022-06-08 03:56:56+02:00,95.7
2022-06-08 03:57:57+02:00,96.3
2022-06-08 03:58:57+02:00,96.3
2022-06-08 03:59:57+02:00,95.6
2022-06-08 04:00:57+02:00,95.3
2022-06-08 04:01:57+02:00,95.6
2022-06-08 04:02:57+02:00,95.1
2022-06-08 04:03:57+02:00,95.0
2022-06-08 04:04:58+02:00,94.1
2022-06-08 04:05:58+02:00,50.0
2022-06-08 04:06:58+02:00,94.4
2022-06-08 04:07:58+02:00,94.7
2022-06-08 04:08:58+02:00,94.8
2022-06-08 04:09:58+02:00,94.6
2022-06-08 04:10:58+02:00,94.2
2022-06-08 04:11:59+02:00,94.3
2022-06-08 04:12:59+02:00,94.6
2022-06-08 04:13:59+02:00,50.0
2022-06-08 04:14:59+02:00,94.5
2022-06-08 04:15:59+02:00,95.1
2022-06-08 04:16:59+02:00,95.3
2022-06-08 04:17:59+02:00,95.5
2022-06-08 04:19:00+02:00,95.4
2022-06-08 04:20:00+02:00,95.6
2022-06-08 04:21:00+02:00,95.8
2022-06-08 04:22:00+02:00,95.5
2022-06-08 04:23:00+02:00,95.4
2022-06-08 04:24:00+02:00,95.6
2022-06-08 04:25:00+02:00,95.6
2022-06-08 04:26:00+02:00,95.6
2022-06-08 04:27:01+02:00,95.7
2022-06-08 04:28:01+02:00,95.8
2022-06-08 04:29:01+02:00,95.9
2022-06-08 04:30:01+02:00,95.8
2022-06-08 04:31:01+02:00,95.8
2022-06-08 04:32:01+02:00,95.9
2022-06-08 04:33:01+02:00,95.9
2022-06-08 04:34:02+02:00,96.0
2022-06-08 04:35:02+02:00,96.0
2022-06-08 04:36:02+02:00,95.8
2022-06-08 04:37:02+02:00,95.9
2022-06-08 04:38:02+02:00,96.0
2022-06-08 04:39:02+02:00,95.9
2022-06-08 04:40:02+02:00,95.9
2022-06-08 04:41:03+02:00,95.8
2022-06-08 04:42:03+02:00,95.7
2022-06-08 04:43:03+02:00,95.7
2022-06-08 04:44:03+02:00,50.0
2022-06-08 04:45:03+02:00,50.0
2022-06-08 04:46:03+02:00,50.0
2022-06-08 04:47:03+02:00,94.4
2022-06-08 04:48:03+02:00,94.3
2022-06-08 04:49:04+02:00,92.9
2022-06-08 04:50:04+02:00,92.3
2022-06-08 04:51:04+02:00,91.7
2022-06-08 04:52:04+02:00,91.5
2022-06-08 04:53:04+02:00,91.4
2022-06-08 04:54:04+02:00,91.3
2022-06-08 04:55:04+02:00,91.5
2022-06-08 04:56:05+02:00,91.6
2022-06-08 04:57:05+02:00,91.7
2022-06-08 04:58:05+02:00,91.7
2022-06-08 04:59:05+02:00,92.0
2022-06-08 05:00:05+02:00,91.9
2022-06-08 05:01:05+02:00,91.7
2022-06-08 05:02:05+02:00,91.6
2022-06-08 05:03:06+02:00,91.6
2022-06-08 05:04:06+02:00,50.0
2022-06-08 05:05:06+02:00,50.0
2022-06-08 05:06:06+02:00,92.6
2022-06-08 05:07:06+02:00,93.3
2022-06-08 05:08:06+02:00,93.7
2022-06-08 05:09:07+02:00,93.9
2022-06-08 05:10:07+02:00,94.0
2022-06-08 05:11:07+02:00,94.0
2022-06-08 05:12:07+02:00,94.0
2022-06-08 05:13:07+02:00,93.7
2022-06-08 05:14:07+02:00,93.8
2022-06-08 05:15:07+02:00,94.1
2022-06-08 05:16:08+02:00,94.3
2022-06-08 05:17:08+02:00,94.3
2022-06-08 05:18:08+02:00,94.3
2022-06-08 05:19:08+02:00,94.3
2022-06-08 05:20:08+02:00,94.2
2022-06-08 05:21:08+02:00,94.2
2022-06-08 05:22:09+02:00,94.1
2022-06-08 05:23:09+02:00,94.0
2022-06-08 05:24:09+02:00,93.7
2022-06-08 05:25:09+02:00,50.0
2022-06-08 05:26:09+02:00,93.1
2022-06-08 05:27:09+02:00,93.3
2022-06-08 05:28:09+02:00,93.3
2022-06-08 05:29:10+02:00,93.4
2022-06-08 05:30:10+02:00,93.5
2022-06-08 05:31:10+02:00,93.4
2022-06-08 05:32:10+02:00,93.4
2022-06-08 05:33:10+02:00,93.4
2022-06-08 05:34:10+02:00,93.5
2022-06-08 05:35:10+02:00,93.5
2022-06-08 05:36:11+02:00,93.5
2022-06-08 05:37:11+02:00,93.6
2022-06-08 05:38:11+02:00,93.7
2022-06-08 05:39:11+02:00,93.8
2022-06-08 05:40:11+02:00,93.8
2022-06-08 05:41:11+02:00,93.9
2022-06-08 05:42:11+02:00,93.9
2022-06-08 05:43:11+02:00,93.9
2022-06-08 05:44:12+02:00,93.8
2022-06-08 05:45:12+02:00,93.8
2022-06-08 05:46:12+02:00,93.8
2022-06-08 05:47:12+02:00,93.9
2022-06-08 05:48:12+02:00,93.9
2022-06-08 05:49:12+02:00,50.0
2022-06-08 05:50:12+02:00,93.8
2022-06-08 05:51:13+02:00,93.9
2022-06-08 05:52:13+02:00,93.4
2022-06-08 05:53:13+02:00,93.0
2022-06-08 05:54:13+02:00,92.4
2022-06-08 05:55:13+02:00,92.2
2022-06-08 05:56:13+02:00,92.4
2022-06-08 05:57:13+02:00,50.0
2022-06-08 05:58:14+02:00,92.5
2022-06-08 05:59:14+02:00,50.0
2022-06-08 06:00:14+02:00,91.9
2022-06-08 06:01:14+02:00,91.8
2022-06-08 06:02:14+02:00,91.5
2022-06-08 06:03:14+02:00,91.1
2022-06-08 06:04:14+02:00,50.0
2022-06-08 06:05:14+02:00,91.3
2022-06-08 06:06:14+02:00,92.1
2022-06-08 06:07:15+02:00,91.4
2022-06-08 06:08:15+02:00,92.5
2022-06-08 06:09:15+02:00,50.0
2022-06-08 06:10:15+02:00,93.2
2022-06-08 06:11:15+02:00,94.0
2022-06-08 06:12:15+02:00,94.3
2022-06-08 06:13:15+02:00,94.4
2022-06-08 06:14:16+02:00,94.7
2022-06-08 06:15:16+02:00,95.0
2022-06-08 06:16:16+02:00,95.5
2022-06-08 06:17:16+02:00,95.5
2022-06-08 06:18:16+02:00,95.6
2022-06-08 06:19:16+02:00,95.9
2022-06-08 06:20:16+02:00,95.9
2022-06-08 06:21:17+02:00,95.6
2022-06-08 06:22:17+02:00,95.3
2022-06-08 06:23:17+02:00,95.3
2022-06-08 06:24:17+02:00,95.3
2022-06-08 06:25:17+02:00,95.3
2022-06-08 06:26:17+02:00,95.2
2022-06-08 06:27:17+02:00,95.5
2022-06-08 06:28:17+02:00,95.6
2022-06-08 06:29:18+02:00,95.7
2022-06-08 06:30:18+02:00,95.0
2022-06-08 06:31:18+02:00,50.0
2022-06-08 06:32:18+02:00,95.0
2022-06-08 06:33:18+02:00,94.7
2022-06-08 06:34:18+02:00,94.4
2022-06-08 06:35:18+02:00,50.0
2022-06-08 06:36:18+02:00,94.4
2022-06-08 06:37:19+02:00,94.7
2022-06-08 06:38:19+02:00,95.1
2022-06-08 06:39:19+02:00,95.4
2022-06-08 06:40:19+02:00,95.6
2022-06-08 06:41:19+02:00,95.8
2022-06-08 06:42:19+02:00,95.7
2022-06-08 06:43:20+02:00,95.8
2022-06-08 06:44:20+02:00,95.9
2022-06-08 06:45:20+02:00,96.0
2022-06-08 06:46:20+02:00,95.9
2022-06-08 06:47:20+02:00,95.9
2022-06-08 06:48:20+02:00,95.9
2022-06-08 06:49:20+02:00,96.0
2022-06-08 06:50:20+02:00,95.9
2022-06-08 06:51:21+02:00,95.8
2022-06-08 06:52:21+02:00,95.7
2022-06-08 06:53:21+02:00,95.8
2022-06-08 06:54:21+02:00,95.9
2022-06-08 06:55:21+02:00,95.8
2022-06-08 06:56:21+02:00,95.9
2022-06-08 06:57:21+02:00,95.9
2022-06-08 06:58:22+02:00,95.8
2022-06-08 06:59:22+02:00,95.7
2022-06-08 07:00:22+02:00,95.6
2022-06-08 07:01:22+02:00,50.0
2022-06-08 07:02:22+02:00,50.0
2022-06-08 07:03:22+02:00,50.0
2022-06-08 07:04:22+02:00,50.0
2022-06-08 07:05:23+02:00,50.0
2022-06-08 07:06:23+02:00,50.0
2022-06-08 07:07:23+02:00,50.0
2022-06-08 07:08:23+02:00,50.0
2022-06-08 07:09:23+02:00,95.3
2022-06-08 07:10:23+02:00,94.9
2022-06-08 07:11:23+02:00,50.0
2022-06-08 07:12:23+02:00,94.9
2022-06-08 07:13:24+02:00,94.9
2022-06-08 07:14:24+02:00,50.0
2022-06-08 07:15:24+02:00,94.1
2022-06-08 07:16:24+02:00,93.4
2022-06-08 07:17:24+02:00,93.2
2022-06-08 07:18:24+02:00,93.1
2022-06-08 07:19:24+02:00,93.2
2022-06-08 07:20:25+02:00,93.4
2022-06-08 07:21:25+02:00,93.4
2022-06-08 07:22:25+02:00,93.3
2022-06-08 07:23:25+02:00,93.4
2022-06-08 07:24:25+02:00,93.6
2022-06-08 07:25:25+02:00,93.5
2022-06-08 07:26:25+02:00,93.6
2022-06-08 07:27:25+02:00,93.5
2022-06-08 07:28:25+02:00,93.6
2022-06-08 07:29:25+02:00,93.5
2022-06-08 07:30:26+02:00,93.5
2022-06-08 07:31:26+02:00,93.6
2022-06-08 07:32:26+02:00,50.0
2022-06-08 07:33:26+02:00,93.6
2022-06-08 07:34:26+02:00,93.6
2022-06-08 07:35:26+02:00,93.4
2022-06-08 07:36:26+02:00,93.1
2022-06-08 07:37:26+02:00,93.2
2022-06-08 07:38:26+02:00,50.0
2022-06-08 07:39:26+02:00,92.6
2022-06-08 07:40:27+02:00,91.5
2022-06-08 07:41:27+02:00,50.0
2022-06-08 07:42:27+02:00,50.0
2022-06-08 07:43:27+02:00,50.0
2022-06-08 07:44:27+02:00,91.9
2022-06-08 07:45:27+02:00,50.0
2022-06-08 07:46:27+02:00,50.0
2022-06-08 07:47:27+02:00,50.0
2022-06-08 07:48:27+02:00,50.0
2022-06-08 07:49:27+02:00,92.2
2022-06-08 07:50:27+02:00,92.5
2022-06-08 07:51:27+02:00,93.5
2022-06-08 07:52:27+02:00,50.0
2022-06-08 07:53:28+02:00,50.0
2022-06-08 07:54:28+02:00,50.0
2022-06-08 07:55:28+02:00,50.0
2022-06-08 07:56:28+02:00,50.0
2022-06-08 07:57:28+02:00,50.0
2022-06-08 07:58:28+02:00,50.0
2022-06-08 07:59:28+02:00,50.0
2022-06-08 08:00:28+02:00,50.0
2022-06-08 08:01:28+02:00,50.0
2022-06-08 08:02:28+02:00,50.0
2022-06-08 08:03:28+02:00,50.0
2022-06-08 08:04:28+02:00,94.2
2022-06-08 08:05:29+02:00,50.0
2022-06-08 08:06:29+02:00,50.0
2022-06-08 08:07:29+02:00,50.0
2022-06-08 08:08:29+02:00,50.0
2022-06-08 08:09:29+02:00,50.0
2022-06-08 08:10:29+02:00,50.0
2022-06-08 08:11:29+02:00,50.0
2022-06-08 08:12:29+02:00,50.0
2022-06-08 08:13:29+02:00,50.0
2022-06-08 08:14:29+02:00,50.0
2022-06-08 08:15:30+02:00,50.0
2022-06-08 08:16:30+02:00,50.0
2022-06-08 08:17:30+02:00,50.0
2022-06-08 08:18:30+02:00,50.0
2022-06-08 08:19:30+02:00,50.0
2022-06-08 08:20:30+02:00,50.0
2022-06-08 08:21:30+02:00,50.0
2022-06-08 08:22:30+02:00,50.0
2022-06-08 08:23:30+02:00,50.0
2022-06-08 08:24:30+02:00,50.0
2022-06-08 08:25:30+02:00,50.0
2022-06-08 08:26:31+02:00,50.0
2022-06-09 01:00:00+02:00,50.0
2022-06-09 01:01:00+02:00,95.2
2022-06-09 01:02:00+02:00,95.3
2022-06-09 01:03:00+02:00,95.6
2022-06-09 01:04:00+02:00,95.8
2022-06-09 01:05:00+02:00,95.9
2022-06-09 01:06:00+02:00,50.0
2022-06-09 01:07:00+02:00,95.4
2022-06-09 01:08:00+02:00,95.1
2022-06-09 01:09:00+02:00,50.0
2022-06-09 01:10:00+02:00,95.3
2022-06-09 01:11:01+02:00,95.2
2022-06-09 01:12:01+02:00,95.2
2022-06-09 01:13:01+02:00,95.2
2022-06-09 01:14:01+02:00,95.1
2022-06-09 01:15:01+02:00,94.9
2022-06-09 01:16:01+02:00,94.8
2022-06-09 01:17:01+02:00,94.6
2022-06-09 01:18:02+02:00,94.5
2022-06-09 01:19:02+02:00,94.4
2022-06-09 01:20:02+02:00,94.2
2022-06-09 01:21:02+02:00,94.1
2022-06-09 01:22:02+02:00,50.0
2022-06-09 01:23:02+02:00,50.0
2022-06-09 01:24:02+02:00,50.0
2022-06-09 01:25:02+02:00,93.9
2022-06-09 01:26:02+02:00,92.8
2022-06-09 01:27:03+02:00,92.2
2022-06-09 01:28:03+02:00,50.0
2022-06-09 01:29:03+02:00,92.1
2022-06-09 01:30:03+02:00,92.0
2022-06-09 01:31:03+02:00,92.1
2022-06-09 01:32:03+02:00,92.0
2022-06-09 01:33:04+02:00,92.1
2022-06-09 01:34:04+02:00,50.0
2022-06-09 01:35:04+02:00,92.3
2022-06-09 01:36:04+02:00,92.6
2022-06-09 01:37:04+02:00,93.0
2022-06-09 01:38:04+02:00,93.1
2022-06-09 01:39:04+02:00,93.2
2022-06-09 01:40:04+02:00,93.3
2022-06-09 01:41:04+02:00,93.4
2022-06-09 01:42:05+02:00,93.4
2022-06-09 01:43:05+02:00,93.4
2022-06-09 01:44:05+02:00,93.4
2022-06-09 01:45:05+02:00,93.2
2022-06-09 01:46:05+02:00,93.0
2022-06-09 01:47:05+02:00,93.0
2022-06-09 01:48:05+02:00,93.0
2022-06-09 01:49:06+02:00,92.9
2022-06-09 01:50:06+02:00,92.9
2022-06-09 01:51:06+02:00,92.8
2022-06-09 01:52:06+02:00,92.7
2022-06-09 01:53:06+02:00,92.7
2022-06-09 01:54:06+02:00,92.7
2022-06-09 01:55:06+02:00,92.6
2022-06-09 01:56:07+02:00,92.6
2022-06-09 01:57:07+02:00,92.5
2022-06-09 01:58:07+02:00,92.4
2022-06-09 01:59:07+02:00,92.3
2022-06-09 02:00:07+02:00,92.3
2022-06-09 02:00:07+02:00,92.3
2022-06-09 02:01:07+02:00,92.3
2022-06-09 02:02:07+02:00,92.4
2022-06-09 02:03:08+02:00,92.4
2022-06-09 02:04:08+02:00,92.4
2022-06-09 02:05:08+02:00,92.4
2022-06-09 02:06:08+02:00,92.4
2022-06-09 02:07:08+02:00,92.3
2022-06-09 02:08:08+02:00,91.7
2022-06-09 02:09:08+02:00,90.7
2022-06-09 02:10:09+02:00,89.6
2022-06-09 02:11:09+02:00,50.0
2022-06-09 02:12:09+02:00,89.7
2022-06-09 02:13:09+02:00,91.0
2022-06-09 02:14:09+02:00,91.6
2022-06-09 02:15:09+02:00,91.1
2022-06-09 02:16:09+02:00,50.0
2022-06-09 02:17:10+02:00,90.0
2022-06-09 02:18:10+02:00,90.5
2022-06-09 02:19:10+02:00,91.6
2022-06-09 02:20:10+02:00,92.4
2022-06-09 02:21:10+02:00,92.8
2022-06-09 02:22:10+02:00,92.7
2022-06-09 02:23:10+02:00,92.6
2022-06-09 02:24:11+02:00,50.0
2022-06-09 02:25:11+02:00,92.8
2022-06-09 02:26:11+02:00,50.0
2022-06-09 02:27:11+02:00,92.7
2022-06-09 02:28:11+02:00,92.7
2022-06-09 02:29:11+02:00,92.7
2022-06-09 02:30:12+02:00,92.5
2022-06-09 02:31:12+02:00,92.5
2022-06-09 02:32:12+02:00,50.0
2022-06-09 02:33:12+02:00,92.2
2022-06-09 02:34:12+02:00,92.0
2022-06-09 02:35:12+02:00,92.2
2022-06-09 02:36:12+02:00,92.2
2022-06-09 02:37:13+02:00,92.3
2022-06-09 02:38:13+02:00,92.4
2022-06-09 02:39:13+02:00,92.7
2022-06-09 02:40:13+02:00,93.1
2022-06-09 02:41:13+02:00,93.4
2022-06-09 02:42:13+02:00,93.7
2022-06-09 02:43:13+02:00,93.9
2022-06-09 02:44:14+02:00,94.1
2022-06-09 02:45:14+02:00,94.2
2022-06-09 02:46:14+02:00,94.4
2022-06-09 02:47:14+02:00,94.4
2022-06-09 02:48:14+02:00,94.5
2022-06-09 02:49:14+02:00,94.6
2022-06-09 02:50:15+02:00,94.6
2022-06-09 02:51:15+02:00,94.7
2022-06-09 02:52:15+02:00,94.7
2022-06-09 02:53:15+02:00,94.7
2022-06-09 02:54:15+02:00,94.8
2022-06-09 02:55:15+02:00,94.8
2022-06-09 02:56:15+02:00,94.9
2022-06-09 02:57:16+02:00,95.0
2022-06-09 02:58:16+02:00,50.0
2022-06-09 02:59:16+02:00,50.0
2022-06-09 03:00:16+02:00,50.0
2022-06-09 03:01:16+02:00,50.0
2022-06-09 03:02:16+02:00,94.6
2022-06-09 03:03:16+02:00,50.0
2022-06-09 03:04:17+02:00,50.0
2022-06-09 03:05:17+02:00,92.4
2022-06-09 03:06:17+02:00,93.0
2022-06-09 03:07:17+02:00,93.3
2022-06-09 03:08:17+02:00,93.5
2022-06-09 03:09:17+02:00,93.9
2022-06-09 03:10:17+02:00,50.0
2022-06-09 03:11:18+02:00,93.6
2022-06-09 03:12:18+02:00,93.3
2022-06-09 03:13:18+02:00,93.3
2022-06-09 03:14:18+02:00,93.3
2022-06-09 03:15:18+02:00,93.4
2022-06-09 03:16:18+02:00,93.4
2022-06-09 03:17:19+02:00,93.4
2022-06-09 03:18:19+02:00,93.4
2022-06-09 03:19:19+02:00,93.3
2022-06-09 03:20:19+02:00,93.1
2022-06-09 03:21:19+02:00,93.0
2022-06-09 03:22:19+02:00,92.9
2022-06-09 03:23:19+02:00,92.9
2022-06-09 03:24:20+02:00,92.7
2022-06-09 03:25:20+02:00,92.4
2022-06-09 03:26:20+02:00,92.3
2022-06-09 03:27:20+02:00,92.4
2022-06-09 03:28:20+02:00,92.3
2022-06-09 03:29:20+02:00,92.3
2022-06-09 03:30:20+02:00,92.2
2022-06-09 03:31:21+02:00,92.3
2022-06-09 03:32:21+02:00,92.2
2022-06-09 03:33:21+02:00,92.1
2022-06-09 03:34:21+02:00,92.1
2022-06-09 03:35:21+02:00,91.9
2022-06-09 03:36:21+02:00,92.0
2022-06-09 03:37:21+02:00,91.7
2022-06-09 03:38:22+02:00,91.5
2022-06-09 03:39:22+02:00,91.4
2022-06-09 03:40:22+02:00,91.3
2022-06-09 03:41:22+02:00,50.0
2022-06-09 03:42:22+02:00,50.0
2022-06-09 03:43:22+02:00,50.0
2022-06-09 03:44:23+02:00,50.0
2022-06-09 03:45:23+02:00,91.3
2022-06-09 03:46:23+02:00,92.1
2022-06-09 03:47:23+02:00,92.1
2022-06-09 03:48:23+02:00,92.3
2022-06-09 03:49:23+02:00,50.0
2022-06-09 03:50:23+02:00,92.7
2022-06-09 03:51:24+02:00,93.1
2022-06-09 03:52:24+02:00,93.5
2022-06-09 03:53:24+02:00,50.0
2022-06-09 03:54:24+02:00,94.3
2022-06-09 03:55:24+02:00,94.1
2022-06-09 03:56:24+02:00,93.7
2022-06-09 03:57:24+02:00,93.6
2022-06-09 03:58:25+02:00,94.0
2022-06-09 03:59:25+02:00,94.3
2022-06-09 04:00:25+02:00,94.5
2022-06-09 04:01:25+02:00,94.5
2022-06-09 04:02:25+02:00,50.0
2022-06-09 04:03:25+02:00,94.5
2022-06-09 04:04:25+02:00,94.5
2022-06-09 04:05:25+02:00,94.1
2022-06-09 04:06:25+02:00,94.0
2022-06-09 04:07:26+02:00,94.0
2022-06-09 04:08:26+02:00,94.2
2022-06-09 04:09:26+02:00,50.0
2022-06-09 04:10:26+02:00,94.1
2022-06-09 04:11:26+02:00,93.5
2022-06-09 04:12:26+02:00,92.9
2022-06-09 04:13:26+02:00,92.5
2022-06-09 04:14:26+02:00,92.5
2022-06-09 04:15:26+02:00,92.7
2022-06-09 04:16:26+02:00,92.9
2022-06-09 04:17:26+02:00,93.1
2022-06-09 04:18:27+02:00,93.3
2022-06-09 04:19:27+02:00,93.4
2022-06-09 04:20:27+02:00,93.3
2022-06-09 04:21:27+02:00,93.3
2022-06-09 04:22:27+02:00,93.2
2022-06-09 04:23:27+02:00,50.0
2022-06-09 04:24:27+02:00,93.3
2022-06-09 04:25:27+02:00,93.6
2022-06-09 04:26:27+02:00,93.6
2022-06-09 04:27:28+02:00,93.8
2022-06-09 04:28:28+02:00,93.9
2022-06-09 04:29:28+02:00,94.0
2022-06-09 04:30:28+02:00,94.0
2022-06-09 04:31:28+02:00,94.1
2022-06-09 04:32:28+02:00,94.2
2022-06-09 04:33:28+02:00,94.4
2022-06-09 04:34:28+02:00,94.4
2022-06-09 04:35:28+02:00,94.4
2022-06-09 04:36:28+02:00,94.3
2022-06-09 04:37:28+02:00,94.4
2022-06-09 04:38:29+02:00,94.3
2022-06-09 04:39:29+02:00,94.2
2022-06-09 04:40:29+02:00,94.2
2022-06-09 04:41:29+02:00,94.1
2022-06-09 04:42:29+02:00,50.0
2022-06-09 04:43:29+02:00,94.0
2022-06-09 04:44:29+02:00,94.1
2022-06-09 04:45:29+02:00,94.0
2022-06-09 04:46:29+02:00,93.9
2022-06-09 04:47:29+02:00,93.8
2022-06-09 04:48:29+02:00,93.8
2022-06-09 04:49:30+02:00,93.7
2022-06-09 04:50:30+02:00,93.8
2022-06-09 04:51:30+02:00,93.8
2022-06-09 04:52:30+02:00,50.0
2022-06-09 04:53:30+02:00,93.9
2022-06-09 04:54:30+02:00,50.0
2022-06-09 04:55:30+02:00,50.0
2022-06-09 04:56:30+02:00,50.0
2022-06-09 04:57:30+02:00,93.4
2022-06-09 04:58:30+02:00,50.0
2022-06-09 04:59:30+02:00,92.8
2022-06-09 05:00:31+02:00,92.4
2022-06-09 05:01:31+02:00,91.9
2022-06-09 05:02:31+02:00,50.0
2022-06-09 05:03:31+02:00,91.8
2022-06-09 05:04:31+02:00,92.1
2022-06-09 05:05:31+02:00,92.5
2022-06-09 05:06:31+02:00,92.6
2022-06-09 05:07:31+02:00,92.8
2022-06-09 05:08:32+02:00,50.0
2022-06-09 05:09:32+02:00,50.0
2022-06-09 05:10:32+02:00,92.5
2022-06-09 05:11:32+02:00,91.9
2022-06-09 05:12:32+02:00,91.7
2022-06-09 05:13:32+02:00,91.9
2022-06-09 05:14:32+02:00,92.1
2022-06-09 05:15:33+02:00,92.2
2022-06-09 05:16:33+02:00,92.5
2022-06-09 05:17:33+02:00,92.6
2022-06-09 05:18:33+02:00,93.4
2022-06-09 05:19:33+02:00,93.8
2022-06-09 05:20:33+02:00,94.0
2022-06-09 05:21:34+02:00,94.2
2022-06-09 05:22:34+02:00,94.1
2022-06-09 05:23:34+02:00,94.1
2022-06-09 05:24:34+02:00,94.1
2022-06-09 05:25:34+02:00,94.1
2022-06-09 05:26:34+02:00,94.5
2022-06-09 05:27:34+02:00,94.4
2022-06-09 05:28:35+02:00,94.2
2022-06-09 05:29:35+02:00,94.3
2022-06-09 05:30:35+02:00,94.6
2022-06-09 05:31:35+02:00,94.5
2022-06-09 05:32:35+02:00,94.4
2022-06-09 05:33:35+02:00,94.5
2022-06-09 05:34:36+02:00,94.5
2022-06-09 05:35:36+02:00,94.4
2022-06-09 05:36:36+02:00,94.3
2022-06-09 05:37:36+02:00,94.2
2022-06-09 05:38:36+02:00,94.0
2022-06-09 05:39:36+02:00,50.0
2022-06-09 05:40:36+02:00,93.4
2022-06-09 05:41:37+02:00,92.6
2022-06-09 05:42:37+02:00,92.2
2022-06-09 05:43:37+02:00,91.9
2022-06-09 05:44:37+02:00,91.6
2022-06-09 05:45:37+02:00,91.6
2022-06-09 05:46:37+02:00,91.4
2022-06-09 05:47:37+02:00,91.3
2022-06-09 05:48:38+02:00,50.0
2022-06-09 05:49:38+02:00,91.1
2022-06-09 05:50:38+02:00,91.5
2022-06-09 05:51:38+02:00,91.5
2022-06-09 05:52:38+02:00,91.4
2022-06-09 05:53:38+02:00,91.4
2022-06-09 05:54:38+02:00,91.3
2022-06-09 05:55:39+02:00,91.2
2022-06-09 05:56:39+02:00,90.9
2022-06-09 05:57:39+02:00,90.3
2022-06-09 05:58:39+02:00,90.3
2022-06-09 05:59:39+02:00,90.0
2022-06-09 06:00:39+02:00,90.2
2022-06-09 06:01:40+02:00,90.0
2022-06-09 06:02:40+02:00,90.2
2022-06-09 06:03:40+02:00,50.0
2022-06-09 06:04:40+02:00,50.0
2022-06-09 06:05:40+02:00,90.7
2022-06-09 06:06:40+02:00,91.0
2022-06-09 06:07:40+02:00,50.0
2022-06-09 06:08:41+02:00,50.0
2022-06-09 06:09:41+02:00,91.6
2022-06-09 06:10:41+02:00,92.1
2022-06-09 06:11:41+02:00,50.0
2022-06-09 06:12:41+02:00,92.2
2022-06-09 06:13:41+02:00,91.8
2022-06-09 06:14:42+02:00,91.3
2022-06-09 06:15:42+02:00,91.1
2022-06-09 06:16:42+02:00,90.9
2022-06-09 06:17:42+02:00,91.0
2022-06-09 06:18:42+02:00,50.0
2022-06-09 06:19:42+02:00,91.1
2022-06-09 06:20:42+02:00,91.7
2022-06-09 06:21:43+02:00,91.6
2022-06-09 06:22:43+02:00,91.7
2022-06-09 06:23:43+02:00,92.1
2022-06-09 06:24:43+02:00,50.0
2022-06-09 06:25:43+02:00,92.7
2022-06-09 06:26:43+02:00,92.7
2022-06-09 06:27:44+02:00,92.6
2022-06-09 06:28:44+02:00,50.0
2022-06-09 06:29:44+02:00,92.4
2022-06-09 06:30:44+02:00,92.2
2022-06-09 06:31:44+02:00,92.2
2022-06-09 06:32:44+02:00,92.3
2022-06-09 06:33:44+02:00,92.3
2022-06-09 06:34:45+02:00,92.2
2022-06-09 06:35:45+02:00,50.0
2022-06-09 06:36:45+02:00,92.7
2022-06-09 06:37:45+02:00,92.4
2022-06-09 06:38:45+02:00,92.3
2022-06-09 06:39:45+02:00,92.5
2022-06-09 06:40:45+02:00,92.5
2022-06-09 06:41:46+02:00,92.8
2022-06-09 06:42:46+02:00,92.9
2022-06-09 06:43:46+02:00,93.0
2022-06-09 06:44:46+02:00,93.0
2022-06-09 06:45:46+02:00,50.0
2022-06-09 06:46:46+02:00,92.8
2022-06-09 06:47:47+02:00,92.9
2022-06-09 06:48:47+02:00,92.8
2022-06-09 06:49:47+02:00,50.0
2022-06-09 06:50:47+02:00,92.9
2022-06-09 06:51:47+02:00,93.1
2022-06-09 06:52:47+02:00,93.3
2022-06-09 06:53:47+02:00,93.3
2022-06-09 06:54:48+02:00,93.3
2022-06-09 06:55:48+02:00,93.2
2022-06-09 06:56:48+02:00,93.2
2022-06-09 06:57:48+02:00,93.1
2022-06-09 06:58:48+02:00,93.1
2022-06-09 06:59:48+02:00,93.1
2022-06-09 07:00:48+02:00,50.0
2022-06-09 07:01:49+02:00,92.9
2022-06-09 07:02:49+02:00,92.4
2022-06-09 07:03:49+02:00,92.3
2022-06-09 07:04:49+02:00,92.2
2022-06-09 07:05:49+02:00,92.2
2022-06-09 07:06:49+02:00,92.0
2022-06-09 07:07:49+02:00,92.2
2022-06-09 07:08:50+02:00,91.7
2022-06-09 07:09:50+02:00,50.0
2022-06-09 07:10:50+02:00,91.8
2022-06-09 07:11:50+02:00,91.9
2022-06-09 07:12:50+02:00,92.0
2022-06-09 07:13:50+02:00,92.2
2022-06-09 07:14:51+02:00,50.0
2022-06-09 07:15:51+02:00,50.0
2022-06-09 07:16:51+02:00,50.0
2022-06-09 07:17:51+02:00,50.0
2022-06-09 07:18:51+02:00,50.0
2022-06-09 07:19:51+02:00,50.0
2022-06-09 07:20:51+02:00,90.5
2022-06-09 07:21:51+02:00,89.2
2022-06-09 07:22:52+02:00,89.3
2022-06-09 07:23:52+02:00,50.0
2022-06-09 07:24:52+02:00,90.0
2022-06-09 07:25:52+02:00,90.1
2022-06-09 07:26:52+02:00,90.2
2022-06-09 07:27:52+02:00,50.0
2022-06-09 07:28:53+02:00,90.9
2022-06-09 07:29:53+02:00,90.6
2022-06-09 07:30:53+02:00,90.4
2022-06-09 07:31:53+02:00,90.9
2022-06-09 07:32:53+02:00,90.6
2022-06-09 07:33:53+02:00,50.0
2022-06-09 07:34:54+02:00,91.2
2022-06-09 07:35:54+02:00,92.0
2022-06-09 07:36:54+02:00,50.0
2022-06-09 07:37:54+02:00,92.8
2022-06-09 07:38:54+02:00,92.5
2022-06-09 07:39:54+02:00,92.5
2022-06-09 07:40:54+02:00,92.4
2022-06-09 07:41:55+02:00,92.5
2022-06-09 07:42:55+02:00,50.0
2022-06-09 07:43:55+02:00,92.7
2022-06-09 07:44:55+02:00,50.0
2022-06-09 07:45:55+02:00,92.3
2022-06-09 07:46:55+02:00,92.8
2022-06-09 07:47:55+02:00,93.1
2022-06-09 07:48:56+02:00,50.0
2022-06-09 07:49:56+02:00,91.9
2022-06-09 07:50:56+02:00,90.5
2022-06-09 07:51:56+02:00,90.6
2022-06-09 07:52:56+02:00,90.3
2022-06-09 07:53:56+02:00,89.4
2022-06-09 07:54:56+02:00,89.1
2022-06-09 07:55:57+02:00,89.7
2022-06-09 07:56:57+02:00,50.0
2022-06-09 07:57:57+02:00,50.0
2022-06-09 07:58:57+02:00,89.3
2022-06-09 07:59:57+02:00,89.3
2022-06-09 08:00:57+02:00,89.2
2022-06-09 08:01:57+02:00,89.6
2022-06-09 08:02:58+02:00,50.0
2022-06-09 08:03:58+02:00,90.1
2022-06-09 08:04:58+02:00,91.7
2022-06-09 08:05:58+02:00,50.0
2022-06-09 08:06:58+02:00,92.5
2022-06-09 08:07:58+02:00,92.8
2022-06-09 08:08:58+02:00,50.0
2022-06-09 08:09:59+02:00,93.0
2022-06-09 08:10:59+02:00,93.0
2022-06-09 08:11:59+02:00,92.8
2022-06-09 08:12:59+02:00,50.0
2022-06-09 08:13:59+02:00,92.2
2022-06-09 08:14:59+02:00,91.6
2022-06-09 08:16:00+02:00,91.6
2022-06-09 08:17:00+02:00,91.8
2022-06-09 08:18:00+02:00,91.9
2022-06-09 08:19:00+02:00,50.0
2022-06-09 08:20:00+02:00,50.0
2022-06-09 08:21:00+02:00,50.0
2022-06-09 08:22:00+02:00,50.0
2022-06-09 08:23:00+02:00,50.0
2022-06-09 08:24:01+02:00,50.0
2022-06-09 08:25:01+02:00,50.0
2022-06-09 08:26:01+02:00,50.0
2022-06-09 08:27:01+02:00,92.6
2022-06-09 08:28:01+02:00,50.0
2022-06-09 08:29:01+02:00,50.0
2022-06-09 08:30:01+02:00,50.0
2022-06-09 08:31:01+02:00,50.0
2022-06-09 08:32:02+02:00,50.0
2022-06-09 08:33:02+02:00,50.0
2022-06-09 08:34:02+02:00,50.0
2022-06-09 08:35:02+02:00,50.0
2022-06-09 08:36:02+02:00,50.0
2022-06-09 08:37:02+02:00,50.0
2022-06-09 08:38:02+02:00,50.0
2022-06-09 08:39:02+02:00,50.0
2022-06-09 08:40:03+02:00,50.0
2022-06-09 08:41:03+02:00,50.0
2022-06-09 08:42:03+02:00,50.0
2022-06-09 08:43:03+02:00,50.0
2022-06-09 08:44:03+02:00,50.0
2022-06-09 08:45:03+02:00,50.0
2022-06-09 08:46:04+02:00,50.0
2022-06-09 08:47:04+02:00,50.0
2022-06-09 08:48:04+02:00,50.0
2022-06-09 08:49:04+02:00,50.0
2022-06-09 08:50:04+02:00,50.0
2022-06-09 08:51:04+02:00,50.0
2022-06-09 08:52:04+02:00,50.0
2022-06-09 08:53:04+02:00,50.0
2022-06-09 08:54:05+02:00,50.0
2022-06-09 08:55:05+02:00,50.0
2022-06-09 08:56:05+02:00,50.0
2022-06-09 08:57:05+02:00,50.0
2022-06-09 08:58:05+02:00,50.0
2022-06-10 01:56:30+02:00,50.0
2022-06-10 01:57:30+02:00,93.6
2022-06-10 01:58:30+02:00,92.8
2022-06-10 01:59:30+02:00,92.8
2022-06-10 02:00:30+02:00,50.0
2022-06-10 02:00:30+02:00,50.0
2022-06-10 02:01:30+02:00,93.0
2022-06-10 02:02:30+02:00,92.9
2022-06-10 02:03:30+02:00,93.2
2022-06-10 02:04:30+02:00,93.3
2022-06-10 02:05:30+02:00,93.4
2022-06-10 02:06:30+02:00,93.5
2022-06-10 02:07:30+02:00,93.2
2022-06-10 02:08:30+02:00,93.5
2022-06-10 02:09:30+02:00,93.1
2022-06-10 02:10:30+02:00,93.4
2022-06-10 02:11:30+02:00,93.9
2022-06-10 02:12:30+02:00,94.2
2022-06-10 02:13:31+02:00,94.2
2022-06-10 02:14:31+02:00,94.1
2022-06-10 02:15:31+02:00,94.2
2022-06-10 02:16:31+02:00,94.2
2022-06-10 02:17:31+02:00,94.3
2022-06-10 02:18:31+02:00,94.6
2022-06-10 02:19:32+02:00,94.6
2022-06-10 02:20:32+02:00,94.5
2022-06-10 02:21:32+02:00,94.1
2022-06-10 02:22:32+02:00,93.8
2022-06-10 02:23:32+02:00,93.5
2022-06-10 02:24:32+02:00,93.1
2022-06-10 02:25:32+02:00,92.8
2022-06-10 02:26:33+02:00,50.0
2022-06-10 02:27:33+02:00,92.5
2022-06-10 02:28:33+02:00,91.4
2022-06-10 02:29:33+02:00,90.5
2022-06-10 02:30:33+02:00,89.6
2022-06-10 02:31:33+02:00,50.0
2022-06-10 02:32:34+02:00,50.0
2022-06-10 02:33:34+02:00,89.3
2022-06-10 02:34:34+02:00,89.7
2022-06-10 02:35:34+02:00,90.0
2022-06-10 02:36:34+02:00,90.2
2022-06-10 02:37:34+02:00,90.4
2022-06-10 02:38:34+02:00,90.6
2022-06-10 02:39:35+02:00,90.7
2022-06-10 02:40:35+02:00,90.8
2022-06-10 02:41:35+02:00,90.9
2022-06-10 02:42:35+02:00,90.9
2022-06-10 02:43:35+02:00,90.9
2022-06-10 02:44:35+02:00,90.8
2022-06-10 02:45:36+02:00,90.8
2022-06-10 02:46:36+02:00,90.9
2022-06-10 02:47:36+02:00,90.9
2022-06-10 02:48:36+02:00,90.9
2022-06-10 02:49:36+02:00,90.9
2022-06-10 02:50:36+02:00,90.8
2022-06-10 02:51:36+02:00,90.8
2022-06-10 02:52:37+02:00,90.7
2022-06-10 02:53:37+02:00,90.6
2022-06-10 02:54:37+02:00,90.5
2022-06-10 02:55:37+02:00,90.4
2022-06-10 02:56:37+02:00,90.3
2022-06-10 02:57:37+02:00,90.2
2022-06-10 02:58:37+02:00,90.1
2022-06-10 02:59:38+02:00,90.0
2022-06-10 03:00:38+02:00,90.0
2022-06-10 03:01:38+02:00,50.0
2022-06-10 03:02:38+02:00,90.0
2022-06-10 03:03:38+02:00,90.0
2022-06-10 03:04:38+02:00,90.0
2022-06-10 03:05:39+02:00,89.8
2022-06-10 03:06:39+02:00,89.5
2022-06-10 03:07:39+02:00,89.6
2022-06-10 03:08:39+02:00,88.8
2022-06-10 03:09:39+02:00,87.8
2022-06-10 03:10:39+02:00,87.7
2022-06-10 03:11:40+02:00,87.6
2022-06-10 03:12:40+02:00,87.8
2022-06-10 03:13:40+02:00,88.3
2022-06-10 03:14:40+02:00,89.1
2022-06-10 03:15:40+02:00,89.7
2022-06-10 03:16:40+02:00,88.8
2022-06-10 03:17:40+02:00,89.1
2022-06-10 03:18:41+02:00,50.0
2022-06-10 03:19:41+02:00,89.8
2022-06-10 03:20:41+02:00,90.8
2022-06-10 03:21:41+02:00,91.4
2022-06-10 03:22:41+02:00,91.8
2022-06-10 03:23:41+02:00,92.2
2022-06-10 03:24:41+02:00,92.6
2022-06-10 03:25:42+02:00,92.7
2022-06-10 03:26:42+02:00,92.8
2022-06-10 03:27:42+02:00,93.0
2022-06-10 03:28:42+02:00,92.9
2022-06-10 03:29:42+02:00,93.1
2022-06-10 03:30:42+02:00,93.1
2022-06-10 03:31:43+02:00,93.1
2022-06-10 03:32:43+02:00,93.1
2022-06-10 03:33:43+02:00,93.1
2022-06-10 03:34:43+02:00,93.3
2022-06-10 03:35:43+02:00,93.5
2022-06-10 03:36:43+02:00,93.5
2022-06-10 03:37:43+02:00,93.5
2022-06-10 03:38:44+02:00,93.6
2022-06-10 03:39:44+02:00,93.6
2022-06-10 03:40:44+02:00,50.0
2022-06-10 03:41:44+02:00,93.3
2022-06-10 03:42:44+02:00,92.6
2022-06-10 03:43:44+02:00,92.3
2022-06-10 03:44:44+02:00,92.1
2022-06-10 03:45:45+02:00,50.0
2022-06-10 03:46:45+02:00,91.3
2022-06-10 03:47:45+02:00,50.0
2022-06-10 03:48:45+02:00,91.3
2022-06-10 03:49:45+02:00,91.8
2022-06-10 03:50:45+02:00,91.8
2022-06-10 03:51:46+02:00,92.0
2022-06-10 03:52:46+02:00,92.1
2022-06-10 03:53:46+02:00,50.0
2022-06-10 03:54:46+02:00,91.6
2022-06-10 03:55:46+02:00,90.6
2022-06-10 03:56:46+02:00,89.5
2022-06-10 03:57:46+02:00,88.5
2022-06-10 03:58:47+02:00,87.6
2022-06-10 03:59:47+02:00,86.7
2022-06-10 04:00:47+02:00,86.5
2022-06-10 04:01:47+02:00,86.5
2022-06-10 04:02:47+02:00,86.4
2022-06-10 04:03:47+02:00,86.4
2022-06-10 04:04:48+02:00,86.4
2022-06-10 04:05:48+02:00,86.4
2022-06-10 04:06:48+02:00,86.6
2022-06-10 04:07:48+02:00,86.6
2022-06-10 04:08:48+02:00,88.3
2022-06-10 04:09:48+02:00,89.3
2022-06-10 04:10:48+02:00,90.0
2022-06-10 04:11:49+02:00,90.3
2022-06-10 04:12:49+02:00,90.6
2022-06-10 04:13:49+02:00,90.7
2022-06-10 04:14:49+02:00,90.7
2022-06-10 04:15:49+02:00,90.6
2022-06-10 04:16:49+02:00,90.7
2022-06-10 04:17:50+02:00,90.9
2022-06-10 04:18:50+02:00,90.8
2022-06-10 04:19:50+02:00,90.9
2022-06-10 04:20:50+02:00,91.1
2022-06-10 04:21:50+02:00,91.3
2022-06-10 04:22:50+02:00,91.4
2022-06-10 04:23:50+02:00,91.5
2022-06-10 04:24:51+02:00,91.8
2022-06-10 04:25:51+02:00,91.7
2022-06-10 04:26:51+02:00,91.8
2022-06-10 04:27:51+02:00,92.0
2022-06-10 04:28:51+02:00,92.0
2022-06-10 04:29:51+02:00,92.1
2022-06-10 04:30:51+02:00,92.0
2022-06-10 04:31:52+02:00,92.0
2022-06-10 04:32:52+02:00,91.9
2022-06-10 04:33:52+02:00,50.0
2022-06-10 04:34:52+02:00,92.3
2022-06-10 04:35:52+02:00,92.6
2022-06-10 04:36:52+02:00,50.0
2022-06-10 04:37:53+02:00,92.8
2022-06-10 04:38:53+02:00,92.3
2022-06-10 04:39:53+02:00,92.4
2022-06-10 04:40:53+02:00,91.7
2022-06-10 04:41:53+02:00,50.0
2022-06-10 04:42:53+02:00,92.3
2022-06-10 04:43:53+02:00,92.7
2022-06-10 04:44:54+02:00,93.0
2022-06-10 04:45:54+02:00,93.0
2022-06-10 04:46:54+02:00,93.1
2022-06-10 04:47:54+02:00,50.0
2022-06-10 04:48:54+02:00,50.0
2022-06-10 04:49:54+02:00,93.8
2022-06-10 04:50:54+02:00,94.5
2022-06-10 04:51:55+02:00,94.9
2022-06-10 04:52:55+02:00,95.1
2022-06-10 04:53:55+02:00,95.3
2022-06-10 04:54:55+02:00,95.7
2022-06-10 04:55:55+02:00,95.9
2022-06-10 04:56:55+02:00,96.0
2022-06-10 04:57:56+02:00,96.2
2022-06-10 04:58:56+02:00,96.5
2022-06-10 04:59:56+02:00,96.6
2022-06-10 05:00:56+02:00,50.0
2022-06-10 05:01:56+02:00,95.8
2022-06-10 05:02:56+02:00,94.1
2022-06-10 05:03:56+02:00,93.6
2022-06-10 05:04:57+02:00,93.0
2022-06-10 05:05:57+02:00,92.6
2022-06-10 05:06:57+02:00,93.1
2022-06-10 05:07:57+02:00,93.4
2022-06-10 05:08:57+02:00,93.5
2022-06-10 05:09:57+02:00,93.4
2022-06-10 05:10:57+02:00,93.4
2022-06-10 05:11:58+02:00,93.3
2022-06-10 05:12:58+02:00,93.3
2022-06-10 05:13:58+02:00,93.3
2022-06-10 05:14:58+02:00,93.2
2022-06-10 05:15:58+02:00,93.2
2022-06-10 05:16:58+02:00,93.2
2022-06-10 05:17:59+02:00,93.1
2022-06-10 05:18:59+02:00,93.1
2022-06-10 05:19:59+02:00,93.0
2022-06-10 05:20:59+02:00,92.9
2022-06-10 05:21:59+02:00,92.9
2022-06-10 05:22:59+02:00,92.9
2022-06-10 05:23:59+02:00,92.8
2022-06-10 05:25:00+02:00,92.7
2022-06-10 05:26:00+02:00,92.6
2022-06-10 05:27:00+02:00,92.6
2022-06-10 05:28:00+02:00,92.5
2022-06-10 05:29:00+02:00,92.6
2022-06-10 05:30:00+02:00,92.5
2022-06-10 05:31:00+02:00,92.5
2022-06-10 05:32:01+02:00,92.4
2022-06-10 05:33:01+02:00,92.4
2022-06-10 05:34:01+02:00,92.3
2022-06-10 05:35:01+02:00,92.3
2022-06-10 05:36:01+02:00,50.0
2022-06-10 05:37:01+02:00,50.0
2022-06-10 05:38:01+02:00,92.2
2022-06-10 05:39:02+02:00,91.9
2022-06-10 05:40:02+02:00,50.0
2022-06-10 05:41:02+02:00,92.0
2022-06-10 05:42:02+02:00,92.0
2022-06-10 05:43:02+02:00,92.2
2022-06-10 05:44:02+02:00,92.4
2022-06-10 05:45:03+02:00,92.5
2022-06-10 05:46:03+02:00,92.6
2022-06-10 05:47:03+02:00,92.5
2022-06-10 05:48:03+02:00,92.5
2022-06-10 05:49:03+02:00,92.5
2022-06-10 05:50:03+02:00,92.5
2022-06-10 05:51:03+02:00,92.6
2022-06-10 05:52:03+02:00,92.6
2022-06-10 05:53:04+02:00,50.0
2022-06-10 05:54:04+02:00,92.7
2022-06-10 05:55:04+02:00,94.3
2022-06-10 05:56:04+02:00,95.4
2022-06-10 05:57:04+02:00,96.0
2022-06-10 05:58:04+02:00,96.6
2022-06-10 05:59:04+02:00,97.1
2022-06-10 06:00:05+02:00,97.4
2022-06-10 06:01:05+02:00,97.7
2022-06-10 06:02:05+02:00,97.9
2022-06-10 06:03:05+02:00,50.0
2022-06-10 06:04:05+02:00,96.4
2022-06-10 06:05:05+02:00,95.3
2022-06-10 06:06:05+02:00,94.6
2022-06-10 06:07:06+02:00,94.0
2022-06-10 06:08:06+02:00,93.6
2022-06-10 06:09:06+02:00,93.4
2022-06-10 06:10:06+02:00,93.3
2022-06-10 06:11:06+02:00,93.3
2022-06-10 06:12:06+02:00,93.3
2022-06-10 06:13:06+02:00,93.1
2022-06-10 06:14:07+02:00,93.2
2022-06-10 06:15:07+02:00,93.1
2022-06-10 06:16:07+02:00,92.4
2022-06-10 06:17:07+02:00,91.3
2022-06-10 06:18:07+02:00,91.2
2022-06-10 06:19:07+02:00,91.6
2022-06-10 06:20:08+02:00,91.6
2022-06-10 06:21:08+02:00,50.0
2022-06-10 06:22:08+02:00,92.1
2022-06-10 06:23:08+02:00,92.6
2022-06-10 06:24:08+02:00,93.1
2022-06-10 06:25:08+02:00,93.5
2022-06-10 06:26:08+02:00,93.7
2022-06-10 06:27:09+02:00,93.8
2022-06-10 06:28:09+02:00,93.8
2022-06-10 06:29:09+02:00,93.6
2022-06-10 06:30:09+02:00,93.5
2022-06-10 06:31:09+02:00,93.3
2022-06-10 06:32:09+02:00,93.4
2022-06-10 06:33:10+02:00,93.5
2022-06-10 06:34:10+02:00,93.5
2022-06-10 06:35:10+02:00,93.6
2022-06-10 06:36:10+02:00,93.6
2022-06-10 06:37:10+02:00,93.5
2022-06-10 06:38:10+02:00,93.7
2022-06-10 06:39:10+02:00,93.8
2022-06-10 06:40:11+02:00,93.8
2022-06-10 06:41:11+02:00,93.8
2022-06-10 06:42:11+02:00,93.4
2022-06-10 06:43:11+02:00,93.1
2022-06-10 06:44:11+02:00,93.4
2022-06-10 06:45:11+02:00,93.7
2022-06-10 06:46:12+02:00,93.7
2022-06-10 06:47:12+02:00,50.0
2022-06-10 06:48:12+02:00,93.8
2022-06-10 06:49:12+02:00,94.0
2022-06-10 06:50:12+02:00,94.2
2022-06-10 06:51:12+02:00,94.3
2022-06-10 06:52:12+02:00,94.4
2022-06-10 06:53:13+02:00,94.4
2022-06-10 06:54:13+02:00,94.4
2022-06-10 06:55:13+02:00,94.5
2022-06-10 06:56:13+02:00,94.4
2022-06-10 06:57:13+02:00,50.0
2022-06-10 06:58:13+02:00,93.4
2022-06-10 06:59:14+02:00,92.7
2022-06-10 07:00:14+02:00,92.6
2022-06-10 07:01:14+02:00,92.7
2022-06-10 07:02:14+02:00,93.0
2022-06-10 07:03:14+02:00,93.5
2022-06-10 07:04:14+02:00,93.9
2022-06-10 07:05:15+02:00,93.8
2022-06-10 07:06:15+02:00,50.0
2022-06-10 07:07:15+02:00,50.0
2022-06-10 07:08:15+02:00,50.0
2022-06-10 07:09:15+02:00,50.0
2022-06-10 07:10:15+02:00,50.0
2022-06-10 07:11:15+02:00,50.0
2022-06-10 07:12:15+02:00,50.0
2022-06-10 07:13:16+02:00,50.0
2022-06-10 07:14:16+02:00,50.0
2022-06-10 07:15:16+02:00,50.0
2022-06-10 07:16:16+02:00,50.0
2022-06-10 07:17:16+02:00,50.0
2022-06-10 07:18:16+02:00,50.0
2022-06-10 07:19:17+02:00,50.0
2022-06-10 07:20:17+02:00,50.0
2022-06-10 07:21:17+02:00,50.0
2022-06-10 07:22:17+02:00,50.0
2022-06-10 07:23:17+02:00,94.1
2022-06-10 07:24:17+02:00,50.0
2022-06-10 07:25:18+02:00,50.0
2022-06-10 07:26:18+02:00,50.0
2022-06-10 07:27:18+02:00,93.9
2022-06-10 07:28:18+02:00,50.0
2022-06-10 07:29:18+02:00,92.2
2022-06-10 07:30:18+02:00,50.0
2022-06-10 07:31:18+02:00,50.0
2022-06-10 07:32:19+02:00,50.0
2022-06-10 07:33:19+02:00,92.0
2022-06-10 07:34:19+02:00,50.0
2022-06-10 07:35:19+02:00,91.4
2022-06-10 07:36:19+02:00,50.0
2022-06-10 07:37:19+02:00,92.7
2022-06-10 07:38:19+02:00,50.0
2022-06-10 07:39:20+02:00,50.0
2022-06-10 07:40:20+02:00,50.0
2022-06-10 07:41:20+02:00,50.0
2022-06-11 03:29:00+02:00,50.0
2022-06-11 03:30:00+02:00,89.5
2022-06-11 03:31:00+02:00,89.3
2022-06-11 03:32:00+02:00,89.2
2022-06-11 03:33:00+02:00,89.3
2022-06-11 03:34:00+02:00,89.0
2022-06-11 03:35:00+02:00,50.0
2022-06-11 03:36:00+02:00,89.1
2022-06-11 03:37:00+02:00,89.4
2022-06-11 03:38:00+02:00,89.4
2022-06-11 03:39:00+02:00,89.2
2022-06-11 03:40:00+02:00,89.0
2022-06-11 03:41:00+02:00,88.7
2022-06-11 03:42:01+02:00,88.4
2022-06-11 03:43:01+02:00,88.2
2022-06-11 03:44:01+02:00,88.0
2022-06-11 03:45:01+02:00,87.9
2022-06-11 03:46:01+02:00,50.0
2022-06-11 03:47:01+02:00,50.0
2022-06-11 03:48:01+02:00,88.3
2022-06-11 03:49:02+02:00,88.9
2022-06-11 03:50:02+02:00,50.0
2022-06-11 03:51:02+02:00,89.6
2022-06-11 03:52:02+02:00,89.9
2022-06-11 03:53:02+02:00,90.1
2022-06-11 03:54:02+02:00,90.2
2022-06-11 03:55:02+02:00,90.5
2022-06-11 03:56:02+02:00,90.5
2022-06-11 03:57:02+02:00,90.7
2022-06-11 03:58:02+02:00,90.9
2022-06-11 03:59:03+02:00,91.0
2022-06-11 04:00:03+02:00,91.2
2022-06-11 04:01:03+02:00,91.2
2022-06-11 04:02:03+02:00,91.3
2022-06-11 04:03:03+02:00,91.3
2022-06-11 04:04:03+02:00,91.4
2022-06-11 04:05:03+02:00,91.4
2022-06-11 04:06:03+02:00,91.4
2022-06-11 04:07:03+02:00,91.5
2022-06-11 04:08:04+02:00,91.5
2022-06-11 04:09:04+02:00,91.5
2022-06-11 04:10:04+02:00,91.5
2022-06-11 04:11:04+02:00,91.7
2022-06-11 04:12:04+02:00,91.7
2022-06-11 04:13:04+02:00,91.5
2022-06-11 04:14:04+02:00,91.2
2022-06-11 04:15:05+02:00,90.8
2022-06-11 04:16:05+02:00,88.8
2022-06-11 04:17:05+02:00,87.6
2022-06-11 04:18:05+02:00,50.0
2022-06-11 04:19:05+02:00,88.8
2022-06-11 04:20:05+02:00,90.0
2022-06-11 04:21:05+02:00,90.6
2022-06-11 04:22:05+02:00,91.1
2022-06-11 04:23:06+02:00,91.7
2022-06-11 04:24:06+02:00,91.8
2022-06-11 04:25:06+02:00,91.9
2022-06-11 04:26:06+02:00,92.2
2022-06-11 04:27:06+02:00,92.1
2022-06-11 04:28:06+02:00,92.6
2022-06-11 04:29:06+02:00,92.9
2022-06-11 04:30:07+02:00,93.0
2022-06-11 04:31:07+02:00,92.6
2022-06-11 04:32:07+02:00,50.0
2022-06-11 04:33:07+02:00,92.6
2022-06-11 04:34:07+02:00,93.1
2022-06-11 04:35:07+02:00,93.1
2022-06-11 04:36:08+02:00,92.9
2022-06-11 04:37:08+02:00,92.5
2022-06-11 04:38:08+02:00,92.0
2022-06-11 04:39:08+02:00,91.4
2022-06-11 04:40:08+02:00,90.7
2022-06-11 04:41:08+02:00,90.2
2022-06-11 04:42:08+02:00,89.3
2022-06-11 04:43:09+02:00,88.6
2022-06-11 04:44:09+02:00,87.9
2022-06-11 04:45:09+02:00,87.6
2022-06-11 04:46:09+02:00,87.2
2022-06-11 04:47:09+02:00,87.2
2022-06-11 04:48:09+02:00,87.2
2022-06-11 04:49:09+02:00,86.9
2022-06-11 04:50:10+02:00,86.5
2022-06-11 04:51:10+02:00,86.3
2022-06-11 04:52:10+02:00,86.2
2022-06-11 04:53:10+02:00,86.5
2022-06-11 04:54:10+02:00,86.8
2022-06-11 04:55:10+02:00,87.0
2022-06-11 04:56:10+02:00,87.1
2022-06-11 04:57:11+02:00,87.3
2022-06-11 04:58:11+02:00,87.4
2022-06-11 04:59:11+02:00,87.5
2022-06-11 05:00:11+02:00,50.0
2022-06-11 05:01:11+02:00,87.9
2022-06-11 05:02:11+02:00,50.0
2022-06-11 05:03:12+02:00,50.0
2022-06-11 05:04:12+02:00,88.7
2022-06-11 05:05:12+02:00,88.7
2022-06-11 05:06:12+02:00,88.8
2022-06-11 05:07:12+02:00,89.1
2022-06-11 05:08:12+02:00,89.4
2022-06-11 05:09:12+02:00,89.4
2022-06-11 05:10:13+02:00,89.6
2022-06-11 05:11:13+02:00,89.4
2022-06-11 05:12:13+02:00,88.9
2022-06-11 05:13:13+02:00,88.3
2022-06-11 05:14:13+02:00,88.7
2022-06-11 05:15:13+02:00,88.9
2022-06-11 05:16:14+02:00,88.8
2022-06-11 05:17:14+02:00,88.6
2022-06-11 05:18:14+02:00,88.6
2022-06-11 05:19:14+02:00,88.8
2022-06-11 05:20:14+02:00,88.9
2022-06-11 05:21:14+02:00,89.0
2022-06-11 05:22:14+02:00,89.3
2022-06-11 05:23:15+02:00,89.5
2022-06-11 05:24:15+02:00,89.7
2022-06-11 05:25:15+02:00,89.9
2022-06-11 05:26:15+02:00,89.9
2022-06-11 05:27:15+02:00,90.1
2022-06-11 05:28:15+02:00,90.3
2022-06-11 05:29:16+02:00,90.3
2022-06-11 05:30:16+02:00,50.0
2022-06-11 05:31:16+02:00,91.0
2022-06-11 05:32:16+02:00,91.5
2022-06-11 05:33:16+02:00,91.8
2022-06-11 05:34:16+02:00,92.0
2022-06-11 05:35:16+02:00,92.1
2022-06-11 05:36:17+02:00,92.2
2022-06-11 05:37:17+02:00,92.2
2022-06-11 05:38:17+02:00,92.2
2022-06-11 05:39:17+02:00,92.3
2022-06-11 05:40:17+02:00,92.3
2022-06-11 05:41:17+02:00,92.2
2022-06-11 05:42:17+02:00,92.2
2022-06-11 05:43:18+02:00,92.2
2022-06-11 05:44:18+02:00,92.3
2022-06-11 05:45:18+02:00,92.2
2022-06-11 05:46:18+02:00,92.1
2022-06-11 05:47:18+02:00,92.1
2022-06-11 05:48:18+02:00,92.1
2022-06-11 05:49:18+02:00,92.1
2022-06-11 05:50:19+02:00,92.1
2022-06-11 05:51:19+02:00,92.1
2022-06-11 05:52:19+02:00,92.1
2022-06-11 05:53:19+02:00,92.1
2022-06-11 05:54:19+02:00,92.1
2022-06-11 05:55:19+02:00,92.0
2022-06-11 05:56:19+02:00,91.9
2022-06-11 05:57:20+02:00,91.8
2022-06-11 05:58:20+02:00,91.9
2022-06-11 05:59:20+02:00,91.8
2022-06-11 06:00:20+02:00,91.8
2022-06-11 06:01:20+02:00,91.7
2022-06-11 06:02:20+02:00,91.6
2022-06-11 06:03:21+02:00,91.6
2022-06-11 06:04:21+02:00,91.7
2022-06-11 06:05:21+02:00,91.8
2022-06-11 06:06:21+02:00,91.8
2022-06-11 06:07:21+02:00,91.8
2022-06-11 06:08:21+02:00,91.8
2022-06-11 06:09:21+02:00,91.7
2022-06-11 06:10:22+02:00,91.7
2022-06-11 06:11:22+02:00,91.9
2022-06-11 06:12:22+02:00,91.9
2022-06-11 06:13:22+02:00,92.1
2022-06-11 06:14:22+02:00,92.0
2022-06-11 06:15:22+02:00,91.7
2022-06-11 06:16:22+02:00,91.6
2022-06-11 06:17:23+02:00,91.5
2022-06-11 06:18:23+02:00,91.4
2022-06-11 06:19:23+02:00,91.4
2022-06-11 06:20:23+02:00,91.3
2022-06-11 06:21:23+02:00,91.4
2022-06-11 06:22:23+02:00,91.2
2022-06-11 06:23:24+02:00,91.3
2022-06-11 06:24:24+02:00,91.8
2022-06-11 06:25:24+02:00,92.8
2022-06-11 06:26:24+02:00,50.0
2022-06-11 06:27:24+02:00,92.5
2022-06-11 06:28:24+02:00,92.7
2022-06-11 06:29:24+02:00,92.7
2022-06-11 06:30:25+02:00,92.6
2022-06-11 06:31:25+02:00,92.4
2022-06-11 06:32:25+02:00,92.9
2022-06-11 06:33:25+02:00,93.1
2022-06-11 06:34:25+02:00,92.9
2022-06-11 06:35:25+02:00,92.7
2022-06-11 06:36:25+02:00,93.0
2022-06-11 06:37:26+02:00,92.0
2022-06-11 06:38:26+02:00,92.2
2022-06-11 06:39:26+02:00,91.7
2022-06-11 06:40:26+02:00,92.6
2022-06-11 06:41:26+02:00,93.0
2022-06-11 06:42:26+02:00,93.1
2022-06-11 06:43:26+02:00,50.0
2022-06-11 06:44:26+02:00,93.1
2022-06-11 06:45:26+02:00,93.3
2022-06-11 06:46:26+02:00,93.4
2022-06-11 06:47:26+02:00,93.5
2022-06-11 06:48:27+02:00,93.6
2022-06-11 06:49:27+02:00,93.5
2022-06-11 06:50:27+02:00,93.5
2022-06-11 06:51:27+02:00,93.5
2022-06-11 06:52:27+02:00,50.0
2022-06-11 06:53:27+02:00,50.0
2022-06-11 06:54:27+02:00,50.0
2022-06-11 06:55:27+02:00,50.0
2022-06-11 06:56:27+02:00,92.9
2022-06-11 06:57:27+02:00,92.5
2022-06-11 06:58:27+02:00,50.0
2022-06-11 06:59:28+02:00,92.3
2022-06-11 07:00:28+02:00,92.2
2022-06-11 07:01:28+02:00,92.3
2022-06-11 07:02:28+02:00,92.4
2022-06-11 07:03:28+02:00,92.4
2022-06-11 07:04:28+02:00,92.5
2022-06-11 07:05:28+02:00,92.5
2022-06-11 07:06:28+02:00,92.6
2022-06-11 07:07:28+02:00,92.7
2022-06-11 07:08:28+02:00,92.7
2022-06-11 07:09:28+02:00,92.6
2022-06-11 07:10:29+02:00,92.7
2022-06-11 07:11:29+02:00,92.7
2022-06-11 07:12:29+02:00,92.7
2022-06-11 07:13:29+02:00,92.7
2022-06-11 07:14:29+02:00,92.7
2022-06-11 07:15:29+02:00,92.8
2022-06-11 07:16:29+02:00,93.0
2022-06-11 07:17:29+02:00,93.2
2022-06-11 07:18:29+02:00,93.1
2022-06-11 07:19:29+02:00,93.1
2022-06-11 07:20:29+02:00,93.1
2022-06-11 07:21:29+02:00,93.1
2022-06-11 07:22:30+02:00,93.2
2022-06-11 07:23:30+02:00,93.1
2022-06-11 07:24:30+02:00,93.2
2022-06-11 07:25:30+02:00,93.1
2022-06-11 07:26:30+02:00,93.1
2022-06-11 07:27:30+02:00,50.0
2022-06-11 07:28:30+02:00,50.0
2022-06-11 07:29:30+02:00,93.3
2022-06-11 07:30:30+02:00,93.4
2022-06-11 07:31:30+02:00,93.5
2022-06-11 07:32:30+02:00,93.7
2022-06-11 07:33:31+02:00,93.6
2022-06-11 07:34:31+02:00,93.5
2022-06-11 07:35:31+02:00,93.3
2022-06-11 07:36:31+02:00,93.3
2022-06-11 07:37:31+02:00,93.4
2022-06-11 07:38:31+02:00,93.5
2022-06-11 07:39:31+02:00,93.8
2022-06-11 07:40:32+02:00,93.8
2022-06-11 07:41:32+02:00,93.7
2022-06-11 07:42:32+02:00,93.5
2022-06-11 07:43:32+02:00,93.6
2022-06-11 07:44:32+02:00,94.0
2022-06-11 07:45:32+02:00,94.0
2022-06-11 07:46:32+02:00,94.2
2022-06-11 07:47:33+02:00,94.0
2022-06-11 07:48:33+02:00,94.3
2022-06-11 07:49:33+02:00,94.5
2022-06-11 07:50:33+02:00,94.5
2022-06-11 07:51:33+02:00,94.7
2022-06-11 07:52:33+02:00,94.7
2022-06-11 07:53:34+02:00,94.6
2022-06-11 07:54:34+02:00,94.8
2022-06-11 07:55:34+02:00,94.7
2022-06-11 07:56:34+02:00,94.8
2022-06-11 07:57:34+02:00,94.9
2022-06-11 07:58:34+02:00,95.0
2022-06-11 07:59:34+02:00,95.3
2022-06-11 08:00:35+02:00,95.2
2022-06-11 08:01:35+02:00,95.1
2022-06-11 08:02:35+02:00,50.0
2022-06-11 08:03:35+02:00,94.5
2022-06-11 08:04:35+02:00,94.1
2022-06-11 08:05:35+02:00,93.9
2022-06-11 08:06:35+02:00,93.5
2022-06-11 08:07:36+02:00,93.6
2022-06-11 08:08:36+02:00,93.5
2022-06-11 08:09:36+02:00,93.6
2022-06-11 08:10:36+02:00,93.5
2022-06-11 08:11:36+02:00,93.6
2022-06-11 08:12:36+02:00,93.6
2022-06-11 08:13:37+02:00,93.6
2022-06-11 08:14:37+02:00,93.6
2022-06-11 08:15:37+02:00,93.5
2022-06-11 08:16:37+02:00,93.5
2022-06-11 08:17:37+02:00,93.4
2022-06-11 08:18:37+02:00,93.4
2022-06-11 08:19:38+02:00,50.0
2022-06-11 08:20:38+02:00,93.4
2022-06-11 08:21:38+02:00,92.9
2022-06-11 08:22:38+02:00,92.6
2022-06-11 08:23:38+02:00,92.6
2022-06-11 08:24:38+02:00,93.0
2022-06-11 08:25:38+02:00,93.2
2022-06-11 08:26:39+02:00,50.0
2022-06-11 08:27:39+02:00,50.0
2022-06-11 08:28:39+02:00,50.0
2022-06-11 08:29:39+02:00,93.6
2022-06-11 08:30:39+02:00,93.9
2022-06-11 08:31:39+02:00,50.0
2022-06-11 08:32:39+02:00,93.0
2022-06-11 08:33:39+02:00,50.0
2022-06-11 08:34:40+02:00,92.5
2022-06-11 08:35:40+02:00,50.0
2022-06-11 08:36:40+02:00,50.0
2022-06-11 08:37:40+02:00,93.2
2022-06-11 08:38:40+02:00,94.6
2022-06-11 08:39:40+02:00,95.6
2022-06-11 08:40:40+02:00,96.6
2022-06-11 08:41:41+02:00,96.9
2022-06-11 08:42:41+02:00,97.4
2022-06-11 08:43:41+02:00,98.3
2022-06-11 08:44:41+02:00,99.2
2022-06-11 08:45:41+02:00,98.1
2022-06-11 08:46:41+02:00,97.9
2022-06-11 08:47:42+02:00,98.1
2022-06-11 08:48:42+02:00,100.0
2022-06-11 08:49:42+02:00,100.0
2022-06-11 08:50:42+02:00,50.0
2022-06-11 08:51:42+02:00,50.0
2022-06-11 08:52:42+02:00,97.1
2022-06-11 08:53:42+02:00,96.0
2022-06-11 08:54:43+02:00,50.0
2022-06-11 08:55:43+02:00,95.2
2022-06-11 08:56:43+02:00,94.7
2022-06-11 08:57:43+02:00,94.3
2022-06-11 08:58:43+02:00,94.0
2022-06-11 08:59:43+02:00,93.8
2022-06-11 09:00:44+02:00,93.7
2022-06-11 09:01:44+02:00,93.6
2022-06-11 09:02:44+02:00,93.8
2022-06-11 09:03:44+02:00,93.8
2022-06-11 09:04:44+02:00,93.6
2022-06-11 09:05:44+02:00,93.5
2022-06-11 09:06:44+02:00,93.5
2022-06-11 09:07:45+02:00,93.5
2022-06-11 09:08:45+02:00,93.5
2022-06-11 09:09:45+02:00,93.4
2022-06-11 09:10:45+02:00,93.4
2022-06-11 09:11:45+02:00,93.5
2022-06-11 09:12:45+02:00,93.6
2022-06-11 09:13:45+02:00,93.6
2022-06-11 09:14:46+02:00,93.6
2022-06-11 09:15:46+02:00,93.6
2022-06-11 09:16:46+02:00,93.4
2022-06-11 09:17:46+02:00,93.4
2022-06-11 09:18:46+02:00,93.3
2022-06-11 09:19:46+02:00,93.2
2022-06-11 09:20:46+02:00,93.4
2022-06-11 09:21:47+02:00,93.4
2022-06-11 09:22:47+02:00,93.5
2022-06-11 09:23:47+02:00,93.4
2022-06-11 09:24:47+02:00,93.6
2022-06-11 09:25:47+02:00,93.5
2022-06-11 09:26:47+02:00,93.5
2022-06-11 09:27:48+02:00,93.8
2022-06-11 09:28:48+02:00,92.9
2022-06-11 09:29:48+02:00,92.9
2022-06-11 09:30:48+02:00,92.7
2022-06-11 09:31:48+02:00,50.0
2022-06-11 09:32:48+02:00,92.7
2022-06-11 09:33:48+02:00,92.8
2022-06-11 09:34:49+02:00,93.0
2022-06-11 09:35:49+02:00,93.1
2022-06-11 09:36:49+02:00,93.3
2022-06-11 09:37:49+02:00,93.5
2022-06-11 09:38:49+02:00,50.0
2022-06-11 09:39:49+02:00,50.0
2022-06-11 09:40:50+02:00,50.0
2022-06-11 09:41:50+02:00,93.8
2022-06-11 09:42:50+02:00,50.0
2022-06-11 09:43:50+02:00,93.8
2022-06-11 09:44:50+02:00,93.4
2022-06-11 09:45:50+02:00,93.3
2022-06-11 09:46:50+02:00,93.3
2022-06-11 09:47:51+02:00,93.3
2022-06-11 09:48:51+02:00,93.4
2022-06-11 09:49:51+02:00,93.2
2022-06-11 09:50:51+02:00,93.3
2022-06-11 09:51:51+02:00,93.3
2022-06-11 09:52:51+02:00,93.4
2022-06-11 09:53:51+02:00,93.5
2022-06-11 09:54:52+02:00,93.4
2022-06-11 09:55:52+02:00,50.0
2022-06-11 09:56:52+02:00,50.0
2022-06-11 09:57:52+02:00,92.2
2022-06-11 09:58:52+02:00,92.7
2022-06-11 09:59:52+02:00,93.1
2022-06-11 10:00:53+02:00,93.4
2022-06-11 10:01:53+02:00,93.7
2022-06-11 10:02:53+02:00,94.1
2022-06-11 10:03:53+02:00,94.3
2022-06-11 10:04:53+02:00,94.5
2022-06-11 10:05:53+02:00,94.7
2022-06-11 10:06:53+02:00,94.9
2022-06-11 10:07:54+02:00,94.7
2022-06-11 10:08:54+02:00,94.1
2022-06-11 10:09:54+02:00,93.8
2022-06-11 10:10:54+02:00,93.8
2022-06-11 10:11:54+02:00,93.4
2022-06-11 10:12:54+02:00,93.8
2022-06-11 10:13:55+02:00,93.5
2022-06-11 10:14:55+02:00,94.0
2022-06-11 10:15:55+02:00,93.9
2022-06-11 10:16:55+02:00,50.0
2022-06-11 10:17:55+02:00,50.0
2022-06-11 10:18:55+02:00,93.8
2022-06-11 10:19:56+02:00,50.0
2022-06-11 10:20:56+02:00,50.0
2022-06-11 10:21:56+02:00,50.0
2022-06-11 10:22:56+02:00,50.0
2022-06-11 10:23:56+02:00,94.0
2022-06-11 10:24:56+02:00,50.0
2022-06-11 10:25:56+02:00,93.8
2022-06-11 10:26:57+02:00,93.4
2022-06-11 10:27:57+02:00,93.6
2022-06-11 10:28:57+02:00,94.3
2022-06-11 10:29:57+02:00,50.0
2022-06-11 10:30:57+02:00,94.0
2022-06-11 10:31:57+02:00,94.0
2022-06-11 10:32:57+02:00,93.9
2022-06-11 10:33:58+02:00,50.0
2022-06-11 10:34:58+02:00,93.8
2022-06-11 10:35:58+02:00,93.7
2022-06-11 10:36:58+02:00,93.7
2022-06-11 10:37:58+02:00,93.7
2022-06-11 10:38:58+02:00,93.6
2022-06-11 10:39:59+02:00,93.7
2022-06-11 10:40:59+02:00,93.7
2022-06-11 10:41:59+02:00,93.7
2022-06-11 10:42:59+02:00,50.0
2022-06-11 10:43:59+02:00,93.6
2022-06-11 10:44:59+02:00,93.7
2022-06-11 10:45:59+02:00,93.6
2022-06-11 10:47:00+02:00,93.5
2022-06-11 10:48:00+02:00,93.5
2022-06-11 10:49:00+02:00,93.8
2022-06-11 10:50:00+02:00,94.0
2022-06-11 10:51:00+02:00,94.1
2022-06-11 10:52:00+02:00,94.1
2022-06-11 10:53:00+02:00,93.8
2022-06-11 10:54:01+02:00,94.1
2022-06-11 10:55:01+02:00,94.1
2022-06-11 10:56:01+02:00,94.5
2022-06-11 10:57:01+02:00,94.2
2022-06-11 10:58:01+02:00,94.4
2022-06-11 10:59:01+02:00,94.5
2022-06-11 11:00:01+02:00,94.4
2022-06-11 11:01:01+02:00,94.4
2022-06-11 11:02:02+02:00,94.1
2022-06-11 11:03:02+02:00,93.6
2022-06-11 11:04:02+02:00,93.3
2022-06-11 11:05:02+02:00,93.4
2022-06-11 11:06:02+02:00,93.6
2022-06-11 11:07:02+02:00,93.6
2022-06-11 11:08:02+02:00,93.6
2022-06-11 11:09:03+02:00,93.4
2022-06-11 11:10:03+02:00,50.0
2022-06-11 11:11:03+02:00,93.5
2022-06-11 11:12:03+02:00,93.2
2022-06-11 11:13:03+02:00,92.9
2022-06-11 11:14:03+02:00,50.0
2022-06-11 11:15:03+02:00,92.7
2022-06-11 11:16:03+02:00,92.6
2022-06-11 11:17:04+02:00,92.4
2022-06-11 11:18:04+02:00,92.3
2022-06-11 11:19:04+02:00,92.5
2022-06-11 11:20:04+02:00,92.7
2022-06-11 11:21:04+02:00,92.8
2022-06-11 11:22:04+02:00,92.8
2022-06-11 11:23:04+02:00,92.8
2022-06-11 11:24:05+02:00,92.8
2022-06-11 11:25:05+02:00,92.6
2022-06-11 11:26:05+02:00,92.4
2022-06-11 11:27:05+02:00,50.0
2022-06-11 11:28:05+02:00,92.2
2022-06-11 11:29:05+02:00,92.8
2022-06-11 11:30:05+02:00,92.7
2022-06-11 11:31:06+02:00,50.0
2022-06-11 11:32:06+02:00,50.0
2022-06-11 11:33:06+02:00,50.0
2022-06-11 11:34:06+02:00,50.0
2022-06-11 11:35:06+02:00,50.0
2022-06-11 11:36:06+02:00,50.0
2022-06-11 11:37:06+02:00,50.0
2022-06-11 11:38:07+02:00,50.0
2022-06-11 11:39:07+02:00,50.0
2022-06-11 11:40:07+02:00,50.0
2022-06-11 11:41:07+02:00,50.0
2022-06-11 11:42:07+02:00,93.2
2022-06-11 11:43:07+02:00,93.7
2022-06-11 11:44:08+02:00,50.0
2022-06-11 11:45:08+02:00,50.0
2022-06-11 11:46:08+02:00,94.2
2022-06-11 11:47:08+02:00,50.0
2022-06-11 11:48:08+02:00,50.0
2022-06-11 11:49:08+02:00,50.0
2022-06-11 11:50:08+02:00,93.9
2022-06-11 11:51:08+02:00,50.0
2022-06-11 11:52:09+02:00,93.9
2022-06-11 11:53:09+02:00,94.1
2022-06-11 11:54:09+02:00,94.6
2022-06-11 11:55:09+02:00,94.2
2022-06-11 11:56:09+02:00,50.0
2022-06-11 11:57:09+02:00,94.1
2022-06-11 11:58:10+02:00,94.0
2022-06-11 11:59:10+02:00,50.0
2022-06-11 12:00:10+02:00,50.0
2022-06-11 12:01:10+02:00,50.0
2022-06-11 12:02:10+02:00,50.0
2022-06-11 12:03:10+02:00,50.0
2022-06-11 12:04:10+02:00,50.0
2022-06-11 12:05:11+02:00,50.0
2022-06-11 12:06:11+02:00,50.0
2022-06-12 09:44:00+02:00,50.0
2022-06-12 09:45:00+02:00,92.7
2022-06-12 09:46:00+02:00,92.8
2022-06-12 09:47:00+02:00,92.7
2022-06-12 09:48:00+02:00,92.9
2022-06-12 09:49:00+02:00,93.1
2022-06-12 09:50:00+02:00,92.8
2022-06-12 09:51:00+02:00,92.1
2022-06-12 09:52:00+02:00,91.3
2022-06-12 09:53:00+02:00,90.7
2022-06-12 09:54:00+02:00,90.2
2022-06-12 09:55:00+02:00,50.0
2022-06-12 09:56:01+02:00,50.0
2022-06-12 09:57:01+02:00,88.2
2022-06-12 09:58:01+02:00,85.6
2022-06-12 09:59:01+02:00,85.5
2022-06-12 10:00:01+02:00,84.9
2022-06-12 10:01:01+02:00,50.0
2022-06-12 10:02:01+02:00,50.0
2022-06-12 10:03:01+02:00,87.1
2022-06-12 10:04:01+02:00,88.0
2022-06-12 10:05:02+02:00,88.7
2022-06-12 10:06:02+02:00,89.1
2022-06-12 10:07:02+02:00,89.4
2022-06-12 10:08:02+02:00,50.0
2022-06-12 10:09:02+02:00,50.0
2022-06-12 10:10:02+02:00,50.0
2022-06-12 10:11:02+02:00,50.0
2022-06-12 10:12:03+02:00,50.0
2022-06-12 10:13:03+02:00,91.0
2022-06-12 10:14:03+02:00,92.5
2022-06-12 10:15:03+02:00,93.3
2022-06-12 10:16:03+02:00,93.8
2022-06-12 10:17:03+02:00,50.0
2022-06-12 10:18:03+02:00,92.1
2022-06-12 10:19:04+02:00,50.0
2022-06-12 10:20:04+02:00,90.4
2022-06-12 10:21:04+02:00,90.5
2022-06-12 10:22:04+02:00,90.3
2022-06-12 10:23:04+02:00,89.9
2022-06-12 10:24:04+02:00,90.0
2022-06-12 10:25:04+02:00,89.8
2022-06-12 10:26:04+02:00,90.0
2022-06-12 10:27:05+02:00,90.3
2022-06-12 10:28:05+02:00,90.0
2022-06-12 10:29:05+02:00,90.6
2022-06-12 10:30:05+02:00,90.7
2022-06-12 10:31:05+02:00,89.8
2022-06-12 10:32:05+02:00,89.1
2022-06-12 10:33:05+02:00,89.0
2022-06-12 10:34:06+02:00,88.5
2022-06-12 10:35:06+02:00,50.0
2022-06-12 10:36:06+02:00,88.8
2022-06-12 10:37:06+02:00,89.1
2022-06-12 10:38:06+02:00,89.2
2022-06-12 10:39:06+02:00,89.4
2022-06-12 10:40:06+02:00,90.0
2022-06-12 10:41:07+02:00,90.5
2022-06-12 10:42:07+02:00,90.4
2022-06-12 10:43:07+02:00,90.7
2022-06-12 10:44:07+02:00,90.8
2022-06-12 10:45:07+02:00,90.9
2022-06-12 10:46:07+02:00,90.7
2022-06-12 10:47:08+02:00,91.0
2022-06-12 10:48:08+02:00,50.0
2022-06-12 10:49:08+02:00,50.0
2022-06-12 10:50:08+02:00,50.0
2022-06-12 10:51:08+02:00,50.0
2022-06-12 10:52:08+02:00,50.0
2022-06-12 10:53:08+02:00,50.0
2022-06-12 10:54:08+02:00,91.1
2022-06-12 10:55:09+02:00,50.0
2022-06-12 10:56:09+02:00,91.9
2022-06-12 10:57:09+02:00,50.0
2022-06-12 10:58:09+02:00,92.2
2022-06-12 10:59:09+02:00,92.4
2022-06-12 11:00:09+02:00,50.0
2022-06-12 11:01:10+02:00,92.3
2022-06-12 11:02:10+02:00,92.2
2022-06-12 11:03:10+02:00,92.0
2022-06-12 11:04:10+02:00,92.2
2022-06-12 11:05:10+02:00,92.1
2022-06-12 11:06:10+02:00,92.2
2022-06-12 11:07:10+02:00,92.3
2022-06-12 11:08:11+02:00,92.2
2022-06-12 11:09:11+02:00,92.1
2022-06-12 11:10:11+02:00,92.0
2022-06-12 11:11:11+02:00,91.9
2022-06-12 11:12:11+02:00,91.8
2022-06-12 11:13:11+02:00,91.7
2022-06-12 11:14:12+02:00,91.6
2022-06-12 11:15:12+02:00,91.3
2022-06-12 11:16:12+02:00,91.3
2022-06-12 11:17:12+02:00,91.3
2022-06-12 11:18:12+02:00,91.2
2022-06-12 11:19:12+02:00,91.2
2022-06-12 11:20:12+02:00,91.0
2022-06-12 11:21:13+02:00,90.9
2022-06-12 11:22:13+02:00,90.9
2022-06-12 11:23:13+02:00,90.7
2022-06-12 11:24:13+02:00,90.5
2022-06-12 11:25:13+02:00,90.4
2022-06-12 11:26:13+02:00,90.3
2022-06-12 11:27:14+02:00,90.2
2022-06-12 11:28:14+02:00,90.1
2022-06-12 11:29:14+02:00,90.1
2022-06-12 11:30:14+02:00,90.2
2022-06-12 11:31:14+02:00,90.2
2022-06-12 11:32:14+02:00,90.3
2022-06-12 11:33:15+02:00,90.3
2022-06-12 11:34:15+02:00,90.4
2022-06-12 11:35:15+02:00,90.4
2022-06-12 11:36:15+02:00,90.4
2022-06-12 11:37:15+02:00,90.3
2022-06-12 11:38:15+02:00,90.3
2022-06-12 11:39:15+02:00,90.2
2022-06-12 11:40:16+02:00,90.3
2022-06-12 11:41:16+02:00,50.0
2022-06-12 11:42:16+02:00,90.7
2022-06-12 11:43:16+02:00,90.4
2022-06-12 11:44:16+02:00,89.8
2022-06-12 11:45:16+02:00,89.0
2022-06-12 11:46:16+02:00,87.9
2022-06-12 11:47:17+02:00,87.4
2022-06-12 11:48:17+02:00,87.2
2022-06-12 11:49:17+02:00,87.4
2022-06-12 11:50:17+02:00,87.6
2022-06-12 11:51:17+02:00,88.6
2022-06-12 11:52:17+02:00,50.0
2022-06-12 11:53:18+02:00,89.0
2022-06-12 11:54:18+02:00,90.9
2022-06-12 11:55:18+02:00,92.1
2022-06-12 11:56:18+02:00,92.9
2022-06-12 11:57:18+02:00,93.5
2022-06-12 11:58:18+02:00,93.9
2022-06-12 11:59:18+02:00,94.2
2022-06-12 12:00:19+02:00,94.2
2022-06-12 12:01:19+02:00,93.8
2022-06-12 12:02:19+02:00,93.3
2022-06-12 12:03:19+02:00,93.7
2022-06-12 12:04:19+02:00,94.1
2022-06-12 12:05:19+02:00,94.7
2022-06-12 12:06:19+02:00,94.2
2022-06-12 12:07:20+02:00,94.4
2022-06-12 12:08:20+02:00,93.4
2022-06-12 12:09:20+02:00,50.0
2022-06-12 12:10:20+02:00,92.3
2022-06-12 12:11:20+02:00,94.0
2022-06-12 12:12:20+02:00,95.1
2022-06-12 12:13:21+02:00,95.9
2022-06-12 12:14:21+02:00,96.5
2022-06-12 12:15:21+02:00,96.6
2022-06-12 12:16:21+02:00,96.5
2022-06-12 12:17:21+02:00,95.7
2022-06-12 12:18:21+02:00,50.0
2022-06-12 12:19:22+02:00,94.1
2022-06-12 12:20:22+02:00,50.0
2022-06-12 12:21:22+02:00,91.6
2022-06-12 12:22:22+02:00,90.4
2022-06-12 12:23:22+02:00,89.5
2022-06-12 12:24:22+02:00,88.9
2022-06-12 12:25:22+02:00,50.0
2022-06-12 12:26:23+02:00,90.1
2022-06-12 12:27:23+02:00,91.0
2022-06-12 12:28:23+02:00,91.9
2022-06-12 12:29:23+02:00,92.7
2022-06-12 12:30:23+02:00,93.0
2022-06-12 12:31:24+02:00,93.3
2022-06-12 12:32:24+02:00,93.7
2022-06-12 12:33:24+02:00,93.9
2022-06-12 12:34:24+02:00,93.9
2022-06-12 12:35:24+02:00,94.2
2022-06-12 12:36:24+02:00,94.5
2022-06-12 12:37:24+02:00,94.5
2022-06-12 12:38:25+02:00,94.5
2022-06-12 12:39:25+02:00,94.5
2022-06-12 12:40:25+02:00,94.5
2022-06-12 12:41:25+02:00,94.4
2022-06-12 12:42:25+02:00,94.5
2022-06-12 12:43:25+02:00,94.3
2022-06-12 12:44:25+02:00,94.2
2022-06-12 12:45:25+02:00,94.3
2022-06-12 12:46:25+02:00,94.3
2022-06-12 12:47:25+02:00,94.5
2022-06-12 12:48:26+02:00,94.5
2022-06-12 12:49:26+02:00,94.3
2022-06-12 12:50:26+02:00,94.4
2022-06-12 12:51:26+02:00,94.5
2022-06-12 12:52:26+02:00,94.3
2022-06-12 12:53:26+02:00,94.1
2022-06-12 12:54:26+02:00,93.8
2022-06-12 12:55:26+02:00,93.7
2022-06-12 12:56:26+02:00,93.8
2022-06-12 12:57:26+02:00,93.8
2022-06-12 12:58:27+02:00,50.0
2022-06-12 12:59:27+02:00,50.0
2022-06-12 13:00:27+02:00,50.0
2022-06-12 13:01:27+02:00,50.0
2022-06-12 13:02:27+02:00,94.1
2022-06-12 13:03:27+02:00,50.0
2022-06-12 13:04:27+02:00,50.0
2022-06-12 13:05:27+02:00,50.0
2022-06-12 13:06:27+02:00,50.0
2022-06-12 13:07:27+02:00,50.0
2022-06-12 13:08:28+02:00,95.3
2022-06-12 13:09:28+02:00,96.0
2022-06-12 13:10:28+02:00,96.0
2022-06-12 13:11:28+02:00,50.0
2022-06-12 13:12:28+02:00,50.0
2022-06-12 13:13:28+02:00,95.3
2022-06-12 13:14:28+02:00,50.0
2022-06-12 13:15:28+02:00,50.0
2022-06-12 13:16:28+02:00,50.0
2022-06-12 13:17:29+02:00,50.0
2022-06-12 13:18:29+02:00,50.0
2022-06-12 13:19:29+02:00,50.0
2022-06-12 13:20:29+02:00,50.0
2022-06-12 13:21:29+02:00,50.0
2022-06-12 13:22:29+02:00,50.0
2022-06-12 13:23:29+02:00,50.0
2022-06-12 13:24:29+02:00,50.0
2022-06-12 13:25:29+02:00,50.0
2022-06-12 13:26:29+02:00,50.0
2022-06-12 13:27:29+02:00,50.0
2022-06-12 13:28:30+02:00,50.0
2022-06-12 13:29:30+02:00,50.0
2022-06-12 13:30:30+02:00,50.0
2022-06-12 13:31:30+02:00,50.0
2022-06-12 13:32:30+02:00,50.0
2022-06-12 13:33:30+02:00,50.0
2022-06-12 16:08:30+02:00,50.0
2022-06-12 16:09:30+02:00,92.5
2022-06-12 16:10:30+02:00,92.3
2022-06-12 16:11:30+02:00,92.6
2022-06-12 16:12:30+02:00,92.1
2022-06-12 16:13:30+02:00,91.9
2022-06-12 16:14:30+02:00,91.6
2022-06-12 16:15:30+02:00,91.5
2022-06-12 16:16:30+02:00,91.8
2022-06-12 16:17:30+02:00,91.9
2022-06-12 16:18:30+02:00,92.1
2022-06-12 16:19:30+02:00,50.0
2022-06-12 16:20:30+02:00,92.6
2022-06-12 16:21:30+02:00,92.8
2022-06-12 16:22:30+02:00,92.7
2022-06-12 16:23:31+02:00,92.7
2022-06-12 16:24:31+02:00,92.7
2022-06-12 16:25:31+02:00,92.7
2022-06-12 16:26:31+02:00,92.6
2022-06-12 16:27:31+02:00,92.5
2022-06-12 16:28:31+02:00,92.3
2022-06-12 16:29:32+02:00,92.6
2022-06-12 16:30:32+02:00,92.8
2022-06-12 16:31:32+02:00,92.9
2022-06-12 16:32:32+02:00,92.9
2022-06-12 16:33:32+02:00,93.0
2022-06-12 16:34:32+02:00,93.0
2022-06-12 16:35:32+02:00,92.9
2022-06-12 16:36:33+02:00,92.8
2022-06-12 16:37:33+02:00,92.7
2022-06-12 16:38:33+02:00,92.9
2022-06-12 16:39:33+02:00,93.1
2022-06-12 16:40:33+02:00,93.2
2022-06-12 16:41:33+02:00,93.3
2022-06-12 16:42:33+02:00,93.2
2022-06-12 16:43:34+02:00,93.3
2022-06-12 16:44:34+02:00,93.3
2022-06-12 16:45:34+02:00,93.4
2022-06-12 16:46:34+02:00,93.4
2022-06-12 16:47:34+02:00,93.5
2022-06-12 16:48:34+02:00,93.4
2022-06-12 16:49:35+02:00,93.5
2022-06-12 16:50:35+02:00,93.3
2022-06-12 16:51:35+02:00,91.8
2022-06-12 16:52:35+02:00,90.8
2022-06-12 16:53:35+02:00,89.8
2022-06-12 16:54:35+02:00,89.5
2022-06-12 16:55:35+02:00,89.3
2022-06-12 16:56:36+02:00,89.3
2022-06-12 16:57:36+02:00,89.4
2022-06-12 16:58:36+02:00,89.7
2022-06-12 16:59:36+02:00,89.9
2022-06-12 17:00:36+02:00,89.9
2022-06-12 17:01:36+02:00,90.3
2022-06-12 17:02:36+02:00,90.5
2022-06-12 17:03:37+02:00,90.0
2022-06-12 17:04:37+02:00,89.8
2022-06-12 17:05:37+02:00,90.3
2022-06-12 17:06:37+02:00,90.7
2022-06-12 17:07:37+02:00,91.4
2022-06-12 17:08:37+02:00,50.0
2022-06-12 17:09:37+02:00,50.0
2022-06-12 17:10:37+02:00,50.0
2022-06-12 17:11:38+02:00,50.0
2022-06-12 17:12:38+02:00,90.5
2022-06-12 17:13:38+02:00,91.4
2022-06-12 17:14:38+02:00,92.9
2022-06-12 17:15:38+02:00,50.0
2022-06-12 17:16:38+02:00,94.1
2022-06-12 17:17:39+02:00,50.0
2022-06-12 17:18:39+02:00,50.0
2022-06-12 17:19:39+02:00,94.6
2022-06-12 17:20:39+02:00,50.0
2022-06-12 17:21:39+02:00,95.0
2022-06-12 17:22:39+02:00,95.1
2022-06-12 17:23:39+02:00,95.1
2022-06-12 17:24:40+02:00,95.3
2022-06-12 17:25:40+02:00,95.7
2022-06-12 17:26:40+02:00,50.0
2022-06-12 17:27:40+02:00,95.8
2022-06-12 17:28:40+02:00,96.0
2022-06-12 17:29:40+02:00,96.0
2022-06-12 17:30:40+02:00,96.2
2022-06-12 17:31:41+02:00,96.2
2022-06-12 17:32:41+02:00,96.3
2022-06-12 17:33:41+02:00,96.4
2022-06-12 17:34:41+02:00,50.0
2022-06-12 17:35:41+02:00,96.3
2022-06-12 17:36:41+02:00,96.4
2022-06-12 17:37:42+02:00,50.0
2022-06-12 17:38:42+02:00,96.6
2022-06-12 17:39:42+02:00,50.0
2022-06-12 17:40:42+02:00,50.0
2022-06-12 17:41:42+02:00,50.0
2022-06-12 17:42:42+02:00,95.7
2022-06-12 17:43:42+02:00,94.9
2022-06-12 17:44:43+02:00,94.4
2022-06-12 17:45:43+02:00,94.6
2022-06-12 17:46:43+02:00,95.0
2022-06-12 17:47:43+02:00,50.0
2022-06-12 17:48:43+02:00,95.4
2022-06-12 17:49:43+02:00,50.0
2022-06-12 17:50:44+02:00,50.0
2022-06-12 17:51:44+02:00,50.0
2022-06-12 17:52:44+02:00,95.3
2022-06-12 17:53:44+02:00,93.7
2022-06-12 17:54:44+02:00,93.3
2022-06-12 17:55:44+02:00,93.5
2022-06-12 17:56:44+02:00,93.6
2022-06-12 17:57:45+02:00,50.0
2022-06-12 17:58:45+02:00,93.9
2022-06-12 17:59:45+02:00,94.0
2022-06-12 18:00:45+02:00,94.0
2022-06-12 18:01:45+02:00,93.8
2022-06-12 18:02:45+02:00,93.7
2022-06-12 18:03:45+02:00,93.8
2022-06-12 18:04:46+02:00,93.9
2022-06-12 18:05:46+02:00,93.7
2022-06-12 18:06:46+02:00,50.0
2022-06-12 18:07:46+02:00,92.8
2022-06-12 18:08:46+02:00,92.1
2022-06-12 18:09:46+02:00,91.7
2022-06-12 18:10:46+02:00,91.4
2022-06-12 18:11:47+02:00,50.0
2022-06-12 18:12:47+02:00,50.0
2022-06-12 18:13:47+02:00,50.0
2022-06-12 18:14:47+02:00,50.0
2022-06-12 18:15:47+02:00,50.0
2022-06-12 18:16:47+02:00,50.0
2022-06-12 18:17:48+02:00,50.0
2022-06-12 18:18:48+02:00,50.0
2022-06-12 18:19:48+02:00,50.0
2022-06-12 18:20:48+02:00,50.0
2022-06-12 18:21:48+02:00,50.0
2022-06-12 18:22:48+02:00,90.6
2022-06-12 18:23:48+02:00,89.8
2022-06-12 18:24:49+02:00,89.4
2022-06-12 18:25:49+02:00,89.0
2022-06-12 18:26:49+02:00,89.0
2022-06-12 18:27:49+02:00,89.0
2022-06-12 18:28:49+02:00,89.8
2022-06-12 18:29:49+02:00,89.9
2022-06-12 18:30:49+02:00,90.7
2022-06-12 18:31:50+02:00,50.0
2022-06-12 18:32:50+02:00,50.0
2022-06-12 18:33:50+02:00,50.0
2022-06-12 18:34:50+02:00,50.0
2022-06-12 18:35:50+02:00,50.0
2022-06-12 18:36:50+02:00,50.0
2022-06-12 18:37:51+02:00,50.0
2022-06-12 18:38:51+02:00,50.0
2022-06-12 18:39:51+02:00,50.0
2022-06-12 18:40:51+02:00,50.0
2022-06-12 18:41:51+02:00,50.0
2022-06-12 18:42:51+02:00,50.0
2022-06-12 18:43:51+02:00,50.0
2022-06-12 18:44:52+02:00,50.0
2022-06-12 18:45:52+02:00,50.0
2022-06-12 18:46:52+02:00,50.0
2022-06-12 18:47:52+02:00,50.0
2022-06-12 18:48:52+02:00,50.0
2022-06-12 18:49:52+02:00,50.0
2022-06-12 18:50:52+02:00,50.0
2022-06-12 18:51:52+02:00,50.0
2022-06-12 18:52:53+02:00,50.0
2022-06-12 18:53:53+02:00,50.0
2022-06-12 18:54:53+02:00,50.0
2022-06-12 18:55:53+02:00,50.0
2022-06-12 18:56:53+02:00,50.0
2022-06-12 18:57:53+02:00,50.0
2022-06-12 18:58:53+02:00,50.0
2022-06-12 18:59:54+02:00,50.0
2022-06-12 19:00:54+02:00,50.0
2022-06-12 19:01:54+02:00,50.0
2022-06-12 19:02:54+02:00,50.0
2022-06-12 19:03:54+02:00,50.0
2022-06-12 19:04:54+02:00,50.0
2022-06-12 19:05:54+02:00,50.0
2022-06-12 19:06:55+02:00,50.0
2022-06-12 19:07:55+02:00,50.0
2022-06-13 00:24:00+02:00,50.0
2022-06-13 00:25:00+02:00,93.1
2022-06-13 00:26:00+02:00,50.0
2022-06-13 00:27:00+02:00,93.4
2022-06-13 00:28:00+02:00,93.6
2022-06-13 00:29:00+02:00,93.9
2022-06-13 00:30:00+02:00,94.2
2022-06-13 00:31:00+02:00,94.0
2022-06-13 00:32:00+02:00,94.0
2022-06-13 00:33:00+02:00,94.2
2022-06-13 00:34:00+02:00,94.2
2022-06-13 00:35:01+02:00,94.1
2022-06-13 00:36:01+02:00,93.7
2022-06-13 00:37:01+02:00,93.6
2022-06-13 00:38:01+02:00,93.4
2022-06-13 00:39:01+02:00,93.3
2022-06-13 00:40:01+02:00,93.0
2022-06-13 00:41:01+02:00,92.9
2022-06-13 00:42:01+02:00,92.8
2022-06-13 00:43:02+02:00,92.6
2022-06-13 00:44:02+02:00,92.5
2022-06-13 00:45:02+02:00,92.4
2022-06-13 00:46:02+02:00,50.0
2022-06-13 00:47:02+02:00,50.0
2022-06-13 00:48:02+02:00,91.8
2022-06-13 00:49:02+02:00,50.0
2022-06-13 00:50:03+02:00,90.6
2022-06-13 00:51:03+02:00,50.0
2022-06-13 00:52:03+02:00,89.6
2022-06-13 00:53:03+02:00,89.4
2022-06-13 00:54:03+02:00,89.3
2022-06-13 00:55:03+02:00,89.3
2022-06-13 00:56:03+02:00,50.0
2022-06-13 00:57:03+02:00,90.0
2022-06-13 00:58:03+02:00,90.4
2022-06-13 00:59:03+02:00,90.7
2022-06-13 01:00:04+02:00,50.0
2022-06-13 01:01:04+02:00,90.8
2022-06-13 01:02:04+02:00,90.4
2022-06-13 01:03:04+02:00,90.1
2022-06-13 01:04:04+02:00,90.2
2022-06-13 01:05:04+02:00,90.1
2022-06-13 01:06:04+02:00,89.9
2022-06-13 01:07:04+02:00,89.6
2022-06-13 01:08:05+02:00,89.4
2022-06-13 01:09:05+02:00,89.4
2022-06-13 01:10:05+02:00,50.0
2022-06-13 01:11:05+02:00,89.4
2022-06-13 01:12:05+02:00,89.9
2022-06-13 01:13:05+02:00,90.1
2022-06-13 01:14:05+02:00,90.2
2022-06-13 01:15:06+02:00,90.2
2022-06-13 01:16:06+02:00,89.9
2022-06-13 01:17:06+02:00,90.2
2022-06-13 01:18:06+02:00,90.5
2022-06-13 01:19:06+02:00,90.4
2022-06-13 01:20:06+02:00,90.4
2022-06-13 01:21:06+02:00,90.3
2022-06-13 01:22:07+02:00,90.3
2022-06-13 01:23:07+02:00,90.2
2022-06-13 01:24:07+02:00,89.9
2022-06-13 01:25:07+02:00,89.8
2022-06-13 01:26:07+02:00,89.8
2022-06-13 01:27:07+02:00,89.7
2022-06-13 01:28:07+02:00,89.7
2022-06-13 01:29:08+02:00,89.3
2022-06-13 01:30:08+02:00,50.0
2022-06-13 01:31:08+02:00,50.0
2022-06-13 01:32:08+02:00,89.0
2022-06-13 01:33:08+02:00,88.2
2022-06-13 01:34:08+02:00,87.9
2022-06-13 01:35:09+02:00,87.7
2022-06-13 01:36:09+02:00,87.4
2022-06-13 01:37:09+02:00,87.6
2022-06-13 01:38:09+02:00,88.0
2022-06-13 01:39:09+02:00,87.4
2022-06-13 01:40:09+02:00,86.3
2022-06-13 01:41:09+02:00,85.4
2022-06-13 01:42:10+02:00,83.4
2022-06-13 01:43:10+02:00,84.6
2022-06-13 01:44:10+02:00,86.0
2022-06-13 01:45:10+02:00,86.8
2022-06-13 01:46:10+02:00,87.3
2022-06-13 01:47:10+02:00,87.4
2022-06-13 01:48:11+02:00,87.5
2022-06-13 01:49:11+02:00,86.6
2022-06-13 01:50:11+02:00,86.1
2022-06-13 01:51:11+02:00,87.0
2022-06-13 01:52:11+02:00,87.6
2022-06-13 01:53:11+02:00,87.9
2022-06-13 01:54:11+02:00,88.4
2022-06-13 01:55:11+02:00,88.5
2022-06-13 01:56:12+02:00,88.5
2022-06-13 01:57:12+02:00,88.8
2022-06-13 01:58:12+02:00,89.0
2022-06-13 01:59:12+02:00,88.9
2022-06-13 02:00:12+02:00,88.9
2022-06-13 02:00:12+02:00,88.9
2022-06-13 02:01:12+02:00,88.8
2022-06-13 02:02:13+02:00,50.0
2022-06-13 02:03:13+02:00,88.1
2022-06-13 02:04:13+02:00,87.8
2022-06-13 02:05:13+02:00,88.5
2022-06-13 02:06:13+02:00,88.1
2022-06-13 02:07:13+02:00,87.8
2022-06-13 02:08:14+02:00,88.2
2022-06-13 02:09:14+02:00,87.6
2022-06-13 02:10:14+02:00,87.2
2022-06-13 02:11:14+02:00,87.4
2022-06-13 02:12:14+02:00,86.8
2022-06-13 02:13:14+02:00,87.1
2022-06-13 02:14:14+02:00,86.7
2022-06-13 02:15:15+02:00,86.5
2022-06-13 02:16:15+02:00,86.3
2022-06-13 02:17:15+02:00,86.4
2022-06-13 02:18:15+02:00,86.9
2022-06-13 02:19:15+02:00,87.2
2022-06-13 02:20:15+02:00,87.3
2022-06-13 02:21:15+02:00,87.4
2022-06-13 02:22:16+02:00,50.0
2022-06-13 02:23:16+02:00,50.0
2022-06-13 02:24:16+02:00,88.5
2022-06-13 02:25:16+02:00,89.5
2022-06-13 02:26:16+02:00,90.3
2022-06-13 02:27:16+02:00,90.6
2022-06-13 02:28:17+02:00,90.9
2022-06-13 02:29:17+02:00,91.4
2022-06-13 02:30:17+02:00,91.6
2022-06-13 02:31:17+02:00,91.7
2022-06-13 02:32:17+02:00,92.0
2022-06-13 02:33:17+02:00,92.0
2022-06-13 02:34:17+02:00,91.9
2022-06-13 02:35:18+02:00,91.9
2022-06-13 02:36:18+02:00,92.1
2022-06-13 02:37:18+02:00,92.2
2022-06-13 02:38:18+02:00,92.3
2022-06-13 02:39:18+02:00,92.2
2022-06-13 02:40:18+02:00,92.1
2022-06-13 02:41:18+02:00,92.1
2022-06-13 02:42:19+02:00,92.1
2022-06-13 02:43:19+02:00,92.3
2022-06-13 02:44:19+02:00,92.3
2022-06-13 02:45:19+02:00,92.1
2022-06-13 02:46:19+02:00,92.0
2022-06-13 02:47:19+02:00,92.0
2022-06-13 02:48:20+02:00,91.9
2022-06-13 02:49:20+02:00,91.9
2022-06-13 02:50:20+02:00,91.9
2022-06-13 02:51:20+02:00,92.0
2022-06-13 02:52:20+02:00,92.1
2022-06-13 02:53:20+02:00,92.1
2022-06-13 02:54:20+02:00,92.5
2022-06-13 02:55:21+02:00,93.1
2022-06-13 02:56:21+02:00,93.2
2022-06-13 02:57:21+02:00,93.4
2022-06-13 02:58:21+02:00,93.4
2022-06-13 02:59:21+02:00,93.5
2022-06-13 03:00:21+02:00,93.2
2022-06-13 03:01:22+02:00,93.0
2022-06-13 03:02:22+02:00,92.6
2022-06-13 03:03:22+02:00,92.7
2022-06-13 03:04:22+02:00,92.4
2022-06-13 03:05:22+02:00,92.4
2022-06-13 03:06:22+02:00,50.0
2022-06-13 03:07:22+02:00,92.5
2022-06-13 03:08:23+02:00,92.3
2022-06-13 03:09:23+02:00,93.1
2022-06-13 03:10:23+02:00,50.0
2022-06-13 03:11:23+02:00,93.3
2022-06-13 03:12:23+02:00,93.5
2022-06-13 03:13:23+02:00,93.6
2022-06-13 03:14:23+02:00,94.0
2022-06-13 03:15:24+02:00,94.0
2022-06-13 03:16:24+02:00,94.1
2022-06-13 03:17:24+02:00,94.4
2022-06-13 03:18:24+02:00,94.9
2022-06-13 03:19:24+02:00,94.9
2022-06-13 03:20:24+02:00,95.3
2022-06-13 03:21:25+02:00,95.3
2022-06-13 03:22:25+02:00,95.4
2022-06-13 03:23:25+02:00,95.3
2022-06-13 03:24:25+02:00,95.1
2022-06-13 03:25:25+02:00,95.1
2022-06-13 03:26:25+02:00,94.5
2022-06-13 03:27:25+02:00,94.6
2022-06-13 03:28:25+02:00,94.3
2022-06-13 03:29:25+02:00,94.3
2022-06-13 03:30:25+02:00,94.1
2022-06-13 03:31:25+02:00,93.7
2022-06-13 03:32:26+02:00,93.7
2022-06-13 03:33:26+02:00,93.6
2022-06-13 03:34:26+02:00,93.8
2022-06-13 03:35:26+02:00,94.0
2022-06-13 03:36:26+02:00,94.4
2022-06-13 03:37:26+02:00,94.4
2022-06-13 03:38:26+02:00,94.1
2022-06-13 03:39:26+02:00,93.8
2022-06-13 03:40:26+02:00,93.5
2022-06-13 03:41:26+02:00,93.3
2022-06-13 03:42:27+02:00,93.2
2022-06-13 03:43:27+02:00,93.8
2022-06-13 03:44:27+02:00,94.0
2022-06-13 03:45:27+02:00,94.2
2022-06-13 03:46:27+02:00,94.3
2022-06-13 03:47:27+02:00,94.2
2022-06-13 03:48:27+02:00,94.2
2022-06-13 03:49:27+02:00,93.8
2022-06-13 03:50:27+02:00,93.6
2022-06-13 03:51:27+02:00,93.1
2022-06-13 03:52:27+02:00,93.4
2022-06-13 03:53:28+02:00,92.8
2022-06-13 03:54:28+02:00,92.8
2022-06-13 03:55:28+02:00,92.9
2022-06-13 03:56:28+02:00,92.8
2022-06-13 03:57:28+02:00,93.0
2022-06-13 03:58:28+02:00,92.9
2022-06-13 03:59:28+02:00,92.8
2022-06-13 04:00:28+02:00,92.4
2022-06-13 04:01:28+02:00,92.4
2022-06-13 04:02:28+02:00,92.3
2022-06-13 04:03:28+02:00,92.4
2022-06-13 04:04:28+02:00,92.4
2022-06-13 04:05:29+02:00,92.4
2022-06-13 04:06:29+02:00,92.7
2022-06-13 04:07:29+02:00,92.6
2022-06-13 04:08:29+02:00,92.5
2022-06-13 04:09:29+02:00,92.3
2022-06-13 04:10:29+02:00,92.4
2022-06-13 04:11:29+02:00,92.0
2022-06-13 04:12:29+02:00,92.4
2022-06-13 04:13:29+02:00,92.6
2022-06-13 04:14:29+02:00,92.5
2022-06-13 04:15:29+02:00,92.4
2022-06-13 04:16:30+02:00,92.7
2022-06-13 04:17:30+02:00,50.0
2022-06-13 04:18:30+02:00,50.0
2022-06-13 04:19:30+02:00,93.3
2022-06-13 04:20:30+02:00,92.9
2022-06-13 04:21:30+02:00,93.2
2022-06-13 04:22:30+02:00,92.9
2022-06-13 04:23:30+02:00,92.9
2022-06-13 04:24:30+02:00,92.7
2022-06-13 04:25:30+02:00,92.8
2022-06-13 04:26:31+02:00,92.6
2022-06-13 04:27:31+02:00,92.6
2022-06-13 04:28:31+02:00,92.5
2022-06-13 04:29:31+02:00,92.3
2022-06-13 04:30:31+02:00,92.1
2022-06-13 04:31:31+02:00,92.6
2022-06-13 04:32:31+02:00,92.7
2022-06-13 04:33:32+02:00,92.2
2022-06-13 04:34:32+02:00,92.3
2022-06-13 04:35:32+02:00,92.3
2022-06-13 04:36:32+02:00,92.1
2022-06-13 04:37:32+02:00,91.9
2022-06-13 04:38:32+02:00,91.7
2022-06-13 04:39:32+02:00,91.5
2022-06-13 04:40:33+02:00,91.1
2022-06-13 04:41:33+02:00,90.9
2022-06-13 04:42:33+02:00,90.6
2022-06-13 04:43:33+02:00,90.7
2022-06-13 04:44:33+02:00,90.4
2022-06-13 04:45:33+02:00,90.4
2022-06-13 04:46:34+02:00,90.7
2022-06-13 04:47:34+02:00,90.5
2022-06-13 04:48:34+02:00,90.2
2022-06-13 04:49:34+02:00,89.9
2022-06-13 04:50:34+02:00,89.7
2022-06-13 04:51:34+02:00,89.9
2022-06-13 04:52:34+02:00,89.9
2022-06-13 04:53:35+02:00,90.0
2022-06-13 04:54:35+02:00,89.6
2022-06-13 04:55:35+02:00,50.0
2022-06-13 04:56:35+02:00,81.2
2022-06-13 04:57:35+02:00,75.5
2022-06-13 04:58:35+02:00,74.8
2022-06-13 04:59:36+02:00,77.5
2022-06-13 05:00:36+02:00,79.1
2022-06-13 05:01:36+02:00,75.8
2022-06-13 05:02:36+02:00,76.2
2022-06-13 05:03:36+02:00,76.9
2022-06-13 05:04:36+02:00,79.4
2022-06-13 05:05:36+02:00,82.3
2022-06-13 05:06:37+02:00,50.0
2022-06-13 05:07:37+02:00,85.0
2022-06-13 05:08:37+02:00,88.1
2022-06-13 05:09:37+02:00,90.1
2022-06-13 05:10:37+02:00,92.2
2022-06-13 05:11:37+02:00,93.6
2022-06-13 05:12:37+02:00,95.4
2022-06-13 05:13:38+02:00,95.9
2022-06-13 05:14:38+02:00,96.8
2022-06-13 05:15:38+02:00,97.0
2022-06-13 05:16:38+02:00,96.9
2022-06-13 05:17:38+02:00,97.7
2022-06-13 05:18:38+02:00,97.8
2022-06-13 05:19:39+02:00,98.5
2022-06-13 05:20:39+02:00,98.9
2022-06-13 05:21:39+02:00,97.1
2022-06-13 05:22:39+02:00,97.7
2022-06-13 05:23:39+02:00,98.4
2022-06-13 05:24:39+02:00,98.6
2022-06-13 05:25:39+02:00,98.9
2022-06-13 05:26:40+02:00,99.0
2022-06-13 05:27:40+02:00,99.5
2022-06-13 05:28:40+02:00,99.7
2022-06-13 05:29:40+02:00,100.0
2022-06-13 05:30:40+02:00,100.0
2022-06-13 05:31:40+02:00,100.0
2022-06-13 05:32:41+02:00,100.0
2022-06-13 05:33:41+02:00,100.0
2022-06-13 05:34:41+02:00,100.0
2022-06-13 05:35:41+02:00,100.0
2022-06-13 05:36:41+02:00,100.0
2022-06-13 05:37:41+02:00,100.0
2022-06-13 05:38:41+02:00,100.0
2022-06-13 05:39:42+02:00,100.0
2022-06-13 05:40:42+02:00,100.0
2022-06-13 05:41:42+02:00,100.0
2022-06-13 05:42:42+02:00,100.0
2022-06-13 05:43:42+02:00,100.0
2022-06-13 05:44:42+02:00,100.0
2022-06-13 05:45:42+02:00,50.0
2022-06-13 05:46:43+02:00,98.0
2022-06-13 05:47:43+02:00,50.0
2022-06-13 05:48:43+02:00,94.7
2022-06-13 05:49:43+02:00,93.0
2022-06-13 05:50:43+02:00,91.6
2022-06-13 05:51:43+02:00,90.7
2022-06-13 05:52:44+02:00,89.8
2022-06-13 05:53:44+02:00,89.4
2022-06-13 05:54:44+02:00,89.2
2022-06-13 05:55:44+02:00,89.0
2022-06-13 05:56:44+02:00,88.9
2022-06-13 05:57:44+02:00,89.0
2022-06-13 05:58:44+02:00,89.0
2022-06-13 05:59:45+02:00,89.2
2022-06-13 06:00:45+02:00,89.4
2022-06-13 06:01:45+02:00,89.5
2022-06-13 06:02:45+02:00,89.5
2022-06-13 06:03:45+02:00,89.5
2022-06-13 06:04:45+02:00,89.4
2022-06-13 06:05:46+02:00,89.3
2022-06-13 06:06:46+02:00,89.2
2022-06-13 06:07:46+02:00,89.4
2022-06-13 06:08:46+02:00,89.5
2022-06-13 06:09:46+02:00,89.7
2022-06-13 06:10:46+02:00,89.6
2022-06-13 06:11:46+02:00,89.5
2022-06-13 06:12:47+02:00,89.6
2022-06-13 06:13:47+02:00,89.4
2022-06-13 06:14:47+02:00,89.6
2022-06-13 06:15:47+02:00,89.7
2022-06-13 06:16:47+02:00,89.9
2022-06-13 06:17:47+02:00,90.4
2022-06-13 06:18:48+02:00,50.0
2022-06-13 06:19:48+02:00,90.5
2022-06-13 06:20:48+02:00,90.1
2022-06-13 06:21:48+02:00,90.0
2022-06-13 06:22:48+02:00,90.3
2022-06-13 06:23:48+02:00,90.8
2022-06-13 06:24:48+02:00,91.8
2022-06-13 06:25:49+02:00,92.6
2022-06-13 06:26:49+02:00,93.3
2022-06-13 06:27:49+02:00,93.6
2022-06-13 06:28:49+02:00,94.1
2022-06-13 06:29:49+02:00,94.3
2022-06-13 06:30:49+02:00,94.5
2022-06-13 06:31:50+02:00,94.6
2022-06-13 06:32:50+02:00,94.9
2022-06-13 06:33:50+02:00,95.0
2022-06-13 06:34:50+02:00,94.9
2022-06-13 06:35:50+02:00,95.1
2022-06-13 06:36:50+02:00,95.1
2022-06-13 06:37:50+02:00,95.1
2022-06-13 06:38:51+02:00,95.1
2022-06-13 06:39:51+02:00,95.1
2022-06-13 06:40:51+02:00,95.2
2022-06-13 06:41:51+02:00,95.2
2022-06-13 06:42:51+02:00,95.3
2022-06-13 06:43:51+02:00,95.2
2022-06-13 06:44:52+02:00,95.0
2022-06-13 06:45:52+02:00,95.0
2022-06-13 06:46:52+02:00,95.1
2022-06-13 06:47:52+02:00,95.2
2022-06-13 06:48:52+02:00,95.1
2022-06-13 06:49:52+02:00,95.1
2022-06-13 06:50:52+02:00,94.9
2022-06-13 06:51:52+02:00,94.9
2022-06-13 06:52:53+02:00,94.9
2022-06-13 06:53:53+02:00,94.8
2022-06-13 06:54:53+02:00,94.8
2022-06-13 06:55:53+02:00,94.8
2022-06-13 06:56:53+02:00,94.8
2022-06-13 06:57:53+02:00,94.7
2022-06-13 06:58:54+02:00,94.8
2022-06-13 06:59:54+02:00,94.8
2022-06-13 07:00:54+02:00,94.8
2022-06-13 07:01:54+02:00,50.0
2022-06-13 07:02:54+02:00,93.5
2022-06-13 07:03:54+02:00,92.2
2022-06-13 07:04:55+02:00,91.2
2022-06-13 07:05:55+02:00,90.5
2022-06-13 07:06:55+02:00,90.4
2022-06-13 07:07:55+02:00,90.3
2022-06-13 07:08:55+02:00,90.2
2022-06-13 07:09:55+02:00,50.0
2022-06-13 07:10:55+02:00,91.1
2022-06-13 07:11:56+02:00,91.5
2022-06-13 07:12:56+02:00,50.0
2022-06-13 07:13:56+02:00,50.0
2022-06-13 07:14:56+02:00,90.5
2022-06-13 07:15:56+02:00,89.6
2022-06-13 07:16:56+02:00,89.0
2022-06-13 07:17:57+02:00,88.4
2022-06-13 07:18:57+02:00,88.2
2022-06-13 07:19:57+02:00,88.1
2022-06-13 07:20:57+02:00,50.0
2022-06-13 07:21:57+02:00,88.6
2022-06-13 07:22:57+02:00,89.7
2022-06-13 07:23:57+02:00,90.8
2022-06-13 07:24:58+02:00,91.3
2022-06-13 07:25:58+02:00,91.9
2022-06-13 07:26:58+02:00,92.1
2022-06-13 07:27:58+02:00,92.2
2022-06-13 07:28:58+02:00,92.3
2022-06-13 07:29:58+02:00,50.0
2022-06-13 07:30:58+02:00,91.2
2022-06-13 07:31:59+02:00,90.1
2022-06-13 07:32:59+02:00,89.3
2022-06-13 07:33:59+02:00,89.1
2022-06-13 07:34:59+02:00,89.2
2022-06-13 07:35:59+02:00,89.5
2022-06-13 07:36:59+02:00,89.9
2022-06-13 07:38:00+02:00,90.2
2022-06-13 07:39:00+02:00,90.4
2022-06-13 07:40:00+02:00,90.6
2022-06-13 07:41:00+02:00,90.7
2022-06-13 07:42:00+02:00,91.0
2022-06-13 07:43:00+02:00,91.2
2022-06-13 07:44:00+02:00,91.5
2022-06-13 07:45:01+02:00,91.8
2022-06-13 07:46:01+02:00,92.0
2022-06-13 07:47:01+02:00,50.0
2022-06-13 07:48:01+02:00,92.1
2022-06-13 07:49:01+02:00,92.2
2022-06-13 07:50:01+02:00,92.2
2022-06-13 07:51:01+02:00,92.2
2022-06-13 07:52:01+02:00,92.3
2022-06-13 07:53:02+02:00,92.5
2022-06-13 07:54:02+02:00,92.6
2022-06-13 07:55:02+02:00,92.7
2022-06-13 07:56:02+02:00,92.8
2022-06-13 07:57:02+02:00,92.9
2022-06-13 07:58:02+02:00,93.0
2022-06-13 07:59:02+02:00,93.1
2022-06-13 08:00:02+02:00,93.2
2022-06-13 08:01:03+02:00,93.3
2022-06-13 08:02:03+02:00,93.3
2022-06-13 08:03:03+02:00,93.3
2022-06-13 08:04:03+02:00,93.2
2022-06-13 08:05:03+02:00,93.1
2022-06-13 08:06:03+02:00,93.2
2022-06-13 08:07:03+02:00,93.2
2022-06-13 08:08:03+02:00,93.3
2022-06-13 08:09:04+02:00,93.4
2022-06-13 08:10:04+02:00,93.4
2022-06-13 08:11:04+02:00,93.4
2022-06-13 08:12:04+02:00,93.4
2022-06-13 08:13:04+02:00,93.3
2022-06-13 08:14:04+02:00,93.3
2022-06-13 08:15:05+02:00,93.3
2022-06-13 08:16:05+02:00,93.2
2022-06-13 08:17:05+02:00,93.3
2022-06-13 08:18:05+02:00,93.3
2022-06-13 08:19:05+02:00,93.4
2022-06-13 08:20:05+02:00,93.4
2022-06-13 08:21:05+02:00,93.3
2022-06-13 08:22:05+02:00,93.1
2022-06-13 08:23:05+02:00,93.2
2022-06-13 08:24:06+02:00,93.3
2022-06-13 08:25:06+02:00,93.3
2022-06-13 08:26:06+02:00,93.4
2022-06-13 08:27:06+02:00,93.6
2022-06-13 08:28:06+02:00,93.7
2022-06-13 08:29:06+02:00,50.0
2022-06-13 08:30:07+02:00,50.0
2022-06-13 08:31:07+02:00,50.0
2022-06-13 08:32:07+02:00,50.0
2022-06-13 08:33:07+02:00,50.0
2022-06-13 08:34:07+02:00,94.0
2022-06-13 08:35:07+02:00,94.3
2022-06-13 08:36:07+02:00,50.0
2022-06-13 08:37:08+02:00,50.0
2022-06-13 08:38:08+02:00,50.0
2022-06-13 08:39:08+02:00,94.6
2022-06-13 08:40:08+02:00,95.0
2022-06-13 08:41:08+02:00,95.3
2022-06-13 08:42:08+02:00,50.0
2022-06-13 08:43:09+02:00,50.0
2022-06-13 08:44:09+02:00,50.0
2022-06-13 08:45:09+02:00,50.0
2022-06-13 08:46:09+02:00,50.0
2022-06-13 08:47:09+02:00,50.0
2022-06-13 08:48:09+02:00,50.0
2022-06-13 08:49:09+02:00,50.0
2022-06-13 08:50:10+02:00,50.0
2022-06-13 08:51:10+02:00,50.0
2022-06-13 08:52:10+02:00,50.0
2022-06-13 08:53:10+02:00,50.0
2022-06-13 08:54:10+02:00,50.0
2022-06-13 08:55:10+02:00,50.0
2022-06-13 08:56:10+02:00,50.0
2022-06-13 08:57:11+02:00,50.0
2022-06-13 08:58:11+02:00,50.0
2022-06-13 08:59:11+02:00,50.0
2022-06-13 09:00:11+02:00,50.0
2022-06-13 09:01:11+02:00,50.0
2022-06-13 09:02:11+02:00,50.0
2022-06-13 09:03:12+02:00,50.0
2022-06-13 09:04:12+02:00,50.0
2022-06-13 09:05:12+02:00,50.0
2022-06-13 09:06:12+02:00,50.0
2022-06-13 09:07:12+02:00,50.0
2022-06-13 09:08:12+02:00,50.0
2022-06-13 09:09:12+02:00,50.0
2022-06-13 09:10:13+02:00,50.0
2022-06-13 09:11:13+02:00,50.0
2022-06-13 09:12:13+02:00,50.0
2022-06-13 09:13:13+02:00,50.0
2022-06-13 09:14:13+02:00,50.0
2022-06-13 09:15:13+02:00,50.0
2022-06-13 09:16:14+02:00,50.0
2022-06-14 00:37:00+02:00,50.0
2022-06-14 00:38:00+02:00,92.4
2022-06-14 00:39:00+02:00,92.7
2022-06-14 00:40:00+02:00,92.8
2022-06-14 00:41:00+02:00,93.0
2022-06-14 00:42:00+02:00,50.0
2022-06-14 00:43:00+02:00,50.0
2022-06-14 00:44:00+02:00,50.0
2022-06-14 00:45:00+02:00,92.7
2022-06-14 00:46:00+02:00,50.0
2022-06-14 00:47:00+02:00,50.0
2022-06-14 00:48:00+02:00,92.1
2022-06-14 00:49:00+02:00,90.8
2022-06-14 00:50:01+02:00,90.0
2022-06-14 00:51:01+02:00,89.2
2022-06-14 00:52:01+02:00,88.6
2022-06-14 00:53:01+02:00,87.9
2022-06-14 00:54:01+02:00,50.0
2022-06-14 00:55:01+02:00,88.4
2022-06-14 00:56:01+02:00,89.3
2022-06-14 00:57:01+02:00,90.2
2022-06-14 00:58:01+02:00,91.0
2022-06-14 00:59:02+02:00,91.3
2022-06-14 01:00:02+02:00,91.7
2022-06-14 01:01:02+02:00,92.0
2022-06-14 01:02:02+02:00,92.2
2022-06-14 01:03:02+02:00,92.3
2022-06-14 01:04:02+02:00,92.6
2022-06-14 01:05:02+02:00,92.6
2022-06-14 01:06:02+02:00,92.7
2022-06-14 01:07:03+02:00,50.0
2022-06-14 01:08:03+02:00,93.0
2022-06-14 01:09:03+02:00,92.3
2022-06-14 01:10:03+02:00,91.6
2022-06-14 01:11:03+02:00,90.8
2022-06-14 01:12:03+02:00,90.8
2022-06-14 01:13:03+02:00,90.5
2022-06-14 01:14:04+02:00,90.7
2022-06-14 01:15:04+02:00,90.4
2022-06-14 01:16:04+02:00,90.4
2022-06-14 01:17:04+02:00,90.3
2022-06-14 01:18:04+02:00,90.2
2022-06-14 01:19:04+02:00,90.0
2022-06-14 01:20:04+02:00,89.8
2022-06-14 01:21:04+02:00,90.1
2022-06-14 01:22:04+02:00,90.1
2022-06-14 01:23:05+02:00,89.8
2022-06-14 01:24:05+02:00,89.7
2022-06-14 01:25:05+02:00,89.7
2022-06-14 01:26:05+02:00,89.7
2022-06-14 01:27:05+02:00,90.0
2022-06-14 01:28:05+02:00,90.1
2022-06-14 01:29:05+02:00,90.1
2022-06-14 01:30:05+02:00,50.0
2022-06-14 01:31:06+02:00,90.4
2022-06-14 01:32:06+02:00,90.7
2022-06-14 01:33:06+02:00,50.0
2022-06-14 01:34:06+02:00,50.0
2022-06-14 01:35:06+02:00,50.0
2022-06-14 01:36:06+02:00,91.0
2022-06-14 01:37:07+02:00,91.5
2022-06-14 01:38:07+02:00,92.0
2022-06-14 01:39:07+02:00,92.0
2022-06-14 01:40:07+02:00,92.3
2022-06-14 01:41:07+02:00,92.4
2022-06-14 01:42:08+02:00,92.6
2022-06-14 01:43:08+02:00,92.7
2022-06-14 01:44:08+02:00,92.7
2022-06-14 01:45:08+02:00,92.9
2022-06-14 01:46:08+02:00,92.8
2022-06-14 01:47:08+02:00,92.8
2022-06-14 01:48:08+02:00,92.8
2022-06-14 01:49:09+02:00,92.7
2022-06-14 01:50:09+02:00,92.6
2022-06-14 01:51:09+02:00,92.6
2022-06-14 01:52:09+02:00,92.6
2022-06-14 01:53:09+02:00,92.6
2022-06-14 01:54:09+02:00,92.8
2022-06-14 01:55:09+02:00,92.9
2022-06-14 01:56:10+02:00,93.0
2022-06-14 01:57:10+02:00,93.0
2022-06-14 01:58:10+02:00,93.0
2022-06-14 01:59:10+02:00,92.9
2022-06-14 02:00:10+02:00,92.8
2022-06-14 02:00:10+02:00,92.8
2022-06-14 02:01:10+02:00,93.1
2022-06-14 02:02:10+02:00,93.1
2022-06-14 02:03:11+02:00,93.5
2022-06-14 02:04:11+02:00,93.4
2022-06-14 02:05:11+02:00,93.5
2022-06-14 02:06:11+02:00,93.6
2022-06-14 02:07:11+02:00,93.6
2022-06-14 02:08:11+02:00,93.5
2022-06-14 02:09:11+02:00,93.4
2022-06-14 02:10:12+02:00,93.2
2022-06-14 02:11:12+02:00,93.4
2022-06-14 02:12:12+02:00,93.6
2022-06-14 02:13:12+02:00,93.0
2022-06-14 02:14:12+02:00,93.0
2022-06-14 02:15:12+02:00,92.8
2022-06-14 02:16:13+02:00,93.1
2022-06-14 02:17:13+02:00,93.3
2022-06-14 02:18:13+02:00,93.5
2022-06-14 02:19:13+02:00,93.7
2022-06-14 02:20:13+02:00,93.7
2022-06-14 02:21:13+02:00,93.8
2022-06-14 02:22:13+02:00,93.8
2022-06-14 02:23:14+02:00,93.8
2022-06-14 02:24:14+02:00,93.8
2022-06-14 02:25:14+02:00,93.7
2022-06-14 02:26:14+02:00,93.7
2022-06-14 02:27:14+02:00,50.0
2022-06-14 02:28:14+02:00,93.8
2022-06-14 02:29:15+02:00,94.2
2022-06-14 02:30:15+02:00,94.0
2022-06-14 02:31:15+02:00,94.5
2022-06-14 02:32:15+02:00,94.4
2022-06-14 02:33:15+02:00,94.6
2022-06-14 02:34:15+02:00,94.5
2022-06-14 02:35:16+02:00,95.2
2022-06-14 02:36:16+02:00,94.4
2022-06-14 02:37:16+02:00,93.9
2022-06-14 02:38:16+02:00,93.3
2022-06-14 02:39:16+02:00,93.1
2022-06-14 02:40:16+02:00,92.9
2022-06-14 02:41:16+02:00,92.9
2022-06-14 02:42:17+02:00,93.0
2022-06-14 02:43:17+02:00,93.2
2022-06-14 02:44:17+02:00,92.8
2022-06-14 02:45:17+02:00,93.0
2022-06-14 02:46:17+02:00,50.0
2022-06-14 02:47:17+02:00,50.0
2022-06-14 02:48:17+02:00,92.3
2022-06-14 02:49:18+02:00,92.2
2022-06-14 02:50:18+02:00,92.4
2022-06-14 02:51:18+02:00,92.2
2022-06-14 02:52:18+02:00,92.4
2022-06-14 02:53:18+02:00,92.4
2022-06-14 02:54:18+02:00,92.4
2022-06-14 02:55:18+02:00,92.4
2022-06-14 02:56:19+02:00,92.4
2022-06-14 02:57:19+02:00,92.4
2022-06-14 02:58:19+02:00,92.5
2022-06-14 02:59:19+02:00,92.7
2022-06-14 03:00:19+02:00,92.7
2022-06-14 03:01:19+02:00,92.6
2022-06-14 03:02:19+02:00,92.6
2022-06-14 03:03:20+02:00,92.5
2022-06-14 03:04:20+02:00,50.0
2022-06-14 03:05:20+02:00,50.0
2022-06-14 03:06:20+02:00,92.4
2022-06-14 03:07:20+02:00,50.0
2022-06-14 03:08:20+02:00,50.0
2022-06-14 03:09:20+02:00,92.7
2022-06-14 03:10:20+02:00,93.1
2022-06-14 03:11:21+02:00,92.6
2022-06-14 03:12:21+02:00,91.5
2022-06-14 03:13:21+02:00,50.0
2022-06-14 03:14:21+02:00,50.0
2022-06-14 03:15:21+02:00,91.6
2022-06-14 03:16:21+02:00,91.6
2022-06-14 03:17:21+02:00,91.9
2022-06-14 03:18:22+02:00,92.4
2022-06-14 03:19:22+02:00,92.8
2022-06-14 03:20:22+02:00,50.0
2022-06-14 03:21:22+02:00,93.0
2022-06-14 03:22:22+02:00,93.2
2022-06-14 03:23:22+02:00,93.3
2022-06-14 03:24:22+02:00,50.0
2022-06-14 03:25:23+02:00,93.4
2022-06-14 03:26:23+02:00,93.0
2022-06-14 03:27:23+02:00,92.9
2022-06-14 03:28:23+02:00,93.1
2022-06-14 03:29:23+02:00,93.4
2022-06-14 03:30:23+02:00,93.8
2022-06-14 03:31:24+02:00,93.9
2022-06-14 03:32:24+02:00,94.0
2022-06-14 03:33:24+02:00,94.0
2022-06-14 03:34:24+02:00,94.1
2022-06-14 03:35:24+02:00,94.0
2022-06-14 03:36:24+02:00,94.0
2022-06-14 03:37:24+02:00,94.0
2022-06-14 03:38:24+02:00,94.1
2022-06-14 03:39:25+02:00,94.1
2022-06-14 03:40:25+02:00,94.1
2022-06-14 03:41:25+02:00,94.0
2022-06-14 03:42:25+02:00,93.9
2022-06-14 03:43:25+02:00,93.8
2022-06-14 03:44:25+02:00,50.0
2022-06-14 03:45:25+02:00,50.0
2022-06-14 03:46:25+02:00,50.0
2022-06-14 03:47:25+02:00,93.2
2022-06-14 03:48:26+02:00,92.8
2022-06-14 03:49:26+02:00,92.7
2022-06-14 03:50:26+02:00,92.6
2022-06-14 03:51:26+02:00,92.7
2022-06-14 03:52:26+02:00,92.6
2022-06-14 03:53:26+02:00,92.9
2022-06-14 03:54:26+02:00,93.3
2022-06-14 03:55:26+02:00,93.6
2022-06-14 03:56:26+02:00,93.6
2022-06-14 03:57:26+02:00,50.0
2022-06-14 03:58:26+02:00,50.0
2022-06-14 03:59:27+02:00,93.9
2022-06-14 04:00:27+02:00,94.2
2022-06-14 04:01:27+02:00,94.4
2022-06-14 04:02:27+02:00,94.5
2022-06-14 04:03:27+02:00,94.5
2022-06-14 04:04:27+02:00,94.6
2022-06-14 04:05:27+02:00,94.6
2022-06-14 04:06:27+02:00,94.7
2022-06-14 04:07:27+02:00,94.8
2022-06-14 04:08:28+02:00,94.9
2022-06-14 04:09:28+02:00,94.8
2022-06-14 04:10:28+02:00,94.6
2022-06-14 04:11:28+02:00,94.5
2022-06-14 04:12:28+02:00,94.2
2022-06-14 04:13:28+02:00,93.5
2022-06-14 04:14:28+02:00,93.5
2022-06-14 04:15:28+02:00,50.0
2022-06-14 04:16:28+02:00,93.3
2022-06-14 04:17:28+02:00,93.1
2022-06-14 04:18:28+02:00,93.0
2022-06-14 04:19:29+02:00,92.9
2022-06-14 04:20:29+02:00,93.0
2022-06-14 04:21:29+02:00,93.1
2022-06-14 04:22:29+02:00,93.1
2022-06-14 04:23:29+02:00,93.1
2022-06-14 04:24:29+02:00,93.3
2022-06-14 04:25:29+02:00,93.3
2022-06-14 04:26:29+02:00,93.3
2022-06-14 04:27:29+02:00,93.2
2022-06-14 04:28:29+02:00,93.3
2022-06-14 04:29:30+02:00,93.3
2022-06-14 04:30:30+02:00,93.4
2022-06-14 04:31:30+02:00,93.5
2022-06-14 04:32:30+02:00,93.4
2022-06-14 04:33:30+02:00,93.3
2022-06-14 04:34:30+02:00,93.3
2022-06-14 04:35:30+02:00,93.4
2022-06-14 04:36:30+02:00,93.4
2022-06-14 04:37:30+02:00,93.4
2022-06-14 04:38:30+02:00,93.4
2022-06-14 04:39:31+02:00,50.0
2022-06-14 04:40:31+02:00,92.8
2022-06-14 04:41:31+02:00,50.0
2022-06-14 04:42:31+02:00,92.6
2022-06-14 04:43:31+02:00,92.9
2022-06-14 04:44:31+02:00,92.9
2022-06-14 04:45:31+02:00,93.1
2022-06-14 04:46:32+02:00,93.2
2022-06-14 04:47:32+02:00,93.2
2022-06-14 04:48:32+02:00,93.2
2022-06-14 04:49:32+02:00,93.0
2022-06-14 04:50:32+02:00,93.0
2022-06-14 04:51:32+02:00,92.9
2022-06-14 04:52:32+02:00,92.9
2022-06-14 04:53:33+02:00,92.9
2022-06-14 04:54:33+02:00,92.9
2022-06-14 04:55:33+02:00,92.9
2022-06-14 04:56:33+02:00,93.0
2022-06-14 04:57:33+02:00,92.9
2022-06-14 04:58:33+02:00,50.0
2022-06-14 04:59:34+02:00,50.0
2022-06-14 05:00:34+02:00,92.6
2022-06-14 05:01:34+02:00,92.6
2022-06-14 05:02:34+02:00,92.4
2022-06-14 05:03:34+02:00,92.3
2022-06-14 05:04:34+02:00,92.3
2022-06-14 05:05:34+02:00,92.4
2022-06-14 05:06:34+02:00,92.5
2022-06-14 05:07:35+02:00,92.7
2022-06-14 05:08:35+02:00,92.9
2022-06-14 05:09:35+02:00,92.9
2022-06-14 05:10:35+02:00,93.1
2022-06-14 05:11:35+02:00,93.2
2022-06-14 05:12:35+02:00,93.3
2022-06-14 05:13:35+02:00,93.3
2022-06-14 05:14:36+02:00,93.4
2022-06-14 05:15:36+02:00,93.5
2022-06-14 05:16:36+02:00,93.5
2022-06-14 05:17:36+02:00,93.5
2022-06-14 05:18:36+02:00,93.5
2022-06-14 05:19:36+02:00,93.6
2022-06-14 05:20:37+02:00,93.5
2022-06-14 05:21:37+02:00,93.6
2022-06-14 05:22:37+02:00,93.6
2022-06-14 05:23:37+02:00,93.6
2022-06-14 05:24:37+02:00,93.6
2022-06-14 05:25:37+02:00,93.6
2022-06-14 05:26:37+02:00,93.6
2022-06-14 05:27:37+02:00,93.6
2022-06-14 05:28:38+02:00,93.6
2022-06-14 05:29:38+02:00,93.7
2022-06-14 05:30:38+02:00,93.7
2022-06-14 05:31:38+02:00,93.7
2022-06-14 05:32:38+02:00,93.6
2022-06-14 05:33:38+02:00,93.7
2022-06-14 05:34:38+02:00,93.6
2022-06-14 05:35:39+02:00,93.6
2022-06-14 05:36:39+02:00,93.4
2022-06-14 05:37:39+02:00,92.9
2022-06-14 05:38:39+02:00,92.9
2022-06-14 05:39:39+02:00,92.9
2022-06-14 05:40:39+02:00,92.4
2022-06-14 05:41:39+02:00,50.0
2022-06-14 05:42:40+02:00,50.0
2022-06-14 05:43:40+02:00,50.0
2022-06-14 05:44:40+02:00,92.1
2022-06-14 05:45:40+02:00,91.8
2022-06-14 05:46:40+02:00,91.7
2022-06-14 05:47:40+02:00,91.5
2022-06-14 05:48:41+02:00,91.6
2022-06-14 05:49:41+02:00,91.4
2022-06-14 05:50:41+02:00,91.1
2022-06-14 05:51:41+02:00,91.1
2022-06-14 05:52:41+02:00,90.9
2022-06-14 05:53:41+02:00,90.8
2022-06-14 05:54:41+02:00,91.3
2022-06-14 05:55:42+02:00,91.8
2022-06-14 05:56:42+02:00,92.0
2022-06-14 05:57:42+02:00,92.0
2022-06-14 05:58:42+02:00,50.0
2022-06-14 05:59:42+02:00,92.7
2022-06-14 06:00:42+02:00,92.9
2022-06-14 06:01:42+02:00,92.7
2022-06-14 06:02:43+02:00,93.4
2022-06-14 06:03:43+02:00,93.6
2022-06-14 06:04:43+02:00,93.1
2022-06-14 06:05:43+02:00,93.0
2022-06-14 06:06:43+02:00,93.0
2022-06-14 06:07:43+02:00,93.4
2022-06-14 06:08:43+02:00,93.7
2022-06-14 06:09:44+02:00,93.5
2022-06-14 06:10:44+02:00,93.0
2022-06-14 06:11:44+02:00,93.3
2022-06-14 06:12:44+02:00,93.5
2022-06-14 06:13:44+02:00,92.8
2022-06-14 06:14:44+02:00,92.7
2022-06-14 06:15:45+02:00,93.1
2022-06-14 06:16:45+02:00,93.1
2022-06-14 06:17:45+02:00,93.2
2022-06-14 06:18:45+02:00,93.5
2022-06-14 06:19:45+02:00,93.6
2022-06-14 06:20:45+02:00,50.0
2022-06-14 06:21:45+02:00,94.3
2022-06-14 06:22:46+02:00,50.0
2022-06-14 06:23:46+02:00,94.3
2022-06-14 06:24:46+02:00,93.9
2022-06-14 06:25:46+02:00,93.7
2022-06-14 06:26:46+02:00,93.5
2022-06-14 06:27:46+02:00,93.6
2022-06-14 06:28:46+02:00,50.0
2022-06-14 06:29:47+02:00,93.3
2022-06-14 06:30:47+02:00,93.0
2022-06-14 06:31:47+02:00,93.0
2022-06-14 06:32:47+02:00,92.7
2022-06-14 06:33:47+02:00,92.6
2022-06-14 06:34:47+02:00,92.5
2022-06-14 06:35:47+02:00,92.6
2022-06-14 06:36:48+02:00,50.0
2022-06-14 06:37:48+02:00,92.7
2022-06-14 06:38:48+02:00,93.0
2022-06-14 06:39:48+02:00,93.3
2022-06-14 06:40:48+02:00,93.6
2022-06-14 06:41:48+02:00,93.5
2022-06-14 06:42:48+02:00,93.6
2022-06-14 06:43:49+02:00,93.6
2022-06-14 06:44:49+02:00,93.4
2022-06-14 06:45:49+02:00,93.4
2022-06-14 06:46:49+02:00,93.3
2022-06-14 06:47:49+02:00,93.3
2022-06-14 06:48:49+02:00,93.3
2022-06-14 06:49:50+02:00,93.5
2022-06-14 06:50:50+02:00,93.5
2022-06-14 06:51:50+02:00,93.4
2022-06-14 06:52:50+02:00,93.5
2022-06-14 06:53:50+02:00,50.0
2022-06-14 06:54:50+02:00,50.0
2022-06-14 06:55:50+02:00,50.0
2022-06-14 06:56:50+02:00,50.0
2022-06-14 06:57:51+02:00,50.0
2022-06-14 06:58:51+02:00,93.2
2022-06-14 06:59:51+02:00,93.4
2022-06-14 07:00:51+02:00,93.6
2022-06-14 07:01:51+02:00,93.7
2022-06-14 07:02:51+02:00,93.9
2022-06-14 07:03:52+02:00,94.1
2022-06-14 07:04:52+02:00,50.0
2022-06-14 07:05:52+02:00,50.0
2022-06-14 07:06:52+02:00,50.0
2022-06-14 07:07:52+02:00,94.3
2022-06-14 07:08:52+02:00,94.2
2022-06-14 07:09:52+02:00,94.5
2022-06-14 07:10:52+02:00,50.0
2022-06-14 07:11:53+02:00,94.2
2022-06-14 07:12:53+02:00,94.1
2022-06-14 07:13:53+02:00,50.0
2022-06-14 07:14:53+02:00,94.0
2022-06-14 07:15:53+02:00,94.3
2022-06-14 07:16:53+02:00,94.4
2022-06-14 07:17:54+02:00,94.5
2022-06-14 07:18:54+02:00,94.3
2022-06-14 07:19:54+02:00,94.2
2022-06-14 07:20:54+02:00,94.3
2022-06-14 07:21:54+02:00,94.3
2022-06-14 07:22:54+02:00,94.4
2022-06-14 07:23:54+02:00,94.5
2022-06-14 07:24:55+02:00,94.5
2022-06-14 07:25:55+02:00,94.5
2022-06-14 07:26:55+02:00,94.5
2022-06-14 07:27:55+02:00,94.5
2022-06-14 07:28:55+02:00,94.4
2022-06-14 07:29:55+02:00,94.4
2022-06-14 07:30:55+02:00,94.4
2022-06-14 07:31:56+02:00,94.5
2022-06-14 07:32:56+02:00,94.5
2022-06-14 07:33:56+02:00,94.4
2022-06-14 07:34:56+02:00,94.4
2022-06-14 07:35:56+02:00,94.1
2022-06-14 07:36:56+02:00,93.6
2022-06-14 07:37:56+02:00,93.0
2022-06-14 07:38:57+02:00,92.9
2022-06-14 07:39:57+02:00,50.0
2022-06-14 07:40:57+02:00,92.5
2022-06-14 07:41:57+02:00,93.1
2022-06-14 07:42:57+02:00,93.5
2022-06-14 07:43:57+02:00,93.7
2022-06-14 07:44:58+02:00,93.6
2022-06-14 07:45:58+02:00,93.5
2022-06-14 07:46:58+02:00,50.0
2022-06-14 07:47:58+02:00,94.0
2022-06-14 07:48:58+02:00,94.8
2022-06-14 07:49:58+02:00,50.0
2022-06-14 07:50:58+02:00,95.4
2022-06-14 07:51:59+02:00,95.0
2022-06-14 07:52:59+02:00,94.8
2022-06-14 07:53:59+02:00,94.3
2022-06-14 07:54:59+02:00,50.0
2022-06-14 07:55:59+02:00,93.8
2022-06-14 07:56:59+02:00,93.8
2022-06-14 07:57:59+02:00,94.4
2022-06-14 07:59:00+02:00,94.6
2022-06-14 08:00:00+02:00,94.5
2022-06-14 08:01:00+02:00,50.0
2022-06-14 08:02:00+02:00,50.0
2022-06-14 08:03:00+02:00,94.7
2022-06-14 08:04:00+02:00,95.0
2022-06-14 08:05:00+02:00,50.0
2022-06-14 08:06:00+02:00,94.5
2022-06-14 08:07:00+02:00,93.7
2022-06-14 08:08:01+02:00,93.4
2022-06-14 08:09:01+02:00,93.2
2022-06-14 08:10:01+02:00,93.2
2022-06-14 08:11:01+02:00,93.2
2022-06-14 08:12:01+02:00,50.0
2022-06-14 08:13:01+02:00,93.4
2022-06-14 08:14:01+02:00,50.0
2022-06-14 08:15:02+02:00,50.0
2022-06-14 08:16:02+02:00,50.0
2022-06-14 08:17:02+02:00,50.0
2022-06-14 08:18:02+02:00,50.0
2022-06-14 08:19:02+02:00,50.0
2022-06-14 08:20:02+02:00,94.0
2022-06-14 08:21:02+02:00,94.2
2022-06-14 08:22:02+02:00,95.2
2022-06-14 08:23:02+02:00,96.1
2022-06-14 08:24:03+02:00,50.0
2022-06-14 08:25:03+02:00,96.0
2022-06-14 08:26:03+02:00,50.0
2022-06-14 08:27:03+02:00,95.9
2022-06-14 08:28:03+02:00,50.0
2022-06-14 08:29:03+02:00,50.0
2022-06-14 08:30:03+02:00,50.0
2022-06-14 08:31:03+02:00,50.0
2022-06-14 08:32:04+02:00,50.0
2022-06-14 08:33:04+02:00,95.7
2022-06-14 08:34:04+02:00,50.0
2022-06-14 08:35:04+02:00,95.3
2022-06-14 08:36:04+02:00,95.2
2022-06-14 08:37:04+02:00,50.0
2022-06-14 08:38:04+02:00,50.0
2022-06-14 08:39:04+02:00,50.0
2022-06-14 08:40:05+02:00,94.8
2022-06-14 08:41:05+02:00,94.3
2022-06-14 08:42:05+02:00,93.9
2022-06-14 08:43:05+02:00,93.8
2022-06-14 08:44:05+02:00,93.5
2022-06-14 08:45:05+02:00,50.0
2022-06-14 08:46:05+02:00,50.0
2022-06-14 08:47:05+02:00,93.0
2022-06-14 08:48:06+02:00,50.0
2022-06-14 08:49:06+02:00,93.1
2022-06-14 08:50:06+02:00,93.5
2022-06-14 08:51:06+02:00,50.0
2022-06-14 08:52:06+02:00,94.0
2022-06-14 08:53:06+02:00,95.4
2022-06-14 08:54:06+02:00,95.0
2022-06-14 08:55:07+02:00,50.0
2022-06-14 08:56:07+02:00,50.0
2022-06-14 08:57:07+02:00,50.0
2022-06-14 08:58:07+02:00,50.0
2022-06-14 08:59:07+02:00,50.0
2022-06-14 09:00:07+02:00,50.0
2022-06-14 09:01:08+02:00,50.0
2022-06-14 09:02:08+02:00,50.0
2022-06-14 09:03:08+02:00,50.0
2022-06-14 09:04:08+02:00,50.0
2022-06-14 09:05:08+02:00,50.0
2022-06-14 09:06:08+02:00,50.0
2022-06-14 09:07:08+02:00,50.0
2022-06-14 09:08:09+02:00,50.0
2022-06-14 09:09:09+02:00,50.0
2022-06-14 09:10:09+02:00,50.0
2022-06-14 09:11:09+02:00,50.0
2022-06-14 09:12:09+02:00,50.0
2022-06-14 09:13:09+02:00,95.1
2022-06-14 09:14:09+02:00,50.0
2022-06-15 00:48:30+02:00,50.0
2022-06-15 00:49:30+02:00,50.0
2022-06-15 00:50:30+02:00,89.5
2022-06-15 00:51:30+02:00,92.0
2022-06-15 00:52:30+02:00,93.2
2022-06-15 00:53:30+02:00,93.9
2022-06-15 00:54:30+02:00,94.1
2022-06-15 00:55:30+02:00,94.0
2022-06-15 00:56:30+02:00,94.0
2022-06-15 00:57:30+02:00,94.0
2022-06-15 00:58:30+02:00,93.8
2022-06-15 00:59:30+02:00,93.5
2022-06-15 01:00:30+02:00,93.5
2022-06-15 01:01:31+02:00,93.3
2022-06-15 01:02:31+02:00,93.3
2022-06-15 01:03:31+02:00,93.3
2022-06-15 01:04:31+02:00,93.1
2022-06-15 01:05:31+02:00,93.2
2022-06-15 01:06:31+02:00,93.3
2022-06-15 01:07:31+02:00,93.2
2022-06-15 01:08:32+02:00,93.0
2022-06-15 01:09:32+02:00,92.6
2022-06-15 01:10:32+02:00,50.0
2022-06-15 01:11:32+02:00,50.0
2022-06-15 01:12:32+02:00,50.0
2022-06-15 01:13:32+02:00,50.0
2022-06-15 01:14:32+02:00,92.2
2022-06-15 01:15:33+02:00,50.0
2022-06-15 01:16:33+02:00,92.6
2022-06-15 01:17:33+02:00,91.1
2022-06-15 01:18:33+02:00,50.0
2022-06-15 01:19:33+02:00,50.0
2022-06-15 01:20:33+02:00,89.6
2022-06-15 01:21:33+02:00,88.0
2022-06-15 01:22:34+02:00,87.0
2022-06-15 01:23:34+02:00,86.9
2022-06-15 01:24:34+02:00,86.7
2022-06-15 01:25:34+02:00,86.6
2022-06-15 01:26:34+02:00,86.7
2022-06-15 01:27:34+02:00,87.1
2022-06-15 01:28:35+02:00,87.5
2022-06-15 01:29:35+02:00,87.5
2022-06-15 01:30:35+02:00,88.0
2022-06-15 01:31:35+02:00,89.0
2022-06-15 01:32:35+02:00,88.6
2022-06-15 01:33:35+02:00,88.4
2022-06-15 01:34:36+02:00,88.4
2022-06-15 01:35:36+02:00,88.6
2022-06-15 01:36:36+02:00,89.1
2022-06-15 01:37:36+02:00,89.1
2022-06-15 01:38:36+02:00,88.9
2022-06-15 01:39:36+02:00,88.6
2022-06-15 01:40:36+02:00,88.3
2022-06-15 01:41:37+02:00,88.7
2022-06-15 01:42:37+02:00,88.4
2022-06-15 01:43:37+02:00,89.0
2022-06-15 01:44:37+02:00,89.2
2022-06-15 01:45:37+02:00,88.7
2022-06-15 01:46:37+02:00,89.2
2022-06-15 01:47:38+02:00,50.0
2022-06-15 01:48:38+02:00,89.1
2022-06-15 01:49:38+02:00,90.1
2022-06-15 01:50:38+02:00,90.6
2022-06-15 01:51:38+02:00,90.8
2022-06-15 01:52:38+02:00,91.1
2022-06-15 01:53:38+02:00,91.2
2022-06-15 01:54:39+02:00,91.2
2022-06-15 01:55:39+02:00,91.2
2022-06-15 01:56:39+02:00,91.1
2022-06-15 01:57:39+02:00,90.9
2022-06-15 01:58:39+02:00,91.2
2022-06-15 01:59:39+02:00,91.2
2022-06-15 02:00:39+02:00,91.1
2022-06-15 02:00:39+02:00,91.1
2022-06-15 02:01:40+02:00,90.8
2022-06-15 02:02:40+02:00,90.7
2022-06-15 02:03:40+02:00,90.7
2022-06-15 02:04:40+02:00,90.7
2022-06-15 02:05:40+02:00,90.9
2022-06-15 02:06:40+02:00,91.0
2022-06-15 02:07:41+02:00,90.6
2022-06-15 02:08:41+02:00,50.0
2022-06-15 02:09:41+02:00,50.0
2022-06-15 02:10:41+02:00,50.0
2022-06-15 02:11:41+02:00,90.7
2022-06-15 02:12:41+02:00,90.2
2022-06-15 02:13:41+02:00,89.9
2022-06-15 02:14:42+02:00,50.0
2022-06-15 02:15:42+02:00,89.7
2022-06-15 02:16:42+02:00,50.0
2022-06-15 02:17:42+02:00,88.1
2022-06-15 02:18:42+02:00,87.4
2022-06-15 02:19:42+02:00,87.3
2022-06-15 02:20:43+02:00,87.6
2022-06-15 02:21:43+02:00,87.9
2022-06-15 02:22:43+02:00,50.0
2022-06-15 02:23:43+02:00,86.7
2022-06-15 02:24:43+02:00,85.2
2022-06-15 02:25:43+02:00,84.3
2022-06-15 02:26:43+02:00,83.4
2022-06-15 02:27:44+02:00,82.8
2022-06-15 02:28:44+02:00,82.6
2022-06-15 02:29:44+02:00,82.4
2022-06-15 02:30:44+02:00,82.6
2022-06-15 02:31:44+02:00,82.6
2022-06-15 02:32:44+02:00,82.4
2022-06-15 02:33:44+02:00,82.3
2022-06-15 02:34:45+02:00,82.2
2022-06-15 02:35:45+02:00,82.1
2022-06-15 02:36:45+02:00,82.0
2022-06-15 02:37:45+02:00,81.9
2022-06-15 02:38:45+02:00,81.9
2022-06-15 02:39:45+02:00,82.1
2022-06-15 02:40:45+02:00,81.8
2022-06-15 02:41:46+02:00,81.8
2022-06-15 02:42:46+02:00,81.5
2022-06-15 02:43:46+02:00,81.3
2022-06-15 02:44:46+02:00,81.6
2022-06-15 02:45:46+02:00,82.1
2022-06-15 02:46:46+02:00,81.2
2022-06-15 02:47:47+02:00,81.2
2022-06-15 02:48:47+02:00,80.6
2022-06-15 02:49:47+02:00,80.5
2022-06-15 02:50:47+02:00,80.0
2022-06-15 02:51:47+02:00,79.8
2022-06-15 02:52:47+02:00,80.5
2022-06-15 02:53:47+02:00,81.2
2022-06-15 02:54:48+02:00,81.9
2022-06-15 02:55:48+02:00,82.4
2022-06-15 02:56:48+02:00,83.0
2022-06-15 02:57:48+02:00,83.1
2022-06-15 02:58:48+02:00,83.5
2022-06-15 02:59:48+02:00,83.4
2022-06-15 03:00:49+02:00,83.6
2022-06-15 03:01:49+02:00,84.4
2022-06-15 03:02:49+02:00,85.0
2022-06-15 03:03:49+02:00,84.8
2022-06-15 03:04:49+02:00,84.8
2022-06-15 03:05:49+02:00,85.3
2022-06-15 03:06:49+02:00,50.0
2022-06-15 03:07:50+02:00,87.4
2022-06-15 03:08:50+02:00,89.3
2022-06-15 03:09:50+02:00,50.0
2022-06-15 03:10:50+02:00,90.7
2022-06-15 03:11:50+02:00,91.5
2022-06-15 03:12:50+02:00,92.0
2022-06-15 03:13:51+02:00,92.2
2022-06-15 03:14:51+02:00,92.3
2022-06-15 03:15:51+02:00,92.4
2022-06-15 03:16:51+02:00,92.5
2022-06-15 03:17:51+02:00,92.3
2022-06-15 03:18:51+02:00,91.8
2022-06-15 03:19:51+02:00,50.0
2022-06-15 03:20:52+02:00,50.0
2022-06-15 03:21:52+02:00,91.4
2022-06-15 03:22:52+02:00,91.2
2022-06-15 03:23:52+02:00,90.9
2022-06-15 03:24:52+02:00,91.1
2022-06-15 03:25:52+02:00,91.3
2022-06-15 03:26:53+02:00,91.4
2022-06-15 03:27:53+02:00,91.3
2022-06-15 03:28:53+02:00,90.9
2022-06-15 03:29:53+02:00,90.7
2022-06-15 03:30:53+02:00,90.8
2022-06-15 03:31:53+02:00,90.7
2022-06-15 03:32:53+02:00,90.4
2022-06-15 03:33:54+02:00,90.4
2022-06-15 03:34:54+02:00,90.0
2022-06-15 03:35:54+02:00,89.8
2022-06-15 03:36:54+02:00,90.3
2022-06-15 03:37:54+02:00,90.0
2022-06-15 03:38:54+02:00,89.9
2022-06-15 03:39:54+02:00,89.8
2022-06-15 03:40:55+02:00,89.5
2022-06-15 03:41:55+02:00,89.3
2022-06-15 03:42:55+02:00,89.4
2022-06-15 03:43:55+02:00,89.5
2022-06-15 03:44:55+02:00,89.2
2022-06-15 03:45:55+02:00,89.1
2022-06-15 03:46:56+02:00,88.8
2022-06-15 03:47:56+02:00,88.5
2022-06-15 03:48:56+02:00,88.5
2022-06-15 03:49:56+02:00,88.5
2022-06-15 03:50:56+02:00,88.4
2022-06-15 03:51:56+02:00,88.4
2022-06-15 03:52:56+02:00,88.3
2022-06-15 03:53:57+02:00,88.3
2022-06-15 03:54:57+02:00,88.3
2022-06-15 03:55:57+02:00,87.9
2022-06-15 03:56:57+02:00,88.3
2022-06-15 03:57:57+02:00,50.0
2022-06-15 03:58:57+02:00,88.4
2022-06-15 03:59:57+02:00,50.0
2022-06-15 04:00:58+02:00,50.0
2022-06-15 04:01:58+02:00,87.7
2022-06-15 04:02:58+02:00,86.9
2022-06-15 04:03:58+02:00,86.6
2022-06-15 04:04:58+02:00,86.5
2022-06-15 04:05:58+02:00,85.5
2022-06-15 04:06:58+02:00,85.5
2022-06-15 04:07:59+02:00,85.5
2022-06-15 04:08:59+02:00,85.6
2022-06-15 04:09:59+02:00,85.5
2022-06-15 04:10:59+02:00,85.1
2022-06-15 04:11:59+02:00,86.2
2022-06-15 04:12:59+02:00,86.1
2022-06-15 04:14:00+02:00,86.4
2022-06-15 04:15:00+02:00,86.6
2022-06-15 04:16:00+02:00,86.8
2022-06-15 04:17:00+02:00,87.6
2022-06-15 04:18:00+02:00,87.9
2022-06-15 04:19:00+02:00,88.4
2022-06-15 04:20:00+02:00,88.9
2022-06-15 04:21:00+02:00,89.4
2022-06-15 04:22:00+02:00,88.9
2022-06-15 04:23:01+02:00,89.2
2022-06-15 04:24:01+02:00,89.6
2022-06-15 04:25:01+02:00,89.3
2022-06-15 04:26:01+02:00,89.5
2022-06-15 04:27:01+02:00,89.8
2022-06-15 04:28:01+02:00,90.3
2022-06-15 04:29:01+02:00,90.8
2022-06-15 04:30:02+02:00,90.7
2022-06-15 04:31:02+02:00,90.7
2022-06-15 04:32:02+02:00,90.3
2022-06-15 04:33:02+02:00,90.4
2022-06-15 04:34:02+02:00,90.4
2022-06-15 04:35:02+02:00,90.6
2022-06-15 04:36:02+02:00,50.0
2022-06-15 04:37:02+02:00,91.9
2022-06-15 04:38:03+02:00,93.6
2022-06-15 04:39:03+02:00,94.2
2022-06-15 04:40:03+02:00,94.0
2022-06-15 04:41:03+02:00,50.0
2022-06-15 04:42:03+02:00,93.5
2022-06-15 04:43:03+02:00,92.9
2022-06-15 04:44:04+02:00,92.2
2022-06-15 04:45:04+02:00,91.6
2022-06-15 04:46:04+02:00,91.3
2022-06-15 04:47:04+02:00,90.6
2022-06-15 04:48:04+02:00,90.8
2022-06-15 04:49:04+02:00,50.0
2022-06-15 04:50:04+02:00,90.0
2022-06-15 04:51:04+02:00,89.2
2022-06-15 04:52:04+02:00,88.8
2022-06-15 04:53:05+02:00,88.4
2022-06-15 04:54:05+02:00,50.0
2022-06-15 04:55:05+02:00,50.0
2022-06-15 04:56:05+02:00,50.0
2022-06-15 04:57:05+02:00,50.0
2022-06-15 04:58:05+02:00,50.0
2022-06-15 04:59:05+02:00,87.5
2022-06-15 05:00:05+02:00,50.0
2022-06-15 05:01:05+02:00,50.0
2022-06-15 05:02:06+02:00,87.8
2022-06-15 05:03:06+02:00,88.6
2022-06-15 05:04:06+02:00,89.5
2022-06-15 05:05:06+02:00,90.2
2022-06-15 05:06:06+02:00,90.7
2022-06-15 05:07:06+02:00,91.2
2022-06-15 05:08:07+02:00,50.0
2022-06-15 05:09:07+02:00,50.0
2022-06-15 05:10:07+02:00,90.3
2022-06-15 05:11:07+02:00,87.1
2022-06-15 05:12:07+02:00,85.7
2022-06-15 05:13:07+02:00,85.4
2022-06-15 05:14:07+02:00,85.1
2022-06-15 05:15:08+02:00,85.9
2022-06-15 05:16:08+02:00,86.2
2022-06-15 05:17:08+02:00,86.5
2022-06-15 05:18:08+02:00,50.0
2022-06-15 05:19:08+02:00,86.2
2022-06-15 05:20:08+02:00,86.0
2022-06-15 05:21:08+02:00,87.4
2022-06-15 05:22:09+02:00,89.3
2022-06-15 05:23:09+02:00,90.4
2022-06-15 05:24:09+02:00,90.5
2022-06-15 05:25:09+02:00,91.1
2022-06-15 05:26:09+02:00,91.0
2022-06-15 05:27:09+02:00,90.1
2022-06-15 05:28:10+02:00,89.7
2022-06-15 05:29:10+02:00,89.1
2022-06-15 05:30:10+02:00,89.8
2022-06-15 05:31:10+02:00,88.7
2022-06-15 05:32:10+02:00,88.5
2022-06-15 05:33:10+02:00,89.4
2022-06-15 05:34:11+02:00,90.3
2022-06-15 05:35:11+02:00,90.6
2022-06-15 05:36:11+02:00,91.1
2022-06-15 05:37:11+02:00,90.6
2022-06-15 05:38:11+02:00,90.7
2022-06-15 05:39:11+02:00,91.0
2022-06-15 05:40:11+02:00,90.8
2022-06-15 05:41:12+02:00,90.1
2022-06-15 05:42:12+02:00,88.4
2022-06-15 05:43:12+02:00,50.0
2022-06-15 05:44:12+02:00,50.0
2022-06-15 05:45:12+02:00,50.0
2022-06-15 05:46:12+02:00,89.8
2022-06-15 05:47:13+02:00,90.8
2022-06-15 05:48:13+02:00,91.3
2022-06-15 05:49:13+02:00,91.4
2022-06-15 05:50:13+02:00,91.1
2022-06-15 05:51:13+02:00,92.0
2022-06-15 05:52:13+02:00,92.6
2022-06-15 05:53:13+02:00,92.5
2022-06-15 05:54:13+02:00,92.7
2022-06-15 05:55:14+02:00,92.7
2022-06-15 05:56:14+02:00,50.0
2022-06-15 05:57:14+02:00,93.2
2022-06-15 05:58:14+02:00,93.2
2022-06-15 05:59:14+02:00,93.2
2022-06-15 06:00:14+02:00,93.1
2022-06-15 06:01:15+02:00,93.1
2022-06-15 06:02:15+02:00,93.0
2022-06-15 06:03:15+02:00,92.9
2022-06-15 06:04:15+02:00,92.9
2022-06-15 06:05:15+02:00,92.9
2022-06-15 06:06:15+02:00,92.8
2022-06-15 06:07:15+02:00,92.9
2022-06-15 06:08:16+02:00,92.8
2022-06-15 06:09:16+02:00,92.8
2022-06-15 06:10:16+02:00,92.8
2022-06-15 06:11:16+02:00,92.8
2022-06-15 06:12:16+02:00,92.7
2022-06-15 06:13:16+02:00,92.7
2022-06-15 06:14:17+02:00,92.7
2022-06-15 06:15:17+02:00,92.6
2022-06-15 06:16:17+02:00,92.5
2022-06-15 06:17:17+02:00,92.6
2022-06-15 06:18:17+02:00,50.0
2022-06-15 06:19:17+02:00,92.7
2022-06-15 06:20:18+02:00,91.5
2022-06-15 06:21:18+02:00,91.5
2022-06-15 06:22:18+02:00,50.0
2022-06-15 06:23:18+02:00,90.4
2022-06-15 06:24:18+02:00,89.7
2022-06-15 06:25:18+02:00,50.0
2022-06-15 06:26:18+02:00,90.3
2022-06-15 06:27:19+02:00,90.8
2022-06-15 06:28:19+02:00,91.3
2022-06-15 06:29:19+02:00,91.6
2022-06-15 06:30:19+02:00,91.8
2022-06-15 06:31:19+02:00,50.0
2022-06-15 06:32:19+02:00,50.0
2022-06-15 06:33:19+02:00,50.0
2022-06-15 06:34:20+02:00,91.6
2022-06-15 06:35:20+02:00,87.9
2022-06-15 06:36:20+02:00,85.9
2022-06-15 06:37:20+02:00,85.0
2022-06-15 06:38:20+02:00,50.0
2022-06-15 06:39:20+02:00,85.2
2022-06-15 06:40:20+02:00,86.4
2022-06-15 06:41:21+02:00,86.4
2022-06-15 06:42:21+02:00,91.2
2022-06-15 06:43:21+02:00,94.3
2022-06-15 06:44:21+02:00,97.0
2022-06-15 06:45:21+02:00,98.1
2022-06-15 06:46:21+02:00,50.0
2022-06-15 06:47:21+02:00,50.0
2022-06-15 06:48:22+02:00,50.0
2022-06-15 06:49:22+02:00,93.3
2022-06-15 06:50:22+02:00,89.8
2022-06-15 06:51:22+02:00,87.5
2022-06-15 06:52:22+02:00,85.8
2022-06-15 06:53:22+02:00,84.6
2022-06-15 06:54:22+02:00,84.2
2022-06-15 06:55:23+02:00,83.5
2022-06-15 06:56:23+02:00,83.3
2022-06-15 06:57:23+02:00,83.2
2022-06-15 06:58:23+02:00,82.6
2022-06-15 06:59:23+02:00,82.7
2022-06-15 07:00:23+02:00,82.9
2022-06-15 07:01:24+02:00,82.8
2022-06-15 07:02:24+02:00,82.7
2022-06-15 07:03:24+02:00,82.3
2022-06-15 07:04:24+02:00,82.4
2022-06-15 07:05:24+02:00,82.5
2022-06-15 07:06:24+02:00,50.0
2022-06-15 07:07:24+02:00,83.0
2022-06-15 07:08:25+02:00,50.0
2022-06-15 07:09:25+02:00,85.5
2022-06-15 07:10:25+02:00,87.2
2022-06-15 07:11:25+02:00,87.9
2022-06-15 07:12:25+02:00,88.5
2022-06-15 07:13:25+02:00,89.2
2022-06-15 07:14:25+02:00,89.6
2022-06-15 07:15:25+02:00,89.7
2022-06-15 07:16:25+02:00,50.0
2022-06-15 07:17:26+02:00,89.8
2022-06-15 07:18:26+02:00,89.9
2022-06-15 07:19:26+02:00,88.7
2022-06-15 07:20:26+02:00,88.3
2022-06-15 07:21:26+02:00,88.5
2022-06-15 07:22:26+02:00,50.0
2022-06-15 07:23:26+02:00,89.2
2022-06-15 07:24:26+02:00,88.3
2022-06-15 07:25:26+02:00,87.2
2022-06-15 07:26:26+02:00,87.9
2022-06-15 07:27:26+02:00,88.1
2022-06-15 07:28:27+02:00,90.2
2022-06-15 07:29:27+02:00,91.7
2022-06-15 07:30:27+02:00,91.6
2022-06-15 07:31:27+02:00,93.1
2022-06-15 07:32:27+02:00,94.4
2022-06-15 07:33:27+02:00,95.1
2022-06-15 07:34:27+02:00,50.0
2022-06-15 07:35:27+02:00,93.4
2022-06-15 07:36:28+02:00,50.0
2022-06-15 07:37:28+02:00,93.2
2022-06-15 07:38:28+02:00,93.3
2022-06-15 07:39:28+02:00,93.2
2022-06-15 07:40:28+02:00,93.7
2022-06-15 07:41:28+02:00,92.9
2022-06-15 07:42:28+02:00,93.8
2022-06-15 07:43:28+02:00,50.0
2022-06-15 07:44:28+02:00,92.6
2022-06-15 07:45:28+02:00,92.1
2022-06-15 07:46:29+02:00,92.6
2022-06-15 07:47:29+02:00,93.1
2022-06-15 07:48:29+02:00,92.5
2022-06-15 07:49:29+02:00,92.9
2022-06-15 07:50:29+02:00,93.0
2022-06-15 07:51:29+02:00,92.7
2022-06-15 07:52:29+02:00,92.9
2022-06-15 07:53:29+02:00,50.0
2022-06-15 07:54:30+02:00,92.4
2022-06-15 07:55:30+02:00,92.4
2022-06-15 07:56:30+02:00,91.0
2022-06-15 07:57:30+02:00,91.8
2022-06-15 07:58:30+02:00,50.0
2022-06-15 07:59:30+02:00,91.4
2022-06-15 08:00:30+02:00,90.2
2022-06-15 08:01:30+02:00,89.2
2022-06-15 08:02:30+02:00,50.0
2022-06-15 08:03:31+02:00,50.0
2022-06-15 08:04:31+02:00,89.5
2022-06-15 08:05:31+02:00,89.6
2022-06-15 08:06:31+02:00,88.0
2022-06-15 08:07:31+02:00,87.5
2022-06-15 08:08:31+02:00,86.9
2022-06-15 08:09:31+02:00,50.0
2022-06-15 08:10:31+02:00,87.2
2022-06-15 08:11:32+02:00,87.6
2022-06-15 08:12:32+02:00,88.0
2022-06-15 08:13:32+02:00,88.1
2022-06-15 08:14:32+02:00,88.3
2022-06-15 08:15:32+02:00,88.3
2022-06-15 08:16:32+02:00,88.6
2022-06-15 08:17:33+02:00,88.5
2022-06-15 08:18:33+02:00,50.0
2022-06-15 08:19:33+02:00,88.7
2022-06-15 08:20:33+02:00,88.8
2022-06-15 08:21:33+02:00,88.8
2022-06-15 08:22:33+02:00,89.0
2022-06-15 08:23:33+02:00,89.2
2022-06-15 08:24:34+02:00,89.2
2022-06-15 08:25:34+02:00,89.3
2022-06-15 08:26:34+02:00,89.2
2022-06-15 08:27:34+02:00,89.2
2022-06-15 08:28:34+02:00,89.2
2022-06-15 08:29:34+02:00,89.1
2022-06-15 08:30:35+02:00,89.1
2022-06-15 08:31:35+02:00,89.0
2022-06-15 08:32:35+02:00,89.0
2022-06-15 08:33:35+02:00,89.1
2022-06-15 08:34:35+02:00,89.2
2022-06-15 08:35:35+02:00,89.2
2022-06-15 08:36:35+02:00,89.2
2022-06-15 08:37:36+02:00,89.1
2022-06-15 08:38:36+02:00,89.3
2022-06-15 08:39:36+02:00,89.4
2022-06-15 08:40:36+02:00,89.6
2022-06-15 08:41:36+02:00,89.7
2022-06-15 08:42:36+02:00,89.7
2022-06-15 08:43:36+02:00,89.6
2022-06-15 08:44:37+02:00,89.7
2022-06-15 08:45:37+02:00,89.8
2022-06-15 08:46:37+02:00,89.8
2022-06-15 08:47:37+02:00,89.8
2022-06-15 08:48:37+02:00,89.9
2022-06-15 08:49:37+02:00,90.1
2022-06-15 08:50:38+02:00,90.1
2022-06-15 08:51:38+02:00,90.2
2022-06-15 08:52:38+02:00,90.4
2022-06-15 08:53:38+02:00,90.5
2022-06-15 08:54:38+02:00,90.4
2022-06-15 08:55:38+02:00,90.6
2022-06-15 08:56:38+02:00,50.0
2022-06-15 08:57:39+02:00,50.0
2022-06-15 08:58:39+02:00,50.0
2022-06-15 08:59:39+02:00,91.0
2022-06-15 09:00:39+02:00,91.7
2022-06-15 09:01:39+02:00,92.1
2022-06-15 09:02:39+02:00,92.3
2022-06-15 09:03:39+02:00,50.0
2022-06-15 09:04:40+02:00,92.9
2022-06-15 09:05:40+02:00,50.0
2022-06-15 09:06:40+02:00,92.1
2022-06-15 09:07:40+02:00,92.3
2022-06-15 09:08:40+02:00,92.1
2022-06-15 09:09:40+02:00,92.4
2022-06-15 09:10:41+02:00,50.0
2022-06-15 09:11:41+02:00,91.8
2022-06-15 09:12:41+02:00,91.7
2022-06-15 09:13:41+02:00,91.9
2022-06-15 09:14:41+02:00,50.0
2022-06-15 09:15:41+02:00,91.1
2022-06-15 09:16:42+02:00,91.9
2022-06-15 09:17:42+02:00,92.3
2022-06-15 09:18:42+02:00,92.8
2022-06-15 09:19:42+02:00,92.7
2022-06-15 09:20:42+02:00,93.1
2022-06-15 09:21:42+02:00,92.9
2022-06-15 09:22:43+02:00,92.9
2022-06-15 09:23:43+02:00,93.3
2022-06-15 09:24:43+02:00,93.0
2022-06-15 09:25:43+02:00,93.0
2022-06-15 09:26:43+02:00,93.1
2022-06-15 09:27:43+02:00,93.1
2022-06-15 09:28:43+02:00,93.3
2022-06-15 09:29:44+02:00,93.9
2022-06-15 09:30:44+02:00,93.9
2022-06-15 09:31:44+02:00,93.1
2022-06-15 09:32:44+02:00,93.5
2022-06-15 09:33:44+02:00,93.4
2022-06-15 09:34:44+02:00,92.3
2022-06-15 09:35:45+02:00,91.9
2022-06-15 09:36:45+02:00,92.4
2022-06-15 09:37:45+02:00,92.4
2022-06-15 09:38:45+02:00,91.9
2022-06-15 09:39:45+02:00,91.3
2022-06-15 09:40:45+02:00,90.3
2022-06-15 09:41:45+02:00,90.5
2022-06-15 09:42:46+02:00,50.0
2022-06-15 09:43:46+02:00,91.1
2022-06-15 09:44:46+02:00,91.3
2022-06-15 09:45:46+02:00,92.9
2022-06-15 09:46:46+02:00,93.8
2022-06-15 09:47:46+02:00,94.4
2022-06-15 09:48:47+02:00,94.8
2022-06-15 09:49:47+02:00,95.2
2022-06-15 09:50:47+02:00,50.0
2022-06-15 09:51:47+02:00,95.1
2022-06-15 09:52:47+02:00,50.0
2022-06-15 09:53:47+02:00,50.0
2022-06-15 09:54:48+02:00,50.0
2022-06-15 09:55:48+02:00,50.0
2022-06-15 09:56:48+02:00,94.1
2022-06-15 09:57:48+02:00,50.0
2022-06-15 09:58:48+02:00,50.0
2022-06-15 09:59:48+02:00,50.0
2022-06-15 10:00:49+02:00,50.0
2022-06-15 10:01:49+02:00,50.0
2022-06-15 10:02:49+02:00,50.0
2022-06-15 10:03:49+02:00,50.0
2022-06-15 10:04:49+02:00,50.0
2022-06-15 10:05:49+02:00,50.0
2022-06-15 10:06:49+02:00,50.0
2022-06-15 10:07:50+02:00,50.0
2022-06-15 10:08:50+02:00,50.0
2022-06-15 10:09:50+02:00,50.0
2022-06-15 10:10:50+02:00,50.0
2022-06-15 10:11:50+02:00,50.0
2022-06-15 10:12:50+02:00,50.0
2022-06-15 10:13:51+02:00,50.0
2022-06-15 10:14:51+02:00,50.0
2022-06-15 10:15:51+02:00,50.0
2022-06-15 10:16:51+02:00,50.0
2022-06-15 10:17:51+02:00,50.0
2022-06-15 10:18:51+02:00,50.0
2022-06-15 10:19:52+02:00,50.0
2022-06-15 10:20:52+02:00,50.0
2022-06-15 10:21:52+02:00,50.0
2022-06-15 10:22:52+02:00,50.0
2022-06-15 10:23:52+02:00,50.0
2022-06-15 10:24:52+02:00,50.0
2022-06-15 10:25:52+02:00,50.0
2022-06-16 02:05:30+02:00,50.0
2022-06-16 02:06:30+02:00,94.2
2022-06-16 02:07:30+02:00,94.3
2022-06-16 02:08:30+02:00,94.3
2022-06-16 02:09:30+02:00,94.2
2022-06-16 02:10:30+02:00,94.2
2022-06-16 02:11:30+02:00,94.1
2022-06-16 02:12:30+02:00,94.0
2022-06-16 02:13:30+02:00,94.0
2022-06-16 02:14:30+02:00,50.0
2022-06-16 02:15:30+02:00,93.4
2022-06-16 02:16:30+02:00,92.5
2022-06-16 02:17:31+02:00,50.0
2022-06-16 02:18:31+02:00,50.0
2022-06-16 02:19:31+02:00,50.0
2022-06-16 02:20:31+02:00,50.0
2022-06-16 02:21:31+02:00,91.8
2022-06-16 02:22:31+02:00,92.6
2022-06-16 02:23:31+02:00,93.2
2022-06-16 02:24:32+02:00,93.5
2022-06-16 02:25:32+02:00,93.5
2022-06-16 02:26:32+02:00,93.9
2022-06-16 02:27:32+02:00,94.1
2022-06-16 02:28:32+02:00,94.3
2022-06-16 02:29:32+02:00,94.3
2022-06-16 02:30:33+02:00,94.2
2022-06-16 02:31:33+02:00,94.3
2022-06-16 02:32:33+02:00,94.5
2022-06-16 02:33:33+02:00,50.0
2022-06-16 02:34:33+02:00,94.5
2022-06-16 02:35:33+02:00,94.4
2022-06-16 02:36:33+02:00,94.3
2022-06-16 02:37:34+02:00,94.2
2022-06-16 02:38:34+02:00,94.2
2022-06-16 02:39:34+02:00,94.2
2022-06-16 02:40:34+02:00,94.2
2022-06-16 02:41:34+02:00,94.2
2022-06-16 02:42:34+02:00,94.3
2022-06-16 02:43:34+02:00,94.3
2022-06-16 02:44:35+02:00,94.2
2022-06-16 02:45:35+02:00,94.2
2022-06-16 02:46:35+02:00,94.2
2022-06-16 02:47:35+02:00,94.1
2022-06-16 02:48:35+02:00,94.1
2022-06-16 02:49:35+02:00,94.1
2022-06-16 02:50:36+02:00,94.1
2022-06-16 02:51:36+02:00,94.2
2022-06-16 02:52:36+02:00,94.1
2022-06-16 02:53:36+02:00,50.0
2022-06-16 02:54:36+02:00,50.0
2022-06-16 02:55:36+02:00,94.1
2022-06-16 02:56:36+02:00,93.6
2022-06-16 02:57:37+02:00,93.7
2022-06-16 02:58:37+02:00,93.7
2022-06-16 02:59:37+02:00,93.7
2022-06-16 03:00:37+02:00,93.4
2022-06-16 03:01:37+02:00,93.1
2022-06-16 03:02:37+02:00,93.5
2022-06-16 03:03:37+02:00,93.8
2022-06-16 03:04:38+02:00,94.0
2022-06-16 03:05:38+02:00,93.9
2022-06-16 03:06:38+02:00,50.0
2022-06-16 03:07:38+02:00,94.0
2022-06-16 03:08:38+02:00,93.6
2022-06-16 03:09:38+02:00,93.3
2022-06-16 03:10:38+02:00,93.2
2022-06-16 03:11:39+02:00,91.3
2022-06-16 03:12:39+02:00,92.3
2022-06-16 03:13:39+02:00,93.0
2022-06-16 03:14:39+02:00,93.4
2022-06-16 03:15:39+02:00,94.1
2022-06-16 03:16:39+02:00,50.0
2022-06-16 03:17:40+02:00,94.8
2022-06-16 03:18:40+02:00,94.9
2022-06-16 03:19:40+02:00,50.0
2022-06-16 03:20:40+02:00,94.8
2022-06-16 03:21:40+02:00,94.8
2022-06-16 03:22:40+02:00,94.7
2022-06-16 03:23:40+02:00,95.0
2022-06-16 03:24:41+02:00,94.8
2022-06-16 03:25:41+02:00,95.0
2022-06-16 03:26:41+02:00,95.2
2022-06-16 03:27:41+02:00,95.0
2022-06-16 03:28:41+02:00,94.9
2022-06-16 03:29:41+02:00,94.9
2022-06-16 03:30:42+02:00,95.0
2022-06-16 03:31:42+02:00,95.0
2022-06-16 03:32:42+02:00,94.9
2022-06-16 03:33:42+02:00,94.9
2022-06-16 03:34:42+02:00,94.9
2022-06-16 03:35:42+02:00,94.8
2022-06-16 03:36:42+02:00,94.8
2022-06-16 03:37:43+02:00,94.9
2022-06-16 03:38:43+02:00,94.7
2022-06-16 03:39:43+02:00,50.0
2022-06-16 03:40:43+02:00,95.0
2022-06-16 03:41:43+02:00,95.3
2022-06-16 03:42:43+02:00,95.4
2022-06-16 03:43:44+02:00,95.6
2022-06-16 03:44:44+02:00,95.7
2022-06-16 03:45:44+02:00,95.8
2022-06-16 03:46:44+02:00,95.9
2022-06-16 03:47:44+02:00,95.7
2022-06-16 03:48:44+02:00,95.5
2022-06-16 03:49:44+02:00,95.4
2022-06-16 03:50:45+02:00,95.5
2022-06-16 03:51:45+02:00,95.6
2022-06-16 03:52:45+02:00,95.5
2022-06-16 03:53:45+02:00,95.4
2022-06-16 03:54:45+02:00,95.3
2022-06-16 03:55:45+02:00,50.0
2022-06-16 03:56:45+02:00,94.8
2022-06-16 03:57:46+02:00,94.4
2022-06-16 03:58:46+02:00,94.2
2022-06-16 03:59:46+02:00,93.9
2022-06-16 04:00:46+02:00,93.9
2022-06-16 04:01:46+02:00,94.0
2022-06-16 04:02:46+02:00,93.8
2022-06-16 04:03:46+02:00,93.8
2022-06-16 04:04:47+02:00,93.8
2022-06-16 04:05:47+02:00,93.7
2022-06-16 04:06:47+02:00,93.7
2022-06-16 04:07:47+02:00,93.7
2022-06-16 04:08:47+02:00,93.7
2022-06-16 04:09:47+02:00,93.7
2022-06-16 04:10:48+02:00,93.6
2022-06-16 04:11:48+02:00,93.6
2022-06-16 04:12:48+02:00,93.6
2022-06-16 04:13:48+02:00,93.6
2022-06-16 04:14:48+02:00,93.5
2022-06-16 04:15:48+02:00,50.0
2022-06-16 04:16:48+02:00,50.0
2022-06-16 04:17:49+02:00,93.5
2022-06-16 04:18:49+02:00,50.0
2022-06-16 04:19:49+02:00,92.5
2022-06-16 04:20:49+02:00,50.0
2022-06-16 04:21:49+02:00,92.1
2022-06-16 04:22:49+02:00,92.9
2022-06-16 04:23:49+02:00,93.4
2022-06-16 04:24:50+02:00,93.8
2022-06-16 04:25:50+02:00,93.9
2022-06-16 04:26:50+02:00,94.0
2022-06-16 04:27:50+02:00,94.1
2022-06-16 04:28:50+02:00,94.1
2022-06-16 04:29:50+02:00,94.2
2022-06-16 04:30:51+02:00,94.2
2022-06-16 04:31:51+02:00,94.2
2022-06-16 04:32:51+02:00,94.2
2022-06-16 04:33:51+02:00,94.2
2022-06-16 04:34:51+02:00,94.2
2022-06-16 04:35:51+02:00,94.2
2022-06-16 04:36:51+02:00,94.2
2022-06-16 04:37:52+02:00,94.2
2022-06-16 04:38:52+02:00,94.3
2022-06-16 04:39:52+02:00,94.2
2022-06-16 04:40:52+02:00,94.3
2022-06-16 04:41:52+02:00,94.3
2022-06-16 04:42:52+02:00,94.3
2022-06-16 04:43:53+02:00,94.2
2022-06-16 04:44:53+02:00,94.2
2022-06-16 04:45:53+02:00,94.1
2022-06-16 04:46:53+02:00,94.1
2022-06-16 04:47:53+02:00,94.1
2022-06-16 04:48:53+02:00,94.1
2022-06-16 04:49:53+02:00,94.1
2022-06-16 04:50:54+02:00,94.1
2022-06-16 04:51:54+02:00,94.1
2022-06-16 04:52:54+02:00,94.0
2022-06-16 04:53:54+02:00,94.0
2022-06-16 04:54:54+02:00,50.0
2022-06-16 04:55:54+02:00,94.1
2022-06-16 04:56:54+02:00,94.1
2022-06-16 04:57:55+02:00,94.0
2022-06-16 04:58:55+02:00,94.0
2022-06-16 04:59:55+02:00,94.0
2022-06-16 05:00:55+02:00,93.7
2022-06-16 05:01:55+02:00,93.5
2022-06-16 05:02:55+02:00,93.6
2022-06-16 05:03:56+02:00,93.8
2022-06-16 05:04:56+02:00,50.0
2022-06-16 05:05:56+02:00,94.0
2022-06-16 05:06:56+02:00,94.3
2022-06-16 05:07:56+02:00,94.4
2022-06-16 05:08:56+02:00,94.6
2022-06-16 05:09:56+02:00,50.0
2022-06-16 05:10:57+02:00,50.0
2022-06-16 05:11:57+02:00,93.9
2022-06-16 05:12:57+02:00,93.9
2022-06-16 05:13:57+02:00,93.7
2022-06-16 05:14:57+02:00,93.4
2022-06-16 05:15:57+02:00,93.2
2022-06-16 05:16:58+02:00,93.0
2022-06-16 05:17:58+02:00,92.9
2022-06-16 05:18:58+02:00,93.1
2022-06-16 05:19:58+02:00,93.0
2022-06-16 05:20:58+02:00,92.8
2022-06-16 05:21:58+02:00,92.7
2022-06-16 05:22:58+02:00,92.9
2022-06-16 05:23:59+02:00,92.8
2022-06-16 05:24:59+02:00,92.7
2022-06-16 05:25:59+02:00,92.6
2022-06-16 05:26:59+02:00,92.7
2022-06-16 05:27:59+02:00,92.6
2022-06-16 05:28:59+02:00,92.7
2022-06-16 05:30:00+02:00,92.6
2022-06-16 05:31:00+02:00,92.5
2022-06-16 05:32:00+02:00,50.0
2022-06-16 05:33:00+02:00,92.8
2022-06-16 05:34:00+02:00,50.0
2022-06-16 05:35:00+02:00,93.1
2022-06-16 05:36:00+02:00,93.5
2022-06-16 05:37:00+02:00,93.6
2022-06-16 05:38:00+02:00,93.9
2022-06-16 05:39:00+02:00,94.5
2022-06-16 05:40:01+02:00,94.8
2022-06-16 05:41:01+02:00,95.1
2022-06-16 05:42:01+02:00,95.2
2022-06-16 05:43:01+02:00,95.4
2022-06-16 05:44:01+02:00,95.5
2022-06-16 05:45:01+02:00,95.5
2022-06-16 05:46:01+02:00,95.5
2022-06-16 05:47:02+02:00,95.6
2022-06-16 05:48:02+02:00,95.6
2022-06-16 05:49:02+02:00,95.6
2022-06-16 05:50:02+02:00,95.7
2022-06-16 05:51:02+02:00,95.6
2022-06-16 05:52:02+02:00,95.7
2022-06-16 05:53:02+02:00,95.7
2022-06-16 05:54:02+02:00,95.7
2022-06-16 05:55:02+02:00,95.7
2022-06-16 05:56:03+02:00,95.7
2022-06-16 05:57:03+02:00,95.7
2022-06-16 05:58:03+02:00,95.7
2022-06-16 05:59:03+02:00,95.7
2022-06-16 06:00:03+02:00,95.7
2022-06-16 06:01:03+02:00,95.7
2022-06-16 06:02:03+02:00,50.0
2022-06-16 06:03:03+02:00,50.0
2022-06-16 06:04:04+02:00,50.0
2022-06-16 06:05:04+02:00,50.0
2022-06-16 06:06:04+02:00,94.4
2022-06-16 06:07:04+02:00,50.0
2022-06-16 06:08:04+02:00,93.3
2022-06-16 06:09:04+02:00,92.9
2022-06-16 06:10:04+02:00,92.7
2022-06-16 06:11:04+02:00,92.7
2022-06-16 06:12:05+02:00,92.6
2022-06-16 06:13:05+02:00,92.8
2022-06-16 06:14:05+02:00,92.8
2022-06-16 06:15:05+02:00,92.7
2022-06-16 06:16:05+02:00,92.4
2022-06-16 06:17:05+02:00,92.5
2022-06-16 06:18:05+02:00,92.6
2022-06-16 06:19:05+02:00,92.7
2022-06-16 06:20:06+02:00,92.8
2022-06-16 06:21:06+02:00,92.8
2022-06-16 06:22:06+02:00,92.9
2022-06-16 06:23:06+02:00,92.7
2022-06-16 06:24:06+02:00,92.7
2022-06-16 06:25:06+02:00,92.8
2022-06-16 06:26:06+02:00,92.8
2022-06-16 06:27:07+02:00,50.0
2022-06-16 06:28:07+02:00,92.9
2022-06-16 06:29:07+02:00,50.0
2022-06-16 06:30:07+02:00,93.6
2022-06-16 06:31:07+02:00,94.2
2022-06-16 06:32:07+02:00,50.0
2022-06-16 06:33:08+02:00,94.8
2022-06-16 06:34:08+02:00,95.1
2022-06-16 06:35:08+02:00,95.3
2022-06-16 06:36:08+02:00,95.5
2022-06-16 06:37:08+02:00,95.7
2022-06-16 06:38:08+02:00,95.9
2022-06-16 06:39:08+02:00,95.8
2022-06-16 06:40:09+02:00,95.9
2022-06-16 06:41:09+02:00,96.0
2022-06-16 06:42:09+02:00,96.0
2022-06-16 06:43:09+02:00,95.9
2022-06-16 06:44:09+02:00,95.9
2022-06-16 06:45:09+02:00,96.0
2022-06-16 06:46:09+02:00,96.0
2022-06-16 06:47:10+02:00,96.0
2022-06-16 06:48:10+02:00,95.9
2022-06-16 06:49:10+02:00,96.0
2022-06-16 06:50:10+02:00,50.0
2022-06-16 06:51:10+02:00,95.6
2022-06-16 06:52:10+02:00,50.0
2022-06-16 06:53:10+02:00,95.1
2022-06-16 06:54:11+02:00,50.0
2022-06-16 06:55:11+02:00,94.9
2022-06-16 06:56:11+02:00,94.6
2022-06-16 06:57:11+02:00,94.3
2022-06-16 06:58:11+02:00,94.2
2022-06-16 06:59:11+02:00,94.1
2022-06-16 07:00:12+02:00,93.8
2022-06-16 07:01:12+02:00,93.5
2022-06-16 07:02:12+02:00,93.0
2022-06-16 07:03:12+02:00,92.9
2022-06-16 07:04:12+02:00,92.7
2022-06-16 07:05:12+02:00,92.6
2022-06-16 07:06:12+02:00,92.6
2022-06-16 07:07:13+02:00,92.3
2022-06-16 07:08:13+02:00,92.2
2022-06-16 07:09:13+02:00,92.1
2022-06-16 07:10:13+02:00,92.2
2022-06-16 07:11:13+02:00,91.9
2022-06-16 07:12:13+02:00,91.8
2022-06-16 07:13:13+02:00,92.0
2022-06-16 07:14:14+02:00,92.0
2022-06-16 07:15:14+02:00,92.2
2022-06-16 07:16:14+02:00,92.3
2022-06-16 07:17:14+02:00,50.0
2022-06-16 07:18:14+02:00,92.2
2022-06-16 07:19:14+02:00,50.0
2022-06-16 07:20:14+02:00,50.0
2022-06-16 07:21:15+02:00,93.1
2022-06-16 07:22:15+02:00,50.0
2022-06-16 07:23:15+02:00,92.9
2022-06-16 07:24:15+02:00,92.9
2022-06-16 07:25:15+02:00,92.8
2022-06-16 07:26:15+02:00,92.9
2022-06-16 07:27:16+02:00,93.0
2022-06-16 07:28:16+02:00,92.9
2022-06-16 07:29:16+02:00,93.1
2022-06-16 07:30:16+02:00,93.1
2022-06-16 07:31:16+02:00,93.2
2022-06-16 07:32:16+02:00,93.2
2022-06-16 07:33:16+02:00,93.3
2022-06-16 07:34:17+02:00,93.4
2022-06-16 07:35:17+02:00,93.8
2022-06-16 07:36:17+02:00,93.8
2022-06-16 07:37:17+02:00,94.1
2022-06-16 07:38:17+02:00,94.1
2022-06-16 07:39:17+02:00,94.2
2022-06-16 07:40:18+02:00,94.3
2022-06-16 07:41:18+02:00,94.4
2022-06-16 07:42:18+02:00,94.6
2022-06-16 07:43:18+02:00,94.3
2022-06-16 07:44:18+02:00,94.3
2022-06-16 07:45:18+02:00,94.3
2022-06-16 07:46:18+02:00,94.4
2022-06-16 07:47:19+02:00,94.3
2022-06-16 07:48:19+02:00,94.3
2022-06-16 07:49:19+02:00,94.2
2022-06-16 07:50:19+02:00,94.2
2022-06-16 07:51:19+02:00,94.1
2022-06-16 07:52:19+02:00,93.9
2022-06-16 07:53:19+02:00,50.0
2022-06-16 07:54:20+02:00,93.7
2022-06-16 07:55:20+02:00,93.8
2022-06-16 07:56:20+02:00,93.8
2022-06-16 07:57:20+02:00,50.0
2022-06-16 07:58:20+02:00,93.8
2022-06-16 07:59:20+02:00,50.0
2022-06-16 08:00:21+02:00,93.8
2022-06-16 08:01:21+02:00,94.2
2022-06-16 08:02:21+02:00,50.0
2022-06-16 08:03:21+02:00,94.8
2022-06-16 08:04:21+02:00,95.0
2022-06-16 08:05:21+02:00,95.2
2022-06-16 08:06:22+02:00,50.0
2022-06-16 08:07:22+02:00,50.0
2022-06-16 08:08:22+02:00,95.2
2022-06-16 08:09:22+02:00,94.9
2022-06-16 08:10:22+02:00,94.8
2022-06-16 08:11:22+02:00,94.5
2022-06-16 08:12:22+02:00,94.6
2022-06-16 08:13:23+02:00,94.9
2022-06-16 08:14:23+02:00,50.0
2022-06-16 08:15:23+02:00,94.8
2022-06-16 08:16:23+02:00,50.0
2022-06-16 08:17:23+02:00,94.7
2022-06-16 08:18:23+02:00,94.4
2022-06-16 08:19:24+02:00,94.1
2022-06-16 08:20:24+02:00,93.9
2022-06-16 08:21:24+02:00,94.0
2022-06-16 08:22:24+02:00,94.2
2022-06-16 08:23:24+02:00,94.3
2022-06-16 08:24:24+02:00,94.7
2022-06-16 08:25:24+02:00,95.0
2022-06-16 08:26:25+02:00,95.2
2022-06-16 08:27:25+02:00,95.5
2022-06-16 08:28:25+02:00,95.6
2022-06-16 08:29:25+02:00,95.7
2022-06-16 08:30:25+02:00,50.0
2022-06-16 08:31:25+02:00,95.2
2022-06-16 08:32:25+02:00,94.8
2022-06-16 08:33:25+02:00,50.0
2022-06-16 08:34:25+02:00,50.0
2022-06-16 08:35:25+02:00,94.7
2022-06-16 08:36:25+02:00,94.9
2022-06-16 08:37:26+02:00,95.0
2022-06-16 08:38:26+02:00,95.2
2022-06-16 08:39:26+02:00,95.4
2022-06-16 08:40:26+02:00,95.5
2022-06-16 08:41:26+02:00,50.0
2022-06-16 08:42:26+02:00,95.5
2022-06-16 08:43:26+02:00,50.0
2022-06-16 08:44:26+02:00,94.6
2022-06-16 08:45:26+02:00,94.2
2022-06-16 08:46:26+02:00,94.1
2022-06-16 08:47:26+02:00,94.0
2022-06-16 08:48:26+02:00,93.9
2022-06-16 08:49:27+02:00,93.9
2022-06-16 08:50:27+02:00,93.8
2022-06-16 08:51:27+02:00,93.8
2022-06-16 08:52:27+02:00,93.8
2022-06-16 08:53:27+02:00,93.8
2022-06-16 08:54:27+02:00,93.8
2022-06-16 08:55:27+02:00,93.8
2022-06-16 08:56:27+02:00,93.8
2022-06-16 08:57:27+02:00,93.8
2022-06-16 08:58:27+02:00,93.8
2022-06-16 08:59:27+02:00,93.8
2022-06-16 09:00:27+02:00,93.7
2022-06-16 09:01:28+02:00,50.0
2022-06-16 09:02:28+02:00,50.0
2022-06-16 09:03:28+02:00,93.8
2022-06-16 09:04:28+02:00,93.7
2022-06-16 09:05:28+02:00,93.5
2022-06-16 09:06:28+02:00,93.5
2022-06-16 09:07:28+02:00,93.6
2022-06-16 09:08:28+02:00,93.7
2022-06-16 09:09:28+02:00,93.9
2022-06-16 09:10:28+02:00,50.0
2022-06-16 09:11:28+02:00,94.1
2022-06-16 09:12:28+02:00,94.1
2022-06-16 09:13:29+02:00,50.0
2022-06-16 09:14:29+02:00,94.2
2022-06-16 09:15:29+02:00,94.2
2022-06-16 09:16:29+02:00,50.0
2022-06-16 09:17:29+02:00,94.5
2022-06-16 09:18:29+02:00,94.6
2022-06-16 09:19:29+02:00,94.7
2022-06-16 09:20:29+02:00,94.9
2022-06-16 09:21:29+02:00,94.8
2022-06-16 09:22:29+02:00,94.9
2022-06-16 09:23:30+02:00,94.9
2022-06-16 09:24:30+02:00,50.0
2022-06-16 09:25:30+02:00,95.1
2022-06-16 09:26:30+02:00,95.2
2022-06-16 09:27:30+02:00,95.1
2022-06-16 09:28:30+02:00,95.1
2022-06-16 09:29:30+02:00,95.0
2022-06-16 09:30:30+02:00,50.0
2022-06-16 09:31:30+02:00,95.1
2022-06-16 09:32:30+02:00,95.1
2022-06-16 09:33:30+02:00,95.2
2022-06-16 09:34:31+02:00,95.3
2022-06-16 09:35:31+02:00,95.4
2022-06-16 09:36:31+02:00,95.4
2022-06-16 09:37:31+02:00,95.5
2022-06-16 09:38:31+02:00,95.4
2022-06-16 09:39:31+02:00,95.5
2022-06-16 09:40:31+02:00,95.5
2022-06-16 09:41:32+02:00,95.5
2022-06-16 09:42:32+02:00,95.8
2022-06-16 09:43:32+02:00,95.8
2022-06-16 09:44:32+02:00,50.0
2022-06-16 09:45:32+02:00,95.5
2022-06-16 09:46:32+02:00,94.9
2022-06-16 09:47:33+02:00,94.5
2022-06-16 09:48:33+02:00,50.0
2022-06-16 09:49:33+02:00,94.7
2022-06-16 09:50:33+02:00,95.0
2022-06-16 09:51:33+02:00,50.0
2022-06-16 09:52:33+02:00,94.5
2022-06-16 09:53:33+02:00,93.8
2022-06-16 09:54:34+02:00,93.1
2022-06-16 09:55:34+02:00,92.6
2022-06-16 09:56:34+02:00,92.1
2022-06-16 09:57:34+02:00,91.5
2022-06-16 09:58:34+02:00,50.0
2022-06-16 09:59:34+02:00,92.2
2022-06-16 10:00:34+02:00,93.4
2022-06-16 10:01:35+02:00,94.1
2022-06-16 10:02:35+02:00,94.5
2022-06-16 10:03:35+02:00,94.7
2022-06-16 10:04:35+02:00,94.9
2022-06-16 10:05:35+02:00,95.0
2022-06-16 10:06:35+02:00,95.1
2022-06-16 10:07:36+02:00,95.2
2022-06-16 10:08:36+02:00,50.0
2022-06-16 10:09:36+02:00,50.0
2022-06-16 10:10:36+02:00,50.0
2022-06-16 10:11:36+02:00,50.0
2022-06-16 10:12:36+02:00,50.0
2022-06-16 10:13:36+02:00,50.0
2022-06-16 10:14:37+02:00,50.0
2022-06-16 10:15:37+02:00,50.0
2022-06-16 10:16:37+02:00,50.0
2022-06-16 10:17:37+02:00,95.7
2022-06-16 10:18:37+02:00,50.0
2022-06-16 10:19:37+02:00,50.0
2022-06-16 10:20:38+02:00,50.0
2022-06-16 10:21:38+02:00,50.0
2022-06-16 10:22:38+02:00,95.4
2022-06-16 10:23:38+02:00,50.0
2022-06-16 10:24:38+02:00,50.0
2022-06-16 10:25:38+02:00,50.0
2022-06-16 10:26:39+02:00,50.0
2022-06-16 10:27:39+02:00,50.0
2022-06-16 10:28:39+02:00,95.3
2022-06-16 10:29:39+02:00,50.0
2022-06-16 10:30:39+02:00,50.0
2022-06-16 10:31:39+02:00,50.0
2022-06-16 10:32:39+02:00,50.0
2022-06-16 10:33:40+02:00,50.0
2022-06-16 10:34:40+02:00,50.0
2022-06-16 10:35:40+02:00,50.0
2022-06-16 10:36:40+02:00,50.0
2022-06-16 10:37:40+02:00,50.0
2022-06-16 10:38:40+02:00,50.0
2022-06-16 10:39:40+02:00,50.0
2022-06-16 10:40:41+02:00,50.0
2022-06-16 10:41:41+02:00,50.0
2022-06-16 10:42:41+02:00,50.0
2022-06-16 10:43:41+02:00,50.0
2022-06-16 10:44:41+02:00,50.0
2022-06-16 10:45:41+02:00,50.0
2022-06-16 10:46:42+02:00,50.0
2022-06-16 10:47:42+02:00,50.0
2022-06-16 10:48:42+02:00,50.0
2022-06-16 10:49:42+02:00,50.0
2022-06-17 02:51:30+02:00,50.0
2022-06-17 02:52:30+02:00,92.1
2022-06-17 02:53:30+02:00,92.2
2022-06-17 02:54:30+02:00,92.2
2022-06-17 02:55:30+02:00,92.3
2022-06-17 02:56:30+02:00,92.4
2022-06-17 02:57:30+02:00,92.7
2022-06-17 02:58:30+02:00,92.7
2022-06-17 02:59:30+02:00,92.4
2022-06-17 03:00:30+02:00,50.0
2022-06-17 03:01:30+02:00,89.8
2022-06-17 03:02:30+02:00,85.5
2022-06-17 03:03:30+02:00,81.8
2022-06-17 03:04:31+02:00,78.8
2022-06-17 03:05:31+02:00,78.2
2022-06-17 03:06:31+02:00,77.0
2022-06-17 03:07:31+02:00,76.2
2022-06-17 03:08:31+02:00,50.0
2022-06-17 03:09:31+02:00,50.0
2022-06-17 03:10:32+02:00,50.0
2022-06-17 03:11:32+02:00,50.0
2022-06-17 03:12:32+02:00,50.0
2022-06-17 03:13:32+02:00,50.0
2022-06-17 03:14:32+02:00,50.0
2022-06-17 03:15:32+02:00,50.0
2022-06-17 03:16:32+02:00,50.0
2022-06-17 03:17:33+02:00,50.0
2022-06-17 03:18:33+02:00,80.0
2022-06-17 03:19:33+02:00,50.0
2022-06-17 03:20:33+02:00,84.8
2022-06-17 03:21:33+02:00,50.0
2022-06-17 03:22:33+02:00,87.6
2022-06-17 03:23:33+02:00,88.1
2022-06-17 03:24:34+02:00,88.5
2022-06-17 03:25:34+02:00,88.9
2022-06-17 03:26:34+02:00,89.1
2022-06-17 03:27:34+02:00,89.3
2022-06-17 03:28:34+02:00,89.7
2022-06-17 03:29:34+02:00,90.1
2022-06-17 03:30:35+02:00,90.5
2022-06-17 03:31:35+02:00,50.0
2022-06-17 03:32:35+02:00,90.4
2022-06-17 03:33:35+02:00,90.5
2022-06-17 03:34:35+02:00,90.9
2022-06-17 03:35:35+02:00,90.9
2022-06-17 03:36:36+02:00,90.9
2022-06-17 03:37:36+02:00,91.0
2022-06-17 03:38:36+02:00,91.2
2022-06-17 03:39:36+02:00,91.2
2022-06-17 03:40:36+02:00,91.2
2022-06-17 03:41:36+02:00,91.3
2022-06-17 03:42:37+02:00,91.4
2022-06-17 03:43:37+02:00,91.5
2022-06-17 03:44:37+02:00,91.6
2022-06-17 03:45:37+02:00,91.6
2022-06-17 03:46:37+02:00,91.6
2022-06-17 03:47:37+02:00,91.7
2022-06-17 03:48:37+02:00,91.7
2022-06-17 03:49:38+02:00,50.0
2022-06-17 03:50:38+02:00,50.0
2022-06-17 03:51:38+02:00,91.8
2022-06-17 03:52:38+02:00,92.0
2022-06-17 03:53:38+02:00,92.2
2022-06-17 03:54:38+02:00,92.2
2022-06-17 03:55:39+02:00,92.2
2022-06-17 03:56:39+02:00,92.1
2022-06-17 03:57:39+02:00,92.2
2022-06-17 03:58:39+02:00,92.4
2022-06-17 03:59:39+02:00,92.7
2022-06-17 04:00:39+02:00,92.8
2022-06-17 04:01:40+02:00,92.9
2022-06-17 04:02:40+02:00,93.0
2022-06-17 04:03:40+02:00,93.1
2022-06-17 04:04:40+02:00,93.1
2022-06-17 04:05:40+02:00,93.2
2022-06-17 04:06:40+02:00,93.3
2022-06-17 04:07:40+02:00,93.1
2022-06-17 04:08:41+02:00,92.9
2022-06-17 04:09:41+02:00,92.6
2022-06-17 04:10:41+02:00,92.7
2022-06-17 04:11:41+02:00,93.1
2022-06-17 04:12:41+02:00,93.4
2022-06-17 04:13:41+02:00,93.5
2022-06-17 04:14:42+02:00,93.6
2022-06-17 04:15:42+02:00,93.4
2022-06-17 04:16:42+02:00,92.4
2022-06-17 04:17:42+02:00,50.0
2022-06-17 04:18:42+02:00,92.4
2022-06-17 04:19:42+02:00,50.0
2022-06-17 04:20:43+02:00,92.8
2022-06-17 04:21:43+02:00,93.1
2022-06-17 04:22:43+02:00,93.3
2022-06-17 04:23:43+02:00,93.5
2022-06-17 04:24:43+02:00,93.7
2022-06-17 04:25:43+02:00,93.8
2022-06-17 04:26:44+02:00,93.8
2022-06-17 04:27:44+02:00,93.9
2022-06-17 04:28:44+02:00,93.6
2022-06-17 04:29:44+02:00,93.8
2022-06-17 04:30:44+02:00,93.9
2022-06-17 04:31:44+02:00,93.9
2022-06-17 04:32:44+02:00,93.7
2022-06-17 04:33:45+02:00,50.0
2022-06-17 04:34:45+02:00,94.0
2022-06-17 04:35:45+02:00,94.5
2022-06-17 04:36:45+02:00,94.9
2022-06-17 04:37:45+02:00,95.2
2022-06-17 04:38:45+02:00,95.5
2022-06-17 04:39:46+02:00,95.6
2022-06-17 04:40:46+02:00,95.8
2022-06-17 04:41:46+02:00,96.0
2022-06-17 04:42:46+02:00,95.8
2022-06-17 04:43:46+02:00,95.8
2022-06-17 04:44:46+02:00,95.8
2022-06-17 04:45:46+02:00,95.7
2022-06-17 04:46:47+02:00,95.7
2022-06-17 04:47:47+02:00,95.4
2022-06-17 04:48:47+02:00,95.2
2022-06-17 04:49:47+02:00,95.1
2022-06-17 04:50:47+02:00,94.9
2022-06-17 04:51:47+02:00,94.3
2022-06-17 04:52:48+02:00,93.8
2022-06-17 04:53:48+02:00,93.3
2022-06-17 04:54:48+02:00,93.0
2022-06-17 04:55:48+02:00,92.7
2022-06-17 04:56:48+02:00,92.7
2022-06-17 04:57:48+02:00,92.6
2022-06-17 04:58:48+02:00,92.7
2022-06-17 04:59:49+02:00,92.8
2022-06-17 05:00:49+02:00,92.9
2022-06-17 05:01:49+02:00,93.2
2022-06-17 05:02:49+02:00,93.6
2022-06-17 05:03:49+02:00,93.7
2022-06-17 05:04:49+02:00,93.9
2022-06-17 05:05:50+02:00,93.8
2022-06-17 05:06:50+02:00,93.8
2022-06-17 05:07:50+02:00,93.8
2022-06-17 05:08:50+02:00,93.7
2022-06-17 05:09:50+02:00,93.5
2022-06-17 05:10:50+02:00,93.3
2022-06-17 05:11:50+02:00,93.2
2022-06-17 05:12:51+02:00,93.1
2022-06-17 05:13:51+02:00,93.0
2022-06-17 05:14:51+02:00,93.1
2022-06-17 05:15:51+02:00,93.0
2022-06-17 05:16:51+02:00,92.9
2022-06-17 05:17:51+02:00,93.0
2022-06-17 05:18:52+02:00,92.8
2022-06-17 05:19:52+02:00,92.7
2022-06-17 05:20:52+02:00,92.6
2022-06-17 05:21:52+02:00,92.6
2022-06-17 05:22:52+02:00,92.5
2022-06-17 05:23:52+02:00,92.5
2022-06-17 05:24:52+02:00,92.4
2022-06-17 05:25:53+02:00,92.7
2022-06-17 05:26:53+02:00,92.9
2022-06-17 05:27:53+02:00,92.9
2022-06-17 05:28:53+02:00,93.2
2022-06-17 05:29:53+02:00,93.2
2022-06-17 05:30:53+02:00,93.2
2022-06-17 05:31:54+02:00,50.0
2022-06-17 05:32:54+02:00,50.0
2022-06-17 05:33:54+02:00,50.0
2022-06-17 05:34:54+02:00,50.0
2022-06-17 05:35:54+02:00,92.2
2022-06-17 05:36:54+02:00,50.0
2022-06-17 05:37:54+02:00,91.4
2022-06-17 05:38:55+02:00,91.2
2022-06-17 05:39:55+02:00,91.2
2022-06-17 05:40:55+02:00,91.2
2022-06-17 05:41:55+02:00,91.3
2022-06-17 05:42:55+02:00,91.4
2022-06-17 05:43:55+02:00,91.8
2022-06-17 05:44:56+02:00,92.0
2022-06-17 05:45:56+02:00,50.0
2022-06-17 05:46:56+02:00,92.4
2022-06-17 05:47:56+02:00,93.0
2022-06-17 05:48:56+02:00,50.0
2022-06-17 05:49:56+02:00,93.4
2022-06-17 05:50:57+02:00,93.5
2022-06-17 05:51:57+02:00,93.7
2022-06-17 05:52:57+02:00,93.8
2022-06-17 05:53:57+02:00,93.9
2022-06-17 05:54:57+02:00,94.0
2022-06-17 05:55:57+02:00,94.1
2022-06-17 05:56:57+02:00,94.1
2022-06-17 05:57:58+02:00,94.2
2022-06-17 05:58:58+02:00,94.3
2022-06-17 05:59:58+02:00,94.3
2022-06-17 06:00:58+02:00,94.3
2022-06-17 06:01:58+02:00,94.3
2022-06-17 06:02:58+02:00,94.3
2022-06-17 06:03:58+02:00,94.4
2022-06-17 06:04:59+02:00,94.4
2022-06-17 06:05:59+02:00,94.5
2022-06-17 06:06:59+02:00,94.5
2022-06-17 06:07:59+02:00,94.5
2022-06-17 06:08:59+02:00,94.5
2022-06-17 06:09:59+02:00,94.5
2022-06-17 06:11:00+02:00,50.0
2022-06-17 06:12:00+02:00,94.5
2022-06-17 06:13:00+02:00,50.0
2022-06-17 06:14:00+02:00,94.5
2022-06-17 06:15:00+02:00,94.5
2022-06-17 06:16:00+02:00,94.6
2022-06-17 06:17:00+02:00,94.6
2022-06-17 06:18:00+02:00,94.6
2022-06-17 06:19:00+02:00,94.7
2022-06-17 06:20:01+02:00,94.8
2022-06-17 06:21:01+02:00,94.8
2022-06-17 06:22:01+02:00,94.9
2022-06-17 06:23:01+02:00,94.9
2022-06-17 06:24:01+02:00,95.0
2022-06-17 06:25:01+02:00,95.0
2022-06-17 06:26:01+02:00,50.0
2022-06-17 06:27:01+02:00,95.0
2022-06-17 06:28:01+02:00,95.0
2022-06-17 06:29:02+02:00,95.1
2022-06-17 06:30:02+02:00,95.1
2022-06-17 06:31:02+02:00,95.0
2022-06-17 06:32:02+02:00,94.9
2022-06-17 06:33:02+02:00,94.9
2022-06-17 06:34:02+02:00,94.7
2022-06-17 06:35:02+02:00,94.7
2022-06-17 06:36:02+02:00,94.5
2022-06-17 06:37:03+02:00,50.0
2022-06-17 06:38:03+02:00,94.4
2022-06-17 06:39:03+02:00,94.3
2022-06-17 06:40:03+02:00,94.2
2022-06-17 06:41:03+02:00,94.1
2022-06-17 06:42:03+02:00,94.4
2022-06-17 06:43:03+02:00,94.3
2022-06-17 06:44:04+02:00,50.0
2022-06-17 06:45:04+02:00,94.0
2022-06-17 06:46:04+02:00,94.0
2022-06-17 06:47:04+02:00,94.0
2022-06-17 06:48:04+02:00,94.2
2022-06-17 06:49:04+02:00,94.2
2022-06-17 06:50:04+02:00,50.0
2022-06-17 06:51:04+02:00,94.5
2022-06-17 06:52:05+02:00,94.5
2022-06-17 06:53:05+02:00,94.6
2022-06-17 06:54:05+02:00,94.6
2022-06-17 06:55:05+02:00,94.6
2022-06-17 06:56:05+02:00,94.6
2022-06-17 06:57:05+02:00,94.5
2022-06-17 06:58:05+02:00,94.5
2022-06-17 06:59:06+02:00,94.4
2022-06-17 07:00:06+02:00,94.4
2022-06-17 07:01:06+02:00,94.3
2022-06-17 07:02:06+02:00,94.4
2022-06-17 07:03:06+02:00,50.0
2022-06-17 07:04:06+02:00,50.0
2022-06-17 07:05:07+02:00,94.3
2022-06-17 07:06:07+02:00,50.0
2022-06-17 07:07:07+02:00,50.0
2022-06-17 07:08:07+02:00,50.0
2022-06-17 07:09:07+02:00,50.0
2022-06-17 07:10:07+02:00,93.8
2022-06-17 07:11:07+02:00,50.0
2022-06-17 07:12:08+02:00,93.5
2022-06-17 07:13:08+02:00,93.3
2022-06-17 07:14:08+02:00,93.3
2022-06-17 07:15:08+02:00,93.3
2022-06-17 07:16:08+02:00,93.3
2022-06-17 07:17:08+02:00,93.5
2022-06-17 07:18:08+02:00,50.0
2022-06-17 07:19:09+02:00,50.0
2022-06-17 07:20:09+02:00,50.0
2022-06-17 07:21:09+02:00,50.0
2022-06-17 07:22:09+02:00,94.0
2022-06-17 07:23:09+02:00,94.4
2022-06-17 07:24:09+02:00,50.0
2022-06-17 07:25:09+02:00,94.5
2022-06-17 07:26:10+02:00,50.0
2022-06-17 07:27:10+02:00,94.7
2022-06-17 07:28:10+02:00,94.5
2022-06-17 07:29:10+02:00,94.5
2022-06-17 07:30:10+02:00,94.4
2022-06-17 07:31:10+02:00,94.3
2022-06-17 07:32:10+02:00,94.4
2022-06-17 07:33:11+02:00,94.4
2022-06-17 07:34:11+02:00,94.5
2022-06-17 07:35:11+02:00,94.5
2022-06-17 07:36:11+02:00,94.5
2022-06-17 07:37:11+02:00,94.5
2022-06-17 07:38:11+02:00,94.6
2022-06-17 07:39:11+02:00,94.8
2022-06-17 07:40:11+02:00,94.9
2022-06-17 07:41:12+02:00,94.9
2022-06-17 07:42:12+02:00,94.8
2022-06-17 07:43:12+02:00,94.9
2022-06-17 07:44:12+02:00,95.0
2022-06-17 07:45:12+02:00,94.9
2022-06-17 07:46:12+02:00,95.0
2022-06-17 07:47:12+02:00,95.0
2022-06-17 07:48:12+02:00,95.0
2022-06-17 07:49:13+02:00,94.9
2022-06-17 07:50:13+02:00,95.0
2022-06-17 07:51:13+02:00,94.9
2022-06-17 07:52:13+02:00,94.9
2022-06-17 07:53:13+02:00,94.9
2022-06-17 07:54:13+02:00,94.9
2022-06-17 07:55:13+02:00,94.9
2022-06-17 07:56:13+02:00,94.8
2022-06-17 07:57:14+02:00,50.0
2022-06-17 07:58:14+02:00,93.8
2022-06-17 07:59:14+02:00,90.4
2022-06-17 08:00:14+02:00,87.8
2022-06-17 08:01:14+02:00,85.9
2022-06-17 08:02:14+02:00,84.8
2022-06-17 08:03:14+02:00,82.9
2022-06-17 08:04:15+02:00,82.5
2022-06-17 08:05:15+02:00,82.1
2022-06-17 08:06:15+02:00,81.6
2022-06-17 08:07:15+02:00,81.1
2022-06-17 08:08:15+02:00,81.3
2022-06-17 08:09:15+02:00,81.4
2022-06-17 08:10:15+02:00,81.3
2022-06-17 08:11:16+02:00,81.3
2022-06-17 08:12:16+02:00,81.2
2022-06-17 08:13:16+02:00,81.6
2022-06-17 08:14:16+02:00,81.6
2022-06-17 08:15:16+02:00,81.9
2022-06-17 08:16:16+02:00,81.8
2022-06-17 08:17:16+02:00,81.6
2022-06-17 08:18:16+02:00,81.6
2022-06-17 08:19:17+02:00,80.1
2022-06-17 08:20:17+02:00,79.3
2022-06-17 08:21:17+02:00,78.4
2022-06-17 08:22:17+02:00,78.3
2022-06-17 08:23:17+02:00,78.4
2022-06-17 08:24:17+02:00,78.5
2022-06-17 08:25:17+02:00,78.6
2022-06-17 08:26:17+02:00,78.9
2022-06-17 08:27:18+02:00,79.1
2022-06-17 08:28:18+02:00,50.0
2022-06-17 08:29:18+02:00,76.6
2022-06-17 08:30:18+02:00,50.0
2022-06-17 08:31:18+02:00,82.3
2022-06-17 08:32:18+02:00,86.8
2022-06-17 08:33:18+02:00,89.8
2022-06-17 08:34:19+02:00,91.8
2022-06-17 08:35:19+02:00,93.1
2022-06-17 08:36:19+02:00,50.0
2022-06-17 08:37:19+02:00,93.4
2022-06-17 08:38:19+02:00,50.0
2022-06-17 08:39:19+02:00,50.0
2022-06-17 08:40:19+02:00,50.0
2022-06-17 08:41:20+02:00,50.0
2022-06-17 08:42:20+02:00,50.0
2022-06-17 08:43:20+02:00,50.0
2022-06-17 08:44:20+02:00,94.4
2022-06-17 08:45:20+02:00,50.0
2022-06-17 08:46:20+02:00,50.0
2022-06-17 08:47:20+02:00,50.0
2022-06-17 08:48:21+02:00,50.0
2022-06-17 08:49:21+02:00,50.0
2022-06-17 08:50:21+02:00,50.0
2022-06-17 08:51:21+02:00,50.0
2022-06-17 08:52:21+02:00,50.0
2022-06-17 08:53:21+02:00,50.0
2022-06-17 08:54:21+02:00,50.0
2022-06-17 08:55:22+02:00,50.0
2022-06-17 08:56:22+02:00,50.0
2022-06-17 08:57:22+02:00,50.0
2022-06-17 08:58:22+02:00,50.0
2022-06-17 08:59:22+02:00,50.0
2022-06-17 09:00:22+02:00,50.0
2022-06-17 09:01:22+02:00,50.0
2022-06-17 09:02:23+02:00,50.0
2022-06-17 09:03:23+02:00,50.0
2022-06-17 09:04:23+02:00,50.0
2022-06-17 09:05:23+02:00,50.0
2022-06-17 09:06:23+02:00,50.0
2022-06-17 09:07:23+02:00,50.0
2022-06-17 09:08:23+02:00,50.0
2022-06-17 09:09:24+02:00,50.0
2022-06-17 09:10:24+02:00,50.0
2022-06-17 09:11:24+02:00,50.0
2022-06-17 09:12:24+02:00,50.0
2022-06-17 09:13:24+02:00,50.0
2022-06-17 09:14:24+02:00,50.0
2022-06-17 09:15:24+02:00,50.0
2022-06-17 09:16:25+02:00,50.0
2022-06-17 09:17:25+02:00,50.0
2022-06-17 09:18:25+02:00,50.0
2022-06-18 04:49:30+02:00,95.9
2022-06-18 04:50:30+02:00,95.8
2022-06-18 04:51:30+02:00,95.6
2022-06-18 04:52:30+02:00,50.0
2022-06-18 04:53:30+02:00,95.2
2022-06-18 04:54:30+02:00,94.6
2022-06-18 04:55:30+02:00,94.1
2022-06-18 04:56:30+02:00,93.9
2022-06-18 04:57:30+02:00,93.8
2022-06-18 04:58:30+02:00,93.8
2022-06-18 04:59:30+02:00,93.8
2022-06-18 05:00:30+02:00,93.9
2022-06-18 05:01:30+02:00,94.0
2022-06-18 05:02:30+02:00,94.0
2022-06-18 05:03:30+02:00,94.2
2022-06-18 05:04:31+02:00,94.6
2022-06-18 05:05:31+02:00,94.9
2022-06-18 05:06:31+02:00,95.1
2022-06-18 05:07:31+02:00,95.2
2022-06-18 05:08:31+02:00,95.2
2022-06-18 05:09:31+02:00,95.2
2022-06-18 05:10:31+02:00,95.2
2022-06-18 05:11:32+02:00,95.2
2022-06-18 05:12:32+02:00,95.1
2022-06-18 05:13:32+02:00,95.2
2022-06-18 05:14:32+02:00,95.1
2022-06-18 05:15:32+02:00,93.9
2022-06-18 05:16:32+02:00,92.7
2022-06-18 05:17:33+02:00,92.3
2022-06-18 05:18:33+02:00,92.0
2022-06-18 05:19:33+02:00,50.0
2022-06-18 05:20:33+02:00,50.0
2022-06-18 05:21:33+02:00,93.3
2022-06-18 05:22:33+02:00,94.1
2022-06-18 05:23:33+02:00,94.2
2022-06-18 05:24:33+02:00,94.1
2022-06-18 05:25:34+02:00,94.5
2022-06-18 05:26:34+02:00,94.3
2022-06-18 05:27:34+02:00,50.0
2022-06-18 05:28:34+02:00,94.4
2022-06-18 05:29:34+02:00,50.0
2022-06-18 05:30:34+02:00,94.5
2022-06-18 05:31:34+02:00,94.2
2022-06-18 05:32:35+02:00,93.7
2022-06-18 05:33:35+02:00,92.8
2022-06-18 05:34:35+02:00,93.3
2022-06-18 05:35:35+02:00,92.8
2022-06-18 05:36:35+02:00,91.9
2022-06-18 05:37:35+02:00,91.9
2022-06-18 05:38:35+02:00,92.0
2022-06-18 05:39:36+02:00,91.3
2022-06-18 05:40:36+02:00,91.7
2022-06-18 05:41:36+02:00,91.2
2022-06-18 05:42:36+02:00,90.5
2022-06-18 05:43:36+02:00,90.0
2022-06-18 05:44:36+02:00,89.6
2022-06-18 05:45:36+02:00,89.2
2022-06-18 05:46:37+02:00,50.0
2022-06-18 05:47:37+02:00,90.0
2022-06-18 05:48:37+02:00,91.3
2022-06-18 05:49:37+02:00,92.4
2022-06-18 05:50:37+02:00,93.1
2022-06-18 05:51:37+02:00,94.0
2022-06-18 05:52:37+02:00,94.2
2022-06-18 05:53:38+02:00,93.9
2022-06-18 05:54:38+02:00,94.0
2022-06-18 05:55:38+02:00,94.2
2022-06-18 05:56:38+02:00,94.2
2022-06-18 05:57:38+02:00,94.2
2022-06-18 05:58:38+02:00,94.3
2022-06-18 05:59:38+02:00,94.2
2022-06-18 06:00:39+02:00,94.1
2022-06-18 06:01:39+02:00,93.9
2022-06-18 06:02:39+02:00,93.4
2022-06-18 06:03:39+02:00,93.0
2022-06-18 06:04:39+02:00,92.9
2022-06-18 06:05:39+02:00,92.9
2022-06-18 06:06:39+02:00,93.4
2022-06-18 06:07:40+02:00,93.7
2022-06-18 06:08:40+02:00,94.0
2022-06-18 06:09:40+02:00,50.0
2022-06-18 06:10:40+02:00,94.1
2022-06-18 06:11:40+02:00,94.2
2022-06-18 06:12:40+02:00,94.2
2022-06-18 06:13:41+02:00,94.0
2022-06-18 06:14:41+02:00,93.9
2022-06-18 06:15:41+02:00,93.4
2022-06-18 06:16:41+02:00,93.6
2022-06-18 06:17:41+02:00,93.6
2022-06-18 06:18:41+02:00,93.8
2022-06-18 06:19:41+02:00,93.9
2022-06-18 06:20:42+02:00,93.9
2022-06-18 06:21:42+02:00,93.9
2022-06-18 06:22:42+02:00,93.9
2022-06-18 06:23:42+02:00,93.9
2022-06-18 06:24:42+02:00,93.8
2022-06-18 06:25:42+02:00,93.6
2022-06-18 06:26:42+02:00,93.6
2022-06-18 06:27:43+02:00,93.6
2022-06-18 06:28:43+02:00,93.7
2022-06-18 06:29:43+02:00,93.8
2022-06-18 06:30:43+02:00,93.8
2022-06-18 06:31:43+02:00,93.7
2022-06-18 06:32:43+02:00,93.6
2022-06-18 06:33:43+02:00,93.6
2022-06-18 06:34:44+02:00,93.7
2022-06-18 06:35:44+02:00,93.7
2022-06-18 06:36:44+02:00,93.8
2022-06-18 06:37:44+02:00,93.8
2022-06-18 06:38:44+02:00,93.8
2022-06-18 06:39:44+02:00,93.8
2022-06-18 06:40:44+02:00,93.8
2022-06-18 06:41:45+02:00,93.8
2022-06-18 06:42:45+02:00,93.8
2022-06-18 06:43:45+02:00,93.8
2022-06-18 06:44:45+02:00,93.8
2022-06-18 06:45:45+02:00,50.0
2022-06-18 06:46:45+02:00,93.8
2022-06-18 06:47:46+02:00,50.0
2022-06-18 06:48:46+02:00,94.1
2022-06-18 06:49:46+02:00,94.0
2022-06-18 06:50:46+02:00,92.8
2022-06-18 06:51:46+02:00,92.0
2022-06-18 06:52:46+02:00,91.7
2022-06-18 06:53:46+02:00,91.6
2022-06-18 06:54:47+02:00,91.5
2022-06-18 06:55:47+02:00,91.6
2022-06-18 06:56:47+02:00,91.3
2022-06-18 06:57:47+02:00,50.0
2022-06-18 06:58:47+02:00,91.3
2022-06-18 06:59:47+02:00,92.2
2022-06-18 07:00:47+02:00,92.8
2022-06-18 07:01:48+02:00,93.2
2022-06-18 07:02:48+02:00,93.5
2022-06-18 07:03:48+02:00,93.7
2022-06-18 07:04:48+02:00,93.8
2022-06-18 07:05:48+02:00,93.7
2022-06-18 07:06:48+02:00,93.7
2022-06-18 07:07:48+02:00,93.7
2022-06-18 07:08:49+02:00,93.7
2022-06-18 07:09:49+02:00,93.8
2022-06-18 07:10:49+02:00,93.8
2022-06-18 07:11:49+02:00,93.8
2022-06-18 07:12:49+02:00,93.8
2022-06-18 07:13:49+02:00,93.8
2022-06-18 07:14:49+02:00,93.7
2022-06-18 07:15:50+02:00,93.7
2022-06-18 07:16:50+02:00,93.6
2022-06-18 07:17:50+02:00,93.5
2022-06-18 07:18:50+02:00,93.3
2022-06-18 07:19:50+02:00,93.2
2022-06-18 07:20:50+02:00,93.1
2022-06-18 07:21:50+02:00,93.0
2022-06-18 07:22:51+02:00,93.0
2022-06-18 07:23:51+02:00,93.0
2022-06-18 07:24:51+02:00,93.1
2022-06-18 07:25:51+02:00,93.0
2022-06-18 07:26:51+02:00,93.0
2022-06-18 07:27:51+02:00,93.0
2022-06-18 07:28:52+02:00,93.0
2022-06-18 07:29:52+02:00,93.0
2022-06-18 07:30:52+02:00,50.0
2022-06-18 07:31:52+02:00,93.8
2022-06-18 07:32:52+02:00,94.1
2022-06-18 07:33:52+02:00,93.8
2022-06-18 07:34:52+02:00,93.0
2022-06-18 07:35:53+02:00,92.0
2022-06-18 07:36:53+02:00,50.0
2022-06-18 07:37:53+02:00,50.0
2022-06-18 07:38:53+02:00,92.9
2022-06-18 07:39:53+02:00,50.0
2022-06-18 07:40:53+02:00,93.5
2022-06-18 07:41:53+02:00,94.7
2022-06-18 07:42:54+02:00,95.3
2022-06-18 07:43:54+02:00,95.6
2022-06-18 07:44:54+02:00,95.9
2022-06-18 07:45:54+02:00,96.3
2022-06-18 07:46:54+02:00,96.3
2022-06-18 07:47:54+02:00,50.0
2022-06-18 07:48:55+02:00,96.3
2022-06-18 07:49:55+02:00,96.3
2022-06-18 07:50:55+02:00,96.2
2022-06-18 07:51:55+02:00,96.3
2022-06-18 07:52:55+02:00,96.4
2022-06-18 07:53:55+02:00,96.4
2022-06-18 07:54:55+02:00,96.4
2022-06-18 07:55:56+02:00,96.3
2022-06-18 07:56:56+02:00,96.3
2022-06-18 07:57:56+02:00,96.4
2022-06-18 07:58:56+02:00,96.2
2022-06-18 07:59:56+02:00,96.3
2022-06-18 08:00:56+02:00,96.3
2022-06-18 08:01:56+02:00,96.5
2022-06-18 08:02:57+02:00,96.5
2022-06-18 08:03:57+02:00,50.0
2022-06-18 08:04:57+02:00,96.5
2022-06-18 08:05:57+02:00,96.6
2022-06-18 08:06:57+02:00,96.5
2022-06-18 08:07:57+02:00,96.6
2022-06-18 08:08:57+02:00,96.7
2022-06-18 08:09:58+02:00,96.7
2022-06-18 08:10:58+02:00,96.8
2022-06-18 08:11:58+02:00,96.7
2022-06-18 08:12:58+02:00,96.7
2022-06-18 08:13:58+02:00,50.0
2022-06-18 08:14:58+02:00,96.7
2022-06-18 08:15:59+02:00,96.6
2022-06-18 08:16:59+02:00,50.0
2022-06-18 08:17:59+02:00,96.9
2022-06-18 08:18:59+02:00,97.3
2022-06-18 08:19:59+02:00,97.5
2022-06-18 08:20:59+02:00,97.7
2022-06-18 08:21:59+02:00,97.8
2022-06-18 08:23:00+02:00,98.0
2022-06-18 08:24:00+02:00,98.0
2022-06-18 08:25:00+02:00,98.2
2022-06-18 08:26:00+02:00,98.2
2022-06-18 08:27:00+02:00,98.2
2022-06-18 08:28:00+02:00,98.1
2022-06-18 08:29:00+02:00,98.1
2022-06-18 08:30:01+02:00,98.0
2022-06-18 08:31:01+02:00,50.0
2022-06-18 08:32:01+02:00,50.0
2022-06-18 08:33:01+02:00,50.0
2022-06-18 08:34:01+02:00,50.0
2022-06-18 08:35:01+02:00,97.7
2022-06-18 08:36:01+02:00,50.0
2022-06-18 08:37:01+02:00,96.7
2022-06-18 08:38:01+02:00,96.5
2022-06-18 08:39:02+02:00,96.4
2022-06-18 08:40:02+02:00,96.3
2022-06-18 08:41:02+02:00,96.3
2022-06-18 08:42:02+02:00,96.1
2022-06-18 08:43:02+02:00,96.2
2022-06-18 08:44:02+02:00,96.1
2022-06-18 08:45:02+02:00,50.0
2022-06-18 08:46:02+02:00,95.9
2022-06-18 08:47:02+02:00,50.0
2022-06-18 08:48:03+02:00,96.1
2022-06-18 08:49:03+02:00,96.1
2022-06-18 08:50:03+02:00,96.3
2022-06-18 08:51:03+02:00,96.3
2022-06-18 08:52:03+02:00,96.4
2022-06-18 08:53:03+02:00,96.6
2022-06-18 08:54:03+02:00,96.7
2022-06-18 08:55:03+02:00,50.0
2022-06-18 08:56:03+02:00,96.7
2022-06-18 08:57:04+02:00,96.7
2022-06-18 08:58:04+02:00,96.8
2022-06-18 08:59:04+02:00,96.9
2022-06-18 09:00:04+02:00,97.0
2022-06-18 09:01:04+02:00,97.1
2022-06-18 09:02:04+02:00,97.1
2022-06-18 09:03:04+02:00,97.0
2022-06-18 09:04:04+02:00,97.0
2022-06-18 09:05:05+02:00,96.8
2022-06-18 09:06:05+02:00,96.8
2022-06-18 09:07:05+02:00,96.7
2022-06-18 09:08:05+02:00,96.9
2022-06-18 09:09:05+02:00,96.9
2022-06-18 09:10:05+02:00,50.0
2022-06-18 09:11:05+02:00,97.1
2022-06-18 09:12:05+02:00,97.1
2022-06-18 09:13:06+02:00,97.1
2022-06-18 09:14:06+02:00,97.0
2022-06-18 09:15:06+02:00,96.8
2022-06-18 09:16:06+02:00,96.8
2022-06-18 09:17:06+02:00,97.0
2022-06-18 09:18:06+02:00,97.0
2022-06-18 09:19:06+02:00,96.9
2022-06-18 09:20:07+02:00,96.9
2022-06-18 09:21:07+02:00,96.9
2022-06-18 09:22:07+02:00,96.6
2022-06-18 09:23:07+02:00,96.6
2022-06-18 09:24:07+02:00,96.7
2022-06-18 09:25:07+02:00,96.9
2022-06-18 09:26:07+02:00,96.7
2022-06-18 09:27:08+02:00,96.5
2022-06-18 09:28:08+02:00,50.0
2022-06-18 09:29:08+02:00,96.4
2022-06-18 09:30:08+02:00,96.5
2022-06-18 09:31:08+02:00,96.6
2022-06-18 09:32:08+02:00,96.5
2022-06-18 09:33:09+02:00,96.3
2022-06-18 09:34:09+02:00,96.5
2022-06-18 09:35:09+02:00,96.4
2022-06-18 09:36:09+02:00,96.2
2022-06-18 09:37:09+02:00,96.3
2022-06-18 09:38:09+02:00,96.2
2022-06-18 09:39:09+02:00,95.9
2022-06-18 09:40:10+02:00,95.8
2022-06-18 09:41:10+02:00,95.8
2022-06-18 09:42:10+02:00,95.8
2022-06-18 09:43:10+02:00,50.0
2022-06-18 09:44:10+02:00,50.0
2022-06-18 09:45:10+02:00,50.0
2022-06-18 09:46:11+02:00,95.8
2022-06-18 09:47:11+02:00,95.2
2022-06-18 09:48:11+02:00,94.9
2022-06-18 09:49:11+02:00,50.0
2022-06-18 09:50:11+02:00,94.9
2022-06-18 09:51:11+02:00,94.9
2022-06-18 09:52:11+02:00,94.8
2022-06-18 09:53:12+02:00,95.0
2022-06-18 09:54:12+02:00,95.1
2022-06-18 09:55:12+02:00,95.2
2022-06-18 09:56:12+02:00,95.3
2022-06-18 09:57:12+02:00,95.4
2022-06-18 09:58:12+02:00,95.5
2022-06-18 09:59:12+02:00,95.6
2022-06-18 10:00:13+02:00,95.7
2022-06-18 10:01:13+02:00,95.8
2022-06-18 10:02:13+02:00,95.8
2022-06-18 10:03:13+02:00,95.9
2022-06-18 10:04:13+02:00,95.9
2022-06-18 10:05:13+02:00,95.9
2022-06-18 10:06:13+02:00,95.8
2022-06-18 10:07:14+02:00,95.9
2022-06-18 10:08:14+02:00,95.9
2022-06-18 10:09:14+02:00,95.9
2022-06-18 10:10:14+02:00,95.9
2022-06-18 10:11:14+02:00,95.8
2022-06-18 10:12:14+02:00,95.8
2022-06-18 10:13:15+02:00,95.8
2022-06-18 10:14:15+02:00,95.8
2022-06-18 10:15:15+02:00,50.0
2022-06-18 10:16:15+02:00,95.8
2022-06-18 10:17:15+02:00,95.7
2022-06-18 10:18:15+02:00,50.0
2022-06-18 10:19:15+02:00,50.0
2022-06-18 10:20:16+02:00,95.3
2022-06-18 10:21:16+02:00,50.0
2022-06-18 10:22:16+02:00,95.4
2022-06-18 10:23:16+02:00,95.3
2022-06-18 10:24:16+02:00,95.4
2022-06-18 10:25:16+02:00,95.3
2022-06-18 10:26:16+02:00,95.4
2022-06-18 10:27:17+02:00,95.5
2022-06-18 10:28:17+02:00,50.0
2022-06-18 10:29:17+02:00,94.7
2022-06-18 10:30:17+02:00,93.9
2022-06-18 10:31:17+02:00,93.4
2022-06-18 10:32:17+02:00,93.0
2022-06-18 10:33:18+02:00,92.8
2022-06-18 10:34:18+02:00,92.9
2022-06-18 10:35:18+02:00,92.8
2022-06-18 10:36:18+02:00,92.6
2022-06-18 10:37:18+02:00,92.5
2022-06-18 10:38:18+02:00,92.5
2022-06-18 10:39:18+02:00,92.6
2022-06-18 10:40:18+02:00,92.6
2022-06-18 10:41:19+02:00,92.5
2022-06-18 10:42:19+02:00,92.5
2022-06-18 10:43:19+02:00,92.6
2022-06-18 10:44:19+02:00,92.7
2022-06-18 10:45:19+02:00,92.6
2022-06-18 10:46:19+02:00,92.6
2022-06-18 10:47:20+02:00,92.6
2022-06-18 10:48:20+02:00,92.8
2022-06-18 10:49:20+02:00,92.8
2022-06-18 10:50:20+02:00,93.1
2022-06-18 10:51:20+02:00,93.1
2022-06-18 10:52:20+02:00,93.1
2022-06-18 10:53:20+02:00,93.3
2022-06-18 10:54:21+02:00,93.6
2022-06-18 10:55:21+02:00,93.7
2022-06-18 10:56:21+02:00,93.7
2022-06-18 10:57:21+02:00,93.7
2022-06-18 10:58:21+02:00,94.0
2022-06-18 10:59:21+02:00,50.0
2022-06-18 11:00:21+02:00,94.3
2022-06-18 11:01:22+02:00,94.7
2022-06-18 11:02:22+02:00,94.9
2022-06-18 11:03:22+02:00,50.0
2022-06-18 11:04:22+02:00,95.0
2022-06-18 11:05:22+02:00,95.2
2022-06-18 11:06:22+02:00,95.4
2022-06-18 11:07:22+02:00,95.9
2022-06-18 11:08:23+02:00,96.2
2022-06-18 11:09:23+02:00,96.0
2022-06-18 11:10:23+02:00,95.6
2022-06-18 11:11:23+02:00,95.2
2022-06-18 11:12:23+02:00,94.8
2022-06-18 11:13:23+02:00,94.4
2022-06-18 11:14:24+02:00,94.0
2022-06-18 11:15:24+02:00,93.7
2022-06-18 11:16:24+02:00,50.0
2022-06-18 11:17:24+02:00,50.0
2022-06-18 11:18:24+02:00,50.0
2022-06-18 11:19:24+02:00,92.5
2022-06-18 11:20:24+02:00,50.0
2022-06-18 11:21:25+02:00,92.1
2022-06-18 11:22:25+02:00,50.0
2022-06-18 11:23:25+02:00,50.0
2022-06-18 11:24:25+02:00,92.8
2022-06-18 11:25:25+02:00,93.7
2022-06-18 11:26:25+02:00,94.2
2022-06-18 11:27:25+02:00,94.6
2022-06-18 11:28:25+02:00,94.9
2022-06-18 11:29:25+02:00,95.1
2022-06-18 11:30:26+02:00,95.2
2022-06-18 11:31:26+02:00,50.0
2022-06-18 11:32:26+02:00,93.3
2022-06-18 11:33:26+02:00,91.1
2022-06-18 11:34:26+02:00,89.8
2022-06-18 11:35:26+02:00,88.9
2022-06-18 11:36:26+02:00,88.5
2022-06-18 11:37:26+02:00,88.1
2022-06-18 11:38:26+02:00,88.0
2022-06-18 11:39:26+02:00,88.1
2022-06-18 11:40:26+02:00,88.4
2022-06-18 11:41:26+02:00,88.5
2022-06-18 11:42:27+02:00,88.6
2022-06-18 11:43:27+02:00,88.5
2022-06-18 11:44:27+02:00,88.4
2022-06-18 11:45:27+02:00,88.5
2022-06-18 11:46:27+02:00,88.4
2022-06-18 11:47:27+02:00,88.1
2022-06-18 11:48:27+02:00,88.2
2022-06-18 11:49:27+02:00,88.4
2022-06-18 11:50:28+02:00,88.6
2022-06-18 11:51:28+02:00,50.0
2022-06-18 11:52:28+02:00,89.0
2022-06-18 11:53:28+02:00,90.6
2022-06-18 11:54:28+02:00,91.9
2022-06-18 11:55:28+02:00,93.0
2022-06-18 11:56:28+02:00,93.5
2022-06-18 11:57:28+02:00,94.0
2022-06-18 11:58:28+02:00,50.0
2022-06-18 11:59:28+02:00,50.0
2022-06-18 12:00:29+02:00,50.0
2022-06-18 12:01:29+02:00,50.0
2022-06-18 12:02:29+02:00,93.9
2022-06-18 12:03:29+02:00,50.0
2022-06-18 12:04:29+02:00,93.7
2022-06-18 12:05:29+02:00,93.7
2022-06-18 12:06:29+02:00,50.0
2022-06-18 12:07:29+02:00,94.0
2022-06-18 12:08:29+02:00,94.3
2022-06-18 12:09:29+02:00,50.0
2022-06-18 12:10:29+02:00,94.5
2022-06-18 12:11:29+02:00,94.7
2022-06-18 12:12:29+02:00,94.8
2022-06-18 12:13:30+02:00,94.8
2022-06-18 12:14:30+02:00,94.9
2022-06-18 12:15:30+02:00,95.1
2022-06-18 12:16:30+02:00,95.3
2022-06-18 12:17:30+02:00,95.3
2022-06-18 12:18:30+02:00,95.3
2022-06-18 12:19:30+02:00,95.2
2022-06-18 12:20:30+02:00,95.3
2022-06-18 12:21:30+02:00,95.4
2022-06-18 12:22:30+02:00,95.4
2022-06-18 12:23:30+02:00,95.4
2022-06-18 12:24:30+02:00,95.3
2022-06-18 12:25:31+02:00,95.2
2022-06-18 12:26:31+02:00,95.3
2022-06-18 12:27:31+02:00,95.3
2022-06-18 12:28:31+02:00,95.4
2022-06-18 12:29:31+02:00,95.3
2022-06-18 12:30:31+02:00,95.4
2022-06-18 12:31:32+02:00,95.3
2022-06-18 12:32:32+02:00,95.4
2022-06-18 12:33:32+02:00,95.4
2022-06-18 12:34:32+02:00,50.0
2022-06-18 12:35:32+02:00,95.1
2022-06-18 12:36:32+02:00,50.0
2022-06-18 12:37:32+02:00,50.0
2022-06-18 12:38:33+02:00,50.0
2022-06-18 12:39:33+02:00,50.0
2022-06-18 12:40:33+02:00,94.7
2022-06-18 12:41:33+02:00,94.7
2022-06-18 12:42:33+02:00,50.0
2022-06-18 12:43:33+02:00,94.7
2022-06-18 12:44:34+02:00,94.9
2022-06-18 12:45:34+02:00,50.0
2022-06-18 12:46:34+02:00,94.4
2022-06-18 12:47:34+02:00,93.8
2022-06-18 12:48:34+02:00,93.4
2022-06-18 12:49:34+02:00,93.1
2022-06-18 12:50:34+02:00,92.8
2022-06-18 12:51:35+02:00,92.7
2022-06-18 12:52:35+02:00,92.6
2022-06-18 12:53:35+02:00,92.6
2022-06-18 12:54:35+02:00,92.6
2022-06-18 12:55:35+02:00,92.6
2022-06-18 12:56:35+02:00,92.5
2022-06-18 12:57:35+02:00,92.3
2022-06-18 12:58:36+02:00,92.3
2022-06-18 12:59:36+02:00,92.3
2022-06-18 13:00:36+02:00,92.3
2022-06-18 13:01:36+02:00,92.3
2022-06-18 13:02:36+02:00,92.3
2022-06-18 13:03:36+02:00,92.3
2022-06-18 13:04:37+02:00,92.4
2022-06-18 13:05:37+02:00,92.4
2022-06-18 13:06:37+02:00,92.4
2022-06-18 13:07:37+02:00,92.5
2022-06-18 13:08:37+02:00,92.6
2022-06-18 13:09:37+02:00,92.6
2022-06-18 13:10:37+02:00,92.5
2022-06-18 13:11:38+02:00,92.5
2022-06-18 13:12:38+02:00,92.6
2022-06-18 13:13:38+02:00,92.6
2022-06-18 13:14:38+02:00,92.7
2022-06-18 13:15:38+02:00,50.0
2022-06-18 13:16:38+02:00,50.0
2022-06-18 13:17:38+02:00,50.0
2022-06-18 13:18:39+02:00,50.0
2022-06-18 13:19:39+02:00,50.0
2022-06-18 13:20:39+02:00,50.0
2022-06-18 13:21:39+02:00,92.6
2022-06-18 13:22:39+02:00,50.0
2022-06-18 13:23:39+02:00,94.1
2022-06-18 13:24:39+02:00,94.5
2022-06-18 13:25:40+02:00,94.7
2022-06-18 13:26:40+02:00,95.5
2022-06-18 13:27:40+02:00,95.7
2022-06-18 13:28:40+02:00,50.0
2022-06-18 13:29:40+02:00,94.8
2022-06-18 13:30:40+02:00,50.0
2022-06-18 13:31:41+02:00,50.0
2022-06-18 13:32:41+02:00,50.0
2022-06-18 13:33:41+02:00,95.3
2022-06-18 13:34:41+02:00,95.6
2022-06-18 13:35:41+02:00,95.7
2022-06-18 13:36:41+02:00,96.3
2022-06-18 13:37:41+02:00,96.1
2022-06-18 13:38:42+02:00,50.0
2022-06-18 13:39:42+02:00,50.0
2022-06-18 13:40:42+02:00,50.0
2022-06-18 13:41:42+02:00,50.0
2022-06-18 13:42:42+02:00,50.0
2022-06-18 13:43:42+02:00,50.0
2022-06-18 13:44:42+02:00,50.0
2022-06-18 13:45:43+02:00,50.0
2022-06-18 13:46:43+02:00,50.0
2022-06-18 13:47:43+02:00,50.0
2022-06-18 13:48:43+02:00,50.0
2022-06-18 13:49:43+02:00,50.0
2022-06-18 13:50:43+02:00,50.0
2022-06-19 03:07:30+02:00,50.0
2022-06-19 03:08:30+02:00,94.9
2022-06-19 03:09:30+02:00,94.9
2022-06-19 03:10:30+02:00,94.9
2022-06-19 03:11:30+02:00,94.9
2022-06-19 03:12:30+02:00,94.8
2022-06-19 03:13:30+02:00,94.2
2022-06-19 03:14:30+02:00,93.8
2022-06-19 03:15:30+02:00,93.5
2022-06-19 03:16:30+02:00,93.3
2022-06-19 03:17:30+02:00,93.1
2022-06-19 03:18:30+02:00,93.1
2022-06-19 03:19:30+02:00,93.1
2022-06-19 03:20:30+02:00,93.0
2022-06-19 03:21:30+02:00,50.0
2022-06-19 03:22:31+02:00,92.9
2022-06-19 03:23:31+02:00,50.0
2022-06-19 03:24:31+02:00,93.1
2022-06-19 03:25:31+02:00,93.0
2022-06-19 03:26:31+02:00,92.8
2022-06-19 03:27:31+02:00,92.4
2022-06-19 03:28:31+02:00,50.0
2022-06-19 03:29:32+02:00,92.2
2022-06-19 03:30:32+02:00,92.2
2022-06-19 03:31:32+02:00,92.1
2022-06-19 03:32:32+02:00,92.0
2022-06-19 03:33:32+02:00,92.0
2022-06-19 03:34:32+02:00,92.1
2022-06-19 03:35:33+02:00,92.0
2022-06-19 03:36:33+02:00,92.0
2022-06-19 03:37:33+02:00,92.0
2022-06-19 03:38:33+02:00,91.9
2022-06-19 03:39:33+02:00,91.9
2022-06-19 03:40:33+02:00,91.9
2022-06-19 03:41:33+02:00,91.9
2022-06-19 03:42:34+02:00,91.9
2022-06-19 03:43:34+02:00,50.0
2022-06-19 03:44:34+02:00,90.8
2022-06-19 03:45:34+02:00,90.2
2022-06-19 03:46:34+02:00,89.6
2022-06-19 03:47:34+02:00,89.2
2022-06-19 03:48:34+02:00,89.2
2022-06-19 03:49:35+02:00,89.3
2022-06-19 03:50:35+02:00,89.2
2022-06-19 03:51:35+02:00,89.2
2022-06-19 03:52:35+02:00,89.4
2022-06-19 03:53:35+02:00,89.6
2022-06-19 03:54:35+02:00,89.5
2022-06-19 03:55:35+02:00,89.5
2022-06-19 03:56:36+02:00,89.4
2022-06-19 03:57:36+02:00,89.2
2022-06-19 03:58:36+02:00,89.2
2022-06-19 03:59:36+02:00,89.8
2022-06-19 04:00:36+02:00,90.2
2022-06-19 04:01:36+02:00,90.4
2022-06-19 04:02:37+02:00,90.5
2022-06-19 04:03:37+02:00,90.7
2022-06-19 04:04:37+02:00,90.8
2022-06-19 04:05:37+02:00,90.7
2022-06-19 04:06:37+02:00,90.5
2022-06-19 04:07:37+02:00,90.3
2022-06-19 04:08:37+02:00,90.6
2022-06-19 04:09:38+02:00,91.0
2022-06-19 04:10:38+02:00,91.4
2022-06-19 04:11:38+02:00,91.6
2022-06-19 04:12:38+02:00,91.7
2022-06-19 04:13:38+02:00,91.7
2022-06-19 04:14:38+02:00,91.7
2022-06-19 04:15:38+02:00,91.7
2022-06-19 04:16:39+02:00,91.7
2022-06-19 04:17:39+02:00,91.0
2022-06-19 04:18:39+02:00,50.0
2022-06-19 04:19:39+02:00,92.0
2022-06-19 04:20:39+02:00,92.9
2022-06-19 04:21:39+02:00,93.5
2022-06-19 04:22:40+02:00,93.7
2022-06-19 04:23:40+02:00,93.6
2022-06-19 04:24:40+02:00,93.8
2022-06-19 04:25:40+02:00,93.9
2022-06-19 04:26:40+02:00,93.8
2022-06-19 04:27:40+02:00,93.8
2022-06-19 04:28:40+02:00,94.2
2022-06-19 04:29:41+02:00,94.6
2022-06-19 04:30:41+02:00,94.6
2022-06-19 04:31:41+02:00,94.9
2022-06-19 04:32:41+02:00,94.9
2022-06-19 04:33:41+02:00,95.0
2022-06-19 04:34:41+02:00,95.0
2022-06-19 04:35:42+02:00,94.9
2022-06-19 04:36:42+02:00,94.9
2022-06-19 04:37:42+02:00,94.8
2022-06-19 04:38:42+02:00,95.1
2022-06-19 04:39:42+02:00,95.0
2022-06-19 04:40:42+02:00,95.0
2022-06-19 04:41:42+02:00,95.0
2022-06-19 04:42:43+02:00,94.4
2022-06-19 04:43:43+02:00,94.4
2022-06-19 04:44:43+02:00,94.6
2022-06-19 04:45:43+02:00,94.5
2022-06-19 04:46:43+02:00,94.7
2022-06-19 04:47:43+02:00,94.7
2022-06-19 04:48:43+02:00,94.3
2022-06-19 04:49:44+02:00,94.7
2022-06-19 04:50:44+02:00,94.7
2022-06-19 04:51:44+02:00,94.8
2022-06-19 04:52:44+02:00,94.9
2022-06-19 04:53:44+02:00,94.9
2022-06-19 04:54:44+02:00,94.8
2022-06-19 04:55:44+02:00,94.8
2022-06-19 04:56:45+02:00,94.7
2022-06-19 04:57:45+02:00,94.6
2022-06-19 04:58:45+02:00,94.5
2022-06-19 04:59:45+02:00,94.5
2022-06-19 05:00:45+02:00,94.4
2022-06-19 05:01:45+02:00,94.4
2022-06-19 05:02:46+02:00,94.3
2022-06-19 05:03:46+02:00,94.3
2022-06-19 05:04:46+02:00,94.4
2022-06-19 05:05:46+02:00,50.0
2022-06-19 05:06:46+02:00,50.0
2022-06-19 05:07:46+02:00,94.5
2022-06-19 05:08:46+02:00,50.0
2022-06-19 05:09:47+02:00,94.2
2022-06-19 05:10:47+02:00,50.0
2022-06-19 05:11:47+02:00,93.4
2022-06-19 05:12:47+02:00,93.0
2022-06-19 05:13:47+02:00,50.0
2022-06-19 05:14:47+02:00,93.3
2022-06-19 05:15:47+02:00,93.4
2022-06-19 05:16:48+02:00,93.4
2022-06-19 05:17:48+02:00,93.4
2022-06-19 05:18:48+02:00,93.3
2022-06-19 05:19:48+02:00,93.3
2022-06-19 05:20:48+02:00,93.2
2022-06-19 05:21:48+02:00,93.2
2022-06-19 05:22:49+02:00,93.3
2022-06-19 05:23:49+02:00,93.3
2022-06-19 05:24:49+02:00,93.3
2022-06-19 05:25:49+02:00,93.4
2022-06-19 05:26:49+02:00,93.5
2022-06-19 05:27:49+02:00,93.4
2022-06-19 05:28:49+02:00,93.6
2022-06-19 05:29:50+02:00,93.6
2022-06-19 05:30:50+02:00,93.6
2022-06-19 05:31:50+02:00,93.5
2022-06-19 05:32:50+02:00,93.6
2022-06-19 05:33:50+02:00,93.3
2022-06-19 05:34:50+02:00,93.2
2022-06-19 05:35:51+02:00,93.2
2022-06-19 05:36:51+02:00,93.2
2022-06-19 05:37:51+02:00,93.1
2022-06-19 05:38:51+02:00,93.0
2022-06-19 05:39:51+02:00,93.1
2022-06-19 05:40:51+02:00,93.1
2022-06-19 05:41:51+02:00,93.1
2022-06-19 05:42:52+02:00,50.0
2022-06-19 05:43:52+02:00,93.0
2022-06-19 05:44:52+02:00,92.7
2022-06-19 05:45:52+02:00,91.6
2022-06-19 05:46:52+02:00,90.8
2022-06-19 05:47:52+02:00,90.2
2022-06-19 05:48:53+02:00,90.3
2022-06-19 05:49:53+02:00,50.0
2022-06-19 05:50:53+02:00,91.1
2022-06-19 05:51:53+02:00,91.9
2022-06-19 05:52:53+02:00,92.3
2022-06-19 05:53:53+02:00,92.7
2022-06-19 05:54:53+02:00,93.0
2022-06-19 05:55:54+02:00,93.4
2022-06-19 05:56:54+02:00,93.5
2022-06-19 05:57:54+02:00,50.0
2022-06-19 05:58:54+02:00,94.1
2022-06-19 05:59:54+02:00,94.5
2022-06-19 06:00:54+02:00,50.0
2022-06-19 06:01:55+02:00,50.0
2022-06-19 06:02:55+02:00,94.6
2022-06-19 06:03:55+02:00,94.8
2022-06-19 06:04:55+02:00,94.9
2022-06-19 06:05:55+02:00,94.9
2022-06-19 06:06:55+02:00,94.9
2022-06-19 06:07:55+02:00,95.0
2022-06-19 06:08:56+02:00,94.9
2022-06-19 06:09:56+02:00,95.0
2022-06-19 06:10:56+02:00,50.0
2022-06-19 06:11:56+02:00,95.0
2022-06-19 06:12:56+02:00,50.0
2022-06-19 06:13:56+02:00,95.1
2022-06-19 06:14:57+02:00,95.2
2022-06-19 06:15:57+02:00,94.9
2022-06-19 06:16:57+02:00,94.9
2022-06-19 06:17:57+02:00,94.8
2022-06-19 06:18:57+02:00,50.0
2022-06-19 06:19:57+02:00,50.0
2022-06-19 06:20:58+02:00,94.9
2022-06-19 06:21:58+02:00,95.1
2022-06-19 06:22:58+02:00,95.2
2022-06-19 06:23:58+02:00,95.2
2022-06-19 06:24:58+02:00,95.2
2022-06-19 06:25:58+02:00,95.3
2022-06-19 06:26:58+02:00,95.2
2022-06-19 06:27:59+02:00,95.3
2022-06-19 06:28:59+02:00,95.3
2022-06-19 06:29:59+02:00,95.4
2022-06-19 06:30:59+02:00,95.4
2022-06-19 06:31:59+02:00,95.3
2022-06-19 06:32:59+02:00,95.4
2022-06-19 06:33:59+02:00,95.3
2022-06-19 06:35:00+02:00,95.3
2022-06-19 06:36:00+02:00,95.3
2022-06-19 06:37:00+02:00,95.3
2022-06-19 06:38:00+02:00,95.4
2022-06-19 06:39:00+02:00,95.3
2022-06-19 06:40:00+02:00,95.4
2022-06-19 06:41:00+02:00,95.4
2022-06-19 06:42:01+02:00,95.4
2022-06-19 06:43:01+02:00,95.3
2022-06-19 06:44:01+02:00,95.3
2022-06-19 06:45:01+02:00,50.0
2022-06-19 06:46:01+02:00,95.3
2022-06-19 06:47:01+02:00,95.1
2022-06-19 06:48:01+02:00,50.0
2022-06-19 06:49:01+02:00,50.0
2022-06-19 06:50:02+02:00,50.0
2022-06-19 06:51:02+02:00,50.0
2022-06-19 06:52:02+02:00,95.0
2022-06-19 06:53:02+02:00,94.2
2022-06-19 06:54:02+02:00,93.8
2022-06-19 06:55:02+02:00,93.7
2022-06-19 06:56:02+02:00,93.8
2022-06-19 06:57:02+02:00,94.1
2022-06-19 06:58:02+02:00,50.0
2022-06-19 06:59:02+02:00,94.0
2022-06-19 07:00:03+02:00,93.8
2022-06-19 07:01:03+02:00,93.9
2022-06-19 07:02:03+02:00,94.2
2022-06-19 07:03:03+02:00,94.1
2022-06-19 07:04:03+02:00,94.5
2022-06-19 07:05:03+02:00,50.0
2022-06-19 07:06:03+02:00,95.2
2022-06-19 07:07:03+02:00,95.6
2022-06-19 07:08:04+02:00,95.8
2022-06-19 07:09:04+02:00,96.0
2022-06-19 07:10:04+02:00,96.0
2022-06-19 07:11:04+02:00,96.1
2022-06-19 07:12:04+02:00,96.2
2022-06-19 07:13:04+02:00,96.3
2022-06-19 07:14:04+02:00,96.3
2022-06-19 07:15:05+02:00,96.3
2022-06-19 07:16:05+02:00,96.3
2022-06-19 07:17:05+02:00,96.2
2022-06-19 07:18:05+02:00,96.1
2022-06-19 07:19:05+02:00,96.2
2022-06-19 07:20:05+02:00,96.1
2022-06-19 07:21:05+02:00,96.0
2022-06-19 07:22:05+02:00,96.0
2022-06-19 07:23:05+02:00,95.8
2022-06-19 07:24:06+02:00,95.8
2022-06-19 07:25:06+02:00,95.8
2022-06-19 07:26:06+02:00,95.9
2022-06-19 07:27:06+02:00,95.8
2022-06-19 07:28:06+02:00,95.9
2022-06-19 07:29:06+02:00,95.8
2022-06-19 07:30:07+02:00,95.8
2022-06-19 07:31:07+02:00,95.8
2022-06-19 07:32:07+02:00,95.7
2022-06-19 07:33:07+02:00,95.6
2022-06-19 07:34:07+02:00,95.7
2022-06-19 07:35:07+02:00,95.8
2022-06-19 07:36:07+02:00,95.8
2022-06-19 07:37:08+02:00,95.7
2022-06-19 07:38:08+02:00,95.7
2022-06-19 07:39:08+02:00,95.8
2022-06-19 07:40:08+02:00,95.8
2022-06-19 07:41:08+02:00,95.9
2022-06-19 07:42:08+02:00,95.9
2022-06-19 07:43:08+02:00,95.6
2022-06-19 07:44:09+02:00,95.6
2022-06-19 07:45:09+02:00,95.7
2022-06-19 07:46:09+02:00,95.9
2022-06-19 07:47:09+02:00,95.9
2022-06-19 07:48:09+02:00,95.8
2022-06-19 07:49:09+02:00,95.2
2022-06-19 07:50:10+02:00,94.5
2022-06-19 07:51:10+02:00,50.0
2022-06-19 07:52:10+02:00,94.3
2022-06-19 07:53:10+02:00,94.2
2022-06-19 07:54:10+02:00,94.2
2022-06-19 07:55:10+02:00,94.5
2022-06-19 07:56:10+02:00,94.8
2022-06-19 07:57:11+02:00,95.0
2022-06-19 07:58:11+02:00,95.2
2022-06-19 07:59:11+02:00,95.2
2022-06-19 08:00:11+02:00,95.2
2022-06-19 08:01:11+02:00,95.1
2022-06-19 08:02:11+02:00,94.1
2022-06-19 08:03:12+02:00,93.8
2022-06-19 08:04:12+02:00,50.0
2022-06-19 08:05:12+02:00,94.0
2022-06-19 08:06:12+02:00,94.1
2022-06-19 08:07:12+02:00,94.0
2022-06-19 08:08:12+02:00,94.2
2022-06-19 08:09:12+02:00,94.7
2022-06-19 08:10:13+02:00,94.8
2022-06-19 08:11:13+02:00,94.8
2022-06-19 08:12:13+02:00,94.8
2022-06-19 08:13:13+02:00,94.9
2022-06-19 08:14:13+02:00,94.9
2022-06-19 08:15:13+02:00,94.8
2022-06-19 08:16:13+02:00,94.8
2022-06-19 08:17:14+02:00,50.0
2022-06-19 08:18:14+02:00,94.7
2022-06-19 08:19:14+02:00,94.9
2022-06-19 08:20:14+02:00,95.0
2022-06-19 08:21:14+02:00,95.1
2022-06-19 08:22:14+02:00,95.1
2022-06-19 08:23:14+02:00,95.1
2022-06-19 08:24:15+02:00,95.2
2022-06-19 08:25:15+02:00,95.2
2022-06-19 08:26:15+02:00,95.2
2022-06-19 08:27:15+02:00,95.3
2022-06-19 08:28:15+02:00,95.2
2022-06-19 08:29:15+02:00,95.2
2022-06-19 08:30:16+02:00,95.1
2022-06-19 08:31:16+02:00,95.1
2022-06-19 08:32:16+02:00,95.0
2022-06-19 08:33:16+02:00,95.0
2022-06-19 08:34:16+02:00,95.0
2022-06-19 08:35:16+02:00,94.9
2022-06-19 08:36:16+02:00,50.0
2022-06-19 08:37:17+02:00,50.0
2022-06-19 08:38:17+02:00,94.8
2022-06-19 08:39:17+02:00,50.0
2022-06-19 08:40:17+02:00,94.0
2022-06-19 08:41:17+02:00,93.6
2022-06-19 08:42:17+02:00,93.3
2022-06-19 08:43:17+02:00,93.3
2022-06-19 08:44:18+02:00,50.0
2022-06-19 08:45:18+02:00,93.2
2022-06-19 08:46:18+02:00,93.5
2022-06-19 08:47:18+02:00,93.8
2022-06-19 08:48:18+02:00,94.0
2022-06-19 08:49:18+02:00,94.1
2022-06-19 08:50:19+02:00,94.3
2022-06-19 08:51:19+02:00,94.4
2022-06-19 08:52:19+02:00,94.4
2022-06-19 08:53:19+02:00,94.5
2022-06-19 08:54:19+02:00,94.5
2022-06-19 08:55:19+02:00,94.5
2022-06-19 08:56:19+02:00,94.5
2022-06-19 08:57:20+02:00,94.5
2022-06-19 08:58:20+02:00,94.5
2022-06-19 08:59:20+02:00,94.5
2022-06-19 09:00:20+02:00,94.5
2022-06-19 09:01:20+02:00,94.5
2022-06-19 09:02:20+02:00,94.5
2022-06-19 09:03:21+02:00,94.5
2022-06-19 09:04:21+02:00,94.6
2022-06-19 09:05:21+02:00,94.6
2022-06-19 09:06:21+02:00,94.6
2022-06-19 09:07:21+02:00,94.5
2022-06-19 09:08:21+02:00,94.6
2022-06-19 09:09:21+02:00,94.6
2022-06-19 09:10:21+02:00,94.6
2022-06-19 09:11:22+02:00,94.6
2022-06-19 09:12:22+02:00,50.0
2022-06-19 09:13:22+02:00,50.0
2022-06-19 09:14:22+02:00,94.4
2022-06-19 09:15:22+02:00,94.0
2022-06-19 09:16:22+02:00,93.1
2022-06-19 09:17:23+02:00,93.1
2022-06-19 09:18:23+02:00,93.0
2022-06-19 09:19:23+02:00,93.0
2022-06-19 09:20:23+02:00,93.1
2022-06-19 09:21:23+02:00,93.3
2022-06-19 09:22:23+02:00,92.9
2022-06-19 09:23:23+02:00,50.0
2022-06-19 09:24:24+02:00,93.5
2022-06-19 09:25:24+02:00,94.0
2022-06-19 09:26:24+02:00,94.4
2022-06-19 09:27:24+02:00,94.7
2022-06-19 09:28:24+02:00,50.0
2022-06-19 09:29:24+02:00,95.0
2022-06-19 09:30:25+02:00,95.0
2022-06-19 09:31:25+02:00,94.8
2022-06-19 09:32:25+02:00,94.5
2022-06-19 09:33:25+02:00,94.3
2022-06-19 09:34:25+02:00,94.1
2022-06-19 09:35:25+02:00,50.0
2022-06-19 09:36:25+02:00,94.1
2022-06-19 09:37:25+02:00,94.5
2022-06-19 09:38:25+02:00,94.7
2022-06-19 09:39:25+02:00,94.8
2022-06-19 09:40:25+02:00,94.9
2022-06-19 09:41:26+02:00,95.0
2022-06-19 09:42:26+02:00,95.1
2022-06-19 09:43:26+02:00,95.0
2022-06-19 09:44:26+02:00,95.2
2022-06-19 09:45:26+02:00,95.3
2022-06-19 09:46:26+02:00,95.4
2022-06-19 09:47:26+02:00,50.0
2022-06-19 09:48:26+02:00,95.4
2022-06-19 09:49:26+02:00,95.1
2022-06-19 09:50:26+02:00,94.7
2022-06-19 09:51:26+02:00,94.7
2022-06-19 09:52:26+02:00,94.7
2022-06-19 09:53:27+02:00,94.8
2022-06-19 09:54:27+02:00,50.0
2022-06-19 09:55:27+02:00,94.9
2022-06-19 09:56:27+02:00,95.3
2022-06-19 09:57:27+02:00,95.5
2022-06-19 09:58:27+02:00,95.5
2022-06-19 09:59:27+02:00,95.6
2022-06-19 10:00:27+02:00,95.5
2022-06-19 10:01:27+02:00,95.4
2022-06-19 10:02:28+02:00,95.4
2022-06-19 10:03:28+02:00,95.4
2022-06-19 10:04:28+02:00,95.4
2022-06-19 10:05:28+02:00,95.3
2022-06-19 10:06:28+02:00,95.3
2022-06-19 10:07:28+02:00,95.4
2022-06-19 10:08:28+02:00,95.4
2022-06-19 10:09:28+02:00,95.5
2022-06-19 10:10:28+02:00,95.6
2022-06-19 10:11:28+02:00,95.7
2022-06-19 10:12:28+02:00,95.7
2022-06-19 10:13:29+02:00,95.8
2022-06-19 10:14:29+02:00,50.0
2022-06-19 10:15:29+02:00,95.9
2022-06-19 10:16:29+02:00,95.7
2022-06-19 10:17:29+02:00,95.5
2022-06-19 10:18:29+02:00,95.3
2022-06-19 10:19:29+02:00,95.2
2022-06-19 10:20:29+02:00,95.2
2022-06-19 10:21:29+02:00,95.3
2022-06-19 10:22:30+02:00,95.5
2022-06-19 10:23:30+02:00,50.0
2022-06-19 10:24:30+02:00,95.7
2022-06-19 10:25:30+02:00,95.9
2022-06-19 10:26:30+02:00,96.2
2022-06-19 10:27:30+02:00,96.4
2022-06-19 10:28:30+02:00,96.7
2022-06-19 10:29:30+02:00,96.8
2022-06-19 10:30:30+02:00,97.0
2022-06-19 10:31:30+02:00,97.1
2022-06-19 10:32:30+02:00,97.2
2022-06-19 10:33:31+02:00,97.3
2022-06-19 10:34:31+02:00,97.3
2022-06-19 10:35:31+02:00,97.3
2022-06-19 10:36:31+02:00,97.4
2022-06-19 10:37:31+02:00,97.4
2022-06-19 10:38:31+02:00,97.5
2022-06-19 10:39:31+02:00,97.5
2022-06-19 10:40:32+02:00,97.6
2022-06-19 10:41:32+02:00,97.6
2022-06-19 10:42:32+02:00,97.6
2022-06-19 10:43:32+02:00,97.6
2022-06-19 10:44:32+02:00,97.7
2022-06-19 10:45:32+02:00,50.0
2022-06-19 10:46:32+02:00,97.5
2022-06-19 10:47:33+02:00,50.0
2022-06-19 10:48:33+02:00,50.0
2022-06-19 10:49:33+02:00,95.9
2022-06-19 10:50:33+02:00,95.0
2022-06-19 10:51:33+02:00,94.6
2022-06-19 10:52:33+02:00,94.2
2022-06-19 10:53:33+02:00,94.0
2022-06-19 10:54:34+02:00,50.0
2022-06-19 10:55:34+02:00,93.9
2022-06-19 10:56:34+02:00,94.1
2022-06-19 10:57:34+02:00,94.3
2022-06-19 10:58:34+02:00,94.4
2022-06-19 10:59:34+02:00,94.6
2022-06-19 11:00:35+02:00,94.7
2022-06-19 11:01:35+02:00,94.9
2022-06-19 11:02:35+02:00,95.0
2022-06-19 11:03:35+02:00,50.0
2022-06-19 11:04:35+02:00,95.1
2022-06-19 11:05:35+02:00,94.6
2022-06-19 11:06:35+02:00,94.5
2022-06-19 11:07:36+02:00,94.7
2022-06-19 11:08:36+02:00,94.7
2022-06-19 11:09:36+02:00,94.7
2022-06-19 11:10:36+02:00,50.0
2022-06-19 11:11:36+02:00,94.8
2022-06-19 11:12:36+02:00,50.0
2022-06-19 11:13:37+02:00,95.0
2022-06-19 11:14:37+02:00,95.2
2022-06-19 11:15:37+02:00,95.3
2022-06-19 11:16:37+02:00,95.5
2022-06-19 11:17:37+02:00,95.6
2022-06-19 11:18:37+02:00,95.6
2022-06-19 11:19:38+02:00,95.7
2022-06-19 11:20:38+02:00,95.7
2022-06-19 11:21:38+02:00,95.7
2022-06-19 11:22:38+02:00,50.0
2022-06-19 11:23:38+02:00,95.8
2022-06-19 11:24:38+02:00,95.8
2022-06-19 11:25:38+02:00,95.6
2022-06-19 11:26:39+02:00,95.7
2022-06-19 11:27:39+02:00,95.5
2022-06-19 11:28:39+02:00,95.6
2022-06-19 11:29:39+02:00,95.5
2022-06-19 11:30:39+02:00,95.5
2022-06-19 11:31:39+02:00,95.5
2022-06-19 11:32:40+02:00,95.6
2022-06-19 11:33:40+02:00,95.7
2022-06-19 11:34:40+02:00,95.7
2022-06-19 11:35:40+02:00,95.6
2022-06-19 11:36:40+02:00,95.6
2022-06-19 11:37:40+02:00,95.6
2022-06-19 11:38:41+02:00,95.6
2022-06-19 11:39:41+02:00,95.5
2022-06-19 11:40:41+02:00,95.4
2022-06-19 11:41:41+02:00,95.5
2022-06-19 11:42:41+02:00,95.6
2022-06-19 11:43:41+02:00,95.6
2022-06-19 11:44:41+02:00,95.5
2022-06-19 11:45:42+02:00,95.5
2022-06-19 11:46:42+02:00,50.0
2022-06-19 11:47:42+02:00,95.4
2022-06-19 11:48:42+02:00,95.2
2022-06-19 11:49:42+02:00,95.1
2022-06-19 11:50:42+02:00,50.0
2022-06-19 11:51:42+02:00,50.0
2022-06-19 11:52:43+02:00,95.4
2022-06-19 11:53:43+02:00,95.4
2022-06-19 11:54:43+02:00,50.0
2022-06-19 11:55:43+02:00,95.1
2022-06-19 11:56:43+02:00,94.9
2022-06-19 11:57:43+02:00,94.2
2022-06-19 11:58:44+02:00,93.9
2022-06-19 11:59:44+02:00,93.6
2022-06-19 12:00:44+02:00,93.3
2022-06-19 12:01:44+02:00,93.2
2022-06-19 12:02:44+02:00,93.1
2022-06-19 12:03:44+02:00,93.0
2022-06-19 12:04:45+02:00,50.0
2022-06-19 12:05:45+02:00,93.0
2022-06-19 12:06:45+02:00,50.0
2022-06-19 12:07:45+02:00,93.7
2022-06-19 12:08:45+02:00,50.0
2022-06-19 12:09:45+02:00,50.0
2022-06-19 12:10:45+02:00,50.0
2022-06-19 12:11:46+02:00,94.6
2022-06-19 12:12:46+02:00,50.0
2022-06-19 12:13:46+02:00,50.0
2022-06-19 12:14:46+02:00,50.0
2022-06-19 12:15:46+02:00,95.2
2022-06-19 12:16:46+02:00,50.0
2022-06-19 12:17:46+02:00,95.5
2022-06-19 12:18:47+02:00,95.6
2022-06-19 12:19:47+02:00,95.7
2022-06-19 12:20:47+02:00,95.7
2022-06-19 12:21:47+02:00,50.0
2022-06-19 12:22:47+02:00,50.0
2022-06-19 12:23:47+02:00,50.0
2022-06-19 12:24:48+02:00,50.0
2022-06-19 12:25:48+02:00,50.0
2022-06-19 12:26:48+02:00,50.0
2022-06-19 12:27:48+02:00,50.0
2022-06-19 12:28:48+02:00,50.0
2022-06-19 12:29:48+02:00,50.0
2022-06-19 12:30:48+02:00,50.0
2022-06-19 12:31:49+02:00,50.0
2022-06-19 12:32:49+02:00,50.0
2022-06-19 12:33:49+02:00,50.0
2022-06-19 12:34:49+02:00,50.0
2022-06-19 12:35:49+02:00,50.0
2022-06-19 12:36:49+02:00,50.0
2022-06-19 12:37:49+02:00,50.0
2022-06-19 12:38:50+02:00,50.0
2022-06-19 12:39:50+02:00,50.0
2022-06-20 02:01:00+02:00,93.7
2022-06-20 02:02:00+02:00,50.0
2022-06-20 02:03:00+02:00,94.0
2022-06-20 02:04:00+02:00,93.9
2022-06-20 02:05:00+02:00,93.2
2022-06-20 02:06:00+02:00,92.5
2022-06-20 02:07:00+02:00,91.9
2022-06-20 02:08:00+02:00,91.5
2022-06-20 02:09:00+02:00,91.3
2022-06-20 02:10:00+02:00,91.0
2022-06-20 02:11:00+02:00,90.8
2022-06-20 02:12:00+02:00,50.0
2022-06-20 02:13:00+02:00,91.5
2022-06-20 02:14:01+02:00,92.0
2022-06-20 02:15:01+02:00,92.1
2022-06-20 02:16:01+02:00,92.2
2022-06-20 02:17:01+02:00,92.2
2022-06-20 02:18:01+02:00,92.2
2022-06-20 02:19:01+02:00,92.1
2022-06-20 02:20:02+02:00,92.0
2022-06-20 02:21:02+02:00,92.0
2022-06-20 02:22:02+02:00,92.0
2022-06-20 02:23:02+02:00,92.0
2022-06-20 02:24:02+02:00,92.0
2022-06-20 02:25:02+02:00,92.0
2022-06-20 02:26:02+02:00,91.9
2022-06-20 02:27:02+02:00,91.9
2022-06-20 02:28:02+02:00,91.9
2022-06-20 02:29:03+02:00,91.8
2022-06-20 02:30:03+02:00,91.9
2022-06-20 02:31:03+02:00,91.9
2022-06-20 02:32:03+02:00,50.0
2022-06-20 02:33:03+02:00,91.9
2022-06-20 02:34:03+02:00,92.1
2022-06-20 02:35:03+02:00,92.1
2022-06-20 02:36:04+02:00,92.1
2022-06-20 02:37:04+02:00,92.0
2022-06-20 02:38:04+02:00,91.8
2022-06-20 02:39:04+02:00,91.8
2022-06-20 02:40:04+02:00,91.8
2022-06-20 02:41:04+02:00,91.8
2022-06-20 02:42:04+02:00,92.0
2022-06-20 02:43:05+02:00,92.0
2022-06-20 02:44:05+02:00,91.9
2022-06-20 02:45:05+02:00,92.3
2022-06-20 02:46:05+02:00,92.6
2022-06-20 02:47:05+02:00,92.7
2022-06-20 02:48:05+02:00,92.8
2022-06-20 02:49:05+02:00,93.0
2022-06-20 02:50:05+02:00,50.0
2022-06-20 02:51:05+02:00,50.0
2022-06-20 02:52:05+02:00,93.2
2022-06-20 02:53:06+02:00,50.0
2022-06-20 02:54:06+02:00,50.0
2022-06-20 02:55:06+02:00,50.0
2022-06-20 02:56:06+02:00,93.2
2022-06-20 02:57:06+02:00,93.5
2022-06-20 02:58:06+02:00,93.9
2022-06-20 02:59:06+02:00,50.0
2022-06-20 03:00:07+02:00,94.1
2022-06-20 03:01:07+02:00,94.2
2022-06-20 03:02:07+02:00,94.3
2022-06-20 03:03:07+02:00,94.4
2022-06-20 03:04:07+02:00,94.4
2022-06-20 03:05:07+02:00,94.4
2022-06-20 03:06:08+02:00,50.0
2022-06-20 03:07:08+02:00,94.4
2022-06-20 03:08:08+02:00,94.4
2022-06-20 03:09:08+02:00,94.4
2022-06-20 03:10:08+02:00,94.4
2022-06-20 03:11:08+02:00,94.4
2022-06-20 03:12:08+02:00,94.5
2022-06-20 03:13:09+02:00,50.0
2022-06-20 03:14:09+02:00,94.2
2022-06-20 03:15:09+02:00,94.0
2022-06-20 03:16:09+02:00,94.0
2022-06-20 03:17:09+02:00,94.1
2022-06-20 03:18:09+02:00,94.2
2022-06-20 03:19:10+02:00,94.3
2022-06-20 03:20:10+02:00,94.4
2022-06-20 03:21:10+02:00,94.4
2022-06-20 03:22:10+02:00,94.4
2022-06-20 03:23:10+02:00,94.4
2022-06-20 03:24:10+02:00,94.4
2022-06-20 03:25:10+02:00,94.5
2022-06-20 03:26:11+02:00,94.5
2022-06-20 03:27:11+02:00,94.5
2022-06-20 03:28:11+02:00,94.5
2022-06-20 03:29:11+02:00,94.5
2022-06-20 03:30:11+02:00,94.4
2022-06-20 03:31:11+02:00,94.4
2022-06-20 03:32:11+02:00,94.4
2022-06-20 03:33:12+02:00,50.0
2022-06-20 03:34:12+02:00,50.0
2022-06-20 03:35:12+02:00,94.2
2022-06-20 03:36:12+02:00,50.0
2022-06-20 03:37:12+02:00,93.9
2022-06-20 03:38:12+02:00,94.5
2022-06-20 03:39:12+02:00,50.0
2022-06-20 03:40:13+02:00,94.3
2022-06-20 03:41:13+02:00,94.1
2022-06-20 03:42:13+02:00,50.0
2022-06-20 03:43:13+02:00,94.0
2022-06-20 03:44:13+02:00,94.3
2022-06-20 03:45:13+02:00,94.4
2022-06-20 03:46:14+02:00,94.6
2022-06-20 03:47:14+02:00,94.7
2022-06-20 03:48:14+02:00,94.8
2022-06-20 03:49:14+02:00,94.8
2022-06-20 03:50:14+02:00,94.9
2022-06-20 03:51:14+02:00,50.0
2022-06-20 03:52:14+02:00,94.6
2022-06-20 03:53:14+02:00,94.2
2022-06-20 03:54:15+02:00,94.0
2022-06-20 03:55:15+02:00,93.9
2022-06-20 03:56:15+02:00,93.8
2022-06-20 03:57:15+02:00,93.8
2022-06-20 03:58:15+02:00,93.9
2022-06-20 03:59:15+02:00,93.9
2022-06-20 04:00:16+02:00,93.9
2022-06-20 04:01:16+02:00,94.0
2022-06-20 04:02:16+02:00,94.1
2022-06-20 04:03:16+02:00,94.1
2022-06-20 04:04:16+02:00,94.1
2022-06-20 04:05:16+02:00,94.2
2022-06-20 04:06:16+02:00,94.2
2022-06-20 04:07:17+02:00,94.1
2022-06-20 04:08:17+02:00,50.0
2022-06-20 04:09:17+02:00,94.3
2022-06-20 04:10:17+02:00,94.7
2022-06-20 04:11:17+02:00,95.0
2022-06-20 04:12:17+02:00,95.2
2022-06-20 04:13:17+02:00,95.4
2022-06-20 04:14:18+02:00,95.5
2022-06-20 04:15:18+02:00,95.6
2022-06-20 04:16:18+02:00,95.8
2022-06-20 04:17:18+02:00,95.9
2022-06-20 04:18:18+02:00,96.0
2022-06-20 04:19:18+02:00,96.1
2022-06-20 04:20:19+02:00,96.1
2022-06-20 04:21:19+02:00,96.0
2022-06-20 04:22:19+02:00,96.1
2022-06-20 04:23:19+02:00,96.1
2022-06-20 04:24:19+02:00,96.1
2022-06-20 04:25:19+02:00,96.2
2022-06-20 04:26:19+02:00,96.2
2022-06-20 04:27:20+02:00,96.1
2022-06-20 04:28:20+02:00,96.2
2022-06-20 04:29:20+02:00,96.1
2022-06-20 04:30:20+02:00,50.0
2022-06-20 04:31:20+02:00,95.9
2022-06-20 04:32:20+02:00,95.8
2022-06-20 04:33:20+02:00,50.0
2022-06-20 04:34:21+02:00,95.2
2022-06-20 04:35:21+02:00,94.4
2022-06-20 04:36:21+02:00,93.7
2022-06-20 04:37:21+02:00,93.3
2022-06-20 04:38:21+02:00,92.9
2022-06-20 04:39:21+02:00,92.7
2022-06-20 04:40:21+02:00,92.4
2022-06-20 04:41:22+02:00,92.4
2022-06-20 04:42:22+02:00,92.5
2022-06-20 04:43:22+02:00,92.1
2022-06-20 04:44:22+02:00,92.0
2022-06-20 04:45:22+02:00,92.0
2022-06-20 04:46:22+02:00,92.1
2022-06-20 04:47:22+02:00,91.9
2022-06-20 04:48:23+02:00,92.1
2022-06-20 04:49:23+02:00,92.2
2022-06-20 04:50:23+02:00,92.5
2022-06-20 04:51:23+02:00,92.5
2022-06-20 04:52:23+02:00,92.5
2022-06-20 04:53:23+02:00,92.4
2022-06-20 04:54:23+02:00,92.1
2022-06-20 04:55:24+02:00,50.0
2022-06-20 04:56:24+02:00,50.0
2022-06-20 04:57:24+02:00,92.4
2022-06-20 04:58:24+02:00,92.4
2022-06-20 04:59:24+02:00,92.7
2022-06-20 05:00:24+02:00,50.0
2022-06-20 05:01:25+02:00,92.9
2022-06-20 05:02:25+02:00,93.0
2022-06-20 05:03:25+02:00,93.1
2022-06-20 05:04:25+02:00,93.5
2022-06-20 05:05:25+02:00,50.0
2022-06-20 05:06:25+02:00,93.6
2022-06-20 05:07:25+02:00,93.9
2022-06-20 05:08:25+02:00,50.0
2022-06-20 05:09:25+02:00,94.0
2022-06-20 05:10:26+02:00,94.1
2022-06-20 05:11:26+02:00,94.3
2022-06-20 05:12:26+02:00,94.4
2022-06-20 05:13:26+02:00,94.3
2022-06-20 05:14:26+02:00,50.0
2022-06-20 05:15:26+02:00,93.8
2022-06-20 05:16:26+02:00,93.2
2022-06-20 05:17:26+02:00,92.9
2022-06-20 05:18:26+02:00,50.0
2022-06-20 05:19:26+02:00,50.0
2022-06-20 05:20:26+02:00,93.2
2022-06-20 05:21:26+02:00,94.0
2022-06-20 05:22:27+02:00,94.5
2022-06-20 05:23:27+02:00,94.8
2022-06-20 05:24:27+02:00,95.1
2022-06-20 05:25:27+02:00,95.2
2022-06-20 05:26:27+02:00,95.4
2022-06-20 05:27:27+02:00,95.4
2022-06-20 05:28:27+02:00,95.5
2022-06-20 05:29:27+02:00,95.5
2022-06-20 05:30:27+02:00,95.6
2022-06-20 05:31:27+02:00,50.0
2022-06-20 05:32:27+02:00,95.5
2022-06-20 05:33:28+02:00,95.2
2022-06-20 05:34:28+02:00,94.8
2022-06-20 05:35:28+02:00,94.7
2022-06-20 05:36:28+02:00,94.8
2022-06-20 05:37:28+02:00,94.7
2022-06-20 05:38:28+02:00,94.8
2022-06-20 05:39:28+02:00,95.0
2022-06-20 05:40:28+02:00,95.2
2022-06-20 05:41:28+02:00,95.2
2022-06-20 05:42:28+02:00,95.3
2022-06-20 05:43:28+02:00,95.5
2022-06-20 05:44:29+02:00,95.4
2022-06-20 05:45:29+02:00,95.5
2022-06-20 05:46:29+02:00,95.6
2022-06-20 05:47:29+02:00,95.6
2022-06-20 05:48:29+02:00,95.8
2022-06-20 05:49:29+02:00,95.8
2022-06-20 05:50:29+02:00,50.0
2022-06-20 05:51:29+02:00,95.6
2022-06-20 05:52:29+02:00,93.1
2022-06-20 05:53:29+02:00,91.6
2022-06-20 05:54:29+02:00,90.3
2022-06-20 05:55:30+02:00,89.6
2022-06-20 05:56:30+02:00,89.6
2022-06-20 05:57:30+02:00,89.6
2022-06-20 05:58:30+02:00,89.5
2022-06-20 05:59:30+02:00,89.5
2022-06-20 06:00:30+02:00,89.6
2022-06-20 06:01:30+02:00,89.8
2022-06-20 06:02:30+02:00,90.0
2022-06-20 06:03:30+02:00,90.4
2022-06-20 06:04:30+02:00,90.3
2022-06-20 06:05:30+02:00,50.0
2022-06-20 06:06:31+02:00,50.0
2022-06-20 06:07:31+02:00,90.3
2022-06-20 06:08:31+02:00,91.8
2022-06-20 06:09:31+02:00,92.7
2022-06-20 06:10:31+02:00,93.3
2022-06-20 06:11:31+02:00,94.0
2022-06-20 06:12:31+02:00,94.4
2022-06-20 06:13:32+02:00,94.8
2022-06-20 06:14:32+02:00,95.0
2022-06-20 06:15:32+02:00,95.0
2022-06-20 06:16:32+02:00,95.2
2022-06-20 06:17:32+02:00,95.2
2022-06-20 06:18:32+02:00,95.3
2022-06-20 06:19:33+02:00,95.4
2022-06-20 06:20:33+02:00,95.4
2022-06-20 06:21:33+02:00,95.5
2022-06-20 06:22:33+02:00,95.5
2022-06-20 06:23:33+02:00,95.6
2022-06-20 06:24:33+02:00,95.6
2022-06-20 06:25:33+02:00,95.7
2022-06-20 06:26:34+02:00,95.7
2022-06-20 06:27:34+02:00,95.7
2022-06-20 06:28:34+02:00,50.0
2022-06-20 06:29:34+02:00,96.1
2022-06-20 06:30:34+02:00,96.0
2022-06-20 06:31:34+02:00,96.1
2022-06-20 06:32:34+02:00,96.1
2022-06-20 06:33:35+02:00,96.2
2022-06-20 06:34:35+02:00,96.2
2022-06-20 06:35:35+02:00,96.3
2022-06-20 06:36:35+02:00,96.3
2022-06-20 06:37:35+02:00,96.3
2022-06-20 06:38:35+02:00,96.3
2022-06-20 06:39:35+02:00,96.3
2022-06-20 06:40:36+02:00,96.3
2022-06-20 06:41:36+02:00,96.3
2022-06-20 06:42:36+02:00,96.4
2022-06-20 06:43:36+02:00,96.4
2022-06-20 06:44:36+02:00,50.0
2022-06-20 06:45:36+02:00,96.4
2022-06-20 06:46:37+02:00,50.0
2022-06-20 06:47:37+02:00,95.7
2022-06-20 06:48:37+02:00,95.3
2022-06-20 06:49:37+02:00,95.1
2022-06-20 06:50:37+02:00,95.1
2022-06-20 06:51:37+02:00,95.1
2022-06-20 06:52:37+02:00,95.1
2022-06-20 06:53:38+02:00,95.3
2022-06-20 06:54:38+02:00,95.3
2022-06-20 06:55:38+02:00,95.4
2022-06-20 06:56:38+02:00,95.4
2022-06-20 06:57:38+02:00,95.6
2022-06-20 06:58:38+02:00,95.6
2022-06-20 06:59:39+02:00,95.5
2022-06-20 07:00:39+02:00,95.6
2022-06-20 07:01:39+02:00,95.6
2022-06-20 07:02:39+02:00,95.6
2022-06-20 07:03:39+02:00,50.0
2022-06-20 07:04:39+02:00,95.4
2022-06-20 07:05:39+02:00,50.0
2022-06-20 07:06:40+02:00,95.5
2022-06-20 07:07:40+02:00,95.3
2022-06-20 07:08:40+02:00,95.2
2022-06-20 07:09:40+02:00,95.2
2022-06-20 07:10:40+02:00,95.1
2022-06-20 07:11:40+02:00,95.0
2022-06-20 07:12:40+02:00,94.9
2022-06-20 07:13:41+02:00,95.0
2022-06-20 07:14:41+02:00,95.4
2022-06-20 07:15:41+02:00,95.6
2022-06-20 07:16:41+02:00,95.6
2022-06-20 07:17:41+02:00,95.6
2022-06-20 07:18:41+02:00,95.6
2022-06-20 07:19:42+02:00,95.6
2022-06-20 07:20:42+02:00,95.6
2022-06-20 07:21:42+02:00,95.6
2022-06-20 07:22:42+02:00,50.0
2022-06-20 07:23:42+02:00,94.9
2022-06-20 07:24:42+02:00,93.3
2022-06-20 07:25:42+02:00,92.1
2022-06-20 07:26:43+02:00,91.5
2022-06-20 07:27:43+02:00,91.2
2022-06-20 07:28:43+02:00,90.8
2022-06-20 07:29:43+02:00,90.9
2022-06-20 07:30:43+02:00,91.3
2022-06-20 07:31:43+02:00,91.6
2022-06-20 07:32:43+02:00,91.7
2022-06-20 07:33:44+02:00,92.0
2022-06-20 07:34:44+02:00,92.1
2022-06-20 07:35:44+02:00,93.6
2022-06-20 07:36:44+02:00,94.2
2022-06-20 07:37:44+02:00,94.7
2022-06-20 07:38:44+02:00,95.0
2022-06-20 07:39:45+02:00,95.2
2022-06-20 07:40:45+02:00,95.4
2022-06-20 07:41:45+02:00,95.5
2022-06-20 07:42:45+02:00,50.0
2022-06-20 07:43:45+02:00,95.9
2022-06-20 07:44:45+02:00,96.1
2022-06-20 07:45:45+02:00,96.2
2022-06-20 07:46:46+02:00,96.3
2022-06-20 07:47:46+02:00,50.0
2022-06-20 07:48:46+02:00,96.4
2022-06-20 07:49:46+02:00,96.0
2022-06-20 07:50:46+02:00,95.9
2022-06-20 07:51:46+02:00,50.0
2022-06-20 07:52:46+02:00,50.0
2022-06-20 07:53:47+02:00,50.0
2022-06-20 07:54:47+02:00,50.0
2022-06-20 07:55:47+02:00,50.0
2022-06-20 07:56:47+02:00,95.2
2022-06-20 07:57:47+02:00,93.8
2022-06-20 07:58:47+02:00,93.2
2022-06-20 07:59:48+02:00,93.1
2022-06-20 08:00:48+02:00,93.2
2022-06-20 08:01:48+02:00,93.3
2022-06-20 08:02:48+02:00,93.5
2022-06-20 08:03:48+02:00,93.5
2022-06-20 08:04:48+02:00,50.0
2022-06-20 08:05:49+02:00,93.7
2022-06-20 08:06:49+02:00,94.0
2022-06-20 08:07:49+02:00,94.3
2022-06-20 08:08:49+02:00,94.6
2022-06-20 08:09:49+02:00,95.1
2022-06-20 08:10:49+02:00,95.3
2022-06-20 08:11:49+02:00,95.5
2022-06-20 08:12:49+02:00,95.6
2022-06-20 08:13:50+02:00,95.7
2022-06-20 08:14:50+02:00,95.7
2022-06-20 08:15:50+02:00,95.7
2022-06-20 08:16:50+02:00,95.8
2022-06-20 08:17:50+02:00,95.8
2022-06-20 08:18:50+02:00,95.8
2022-06-20 08:19:51+02:00,95.7
2022-06-20 08:20:51+02:00,95.7
2022-06-20 08:21:51+02:00,95.7
2022-06-20 08:22:51+02:00,95.7
2022-06-20 08:23:51+02:00,95.7
2022-06-20 08:24:51+02:00,95.7
2022-06-20 08:25:51+02:00,95.7
2022-06-20 08:26:52+02:00,95.6
2022-06-20 08:27:52+02:00,95.6
2022-06-20 08:28:52+02:00,95.7
2022-06-20 08:29:52+02:00,95.7
2022-06-20 08:30:52+02:00,95.6
2022-06-20 08:31:52+02:00,95.6
2022-06-20 08:32:53+02:00,95.6
2022-06-20 08:33:53+02:00,95.5
2022-06-20 08:34:53+02:00,95.5
2022-06-20 08:35:53+02:00,95.5
2022-06-20 08:36:53+02:00,95.5
2022-06-20 08:37:53+02:00,95.5
2022-06-20 08:38:53+02:00,95.5
2022-06-20 08:39:54+02:00,95.4
2022-06-20 08:40:54+02:00,50.0
2022-06-20 08:41:54+02:00,94.5
2022-06-20 08:42:54+02:00,50.0
2022-06-20 08:43:54+02:00,94.2
2022-06-20 08:44:54+02:00,93.9
2022-06-20 08:45:54+02:00,93.6
2022-06-20 08:46:55+02:00,50.0
2022-06-20 08:47:55+02:00,93.5
2022-06-20 08:48:55+02:00,93.2
2022-06-20 08:49:55+02:00,92.9
2022-06-20 08:50:55+02:00,92.6
2022-06-20 08:51:55+02:00,93.1
2022-06-20 08:52:55+02:00,93.6
2022-06-20 08:53:56+02:00,93.8
2022-06-20 08:54:56+02:00,50.0
2022-06-20 08:55:56+02:00,94.4
2022-06-20 08:56:56+02:00,94.8
2022-06-20 08:57:56+02:00,95.0
2022-06-20 08:58:56+02:00,95.1
2022-06-20 08:59:57+02:00,95.2
2022-06-20 09:00:57+02:00,94.9
2022-06-20 09:01:57+02:00,95.3
2022-06-20 09:02:57+02:00,95.4
2022-06-20 09:03:57+02:00,50.0
2022-06-20 09:04:57+02:00,95.2
2022-06-20 09:05:57+02:00,94.8
2022-06-20 09:06:58+02:00,94.9
2022-06-20 09:07:58+02:00,95.0
2022-06-20 09:08:58+02:00,94.7
2022-06-20 09:09:58+02:00,50.0
2022-06-20 09:10:58+02:00,94.9
2022-06-20 09:11:58+02:00,95.4
2022-06-20 09:12:58+02:00,95.5
2022-06-20 09:13:59+02:00,95.7
2022-06-20 09:14:59+02:00,95.4
2022-06-20 09:15:59+02:00,95.8
2022-06-20 09:16:59+02:00,50.0
2022-06-20 09:17:59+02:00,96.0
2022-06-20 09:18:59+02:00,96.0
2022-06-20 09:20:00+02:00,95.9
2022-06-20 09:21:00+02:00,95.9
2022-06-20 09:22:00+02:00,95.9
2022-06-20 09:23:00+02:00,95.8
2022-06-20 09:24:00+02:00,96.0
2022-06-20 09:25:00+02:00,95.9
2022-06-20 09:26:00+02:00,95.6
2022-06-20 09:27:00+02:00,95.7
2022-06-20 09:28:01+02:00,95.4
2022-06-20 09:29:01+02:00,95.3
2022-06-20 09:30:01+02:00,50.0
2022-06-20 09:31:01+02:00,50.0
2022-06-20 09:32:01+02:00,96.0
2022-06-20 09:33:01+02:00,96.3
2022-06-20 09:34:01+02:00,96.3
2022-06-20 09:35:02+02:00,96.2
2022-06-20 09:36:02+02:00,96.2
2022-06-20 09:37:02+02:00,96.6
2022-06-20 09:38:02+02:00,50.0
2022-06-20 09:39:02+02:00,96.7
2022-06-20 09:40:02+02:00,96.5
2022-06-20 09:41:02+02:00,96.3
2022-06-20 09:42:02+02:00,96.2
2022-06-20 09:43:03+02:00,96.1
2022-06-20 09:44:03+02:00,96.0
2022-06-20 09:45:03+02:00,95.9
2022-06-20 09:46:03+02:00,96.1
2022-06-20 09:47:03+02:00,96.1
2022-06-20 09:48:03+02:00,96.2
2022-06-20 09:49:03+02:00,96.1
2022-06-20 09:50:04+02:00,50.0
2022-06-20 09:51:04+02:00,96.2
2022-06-20 09:52:04+02:00,96.3
2022-06-20 09:53:04+02:00,96.2
2022-06-20 09:54:04+02:00,96.1
2022-06-20 09:55:04+02:00,96.2
2022-06-20 09:56:04+02:00,50.0
2022-06-20 09:57:05+02:00,50.0
2022-06-20 09:58:05+02:00,50.0
2022-06-20 09:59:05+02:00,95.7
2022-06-20 10:00:05+02:00,95.2
2022-06-20 10:01:05+02:00,94.9
2022-06-20 10:02:05+02:00,50.0
2022-06-20 10:03:05+02:00,94.6
2022-06-20 10:04:05+02:00,94.3
2022-06-20 10:05:06+02:00,94.1
2022-06-20 10:06:06+02:00,94.4
2022-06-20 10:07:06+02:00,94.8
2022-06-20 10:08:06+02:00,95.6
2022-06-20 10:09:06+02:00,50.0
2022-06-20 10:10:06+02:00,95.7
2022-06-20 10:11:06+02:00,95.7
2022-06-20 10:12:07+02:00,95.8
2022-06-20 10:13:07+02:00,95.8
2022-06-20 10:14:07+02:00,50.0
2022-06-20 10:15:07+02:00,95.9
2022-06-20 10:16:07+02:00,50.0
2022-06-20 10:17:07+02:00,96.2
2022-06-20 10:18:08+02:00,96.4
2022-06-20 10:19:08+02:00,96.5
2022-06-20 10:20:08+02:00,96.7
2022-06-20 10:21:08+02:00,96.8
2022-06-20 10:22:08+02:00,96.8
2022-06-20 10:23:08+02:00,50.0
2022-06-20 10:24:08+02:00,96.7
2022-06-20 10:25:09+02:00,96.6
2022-06-20 10:26:09+02:00,96.6
2022-06-20 10:27:09+02:00,96.5
2022-06-20 10:28:09+02:00,96.7
2022-06-20 10:29:09+02:00,50.0
2022-06-20 10:30:09+02:00,50.0
2022-06-20 10:31:09+02:00,50.0
2022-06-20 10:32:10+02:00,50.0
2022-06-20 10:33:10+02:00,50.0
2022-06-20 10:34:10+02:00,50.0
2022-06-20 10:35:10+02:00,50.0
2022-06-20 10:36:10+02:00,96.4
2022-06-20 10:37:10+02:00,50.0
2022-06-20 10:38:10+02:00,96.2
2022-06-20 10:39:11+02:00,50.0
2022-06-20 10:40:11+02:00,50.0
2022-06-20 10:41:11+02:00,96.0
2022-06-20 10:42:11+02:00,96.2
2022-06-20 10:43:11+02:00,50.0
2022-06-20 10:44:11+02:00,50.0
2022-06-20 10:45:11+02:00,96.4
2022-06-20 10:46:12+02:00,50.0
2022-06-20 10:47:12+02:00,96.3
2022-06-20 10:48:12+02:00,50.0
2022-06-20 10:49:12+02:00,50.0
2022-06-20 10:50:12+02:00,50.0
2022-06-20 10:51:12+02:00,50.0
2022-06-20 10:52:12+02:00,50.0
2022-06-20 10:53:13+02:00,50.0
2022-06-20 10:54:13+02:00,50.0
2022-06-20 10:55:13+02:00,50.0
2022-06-20 10:56:13+02:00,50.0
2022-06-20 10:57:13+02:00,50.0
2022-06-20 10:58:13+02:00,50.0
2022-06-20 10:59:14+02:00,50.0
2022-06-20 11:00:14+02:00,50.0
2022-06-20 11:01:14+02:00,50.0
2022-06-20 11:02:14+02:00,50.0
2022-06-20 11:03:14+02:00,50.0
2022-06-20 11:04:14+02:00,50.0
2022-06-20 11:05:14+02:00,50.0
2022-06-20 11:06:15+02:00,50.0
2022-06-20 11:07:15+02:00,50.0
2022-06-20 11:08:15+02:00,50.0
2022-06-20 11:09:15+02:00,50.0
2022-06-20 11:10:15+02:00,50.0
2022-06-20 11:11:15+02:00,50.0
2022-06-20 11:12:15+02:00,50.0
2022-06-20 11:13:16+02:00,50.0
2022-06-20 11:14:16+02:00,50.0
2022-06-20 11:15:16+02:00,50.0
2022-06-20 11:16:16+02:00,50.0
2022-06-20 11:17:16+02:00,50.0
2022-06-20 11:18:16+02:00,50.0
2022-06-20 11:19:16+02:00,50.0
2022-06-20 11:20:17+02:00,50.0
2022-06-20 11:21:17+02:00,50.0
2022-06-22 00:22:30+02:00,50.0
2022-06-22 00:23:30+02:00,89.5
2022-06-22 00:24:30+02:00,90.1
2022-06-22 00:25:30+02:00,50.0
2022-06-22 00:26:30+02:00,50.0
2022-06-22 00:27:30+02:00,50.0
2022-06-22 00:28:30+02:00,50.0
2022-06-22 00:29:30+02:00,50.0
2022-06-22 00:30:30+02:00,50.0
2022-06-22 00:31:30+02:00,50.0
2022-06-22 00:32:30+02:00,89.2
2022-06-22 00:33:30+02:00,89.2
2022-06-22 00:34:31+02:00,88.8
2022-06-22 00:35:31+02:00,88.8
2022-06-22 00:36:31+02:00,88.8
2022-06-22 00:37:31+02:00,89.0
2022-06-22 00:38:31+02:00,88.8
2022-06-22 00:39:31+02:00,88.6
2022-06-22 00:40:32+02:00,89.2
2022-06-22 00:41:32+02:00,89.1
2022-06-22 00:42:32+02:00,89.0
2022-06-22 00:43:32+02:00,50.0
2022-06-22 00:44:32+02:00,50.0
2022-06-22 00:45:32+02:00,50.0
2022-06-22 00:46:32+02:00,50.0
2022-06-22 00:47:33+02:00,89.1
2022-06-22 00:48:33+02:00,50.0
2022-06-22 00:49:33+02:00,90.4
2022-06-22 00:50:33+02:00,91.8
2022-06-22 00:51:33+02:00,92.0
2022-06-22 00:52:33+02:00,50.0
2022-06-22 00:53:33+02:00,91.9
2022-06-22 00:54:34+02:00,92.0
2022-06-22 00:55:34+02:00,92.3
2022-06-22 00:56:34+02:00,92.4
2022-06-22 00:57:34+02:00,92.5
2022-06-22 00:58:34+02:00,92.8
2022-06-22 00:59:34+02:00,50.0
2022-06-22 01:00:35+02:00,50.0
2022-06-22 01:01:35+02:00,92.6
2022-06-22 01:02:35+02:00,50.0
2022-06-22 01:03:35+02:00,50.0
2022-06-22 01:04:35+02:00,50.0
2022-06-22 01:05:35+02:00,50.0
2022-06-22 01:06:35+02:00,91.3
2022-06-22 01:07:36+02:00,50.0
2022-06-22 01:08:36+02:00,91.7
2022-06-22 01:09:36+02:00,91.6
2022-06-22 01:10:36+02:00,91.2
2022-06-22 01:11:36+02:00,90.9
2022-06-22 01:12:36+02:00,91.0
2022-06-22 01:13:37+02:00,91.2
2022-06-22 01:14:37+02:00,91.4
2022-06-22 01:15:37+02:00,90.5
2022-06-22 01:16:37+02:00,90.0
2022-06-22 01:17:37+02:00,89.0
2022-06-22 01:18:37+02:00,87.2
2022-06-22 01:19:37+02:00,85.7
2022-06-22 01:20:38+02:00,83.9
2022-06-22 01:21:38+02:00,83.4
2022-06-22 01:22:38+02:00,50.0
2022-06-22 01:23:38+02:00,83.2
2022-06-22 01:24:38+02:00,85.2
2022-06-22 01:25:38+02:00,87.9
2022-06-22 01:26:39+02:00,50.0
2022-06-22 01:27:39+02:00,50.0
2022-06-22 01:28:39+02:00,90.1
2022-06-22 01:29:39+02:00,90.5
2022-06-22 01:30:39+02:00,90.6
2022-06-22 01:31:39+02:00,90.7
2022-06-22 01:32:39+02:00,90.8
2022-06-22 01:33:40+02:00,90.9
2022-06-22 01:34:40+02:00,91.0
2022-06-22 01:35:40+02:00,91.1
2022-06-22 01:36:40+02:00,91.0
2022-06-22 01:37:40+02:00,91.0
2022-06-22 01:38:40+02:00,91.1
2022-06-22 01:39:40+02:00,91.2
2022-06-22 01:40:41+02:00,91.0
2022-06-22 01:41:41+02:00,91.1
2022-06-22 01:42:41+02:00,91.0
2022-06-22 01:43:41+02:00,91.0
2022-06-22 01:44:41+02:00,91.0
2022-06-22 01:45:41+02:00,91.1
2022-06-22 01:46:42+02:00,91.1
2022-06-22 01:47:42+02:00,50.0
2022-06-22 01:48:42+02:00,50.0
2022-06-22 01:49:42+02:00,91.3
2022-06-22 01:50:42+02:00,90.6
2022-06-22 01:51:42+02:00,89.8
2022-06-22 01:52:42+02:00,90.2
2022-06-22 01:53:43+02:00,89.8
2022-06-22 01:54:43+02:00,89.0
2022-06-22 01:55:43+02:00,88.9
2022-06-22 01:56:43+02:00,88.6
2022-06-22 01:57:43+02:00,88.4
2022-06-22 01:58:43+02:00,89.0
2022-06-22 01:59:44+02:00,88.7
2022-06-22 02:00:44+02:00,89.0
2022-06-22 02:00:44+02:00,89.0
2022-06-22 02:01:44+02:00,89.8
2022-06-22 02:02:44+02:00,90.1
2022-06-22 02:03:44+02:00,90.6
2022-06-22 02:04:44+02:00,90.8
2022-06-22 02:05:45+02:00,89.9
2022-06-22 02:06:45+02:00,50.0
2022-06-22 02:07:45+02:00,89.7
2022-06-22 02:08:45+02:00,90.8
2022-06-22 02:09:45+02:00,91.2
2022-06-22 02:10:45+02:00,91.7
2022-06-22 02:11:45+02:00,92.2
2022-06-22 02:12:46+02:00,92.5
2022-06-22 02:13:46+02:00,92.5
2022-06-22 02:14:46+02:00,92.9
2022-06-22 02:15:46+02:00,93.1
2022-06-22 02:16:46+02:00,93.4
2022-06-22 02:17:46+02:00,93.2
2022-06-22 02:18:46+02:00,93.3
2022-06-22 02:19:47+02:00,93.3
2022-06-22 02:20:47+02:00,93.6
2022-06-22 02:21:47+02:00,93.7
2022-06-22 02:22:47+02:00,93.6
2022-06-22 02:23:47+02:00,92.9
2022-06-22 02:24:47+02:00,50.0
2022-06-22 02:25:47+02:00,93.2
2022-06-22 02:26:48+02:00,93.3
2022-06-22 02:27:48+02:00,50.0
2022-06-22 02:28:48+02:00,92.9
2022-06-22 02:29:48+02:00,92.7
2022-06-22 02:30:48+02:00,92.5
2022-06-22 02:31:48+02:00,92.6
2022-06-22 02:32:49+02:00,92.8
2022-06-22 02:33:49+02:00,93.0
2022-06-22 02:34:49+02:00,93.2
2022-06-22 02:35:49+02:00,93.3
2022-06-22 02:36:49+02:00,93.6
2022-06-22 02:37:49+02:00,93.7
2022-06-22 02:38:49+02:00,93.9
2022-06-22 02:39:50+02:00,94.0
2022-06-22 02:40:50+02:00,94.1
2022-06-22 02:41:50+02:00,94.3
2022-06-22 02:42:50+02:00,94.3
2022-06-22 02:43:50+02:00,94.4
2022-06-22 02:44:50+02:00,94.3
2022-06-22 02:45:51+02:00,50.0
2022-06-22 02:46:51+02:00,50.0
2022-06-22 02:47:51+02:00,50.0
2022-06-22 02:48:51+02:00,50.0
2022-06-22 02:49:51+02:00,50.0
2022-06-22 02:50:51+02:00,93.7
2022-06-22 02:51:51+02:00,93.2
2022-06-22 02:52:52+02:00,93.1
2022-06-22 02:53:52+02:00,93.3
2022-06-22 02:54:52+02:00,93.2
2022-06-22 02:55:52+02:00,93.4
2022-06-22 02:56:52+02:00,93.5
2022-06-22 02:57:52+02:00,93.7
2022-06-22 02:58:52+02:00,93.7
2022-06-22 02:59:53+02:00,50.0
2022-06-22 03:00:53+02:00,93.5
2022-06-22 03:01:53+02:00,93.2
2022-06-22 03:02:53+02:00,93.3
2022-06-22 03:03:53+02:00,93.5
2022-06-22 03:04:53+02:00,93.5
2022-06-22 03:05:53+02:00,93.5
2022-06-22 03:06:54+02:00,93.5
2022-06-22 03:07:54+02:00,93.6
2022-06-22 03:08:54+02:00,93.6
2022-06-22 03:09:54+02:00,93.5
2022-06-22 03:10:54+02:00,93.5
2022-06-22 03:11:54+02:00,93.5
2022-06-22 03:12:55+02:00,50.0
2022-06-22 03:13:55+02:00,93.7
2022-06-22 03:14:55+02:00,93.8
2022-06-22 03:15:55+02:00,93.7
2022-06-22 03:16:55+02:00,93.6
2022-06-22 03:17:55+02:00,93.6
2022-06-22 03:18:55+02:00,93.5
2022-06-22 03:19:56+02:00,93.5
2022-06-22 03:20:56+02:00,93.5
2022-06-22 03:21:56+02:00,93.5
2022-06-22 03:22:56+02:00,93.4
2022-06-22 03:23:56+02:00,93.5
2022-06-22 03:24:56+02:00,93.4
2022-06-22 03:25:56+02:00,93.4
2022-06-22 03:26:57+02:00,93.3
2022-06-22 03:27:57+02:00,93.3
2022-06-22 03:28:57+02:00,93.5
2022-06-22 03:29:57+02:00,93.4
2022-06-22 03:30:57+02:00,93.4
2022-06-22 03:31:57+02:00,93.5
2022-06-22 03:32:58+02:00,93.4
2022-06-22 03:33:58+02:00,50.0
2022-06-22 03:34:58+02:00,50.0
2022-06-22 03:35:58+02:00,50.0
2022-06-22 03:36:58+02:00,92.3
2022-06-22 03:37:58+02:00,50.0
2022-06-22 03:38:58+02:00,92.4
2022-06-22 03:39:59+02:00,92.7
2022-06-22 03:40:59+02:00,93.0
2022-06-22 03:41:59+02:00,93.2
2022-06-22 03:42:59+02:00,93.6
2022-06-22 03:43:59+02:00,93.9
2022-06-22 03:44:59+02:00,94.2
2022-06-22 03:45:59+02:00,94.3
2022-06-22 03:47:00+02:00,94.5
2022-06-22 03:48:00+02:00,94.7
2022-06-22 03:49:00+02:00,50.0
2022-06-22 03:50:00+02:00,94.5
2022-06-22 03:51:00+02:00,91.3
2022-06-22 03:52:00+02:00,88.5
2022-06-22 03:53:01+02:00,86.1
2022-06-22 03:54:01+02:00,84.9
2022-06-22 03:55:01+02:00,84.2
2022-06-22 03:56:01+02:00,50.0
2022-06-22 03:57:01+02:00,86.2
2022-06-22 03:58:01+02:00,88.7
2022-06-22 03:59:01+02:00,90.5
2022-06-22 04:00:01+02:00,91.6
2022-06-22 04:01:01+02:00,92.4
2022-06-22 04:02:02+02:00,93.0
2022-06-22 04:03:02+02:00,93.4
2022-06-22 04:04:02+02:00,93.7
2022-06-22 04:05:02+02:00,94.0
2022-06-22 04:06:02+02:00,94.1
2022-06-22 04:07:02+02:00,94.1
2022-06-22 04:08:02+02:00,94.2
2022-06-22 04:09:03+02:00,50.0
2022-06-22 04:10:03+02:00,93.9
2022-06-22 04:11:03+02:00,93.6
2022-06-22 04:12:03+02:00,93.6
2022-06-22 04:13:03+02:00,93.5
2022-06-22 04:14:03+02:00,93.6
2022-06-22 04:15:03+02:00,93.7
2022-06-22 04:16:04+02:00,93.7
2022-06-22 04:17:04+02:00,93.8
2022-06-22 04:18:04+02:00,93.8
2022-06-22 04:19:04+02:00,93.8
2022-06-22 04:20:04+02:00,93.9
2022-06-22 04:21:04+02:00,94.0
2022-06-22 04:22:04+02:00,94.3
2022-06-22 04:23:05+02:00,94.3
2022-06-22 04:24:05+02:00,50.0
2022-06-22 04:25:05+02:00,94.1
2022-06-22 04:26:05+02:00,94.2
2022-06-22 04:27:05+02:00,94.3
2022-06-22 04:28:05+02:00,94.3
2022-06-22 04:29:05+02:00,94.3
2022-06-22 04:30:05+02:00,94.3
2022-06-22 04:31:05+02:00,94.3
2022-06-22 04:32:06+02:00,94.3
2022-06-22 04:33:06+02:00,94.3
2022-06-22 04:34:06+02:00,94.3
2022-06-22 04:35:06+02:00,94.3
2022-06-22 04:36:06+02:00,94.2
2022-06-22 04:37:06+02:00,94.2
2022-06-22 04:38:06+02:00,94.2
2022-06-22 04:39:07+02:00,94.2
2022-06-22 04:40:07+02:00,50.0
2022-06-22 04:41:07+02:00,50.0
2022-06-22 04:42:07+02:00,93.6
2022-06-22 04:43:07+02:00,93.5
2022-06-22 04:44:07+02:00,50.0
2022-06-22 04:45:07+02:00,93.5
2022-06-22 04:46:08+02:00,93.5
2022-06-22 04:47:08+02:00,93.5
2022-06-22 04:48:08+02:00,93.7
2022-06-22 04:49:08+02:00,93.8
2022-06-22 04:50:08+02:00,94.0
2022-06-22 04:51:08+02:00,94.2
2022-06-22 04:52:08+02:00,94.3
2022-06-22 04:53:09+02:00,94.5
2022-06-22 04:54:09+02:00,50.0
2022-06-22 04:55:09+02:00,94.3
2022-06-22 04:56:09+02:00,94.2
2022-06-22 04:57:09+02:00,94.1
2022-06-22 04:58:09+02:00,93.8
2022-06-22 04:59:10+02:00,93.5
2022-06-22 05:00:10+02:00,93.2
2022-06-22 05:01:10+02:00,93.1
2022-06-22 05:02:10+02:00,92.9
2022-06-22 05:03:10+02:00,92.8
2022-06-22 05:04:10+02:00,92.9
2022-06-22 05:05:11+02:00,92.9
2022-06-22 05:06:11+02:00,50.0
2022-06-22 05:07:11+02:00,92.8
2022-06-22 05:08:11+02:00,92.9
2022-06-22 05:09:11+02:00,92.4
2022-06-22 05:10:11+02:00,92.9
2022-06-22 05:11:11+02:00,92.8
2022-06-22 05:12:12+02:00,92.1
2022-06-22 05:13:12+02:00,50.0
2022-06-22 05:14:12+02:00,92.4
2022-06-22 05:15:12+02:00,92.8
2022-06-22 05:16:12+02:00,93.0
2022-06-22 05:17:12+02:00,93.2
2022-06-22 05:18:12+02:00,93.6
2022-06-22 05:19:13+02:00,93.5
2022-06-22 05:20:13+02:00,93.6
2022-06-22 05:21:13+02:00,93.6
2022-06-22 05:22:13+02:00,93.8
2022-06-22 05:23:13+02:00,93.7
2022-06-22 05:24:13+02:00,50.0
2022-06-22 05:25:13+02:00,94.0
2022-06-22 05:26:14+02:00,94.4
2022-06-22 05:27:14+02:00,94.8
2022-06-22 05:28:14+02:00,95.1
2022-06-22 05:29:14+02:00,95.3
2022-06-22 05:30:14+02:00,95.5
2022-06-22 05:31:14+02:00,95.4
2022-06-22 05:32:15+02:00,95.7
2022-06-22 05:33:15+02:00,95.8
2022-06-22 05:34:15+02:00,95.8
2022-06-22 05:35:15+02:00,95.7
2022-06-22 05:36:15+02:00,95.8
2022-06-22 05:37:15+02:00,96.1
2022-06-22 05:38:15+02:00,96.1
2022-06-22 05:39:16+02:00,96.2
2022-06-22 05:40:16+02:00,95.9
2022-06-22 05:41:16+02:00,96.0
2022-06-22 05:42:16+02:00,96.0
2022-06-22 05:43:16+02:00,95.9
2022-06-22 05:44:16+02:00,96.0
2022-06-22 05:45:16+02:00,50.0
2022-06-22 05:46:16+02:00,95.3
2022-06-22 05:47:16+02:00,94.9
2022-06-22 05:48:17+02:00,94.6
2022-06-22 05:49:17+02:00,94.5
2022-06-22 05:50:17+02:00,94.4
2022-06-22 05:51:17+02:00,94.4
2022-06-22 05:52:17+02:00,94.5
2022-06-22 05:53:17+02:00,94.6
2022-06-22 05:54:17+02:00,94.7
2022-06-22 05:55:17+02:00,94.8
2022-06-22 05:56:17+02:00,94.9
2022-06-22 05:57:17+02:00,94.9
2022-06-22 05:58:18+02:00,94.8
2022-06-22 05:59:18+02:00,94.9
2022-06-22 06:00:18+02:00,94.9
2022-06-22 06:01:18+02:00,95.0
2022-06-22 06:02:18+02:00,94.9
2022-06-22 06:03:18+02:00,95.0
2022-06-22 06:04:18+02:00,94.9
2022-06-22 06:05:19+02:00,94.9
2022-06-22 06:06:19+02:00,94.9
2022-06-22 06:07:19+02:00,94.8
2022-06-22 06:08:19+02:00,94.8
2022-06-22 06:09:19+02:00,94.8
2022-06-22 06:10:19+02:00,94.7
2022-06-22 06:11:19+02:00,94.7
2022-06-22 06:12:19+02:00,94.7
2022-06-22 06:13:19+02:00,94.6
2022-06-22 06:14:20+02:00,94.6
2022-06-22 06:15:20+02:00,94.5
2022-06-22 06:16:20+02:00,94.4
2022-06-22 06:17:20+02:00,50.0
2022-06-22 06:18:20+02:00,50.0
2022-06-22 06:19:20+02:00,93.8
2022-06-22 06:20:20+02:00,93.1
2022-06-22 06:21:20+02:00,92.5
2022-06-22 06:22:20+02:00,92.4
2022-06-22 06:23:20+02:00,92.3
2022-06-22 06:24:20+02:00,92.3
2022-06-22 06:25:20+02:00,92.5
2022-06-22 06:26:21+02:00,92.5
2022-06-22 06:27:21+02:00,92.5
2022-06-22 06:28:21+02:00,92.7
2022-06-22 06:29:21+02:00,92.8
2022-06-22 06:30:21+02:00,92.9
2022-06-22 06:31:21+02:00,93.1
2022-06-22 06:32:21+02:00,50.0
2022-06-22 06:33:21+02:00,93.2
2022-06-22 06:34:21+02:00,93.9
2022-06-22 06:35:21+02:00,94.3
2022-06-22 06:36:22+02:00,94.7
2022-06-22 06:37:22+02:00,94.8
2022-06-22 06:38:22+02:00,95.0
2022-06-22 06:39:22+02:00,95.2
2022-06-22 06:40:22+02:00,95.4
2022-06-22 06:41:22+02:00,95.5
2022-06-22 06:42:22+02:00,95.5
2022-06-22 06:43:23+02:00,95.6
2022-06-22 06:44:23+02:00,95.6
2022-06-22 06:45:23+02:00,95.6
2022-06-22 06:46:23+02:00,95.7
2022-06-22 06:47:23+02:00,95.8
2022-06-22 06:48:23+02:00,95.8
2022-06-22 06:49:24+02:00,95.9
2022-06-22 06:50:24+02:00,95.9
2022-06-22 06:51:24+02:00,96.0
2022-06-22 06:52:24+02:00,96.0
2022-06-22 06:53:24+02:00,96.0
2022-06-22 06:54:24+02:00,96.2
2022-06-22 06:55:24+02:00,96.1
2022-06-22 06:56:25+02:00,96.1
2022-06-22 06:57:25+02:00,96.2
2022-06-22 06:58:25+02:00,96.2
2022-06-22 06:59:25+02:00,96.1
2022-06-22 07:00:25+02:00,96.0
2022-06-22 07:01:25+02:00,96.0
2022-06-22 07:02:25+02:00,96.0
2022-06-22 07:03:26+02:00,96.1
2022-06-22 07:04:26+02:00,96.0
2022-06-22 07:05:26+02:00,96.1
2022-06-22 07:06:26+02:00,96.2
2022-06-22 07:07:26+02:00,95.9
2022-06-22 07:08:26+02:00,96.0
2022-06-22 07:09:27+02:00,96.1
2022-06-22 07:10:27+02:00,96.1
2022-06-22 07:11:27+02:00,50.0
2022-06-22 07:12:27+02:00,96.3
2022-06-22 07:13:27+02:00,96.4
2022-06-22 07:14:27+02:00,96.5
2022-06-22 07:15:27+02:00,96.6
2022-06-22 07:16:28+02:00,96.3
2022-06-22 07:17:28+02:00,96.2
2022-06-22 07:18:28+02:00,96.3
2022-06-22 07:19:28+02:00,50.0
2022-06-22 07:20:28+02:00,96.2
2022-06-22 07:21:28+02:00,95.9
2022-06-22 07:22:29+02:00,95.7
2022-06-22 07:23:29+02:00,95.6
2022-06-22 07:24:29+02:00,50.0
2022-06-22 07:25:29+02:00,95.7
2022-06-22 07:26:29+02:00,96.0
2022-06-22 07:27:29+02:00,96.1
2022-06-22 07:28:29+02:00,96.1
2022-06-22 07:29:30+02:00,96.1
2022-06-22 07:30:30+02:00,96.1
2022-06-22 07:31:30+02:00,96.1
2022-06-22 07:32:30+02:00,96.1
2022-06-22 07:33:30+02:00,96.0
2022-06-22 07:34:30+02:00,96.1
2022-06-22 07:35:31+02:00,50.0
2022-06-22 07:36:31+02:00,50.0
2022-06-22 07:37:31+02:00,95.4
2022-06-22 07:38:31+02:00,95.0
2022-06-22 07:39:31+02:00,50.0
2022-06-22 07:40:31+02:00,50.0
2022-06-22 07:41:32+02:00,94.8
2022-06-22 07:42:32+02:00,94.6
2022-06-22 07:43:32+02:00,50.0
2022-06-22 07:44:32+02:00,50.0
2022-06-22 07:45:32+02:00,50.0
2022-06-22 07:46:32+02:00,50.0
2022-06-22 07:47:32+02:00,50.0
2022-06-22 07:48:32+02:00,94.2
2022-06-22 07:49:33+02:00,50.0
2022-06-22 07:50:33+02:00,50.0
2022-06-22 07:51:33+02:00,50.0
2022-06-22 07:52:33+02:00,50.0
2022-06-22 07:53:33+02:00,50.0
2022-06-22 07:54:33+02:00,93.9
2022-06-22 07:55:34+02:00,50.0
2022-06-22 07:56:34+02:00,50.0
2022-06-22 07:57:34+02:00,50.0
2022-06-22 07:58:34+02:00,50.0
2022-06-22 07:59:34+02:00,50.0
2022-06-22 08:00:34+02:00,50.0
2022-06-22 08:01:34+02:00,50.0
2022-06-22 08:02:35+02:00,50.0
2022-06-22 08:03:35+02:00,50.0
2022-06-22 08:04:35+02:00,50.0
2022-06-22 08:05:35+02:00,50.0
2022-06-22 08:06:35+02:00,50.0
2022-06-22 08:07:35+02:00,50.0
2022-06-22 08:08:36+02:00,50.0
2022-06-22 08:09:36+02:00,50.0
2022-06-22 08:10:36+02:00,50.0
2022-06-22 08:11:36+02:00,50.0
2022-06-22 08:12:36+02:00,50.0
2022-06-22 08:13:36+02:00,50.0
2022-06-22 08:14:36+02:00,50.0
2022-06-22 08:15:37+02:00,50.0
2022-06-22 08:16:37+02:00,50.0
2022-06-22 08:17:37+02:00,50.0
2022-06-22 08:18:37+02:00,50.0
2022-06-22 08:19:37+02:00,50.0
2022-06-22 08:20:37+02:00,50.0
2022-06-22 08:21:38+02:00,50.0
2022-06-22 08:22:38+02:00,50.0
2022-06-22 08:23:38+02:00,50.0
2022-06-22 08:24:38+02:00,50.0
