timestamp,oxygen_saturation_by_minute
2022-06-04 03:01:30+02:00,86.5
2022-06-04 03:02:30+02:00,85.9
2022-06-04 03:03:30+02:00,84.7
2022-06-04 03:04:30+02:00,83.7
2022-06-04 03:05:30+02:00,84.4
2022-06-04 03:06:30+02:00,83.0
2022-06-04 03:07:30+02:00,84.0
2022-06-04 03:08:30+02:00,84.0
2022-06-04 03:09:30+02:00,83.2
2022-06-04 03:10:30+02:00,83.8
2022-06-04 03:11:30+02:00,82.4
2022-06-04 03:12:30+02:00,81.6
2022-06-04 03:13:30+02:00,80.1
2022-06-04 03:14:31+02:00,81.3
2022-06-04 03:15:31+02:00,80.1
2022-06-04 03:16:31+02:00,80.2
2022-06-04 03:17:31+02:00,81.1
2022-06-04 03:18:31+02:00,81.5
2022-06-04 03:19:31+02:00,82.5
2022-06-04 03:20:31+02:00,82.0
2022-06-04 03:21:31+02:00,81.8
2022-06-04 03:22:31+02:00,50.0
2022-06-04 03:23:31+02:00,84.5
2022-06-04 03:24:31+02:00,89.0
2022-06-04 03:25:32+02:00,92.7
2022-06-04 03:26:32+02:00,92.9
2022-06-04 03:27:32+02:00,93.0
2022-06-04 03:28:32+02:00,92.7
2022-06-04 03:29:32+02:00,92.4
2022-06-04 03:30:32+02:00,93.1
2022-06-04 03:31:32+02:00,92.1
2022-06-04 03:32:32+02:00,91.6
2022-06-04 03:33:32+02:00,50.0
2022-06-04 03:34:32+02:00,92.0
2022-06-04 03:35:32+02:00,92.2
2022-06-04 03:36:32+02:00,93.2
2022-06-04 03:37:32+02:00,93.8
2022-06-04 03:38:33+02:00,93.1
2022-06-04 03:39:33+02:00,92.5
2022-06-04 03:40:33+02:00,93.0
2022-06-04 03:41:33+02:00,93.5
2022-06-04 03:42:33+02:00,92.5
2022-06-04 03:43:33+02:00,94.3
2022-06-04 03:44:33+02:00,94.8
2022-06-04 03:45:33+02:00,93.7
2022-06-04 03:46:33+02:00,92.8
2022-06-04 03:47:33+02:00,94.2
2022-06-04 03:48:33+02:00,94.2
2022-06-04 03:49:33+02:00,95.0
2022-06-04 03:50:34+02:00,96.0
2022-06-04 03:51:34+02:00,96.1
2022-06-04 03:52:34+02:00,94.7
2022-06-04 03:53:34+02:00,50.0
2022-06-04 03:54:34+02:00,50.0
2022-06-04 03:55:34+02:00,90.4
2022-06-04 03:56:34+02:00,88.7
2022-06-04 03:57:34+02:00,86.8
2022-06-04 03:58:34+02:00,87.0
2022-06-04 03:59:34+02:00,84.0
2022-06-04 04:00:34+02:00,85.6
2022-06-04 04:01:35+02:00,86.6
2022-06-04 04:02:35+02:00,81.0
2022-06-04 04:03:35+02:00,81.3
2022-06-04 04:04:35+02:00,50.0
2022-06-04 04:05:35+02:00,85.6
2022-06-04 04:06:35+02:00,90.4
2022-06-04 04:07:36+02:00,93.5
2022-06-04 04:08:36+02:00,95.6
2022-06-04 04:09:36+02:00,96.8
2022-06-04 04:10:36+02:00,97.4
2022-06-04 04:11:36+02:00,97.7
2022-06-04 04:12:37+02:00,98.2
2022-06-04 04:13:37+02:00,98.7
2022-06-04 04:14:37+02:00,98.7
2022-06-04 04:15:37+02:00,98.8
2022-06-04 04:16:37+02:00,99.0
2022-06-04 04:17:37+02:00,99.2
2022-06-04 04:18:38+02:00,99.0
2022-06-04 04:19:38+02:00,98.4
2022-06-04 04:20:38+02:00,97.6
2022-06-04 04:21:38+02:00,97.2
2022-06-04 04:22:38+02:00,97.0
2022-06-04 04:23:39+02:00,96.5
2022-06-04 04:24:39+02:00,96.1
2022-06-04 04:25:39+02:00,96.0
2022-06-04 04:26:39+02:00,96.2
2022-06-04 04:27:39+02:00,95.9
2022-06-04 04:28:40+02:00,96.3
2022-06-04 04:29:40+02:00,96.3
2022-06-04 04:30:40+02:00,96.0
2022-06-04 04:31:40+02:00,96.2
2022-06-04 04:32:40+02:00,96.2
2022-06-04 04:33:40+02:00,96.2
2022-06-04 04:34:41+02:00,97.3
2022-06-04 04:35:41+02:00,97.7
2022-06-04 04:36:41+02:00,98.5
2022-06-04 04:37:41+02:00,99.6
2022-06-04 04:38:41+02:00,100.0
2022-06-04 04:39:42+02:00,100.0
2022-06-04 04:40:42+02:00,100.0
2022-06-04 04:41:42+02:00,100.0
2022-06-04 04:42:42+02:00,100.0
2022-06-04 04:43:42+02:00,100.0
2022-06-04 04:44:43+02:00,100.0
2022-06-04 04:45:43+02:00,100.0
2022-06-04 04:46:43+02:00,100.0
2022-06-04 04:47:43+02:00,99.7
2022-06-04 04:48:43+02:00,99.9
2022-06-04 04:49:44+02:00,50.0
2022-06-04 04:50:44+02:00,94.8
2022-06-04 04:51:44+02:00,90.6
2022-06-04 04:52:44+02:00,88.5
2022-06-04 04:53:44+02:00,86.4
2022-06-04 04:54:44+02:00,50.0
2022-06-04 04:55:45+02:00,90.5
2022-06-04 04:56:45+02:00,50.0
2022-06-04 04:57:45+02:00,93.8
2022-06-04 04:58:45+02:00,96.1
2022-06-04 04:59:45+02:00,97.2
2022-06-04 05:00:46+02:00,98.0
2022-06-04 05:01:46+02:00,98.5
2022-06-04 05:02:46+02:00,98.9
2022-06-04 05:03:46+02:00,99.1
2022-06-04 05:04:46+02:00,99.3
2022-06-04 05:05:46+02:00,99.5
2022-06-04 05:06:47+02:00,99.6
2022-06-04 05:07:47+02:00,99.7
2022-06-04 05:08:47+02:00,99.7
2022-06-04 05:09:47+02:00,99.9
2022-06-04 05:10:47+02:00,99.9
2022-06-04 05:11:48+02:00,99.9
2022-06-04 05:12:48+02:00,100.0
2022-06-04 05:13:48+02:00,100.0
2022-06-04 05:14:48+02:00,100.0
2022-06-04 05:15:48+02:00,100.0
2022-06-04 05:16:49+02:00,100.0
2022-06-04 05:17:49+02:00,100.0
2022-06-04 05:18:49+02:00,100.0
2022-06-04 05:19:49+02:00,100.0
2022-06-04 05:20:49+02:00,100.0
2022-06-04 05:21:49+02:00,100.0
2022-06-04 05:22:50+02:00,100.0
2022-06-04 05:23:50+02:00,100.0
2022-06-04 05:24:50+02:00,100.0
2022-06-04 05:25:50+02:00,100.0
2022-06-04 05:26:50+02:00,100.0
2022-06-04 05:27:51+02:00,99.9
2022-06-04 05:28:51+02:00,100.0
2022-06-04 05:29:51+02:00,99.6
2022-06-04 05:30:51+02:00,98.6
2022-06-04 05:31:51+02:00,95.5
2022-06-04 05:32:51+02:00,90.7
2022-06-04 05:33:52+02:00,50.0
2022-06-04 05:34:52+02:00,83.8
2022-06-04 05:35:52+02:00,84.5
2022-06-04 05:36:52+02:00,82.8
2022-06-04 05:37:52+02:00,81.9
2022-06-04 05:38:53+02:00,81.3
2022-06-04 05:39:53+02:00,80.9
2022-06-04 05:40:53+02:00,50.0
2022-06-04 05:41:53+02:00,84.7
2022-06-04 05:42:53+02:00,84.2
2022-06-04 05:43:54+02:00,88.2
2022-06-04 05:44:54+02:00,92.8
2022-06-04 05:45:54+02:00,96.6
2022-06-04 05:46:54+02:00,99.2
2022-06-04 05:47:54+02:00,99.6
2022-06-04 05:48:54+02:00,99.8
2022-06-04 05:49:55+02:00,100.0
2022-06-04 05:50:55+02:00,99.6
2022-06-04 05:51:55+02:00,100.0
2022-06-04 05:52:55+02:00,100.0
2022-06-04 05:53:55+02:00,100.0
2022-06-04 05:54:56+02:00,100.0
2022-06-04 05:55:56+02:00,100.0
2022-06-04 05:56:56+02:00,99.8
2022-06-04 05:57:56+02:00,99.1
2022-06-04 05:58:56+02:00,99.7
2022-06-04 05:59:57+02:00,99.3
2022-06-04 06:00:57+02:00,98.7
2022-06-04 06:01:57+02:00,97.4
2022-06-04 06:02:57+02:00,96.8
2022-06-04 06:03:57+02:00,96.5
2022-06-04 06:04:57+02:00,95.1
2022-06-04 06:05:58+02:00,94.0
2022-06-04 06:06:58+02:00,94.9
2022-06-04 06:07:58+02:00,95.4
2022-06-04 06:08:58+02:00,94.9
2022-06-04 06:09:58+02:00,95.6
2022-06-04 06:10:59+02:00,93.0
2022-06-04 06:11:59+02:00,95.0
2022-06-04 06:12:59+02:00,94.1
2022-06-04 06:13:59+02:00,92.3
2022-06-04 06:14:59+02:00,93.6
2022-06-04 06:16:00+02:00,93.1
2022-06-04 06:17:00+02:00,95.1
2022-06-04 06:18:00+02:00,92.9
2022-06-04 06:19:00+02:00,50.0
2022-06-04 06:20:00+02:00,91.9
2022-06-04 06:21:00+02:00,81.4
2022-06-04 06:22:00+02:00,76.9
2022-06-04 06:23:00+02:00,79.3
2022-06-04 06:24:01+02:00,81.7
2022-06-04 06:25:01+02:00,50.0
2022-06-04 06:26:01+02:00,82.7
2022-06-04 06:27:01+02:00,80.2
2022-06-04 06:28:01+02:00,50.0
2022-06-04 06:29:02+02:00,80.7
2022-06-04 06:30:02+02:00,50.0
2022-06-04 06:31:02+02:00,50.0
2022-06-04 06:32:02+02:00,50.0
2022-06-04 06:33:02+02:00,80.1
2022-06-04 06:34:02+02:00,50.0
2022-06-04 06:35:02+02:00,50.0
2022-06-04 06:36:03+02:00,78.6
2022-06-04 06:37:03+02:00,78.3
2022-06-04 06:38:03+02:00,78.6
2022-06-04 06:39:03+02:00,81.7
2022-06-04 06:40:03+02:00,50.0
2022-06-04 06:41:04+02:00,78.9
2022-06-04 06:42:04+02:00,77.8
2022-06-04 06:43:04+02:00,77.0
2022-06-04 06:44:04+02:00,78.2
2022-06-04 06:45:04+02:00,78.0
2022-06-04 06:46:04+02:00,79.7
2022-06-04 06:47:05+02:00,83.4
2022-06-04 06:48:05+02:00,83.9
2022-06-04 06:49:05+02:00,83.9
2022-06-04 06:50:05+02:00,85.6
2022-06-04 06:51:05+02:00,86.3
2022-06-04 06:52:05+02:00,87.3
2022-06-04 06:53:06+02:00,89.1
2022-06-04 06:54:06+02:00,89.8
2022-06-04 06:55:06+02:00,90.0
2022-06-04 06:56:06+02:00,90.2
2022-06-04 06:57:06+02:00,90.3
2022-06-04 06:58:07+02:00,90.7
2022-06-04 06:59:07+02:00,91.8
2022-06-04 07:00:07+02:00,91.8
2022-06-04 07:01:07+02:00,92.2
2022-06-04 07:02:07+02:00,91.8
2022-06-04 07:03:07+02:00,91.7
2022-06-04 07:04:08+02:00,90.9
2022-06-04 07:05:08+02:00,90.5
2022-06-04 07:06:08+02:00,90.4
2022-06-04 07:07:08+02:00,91.5
2022-06-04 07:08:08+02:00,91.3
2022-06-04 07:09:09+02:00,92.8
2022-06-04 07:10:09+02:00,93.0
2022-06-04 07:11:09+02:00,93.0
2022-06-04 07:12:09+02:00,92.4
2022-06-04 07:13:09+02:00,92.8
2022-06-04 07:14:10+02:00,92.3
2022-06-04 07:15:10+02:00,92.3
2022-06-04 07:16:10+02:00,92.3
2022-06-04 07:17:10+02:00,91.6
2022-06-04 07:18:10+02:00,86.8
2022-06-04 07:19:11+02:00,86.9
2022-06-04 07:20:11+02:00,86.5
2022-06-04 07:21:11+02:00,86.0
2022-06-04 07:22:11+02:00,88.9
2022-06-04 07:23:11+02:00,88.1
2022-06-04 07:24:11+02:00,86.5
2022-06-04 07:25:12+02:00,85.9
2022-06-04 07:26:12+02:00,50.0
2022-06-04 07:27:12+02:00,83.5
2022-06-04 07:28:12+02:00,84.0
2022-06-04 07:29:12+02:00,83.5
2022-06-04 07:30:13+02:00,82.2
2022-06-04 07:31:13+02:00,50.0
2022-06-04 07:32:13+02:00,84.4
2022-06-04 07:33:13+02:00,85.9
2022-06-04 07:34:13+02:00,85.2
2022-06-04 07:35:13+02:00,84.4
2022-06-04 07:36:14+02:00,84.1
2022-06-04 07:37:14+02:00,82.7
2022-06-04 07:38:14+02:00,82.3
2022-06-04 07:39:14+02:00,82.3
2022-06-04 07:40:14+02:00,82.6
2022-06-04 07:41:15+02:00,83.1
2022-06-04 07:42:15+02:00,83.3
2022-06-04 07:43:15+02:00,84.2
2022-06-04 07:44:15+02:00,84.0
2022-06-04 07:45:15+02:00,83.6
2022-06-04 07:46:16+02:00,50.0
2022-06-04 07:47:16+02:00,86.3
2022-06-04 07:48:16+02:00,88.3
2022-06-04 07:49:16+02:00,90.3
2022-06-04 07:50:16+02:00,90.4
2022-06-04 07:51:16+02:00,91.2
2022-06-04 07:52:17+02:00,91.2
2022-06-04 07:53:17+02:00,92.6
2022-06-04 07:54:17+02:00,93.5
2022-06-04 07:55:17+02:00,93.3
2022-06-04 07:56:17+02:00,93.4
2022-06-04 07:57:18+02:00,93.8
2022-06-04 07:58:18+02:00,93.9
2022-06-04 07:59:18+02:00,93.4
2022-06-04 08:00:18+02:00,94.0
2022-06-04 08:01:18+02:00,94.4
2022-06-04 08:02:19+02:00,94.5
2022-06-04 08:03:19+02:00,94.2
2022-06-04 08:04:19+02:00,94.5
2022-06-04 08:05:19+02:00,94.7
2022-06-04 08:06:19+02:00,94.7
2022-06-04 08:07:19+02:00,94.7
2022-06-04 08:08:20+02:00,94.2
2022-06-04 08:09:20+02:00,94.4
2022-06-04 08:10:20+02:00,93.7
2022-06-04 08:11:20+02:00,93.6
2022-06-04 08:12:20+02:00,94.0
2022-06-04 08:13:21+02:00,93.7
2022-06-04 08:14:21+02:00,94.1
2022-06-04 08:15:21+02:00,93.8
2022-06-04 08:16:21+02:00,93.7
2022-06-04 08:17:21+02:00,93.6
2022-06-04 08:18:21+02:00,94.0
2022-06-04 08:19:22+02:00,50.0
2022-06-04 08:20:22+02:00,91.9
2022-06-04 08:21:22+02:00,89.0
2022-06-04 08:22:22+02:00,86.0
2022-06-04 08:23:22+02:00,82.5
2022-06-04 08:24:23+02:00,81.4
2022-06-04 08:25:23+02:00,80.1
2022-06-04 08:26:23+02:00,80.8
2022-06-04 08:27:23+02:00,80.5
2022-06-04 08:28:23+02:00,79.8
2022-06-04 08:29:24+02:00,79.9
2022-06-04 08:30:24+02:00,80.2
2022-06-04 08:31:24+02:00,50.0
2022-06-04 08:32:24+02:00,81.7
2022-06-04 08:33:24+02:00,83.1
2022-06-04 08:34:24+02:00,82.7
2022-06-04 08:35:25+02:00,83.0
2022-06-04 08:36:25+02:00,83.1
2022-06-04 08:37:25+02:00,81.9
2022-06-04 08:38:25+02:00,79.4
2022-06-04 08:39:25+02:00,77.9
2022-06-04 08:40:26+02:00,79.2
2022-06-04 08:41:26+02:00,79.1
2022-06-04 08:42:26+02:00,79.7
2022-06-04 08:43:26+02:00,80.8
2022-06-04 08:44:26+02:00,81.2
2022-06-04 08:45:26+02:00,80.5
2022-06-04 08:46:27+02:00,80.9
2022-06-04 08:47:27+02:00,80.2
2022-06-04 08:48:27+02:00,79.3
2022-06-04 08:49:27+02:00,79.3
2022-06-04 08:50:27+02:00,78.6
2022-06-04 08:51:28+02:00,50.0
2022-06-04 08:52:28+02:00,80.4
2022-06-04 08:53:28+02:00,80.8
2022-06-04 08:54:28+02:00,81.3
2022-06-04 08:55:28+02:00,79.9
2022-06-04 08:56:28+02:00,78.3
2022-06-04 08:57:29+02:00,50.0
2022-06-04 08:58:29+02:00,79.0
2022-06-04 08:59:29+02:00,50.0
2022-06-04 09:00:29+02:00,50.0
2022-06-04 09:01:29+02:00,79.2
2022-06-04 09:02:30+02:00,50.0
2022-06-04 09:03:30+02:00,50.0
2022-06-04 09:04:30+02:00,50.0
2022-06-04 09:05:30+02:00,50.0
2022-06-04 09:06:30+02:00,50.0
2022-06-04 09:07:30+02:00,84.0
2022-06-04 09:08:30+02:00,84.8
2022-06-04 09:09:30+02:00,50.0
2022-06-04 09:10:30+02:00,50.0
2022-06-04 09:11:31+02:00,50.0
2022-06-04 09:12:31+02:00,50.0
2022-06-04 09:13:31+02:00,86.5
2022-06-04 09:14:31+02:00,50.0
2022-06-04 09:15:31+02:00,80.0
2022-06-04 09:16:31+02:00,77.4
2022-06-04 09:17:32+02:00,50.0
2022-06-04 09:18:32+02:00,50.0
2022-06-04 09:19:32+02:00,50.0
2022-06-04 09:20:32+02:00,78.8
2022-06-04 09:21:32+02:00,50.0
2022-06-04 09:22:32+02:00,79.7
2022-06-04 09:23:32+02:00,80.0
2022-06-04 09:24:32+02:00,50.0
2022-06-04 09:25:32+02:00,50.0
2022-06-04 09:26:32+02:00,81.4
2022-06-04 09:27:32+02:00,79.9
2022-06-04 09:28:33+02:00,50.0
2022-06-04 09:29:33+02:00,50.0
2022-06-04 09:30:33+02:00,50.0
2022-06-04 09:31:33+02:00,50.0
2022-06-04 09:32:33+02:00,50.0
2022-06-04 09:33:33+02:00,50.0
2022-06-04 09:34:33+02:00,50.0
2022-06-04 09:35:33+02:00,50.0
2022-06-04 09:36:33+02:00,79.4
2022-06-04 09:37:33+02:00,50.0
2022-06-04 09:38:33+02:00,50.0
2022-06-04 09:39:33+02:00,50.0
2022-06-04 09:40:34+02:00,50.0
2022-06-04 09:41:34+02:00,50.0
2022-06-04 09:42:34+02:00,50.0
2022-06-04 09:43:34+02:00,50.0
2022-06-04 09:44:34+02:00,50.0
2022-06-04 09:45:34+02:00,50.0
2022-06-04 09:46:34+02:00,50.0
2022-06-04 09:47:34+02:00,50.0
2022-06-04 09:48:34+02:00,50.0
2022-06-04 09:49:34+02:00,50.0
2022-06-04 09:50:34+02:00,50.0
2022-06-04 09:51:34+02:00,50.0
2022-06-04 09:52:34+02:00,50.0
2022-06-04 09:53:35+02:00,50.0
2022-06-04 09:54:35+02:00,50.0
2022-06-04 09:55:35+02:00,50.0
2022-06-04 09:56:35+02:00,50.0
2022-06-04 09:57:35+02:00,50.0
2022-06-05 07:09:00+02:00,50.0
2022-06-05 07:10:00+02:00,83.5
2022-06-05 07:11:00+02:00,88.6
2022-06-05 07:12:00+02:00,90.5
2022-06-05 07:13:00+02:00,91.3
2022-06-05 07:14:00+02:00,91.9
2022-06-05 07:15:00+02:00,92.9
2022-06-05 07:16:00+02:00,95.1
2022-06-05 07:17:00+02:00,94.8
2022-06-05 07:18:00+02:00,96.1
2022-06-05 07:19:00+02:00,97.2
2022-06-05 07:20:01+02:00,98.1
2022-06-05 07:21:01+02:00,98.9
2022-06-05 07:22:01+02:00,99.0
2022-06-05 07:23:01+02:00,98.6
2022-06-05 07:24:01+02:00,98.8
2022-06-05 07:25:01+02:00,98.2
2022-06-05 07:26:01+02:00,96.9
2022-06-05 07:27:02+02:00,96.2
2022-06-05 07:28:02+02:00,94.5
2022-06-05 07:29:02+02:00,94.2
2022-06-05 07:30:02+02:00,92.6
2022-06-05 07:31:02+02:00,91.4
2022-06-05 07:32:02+02:00,90.1
2022-06-05 07:33:02+02:00,90.1
2022-06-05 07:34:03+02:00,88.5
2022-06-05 07:35:03+02:00,91.2
2022-06-05 07:36:03+02:00,93.4
2022-06-05 07:37:03+02:00,94.2
2022-06-05 07:38:03+02:00,95.9
2022-06-05 07:39:03+02:00,92.1
2022-06-05 07:40:03+02:00,89.1
2022-06-05 07:41:03+02:00,90.8
2022-06-05 07:42:04+02:00,91.8
2022-06-05 07:43:04+02:00,92.6
2022-06-05 07:44:04+02:00,93.2
2022-06-05 07:45:04+02:00,93.3
2022-06-05 07:46:04+02:00,93.7
2022-06-05 07:47:04+02:00,93.4
2022-06-05 07:48:04+02:00,93.9
2022-06-05 07:49:04+02:00,94.2
2022-06-05 07:50:04+02:00,94.3
2022-06-05 07:51:05+02:00,94.5
2022-06-05 07:52:05+02:00,94.6
2022-06-05 07:53:05+02:00,94.8
2022-06-05 07:54:05+02:00,94.6
2022-06-05 07:55:05+02:00,94.9
2022-06-05 07:56:05+02:00,94.7
2022-06-05 07:57:06+02:00,94.9
2022-06-05 07:58:06+02:00,95.0
2022-06-05 07:59:06+02:00,95.1
2022-06-05 08:00:06+02:00,95.2
2022-06-05 08:01:06+02:00,50.0
2022-06-05 08:02:07+02:00,95.5
2022-06-05 08:03:07+02:00,95.9
2022-06-05 08:04:07+02:00,96.1
2022-06-05 08:05:07+02:00,96.5
2022-06-05 08:06:07+02:00,96.6
2022-06-05 08:07:08+02:00,96.8
2022-06-05 08:08:08+02:00,97.0
2022-06-05 08:09:08+02:00,97.2
2022-06-05 08:10:08+02:00,97.3
2022-06-05 08:11:08+02:00,97.3
2022-06-05 08:12:09+02:00,97.3
2022-06-05 08:13:09+02:00,97.3
2022-06-05 08:14:09+02:00,97.4
2022-06-05 08:15:09+02:00,97.4
2022-06-05 08:16:09+02:00,97.4
2022-06-05 08:17:09+02:00,97.4
2022-06-05 08:18:10+02:00,97.4
2022-06-05 08:19:10+02:00,50.0
2022-06-05 08:20:10+02:00,96.7
2022-06-05 08:21:10+02:00,95.8
2022-06-05 08:22:10+02:00,95.6
2022-06-05 08:23:10+02:00,96.1
2022-06-05 08:24:11+02:00,50.0
2022-06-05 08:25:11+02:00,90.0
2022-06-05 08:26:11+02:00,85.9
2022-06-05 08:27:11+02:00,83.4
2022-06-05 08:28:11+02:00,82.0
2022-06-05 08:29:12+02:00,81.2
2022-06-05 08:30:12+02:00,80.1
2022-06-05 08:31:12+02:00,80.1
2022-06-05 08:32:12+02:00,79.6
2022-06-05 08:33:12+02:00,50.0
2022-06-05 08:34:13+02:00,50.0
2022-06-05 08:35:13+02:00,79.3
2022-06-05 08:36:13+02:00,79.0
2022-06-05 08:37:13+02:00,77.6
2022-06-05 08:38:13+02:00,77.5
2022-06-05 08:39:13+02:00,78.0
2022-06-05 08:40:14+02:00,78.0
2022-06-05 08:41:14+02:00,78.0
2022-06-05 08:42:14+02:00,77.9
2022-06-05 08:43:14+02:00,78.5
2022-06-05 08:44:14+02:00,79.7
2022-06-05 08:45:15+02:00,78.8
2022-06-05 08:46:15+02:00,79.1
2022-06-05 08:47:15+02:00,79.6
2022-06-05 08:48:15+02:00,81.2
2022-06-05 08:49:15+02:00,82.2
2022-06-05 08:50:16+02:00,82.5
2022-06-05 08:51:16+02:00,83.3
2022-06-05 08:52:16+02:00,83.7
2022-06-05 08:53:16+02:00,84.1
2022-06-05 08:54:16+02:00,84.5
2022-06-05 08:55:16+02:00,83.6
2022-06-05 08:56:17+02:00,82.5
2022-06-05 08:57:17+02:00,82.5
2022-06-05 08:58:17+02:00,81.5
2022-06-05 08:59:17+02:00,80.9
2022-06-05 09:00:17+02:00,81.6
2022-06-05 09:01:18+02:00,82.1
2022-06-05 09:02:18+02:00,81.7
2022-06-05 09:03:18+02:00,80.9
2022-06-05 09:04:18+02:00,80.5
2022-06-05 09:05:18+02:00,81.2
2022-06-05 09:06:18+02:00,81.3
2022-06-05 09:07:19+02:00,81.0
2022-06-05 09:08:19+02:00,79.4
2022-06-05 09:09:19+02:00,79.5
2022-06-05 09:10:19+02:00,79.1
2022-06-05 09:11:19+02:00,79.1
2022-06-05 09:12:20+02:00,77.5
2022-06-05 09:13:20+02:00,76.8
2022-06-05 09:14:20+02:00,76.9
2022-06-05 09:15:20+02:00,77.3
2022-06-05 09:16:20+02:00,77.7
2022-06-05 09:17:20+02:00,77.9
2022-06-05 09:18:21+02:00,77.9
2022-06-05 09:19:21+02:00,77.7
2022-06-05 09:20:21+02:00,77.9
2022-06-05 09:21:21+02:00,78.1
2022-06-05 09:22:21+02:00,78.1
2022-06-05 09:23:22+02:00,78.3
2022-06-05 09:24:22+02:00,78.4
2022-06-05 09:25:22+02:00,78.1
2022-06-05 09:26:22+02:00,78.2
2022-06-05 09:27:22+02:00,78.2
2022-06-05 09:28:22+02:00,78.2
2022-06-05 09:29:23+02:00,78.1
2022-06-05 09:30:23+02:00,78.2
2022-06-05 09:31:23+02:00,78.0
2022-06-05 09:32:23+02:00,77.9
2022-06-05 09:33:23+02:00,77.8
2022-06-05 09:34:23+02:00,77.9
2022-06-05 09:35:24+02:00,78.2
2022-06-05 09:36:24+02:00,78.3
2022-06-05 09:37:24+02:00,78.5
2022-06-05 09:38:24+02:00,78.7
2022-06-05 09:39:24+02:00,78.7
2022-06-05 09:40:25+02:00,76.9
2022-06-05 09:41:25+02:00,77.2
2022-06-05 09:42:25+02:00,78.0
2022-06-05 09:43:25+02:00,79.0
2022-06-05 09:44:25+02:00,80.1
2022-06-05 09:45:26+02:00,80.9
2022-06-05 09:46:26+02:00,82.2
2022-06-05 09:47:26+02:00,82.2
2022-06-05 09:48:26+02:00,82.5
2022-06-05 09:49:26+02:00,82.4
2022-06-05 09:50:27+02:00,83.5
2022-06-05 09:51:27+02:00,50.0
2022-06-05 09:52:27+02:00,84.8
2022-06-05 09:53:27+02:00,87.5
2022-06-05 09:54:27+02:00,89.7
2022-06-05 09:55:27+02:00,91.0
2022-06-05 09:56:28+02:00,91.4
2022-06-05 09:57:28+02:00,92.2
2022-06-05 09:58:28+02:00,92.8
2022-06-05 09:59:28+02:00,93.3
2022-06-05 10:00:28+02:00,94.3
2022-06-05 10:01:28+02:00,94.6
2022-06-05 10:02:29+02:00,95.0
2022-06-05 10:03:29+02:00,95.5
2022-06-05 10:04:29+02:00,95.4
2022-06-05 10:05:29+02:00,95.4
2022-06-05 10:06:29+02:00,95.4
2022-06-05 10:07:29+02:00,95.3
2022-06-05 10:08:29+02:00,95.5
2022-06-05 10:09:29+02:00,95.5
2022-06-05 10:10:29+02:00,95.5
2022-06-05 10:11:29+02:00,95.3
2022-06-05 10:12:30+02:00,95.4
2022-06-05 10:13:30+02:00,95.1
2022-06-05 10:14:30+02:00,94.8
2022-06-05 10:15:30+02:00,94.5
2022-06-05 10:16:30+02:00,94.4
2022-06-05 10:17:30+02:00,94.9
2022-06-05 10:18:30+02:00,95.1
2022-06-05 10:19:30+02:00,95.2
2022-06-05 10:20:30+02:00,95.2
2022-06-05 10:21:30+02:00,95.0
2022-06-05 10:22:30+02:00,95.2
2022-06-05 10:23:31+02:00,95.4
2022-06-05 10:24:31+02:00,95.1
2022-06-05 10:25:31+02:00,94.8
2022-06-05 10:26:31+02:00,95.0
2022-06-05 10:27:31+02:00,94.8
2022-06-05 10:28:31+02:00,94.8
2022-06-05 10:29:31+02:00,94.9
2022-06-05 10:30:31+02:00,95.2
2022-06-05 10:31:31+02:00,94.9
2022-06-05 10:32:31+02:00,94.4
2022-06-05 10:33:31+02:00,93.9
2022-06-05 10:34:32+02:00,94.0
2022-06-05 10:35:32+02:00,93.4
2022-06-05 10:36:32+02:00,91.8
2022-06-05 10:37:32+02:00,92.1
2022-06-05 10:38:32+02:00,91.6
2022-06-05 10:39:32+02:00,91.6
2022-06-05 10:40:32+02:00,92.8
2022-06-05 10:41:32+02:00,93.1
2022-06-05 10:42:32+02:00,92.5
2022-06-05 10:43:32+02:00,92.3
2022-06-05 10:44:32+02:00,92.2
2022-06-05 10:45:32+02:00,91.8
2022-06-05 10:46:33+02:00,93.0
2022-06-05 10:47:33+02:00,92.4
2022-06-05 10:48:33+02:00,92.5
2022-06-05 10:49:33+02:00,93.5
2022-06-05 10:50:33+02:00,93.5
2022-06-05 10:51:33+02:00,93.9
2022-06-05 10:52:33+02:00,94.0
2022-06-05 10:53:33+02:00,93.0
2022-06-05 10:54:33+02:00,92.3
2022-06-05 10:55:33+02:00,91.8
2022-06-05 10:56:34+02:00,91.7
2022-06-05 10:57:34+02:00,92.4
2022-06-05 10:58:34+02:00,92.9
2022-06-05 10:59:34+02:00,91.6
2022-06-05 11:00:34+02:00,91.8
2022-06-05 11:01:34+02:00,92.7
2022-06-05 11:02:34+02:00,93.1
2022-06-05 11:03:34+02:00,93.8
2022-06-05 11:04:34+02:00,94.1
2022-06-05 11:05:34+02:00,93.8
2022-06-05 11:06:34+02:00,94.2
2022-06-05 11:07:35+02:00,94.3
2022-06-05 11:08:35+02:00,94.1
2022-06-05 11:09:35+02:00,94.8
2022-06-05 11:10:35+02:00,94.8
2022-06-05 11:11:35+02:00,95.0
2022-06-05 11:12:35+02:00,94.8
2022-06-05 11:13:36+02:00,50.0
2022-06-05 11:14:36+02:00,94.5
2022-06-05 11:15:36+02:00,93.7
2022-06-05 11:16:36+02:00,92.8
2022-06-05 11:17:36+02:00,92.3
2022-06-05 11:18:37+02:00,91.9
2022-06-05 11:19:37+02:00,91.1
2022-06-05 11:20:37+02:00,90.4
2022-06-05 11:21:37+02:00,90.3
2022-06-05 11:22:37+02:00,89.8
2022-06-05 11:23:37+02:00,89.0
2022-06-05 11:24:38+02:00,88.2
2022-06-05 11:25:38+02:00,87.3
2022-06-05 11:26:38+02:00,87.1
2022-06-05 11:27:38+02:00,86.9
2022-06-05 11:28:38+02:00,86.8
2022-06-05 11:29:39+02:00,86.8
2022-06-05 11:30:39+02:00,86.5
2022-06-05 11:31:39+02:00,86.0
2022-06-05 11:32:39+02:00,85.7
2022-06-05 11:33:39+02:00,85.6
2022-06-05 11:34:40+02:00,85.3
2022-06-05 11:35:40+02:00,85.2
2022-06-05 11:36:40+02:00,85.0
2022-06-05 11:37:40+02:00,84.9
2022-06-05 11:38:40+02:00,85.0
2022-06-05 11:39:41+02:00,84.9
2022-06-05 11:40:41+02:00,84.8
2022-06-05 11:41:41+02:00,84.9
2022-06-05 11:42:41+02:00,85.2
2022-06-05 11:43:41+02:00,85.3
2022-06-05 11:44:42+02:00,85.4
2022-06-05 11:45:42+02:00,50.0
2022-06-05 11:46:42+02:00,88.3
2022-06-05 11:47:42+02:00,90.8
2022-06-05 11:48:42+02:00,92.4
2022-06-05 11:49:42+02:00,93.3
2022-06-05 11:50:43+02:00,94.0
2022-06-05 11:51:43+02:00,94.5
2022-06-05 11:52:43+02:00,94.8
2022-06-05 11:53:43+02:00,94.9
2022-06-05 11:54:43+02:00,95.0
2022-06-05 11:55:44+02:00,50.0
2022-06-05 11:56:44+02:00,94.9
2022-06-05 11:57:44+02:00,95.0
2022-06-05 11:58:44+02:00,94.9
2022-06-05 11:59:44+02:00,94.8
2022-06-05 12:00:45+02:00,94.7
2022-06-05 12:01:45+02:00,94.5
2022-06-05 12:02:45+02:00,94.4
2022-06-05 12:03:45+02:00,94.4
2022-06-05 12:04:45+02:00,94.3
2022-06-05 12:05:45+02:00,94.4
2022-06-05 12:06:46+02:00,94.4
2022-06-05 12:07:46+02:00,94.3
2022-06-05 12:08:46+02:00,50.0
2022-06-05 12:09:46+02:00,94.4
2022-06-05 12:10:46+02:00,94.6
2022-06-05 12:11:47+02:00,94.6
2022-06-05 12:12:47+02:00,94.8
2022-06-05 12:13:47+02:00,50.0
2022-06-05 12:14:47+02:00,94.5
2022-06-05 12:15:47+02:00,95.5
2022-06-05 12:16:48+02:00,95.9
2022-06-05 12:17:48+02:00,97.1
2022-06-05 12:18:48+02:00,97.6
2022-06-05 12:19:48+02:00,98.3
2022-06-05 12:20:48+02:00,50.0
2022-06-05 12:21:49+02:00,97.9
2022-06-05 12:22:49+02:00,97.1
2022-06-05 12:23:49+02:00,96.6
2022-06-05 12:24:49+02:00,96.3
2022-06-05 12:25:49+02:00,96.0
2022-06-05 12:26:50+02:00,95.9
2022-06-05 12:27:50+02:00,95.7
2022-06-05 12:28:50+02:00,95.6
2022-06-05 12:29:50+02:00,95.3
2022-06-05 12:30:50+02:00,95.0
2022-06-05 12:31:50+02:00,94.9
2022-06-05 12:32:51+02:00,94.6
2022-06-05 12:33:51+02:00,94.6
2022-06-05 12:34:51+02:00,94.7
2022-06-05 12:35:51+02:00,94.7
2022-06-05 12:36:51+02:00,94.5
2022-06-05 12:37:52+02:00,94.3
2022-06-05 12:38:52+02:00,94.2
2022-06-05 12:39:52+02:00,94.0
2022-06-05 12:40:52+02:00,94.0
2022-06-05 12:41:52+02:00,94.2
2022-06-05 12:42:53+02:00,94.1
2022-06-05 12:43:53+02:00,94.1
2022-06-05 12:44:53+02:00,94.2
2022-06-05 12:45:53+02:00,94.4
2022-06-05 12:46:53+02:00,94.4
2022-06-05 12:47:53+02:00,94.3
2022-06-05 12:48:54+02:00,94.3
2022-06-05 12:49:54+02:00,94.2
2022-06-05 12:50:54+02:00,94.1
2022-06-05 12:51:54+02:00,94.3
2022-06-05 12:52:54+02:00,94.2
2022-06-05 12:53:54+02:00,94.0
2022-06-05 12:54:55+02:00,94.2
2022-06-05 12:55:55+02:00,94.1
2022-06-05 12:56:55+02:00,94.0
2022-06-05 12:57:55+02:00,93.8
2022-06-05 12:58:55+02:00,93.2
2022-06-05 12:59:56+02:00,93.3
2022-06-05 13:00:56+02:00,93.5
2022-06-05 13:01:56+02:00,50.0
2022-06-05 13:02:56+02:00,50.0
2022-06-05 13:03:56+02:00,50.0
2022-06-05 13:04:57+02:00,50.0
2022-06-05 13:05:57+02:00,50.0
2022-06-05 13:06:57+02:00,50.0
2022-06-05 13:07:57+02:00,50.0
2022-06-05 13:08:57+02:00,50.0
2022-06-05 13:09:58+02:00,50.0
2022-06-05 13:10:58+02:00,50.0
2022-06-05 13:11:58+02:00,94.5
2022-06-05 13:12:58+02:00,50.0
2022-06-05 13:13:58+02:00,50.0
2022-06-05 13:14:58+02:00,50.0
2022-06-05 13:15:59+02:00,50.0
2022-06-05 13:16:59+02:00,94.4
2022-06-05 13:17:59+02:00,50.0
2022-06-05 13:18:59+02:00,50.0
2022-06-05 13:19:59+02:00,50.0
2022-06-05 13:21:00+02:00,50.0
2022-06-05 13:22:00+02:00,50.0
2022-06-05 13:23:00+02:00,50.0
2022-06-05 13:24:00+02:00,94.0
2022-06-05 13:25:00+02:00,50.0
2022-06-05 13:26:00+02:00,50.0
2022-06-05 13:27:00+02:00,50.0
2022-06-05 13:28:00+02:00,50.0
2022-06-05 13:29:01+02:00,50.0
2022-06-05 13:30:01+02:00,50.0
2022-06-05 13:31:01+02:00,50.0
2022-06-05 13:32:01+02:00,50.0
2022-06-05 13:33:01+02:00,50.0
2022-06-05 13:34:01+02:00,50.0
2022-06-05 13:35:01+02:00,91.6
2022-06-05 13:36:02+02:00,50.0
2022-06-05 13:37:02+02:00,50.0
2022-06-05 13:38:02+02:00,50.0
2022-06-05 13:39:02+02:00,50.0
2022-06-05 13:40:02+02:00,50.0
2022-06-05 13:41:02+02:00,90.0
2022-06-05 13:42:03+02:00,88.5
2022-06-06 00:38:00+02:00,50.0
2022-06-06 00:39:00+02:00,80.5
2022-06-06 00:40:00+02:00,80.8
2022-06-06 00:41:00+02:00,82.0
2022-06-06 00:42:00+02:00,84.2
2022-06-06 00:43:00+02:00,85.0
2022-06-06 00:44:00+02:00,85.9
2022-06-06 00:45:00+02:00,87.6
2022-06-06 00:46:00+02:00,88.6
2022-06-06 00:47:00+02:00,90.0
2022-06-06 00:48:00+02:00,91.6
2022-06-06 00:49:00+02:00,92.0
2022-06-06 00:50:00+02:00,92.3
2022-06-06 00:51:00+02:00,91.7
2022-06-06 00:52:00+02:00,91.9
2022-06-06 00:53:00+02:00,92.1
2022-06-06 00:54:01+02:00,92.0
2022-06-06 00:55:01+02:00,92.2
2022-06-06 00:56:01+02:00,92.7
2022-06-06 00:57:01+02:00,92.7
2022-06-06 00:58:01+02:00,93.3
2022-06-06 00:59:02+02:00,93.7
2022-06-06 01:00:02+02:00,93.6
2022-06-06 01:01:02+02:00,93.6
2022-06-06 01:02:02+02:00,94.0
2022-06-06 01:03:02+02:00,94.0
2022-06-06 01:04:02+02:00,94.4
2022-06-06 01:05:02+02:00,94.4
2022-06-06 01:06:02+02:00,94.1
2022-06-06 01:07:03+02:00,93.9
2022-06-06 01:08:03+02:00,93.8
2022-06-06 01:09:03+02:00,94.2
2022-06-06 01:10:03+02:00,94.5
2022-06-06 01:11:03+02:00,94.3
2022-06-06 01:12:04+02:00,94.1
2022-06-06 01:13:04+02:00,94.3
2022-06-06 01:14:04+02:00,94.4
2022-06-06 01:15:04+02:00,94.6
2022-06-06 01:16:04+02:00,94.6
2022-06-06 01:17:04+02:00,95.2
2022-06-06 01:18:04+02:00,96.5
2022-06-06 01:19:04+02:00,96.3
2022-06-06 01:20:05+02:00,50.0
2022-06-06 01:21:05+02:00,50.0
2022-06-06 01:22:05+02:00,50.0
2022-06-06 01:23:05+02:00,94.9
2022-06-06 01:24:05+02:00,94.6
2022-06-06 01:25:05+02:00,89.8
2022-06-06 01:26:05+02:00,89.2
2022-06-06 01:27:05+02:00,87.5
2022-06-06 01:28:05+02:00,87.5
2022-06-06 01:29:06+02:00,86.4
2022-06-06 01:30:06+02:00,87.1
2022-06-06 01:31:06+02:00,87.6
2022-06-06 01:32:06+02:00,50.0
2022-06-06 01:33:06+02:00,86.3
2022-06-06 01:34:06+02:00,84.3
2022-06-06 01:35:07+02:00,85.9
2022-06-06 01:36:07+02:00,87.5
2022-06-06 01:37:07+02:00,87.3
2022-06-06 01:38:07+02:00,85.2
2022-06-06 01:39:07+02:00,87.0
2022-06-06 01:40:08+02:00,50.0
2022-06-06 01:41:08+02:00,89.4
2022-06-06 01:42:08+02:00,90.8
2022-06-06 01:43:08+02:00,89.5
2022-06-06 01:44:08+02:00,87.4
2022-06-06 01:45:09+02:00,86.9
2022-06-06 01:46:09+02:00,87.7
2022-06-06 01:47:09+02:00,87.4
2022-06-06 01:48:09+02:00,88.5
2022-06-06 01:49:09+02:00,87.2
2022-06-06 01:50:09+02:00,87.6
2022-06-06 01:51:10+02:00,87.3
2022-06-06 01:52:10+02:00,85.7
2022-06-06 01:53:10+02:00,87.1
2022-06-06 01:54:10+02:00,87.9
2022-06-06 01:55:10+02:00,87.6
2022-06-06 01:56:10+02:00,50.0
2022-06-06 01:57:11+02:00,85.0
2022-06-06 01:58:11+02:00,87.8
2022-06-06 01:59:11+02:00,89.5
2022-06-06 02:00:11+02:00,90.5
2022-06-06 02:00:11+02:00,90.5
2022-06-06 02:01:11+02:00,50.0
2022-06-06 02:02:12+02:00,92.7
2022-06-06 02:03:12+02:00,94.1
2022-06-06 02:04:12+02:00,95.1
2022-06-06 02:05:12+02:00,95.8
2022-06-06 02:06:12+02:00,96.2
2022-06-06 02:07:13+02:00,96.5
2022-06-06 02:08:13+02:00,96.7
2022-06-06 02:09:13+02:00,96.7
2022-06-06 02:10:13+02:00,96.9
2022-06-06 02:11:13+02:00,97.0
2022-06-06 02:12:13+02:00,97.2
2022-06-06 02:13:14+02:00,97.2
2022-06-06 02:14:14+02:00,97.3
2022-06-06 02:15:14+02:00,97.4
2022-06-06 02:16:14+02:00,97.3
2022-06-06 02:17:14+02:00,97.1
2022-06-06 02:18:15+02:00,97.2
2022-06-06 02:19:15+02:00,97.1
2022-06-06 02:20:15+02:00,97.1
2022-06-06 02:21:15+02:00,97.1
2022-06-06 02:22:15+02:00,97.0
2022-06-06 02:23:16+02:00,96.7
2022-06-06 02:24:16+02:00,96.7
2022-06-06 02:25:16+02:00,96.8
2022-06-06 02:26:16+02:00,96.7
2022-06-06 02:27:16+02:00,50.0
2022-06-06 02:28:16+02:00,95.3
2022-06-06 02:29:17+02:00,92.7
2022-06-06 02:30:17+02:00,91.8
2022-06-06 02:31:17+02:00,90.4
2022-06-06 02:32:17+02:00,88.6
2022-06-06 02:33:17+02:00,87.6
2022-06-06 02:34:17+02:00,50.0
2022-06-06 02:35:18+02:00,88.2
2022-06-06 02:36:18+02:00,88.2
2022-06-06 02:37:18+02:00,88.4
2022-06-06 02:38:18+02:00,90.1
2022-06-06 02:39:18+02:00,88.9
2022-06-06 02:40:19+02:00,87.7
2022-06-06 02:41:19+02:00,87.9
2022-06-06 02:42:19+02:00,88.5
2022-06-06 02:43:19+02:00,87.9
2022-06-06 02:44:19+02:00,88.6
2022-06-06 02:45:20+02:00,88.0
2022-06-06 02:46:20+02:00,87.2
2022-06-06 02:47:20+02:00,87.5
2022-06-06 02:48:20+02:00,87.5
2022-06-06 02:49:20+02:00,86.5
2022-06-06 02:50:20+02:00,86.7
2022-06-06 02:51:21+02:00,87.4
2022-06-06 02:52:21+02:00,87.2
2022-06-06 02:53:21+02:00,88.4
2022-06-06 02:54:21+02:00,88.7
2022-06-06 02:55:21+02:00,88.2
2022-06-06 02:56:22+02:00,88.7
2022-06-06 02:57:22+02:00,88.1
2022-06-06 02:58:22+02:00,88.1
2022-06-06 02:59:22+02:00,88.8
2022-06-06 03:00:22+02:00,88.9
2022-06-06 03:01:23+02:00,88.4
2022-06-06 03:02:23+02:00,88.8
2022-06-06 03:03:23+02:00,89.4
2022-06-06 03:04:23+02:00,90.1
2022-06-06 03:05:23+02:00,90.1
2022-06-06 03:06:23+02:00,91.0
2022-06-06 03:07:24+02:00,90.9
2022-06-06 03:08:24+02:00,91.0
2022-06-06 03:09:24+02:00,90.4
2022-06-06 03:10:24+02:00,91.2
2022-06-06 03:11:24+02:00,91.4
2022-06-06 03:12:25+02:00,92.1
2022-06-06 03:13:25+02:00,93.0
2022-06-06 03:14:25+02:00,50.0
2022-06-06 03:15:25+02:00,50.0
2022-06-06 03:16:25+02:00,91.1
2022-06-06 03:17:25+02:00,91.8
2022-06-06 03:18:26+02:00,92.1
2022-06-06 03:19:26+02:00,91.8
2022-06-06 03:20:26+02:00,91.2
2022-06-06 03:21:26+02:00,91.3
2022-06-06 03:22:26+02:00,50.0
2022-06-06 03:23:27+02:00,92.5
2022-06-06 03:24:27+02:00,92.6
2022-06-06 03:25:27+02:00,93.1
2022-06-06 03:26:27+02:00,93.3
2022-06-06 03:27:27+02:00,93.7
2022-06-06 03:28:27+02:00,93.7
2022-06-06 03:29:28+02:00,94.6
2022-06-06 03:30:28+02:00,95.2
2022-06-06 03:31:28+02:00,95.4
2022-06-06 03:32:28+02:00,95.5
2022-06-06 03:33:28+02:00,95.6
2022-06-06 03:34:29+02:00,95.9
2022-06-06 03:35:29+02:00,96.3
2022-06-06 03:36:29+02:00,95.8
2022-06-06 03:37:29+02:00,96.0
2022-06-06 03:38:29+02:00,95.7
2022-06-06 03:39:29+02:00,95.8
2022-06-06 03:40:29+02:00,96.1
2022-06-06 03:41:29+02:00,96.2
2022-06-06 03:42:29+02:00,96.1
2022-06-06 03:43:30+02:00,95.9
2022-06-06 03:44:30+02:00,96.0
2022-06-06 03:45:30+02:00,96.3
2022-06-06 03:46:30+02:00,96.2
2022-06-06 03:47:30+02:00,96.1
2022-06-06 03:48:30+02:00,95.8
2022-06-06 03:49:31+02:00,96.1
2022-06-06 03:50:31+02:00,95.7
2022-06-06 03:51:31+02:00,95.3
2022-06-06 03:52:31+02:00,95.3
2022-06-06 03:53:31+02:00,94.9
2022-06-06 03:54:31+02:00,94.3
2022-06-06 03:55:31+02:00,92.8
2022-06-06 03:56:31+02:00,91.7
2022-06-06 03:57:31+02:00,90.3
2022-06-06 03:58:31+02:00,89.4
2022-06-06 03:59:32+02:00,89.6
2022-06-06 04:00:32+02:00,89.1
2022-06-06 04:01:32+02:00,88.9
2022-06-06 04:02:32+02:00,89.0
2022-06-06 04:03:32+02:00,88.4
2022-06-06 04:04:32+02:00,87.8
2022-06-06 04:05:32+02:00,88.6
2022-06-06 04:06:32+02:00,89.6
2022-06-06 04:07:32+02:00,50.0
2022-06-06 04:08:32+02:00,88.1
2022-06-06 04:09:32+02:00,89.3
2022-06-06 04:10:32+02:00,91.6
2022-06-06 04:11:32+02:00,92.1
2022-06-06 04:12:32+02:00,92.4
2022-06-06 04:13:33+02:00,50.0
2022-06-06 04:14:33+02:00,90.7
2022-06-06 04:15:33+02:00,88.8
2022-06-06 04:16:33+02:00,87.8
2022-06-06 04:17:33+02:00,87.3
2022-06-06 04:18:33+02:00,86.1
2022-06-06 04:19:33+02:00,85.1
2022-06-06 04:20:34+02:00,84.8
2022-06-06 04:21:34+02:00,88.2
2022-06-06 04:22:34+02:00,89.9
2022-06-06 04:23:34+02:00,88.8
2022-06-06 04:24:34+02:00,86.8
2022-06-06 04:25:34+02:00,85.8
2022-06-06 04:26:34+02:00,85.9
2022-06-06 04:27:34+02:00,50.0
2022-06-06 04:28:35+02:00,50.0
2022-06-06 04:29:35+02:00,50.0
2022-06-06 04:30:35+02:00,50.0
2022-06-06 04:31:35+02:00,88.5
2022-06-06 04:32:35+02:00,90.7
2022-06-06 04:33:35+02:00,92.0
2022-06-06 04:34:36+02:00,92.8
2022-06-06 04:35:36+02:00,93.6
2022-06-06 04:36:36+02:00,94.1
2022-06-06 04:37:36+02:00,94.6
2022-06-06 04:38:36+02:00,94.9
2022-06-06 04:39:37+02:00,95.1
2022-06-06 04:40:37+02:00,95.2
2022-06-06 04:41:37+02:00,95.2
2022-06-06 04:42:37+02:00,95.1
2022-06-06 04:43:37+02:00,95.0
2022-06-06 04:44:37+02:00,95.0
2022-06-06 04:45:38+02:00,95.1
2022-06-06 04:46:38+02:00,95.3
2022-06-06 04:47:38+02:00,95.3
2022-06-06 04:48:38+02:00,95.1
2022-06-06 04:49:38+02:00,50.0
2022-06-06 04:50:39+02:00,94.3
2022-06-06 04:51:39+02:00,94.0
2022-06-06 04:52:39+02:00,93.3
2022-06-06 04:53:39+02:00,93.0
2022-06-06 04:54:39+02:00,92.7
2022-06-06 04:55:39+02:00,50.0
2022-06-06 04:56:40+02:00,50.0
2022-06-06 04:57:40+02:00,93.5
2022-06-06 04:58:40+02:00,94.0
2022-06-06 04:59:40+02:00,94.6
2022-06-06 05:00:40+02:00,95.3
2022-06-06 05:01:41+02:00,95.2
2022-06-06 05:02:41+02:00,95.1
2022-06-06 05:03:41+02:00,95.0
2022-06-06 05:04:41+02:00,95.2
2022-06-06 05:05:41+02:00,95.0
2022-06-06 05:06:41+02:00,95.2
2022-06-06 05:07:42+02:00,95.3
2022-06-06 05:08:42+02:00,95.0
2022-06-06 05:09:42+02:00,95.4
2022-06-06 05:10:42+02:00,95.8
2022-06-06 05:11:42+02:00,96.2
2022-06-06 05:12:43+02:00,96.8
2022-06-06 05:13:43+02:00,96.6
2022-06-06 05:14:43+02:00,50.0
2022-06-06 05:15:43+02:00,95.8
2022-06-06 05:16:43+02:00,95.1
2022-06-06 05:17:43+02:00,94.1
2022-06-06 05:18:44+02:00,93.4
2022-06-06 05:19:44+02:00,92.8
2022-06-06 05:20:44+02:00,92.1
2022-06-06 05:21:44+02:00,91.8
2022-06-06 05:22:44+02:00,92.0
2022-06-06 05:23:45+02:00,92.3
2022-06-06 05:24:45+02:00,92.2
2022-06-06 05:25:45+02:00,93.0
2022-06-06 05:26:45+02:00,93.4
2022-06-06 05:27:45+02:00,93.4
2022-06-06 05:28:46+02:00,93.4
2022-06-06 05:29:46+02:00,93.7
2022-06-06 05:30:46+02:00,93.8
2022-06-06 05:31:46+02:00,93.6
2022-06-06 05:32:46+02:00,94.0
2022-06-06 05:33:47+02:00,94.3
2022-06-06 05:34:47+02:00,94.1
2022-06-06 05:35:47+02:00,94.0
2022-06-06 05:36:47+02:00,93.4
2022-06-06 05:37:47+02:00,92.6
2022-06-06 05:38:48+02:00,92.2
2022-06-06 05:39:48+02:00,92.6
2022-06-06 05:40:48+02:00,93.5
2022-06-06 05:41:48+02:00,94.2
2022-06-06 05:42:48+02:00,94.1
2022-06-06 05:43:48+02:00,93.5
2022-06-06 05:44:49+02:00,93.5
2022-06-06 05:45:49+02:00,93.8
2022-06-06 05:46:49+02:00,93.9
2022-06-06 05:47:49+02:00,93.8
2022-06-06 05:48:49+02:00,93.5
2022-06-06 05:49:50+02:00,93.4
2022-06-06 05:50:50+02:00,93.3
2022-06-06 05:51:50+02:00,93.6
2022-06-06 05:52:50+02:00,93.6
2022-06-06 05:53:50+02:00,93.6
2022-06-06 05:54:51+02:00,93.5
2022-06-06 05:55:51+02:00,93.8
2022-06-06 05:56:51+02:00,94.0
2022-06-06 05:57:51+02:00,94.9
2022-06-06 05:58:51+02:00,95.6
2022-06-06 05:59:52+02:00,96.0
2022-06-06 06:00:52+02:00,96.1
2022-06-06 06:01:52+02:00,96.1
2022-06-06 06:02:52+02:00,96.1
2022-06-06 06:03:52+02:00,96.2
2022-06-06 06:04:53+02:00,96.3
2022-06-06 06:05:53+02:00,96.5
2022-06-06 06:06:53+02:00,96.4
2022-06-06 06:07:53+02:00,96.5
2022-06-06 06:08:53+02:00,96.5
2022-06-06 06:09:53+02:00,96.6
2022-06-06 06:10:54+02:00,96.6
2022-06-06 06:11:54+02:00,96.4
2022-06-06 06:12:54+02:00,96.5
2022-06-06 06:13:54+02:00,96.4
2022-06-06 06:14:54+02:00,96.4
2022-06-06 06:15:55+02:00,96.5
2022-06-06 06:16:55+02:00,96.3
2022-06-06 06:17:55+02:00,96.2
2022-06-06 06:18:55+02:00,95.8
2022-06-06 06:19:55+02:00,96.2
2022-06-06 06:20:56+02:00,50.0
2022-06-06 06:21:56+02:00,96.2
2022-06-06 06:22:56+02:00,96.1
2022-06-06 06:23:56+02:00,96.1
2022-06-06 06:24:56+02:00,96.1
2022-06-06 06:25:57+02:00,96.2
2022-06-06 06:26:57+02:00,96.3
2022-06-06 06:27:57+02:00,96.3
2022-06-06 06:28:57+02:00,96.4
2022-06-06 06:29:57+02:00,96.4
2022-06-06 06:30:58+02:00,96.5
2022-06-06 06:31:58+02:00,96.6
2022-06-06 06:32:58+02:00,96.6
2022-06-06 06:33:58+02:00,96.7
2022-06-06 06:34:58+02:00,96.8
2022-06-06 06:35:58+02:00,96.7
2022-06-06 06:36:59+02:00,96.8
2022-06-06 06:37:59+02:00,96.8
2022-06-06 06:38:59+02:00,96.8
2022-06-06 06:39:59+02:00,96.8
2022-06-06 06:40:59+02:00,96.4
2022-06-06 06:41:59+02:00,96.2
2022-06-06 06:43:00+02:00,96.0
2022-06-06 06:44:00+02:00,95.8
2022-06-06 06:45:00+02:00,96.0
2022-06-06 06:46:00+02:00,96.1
2022-06-06 06:47:00+02:00,96.1
2022-06-06 06:48:01+02:00,96.1
2022-06-06 06:49:01+02:00,96.1
2022-06-06 06:50:01+02:00,95.9
2022-06-06 06:51:01+02:00,50.0
2022-06-06 06:52:01+02:00,95.3
2022-06-06 06:53:01+02:00,93.3
2022-06-06 06:54:01+02:00,50.0
2022-06-06 06:55:02+02:00,91.2
2022-06-06 06:56:02+02:00,90.0
2022-06-06 06:57:02+02:00,90.0
2022-06-06 06:58:02+02:00,90.5
2022-06-06 06:59:02+02:00,91.1
2022-06-06 07:00:02+02:00,90.7
2022-06-06 07:01:02+02:00,91.2
2022-06-06 07:02:03+02:00,90.8
2022-06-06 07:03:03+02:00,91.3
2022-06-06 07:04:03+02:00,90.6
2022-06-06 07:05:03+02:00,91.0
2022-06-06 07:06:03+02:00,90.9
2022-06-06 07:07:03+02:00,91.6
2022-06-06 07:08:03+02:00,92.2
2022-06-06 07:09:03+02:00,91.8
2022-06-06 07:10:04+02:00,92.1
2022-06-06 07:11:04+02:00,92.4
2022-06-06 07:12:04+02:00,92.9
2022-06-06 07:13:04+02:00,93.2
2022-06-06 07:14:04+02:00,50.0
2022-06-06 07:15:04+02:00,50.0
2022-06-06 07:16:05+02:00,94.1
2022-06-06 07:17:05+02:00,94.7
2022-06-06 07:18:05+02:00,95.0
2022-06-06 07:19:05+02:00,95.3
2022-06-06 07:20:05+02:00,50.0
2022-06-06 07:21:05+02:00,95.7
2022-06-06 07:22:05+02:00,95.8
2022-06-06 07:23:06+02:00,95.8
2022-06-06 07:24:06+02:00,95.9
2022-06-06 07:25:06+02:00,95.9
2022-06-06 07:26:06+02:00,95.9
2022-06-06 07:27:06+02:00,96.2
2022-06-06 07:28:06+02:00,96.1
2022-06-06 07:29:07+02:00,96.1
2022-06-06 07:30:07+02:00,50.0
2022-06-06 07:31:07+02:00,96.6
2022-06-06 07:32:07+02:00,96.8
2022-06-06 07:33:07+02:00,97.1
2022-06-06 07:34:08+02:00,50.0
2022-06-06 07:35:08+02:00,97.1
2022-06-06 07:36:08+02:00,96.6
2022-06-06 07:37:08+02:00,96.5
2022-06-06 07:38:08+02:00,96.4
2022-06-06 07:39:08+02:00,96.5
2022-06-06 07:40:09+02:00,96.3
2022-06-06 07:41:09+02:00,96.2
2022-06-06 07:42:09+02:00,96.0
2022-06-06 07:43:09+02:00,95.9
2022-06-06 07:44:09+02:00,95.9
2022-06-06 07:45:10+02:00,96.1
2022-06-06 07:46:10+02:00,96.2
2022-06-06 07:47:10+02:00,96.2
2022-06-06 07:48:10+02:00,96.3
2022-06-06 07:49:10+02:00,96.2
2022-06-06 07:50:11+02:00,96.1
2022-06-06 07:51:11+02:00,96.5
2022-06-06 07:52:11+02:00,96.3
2022-06-06 07:53:11+02:00,96.1
2022-06-06 07:54:11+02:00,96.0
2022-06-06 07:55:11+02:00,96.0
2022-06-06 07:56:12+02:00,96.0
2022-06-06 07:57:12+02:00,95.9
2022-06-06 07:58:12+02:00,96.2
2022-06-06 07:59:12+02:00,50.0
2022-06-06 08:00:12+02:00,96.5
2022-06-06 08:01:13+02:00,96.7
2022-06-06 08:02:13+02:00,50.0
2022-06-06 08:03:13+02:00,50.0
2022-06-06 08:04:13+02:00,50.0
2022-06-06 08:05:13+02:00,50.0
2022-06-06 08:06:13+02:00,50.0
2022-06-06 08:07:14+02:00,50.0
2022-06-06 08:08:14+02:00,50.0
2022-06-06 08:09:14+02:00,50.0
2022-06-06 08:10:14+02:00,50.0
2022-06-06 08:11:14+02:00,94.9
2022-06-06 08:12:15+02:00,50.0
2022-06-06 08:13:15+02:00,91.3
2022-06-06 08:14:15+02:00,50.0
2022-06-06 08:15:15+02:00,50.0
2022-06-06 08:16:15+02:00,50.0
2022-06-06 08:17:15+02:00,90.0
2022-06-06 08:18:16+02:00,50.0
2022-06-06 08:19:16+02:00,50.0
2022-06-06 08:20:16+02:00,50.0
2022-06-06 08:21:16+02:00,88.5
2022-06-06 08:22:16+02:00,50.0
2022-06-06 08:23:16+02:00,50.0
2022-06-06 08:24:17+02:00,50.0
2022-06-06 08:25:17+02:00,90.1
2022-06-06 08:26:17+02:00,50.0
2022-06-06 08:27:17+02:00,89.5
2022-06-06 08:28:17+02:00,86.0
2022-06-06 08:29:18+02:00,50.0
2022-06-06 08:30:18+02:00,50.0
2022-06-06 08:31:18+02:00,50.0
2022-06-06 08:32:18+02:00,50.0
2022-06-06 08:33:18+02:00,50.0
2022-06-06 08:34:18+02:00,50.0
2022-06-06 08:35:18+02:00,50.0
2022-06-06 08:36:18+02:00,50.0
2022-06-06 08:37:18+02:00,50.0
2022-06-06 08:38:19+02:00,50.0
2022-06-07 01:45:30+02:00,91.5
2022-06-07 01:46:30+02:00,90.8
2022-06-07 01:47:30+02:00,90.7
2022-06-07 01:48:30+02:00,90.6
2022-06-07 01:49:30+02:00,90.1
2022-06-07 01:50:30+02:00,90.0
2022-06-07 01:51:30+02:00,90.8
2022-06-07 01:52:30+02:00,90.1
2022-06-07 01:53:30+02:00,90.8
2022-06-07 01:54:30+02:00,90.1
2022-06-07 01:55:31+02:00,89.7
2022-06-07 01:56:31+02:00,89.8
2022-06-07 01:57:31+02:00,89.9
2022-06-07 01:58:31+02:00,89.6
2022-06-07 01:59:31+02:00,86.5
2022-06-07 02:00:32+02:00,84.9
2022-06-07 02:00:32+02:00,84.9
2022-06-07 02:01:32+02:00,84.0
2022-06-07 02:02:32+02:00,84.5
2022-06-07 02:03:32+02:00,84.3
2022-06-07 02:04:32+02:00,84.8
2022-06-07 02:05:33+02:00,85.5
2022-06-07 02:06:33+02:00,86.0
2022-06-07 02:07:33+02:00,86.3
2022-06-07 02:08:33+02:00,86.9
2022-06-07 02:09:33+02:00,87.3
2022-06-07 02:10:33+02:00,87.6
2022-06-07 02:11:34+02:00,88.5
2022-06-07 02:12:34+02:00,88.8
2022-06-07 02:13:34+02:00,88.8
2022-06-07 02:14:34+02:00,88.5
2022-06-07 02:15:34+02:00,88.4
2022-06-07 02:16:34+02:00,87.7
2022-06-07 02:17:35+02:00,87.2
2022-06-07 02:18:35+02:00,87.5
2022-06-07 02:19:35+02:00,88.8
2022-06-07 02:20:35+02:00,89.2
2022-06-07 02:21:35+02:00,90.6
2022-06-07 02:22:36+02:00,92.2
2022-06-07 02:23:36+02:00,91.9
2022-06-07 02:24:36+02:00,90.6
2022-06-07 02:25:36+02:00,90.8
2022-06-07 02:26:36+02:00,50.0
2022-06-07 02:27:36+02:00,89.7
2022-06-07 02:28:37+02:00,90.2
2022-06-07 02:29:37+02:00,91.4
2022-06-07 02:30:37+02:00,91.5
2022-06-07 02:31:37+02:00,90.4
2022-06-07 02:32:37+02:00,91.1
2022-06-07 02:33:38+02:00,91.3
2022-06-07 02:34:38+02:00,91.7
2022-06-07 02:35:38+02:00,50.0
2022-06-07 02:36:38+02:00,90.2
2022-06-07 02:37:38+02:00,85.3
2022-06-07 02:38:39+02:00,86.9
2022-06-07 02:39:39+02:00,85.4
2022-06-07 02:40:39+02:00,82.5
2022-06-07 02:41:39+02:00,81.7
2022-06-07 02:42:39+02:00,81.1
2022-06-07 02:43:39+02:00,80.6
2022-06-07 02:44:40+02:00,80.0
2022-06-07 02:45:40+02:00,50.0
2022-06-07 02:46:40+02:00,81.6
2022-06-07 02:47:40+02:00,50.0
2022-06-07 02:48:40+02:00,84.1
2022-06-07 02:49:40+02:00,85.7
2022-06-07 02:50:40+02:00,89.7
2022-06-07 02:51:40+02:00,91.1
2022-06-07 02:52:40+02:00,93.6
2022-06-07 02:53:40+02:00,96.1
2022-06-07 02:54:40+02:00,96.7
2022-06-07 02:55:40+02:00,97.6
2022-06-07 02:56:41+02:00,97.1
2022-06-07 02:57:41+02:00,97.7
2022-06-07 02:58:41+02:00,98.0
2022-06-07 02:59:41+02:00,97.9
2022-06-07 03:00:41+02:00,50.0
2022-06-07 03:01:41+02:00,95.4
2022-06-07 03:02:41+02:00,93.1
2022-06-07 03:03:42+02:00,92.4
2022-06-07 03:04:42+02:00,92.6
2022-06-07 03:05:42+02:00,91.7
2022-06-07 03:06:42+02:00,50.0
2022-06-07 03:07:42+02:00,91.0
2022-06-07 03:08:42+02:00,87.6
2022-06-07 03:09:42+02:00,85.5
2022-06-07 03:10:42+02:00,84.3
2022-06-07 03:11:42+02:00,83.4
2022-06-07 03:12:42+02:00,83.8
2022-06-07 03:13:42+02:00,83.4
2022-06-07 03:14:43+02:00,82.9
2022-06-07 03:15:43+02:00,82.5
2022-06-07 03:16:43+02:00,82.9
2022-06-07 03:17:43+02:00,82.4
2022-06-07 03:18:43+02:00,81.9
2022-06-07 03:19:43+02:00,81.8
2022-06-07 03:20:43+02:00,81.5
2022-06-07 03:21:43+02:00,81.4
2022-06-07 03:22:43+02:00,81.1
2022-06-07 03:23:43+02:00,81.2
2022-06-07 03:24:44+02:00,81.0
2022-06-07 03:25:44+02:00,81.1
2022-06-07 03:26:44+02:00,81.7
2022-06-07 03:27:44+02:00,81.8
2022-06-07 03:28:44+02:00,81.7
2022-06-07 03:29:44+02:00,81.5
2022-06-07 03:30:44+02:00,81.1
2022-06-07 03:31:44+02:00,50.0
2022-06-07 03:32:44+02:00,81.7
2022-06-07 03:33:44+02:00,82.2
2022-06-07 03:34:44+02:00,81.5
2022-06-07 03:35:45+02:00,81.5
2022-06-07 03:36:45+02:00,82.1
2022-06-07 03:37:45+02:00,82.4
2022-06-07 03:38:45+02:00,82.1
2022-06-07 03:39:45+02:00,82.0
2022-06-07 03:40:45+02:00,81.0
2022-06-07 03:41:45+02:00,79.6
2022-06-07 03:42:45+02:00,78.3
2022-06-07 03:43:45+02:00,77.4
2022-06-07 03:44:45+02:00,76.7
2022-06-07 03:45:45+02:00,76.5
2022-06-07 03:46:45+02:00,76.5
2022-06-07 03:47:45+02:00,50.0
2022-06-07 03:48:46+02:00,76.4
2022-06-07 03:49:46+02:00,76.4
2022-06-07 03:50:46+02:00,76.4
2022-06-07 03:51:46+02:00,76.3
2022-06-07 03:52:46+02:00,76.5
2022-06-07 03:53:47+02:00,76.7
2022-06-07 03:54:47+02:00,76.7
2022-06-07 03:55:47+02:00,76.8
2022-06-07 03:56:47+02:00,77.0
2022-06-07 03:57:47+02:00,77.2
2022-06-07 03:58:47+02:00,77.4
2022-06-07 03:59:48+02:00,77.4
2022-06-07 04:00:48+02:00,77.6
2022-06-07 04:01:48+02:00,78.0
2022-06-07 04:02:48+02:00,78.1
2022-06-07 04:03:48+02:00,77.9
2022-06-07 04:04:49+02:00,78.1
2022-06-07 04:05:49+02:00,77.8
2022-06-07 04:06:49+02:00,50.0
2022-06-07 04:07:49+02:00,78.4
2022-06-07 04:08:49+02:00,82.3
2022-06-07 04:09:49+02:00,50.0
2022-06-07 04:10:50+02:00,78.5
2022-06-07 04:11:50+02:00,80.1
2022-06-07 04:12:50+02:00,84.6
2022-06-07 04:13:50+02:00,88.7
2022-06-07 04:14:50+02:00,90.7
2022-06-07 04:15:51+02:00,92.6
2022-06-07 04:16:51+02:00,94.0
2022-06-07 04:17:51+02:00,95.4
2022-06-07 04:18:51+02:00,97.0
2022-06-07 04:19:51+02:00,95.6
2022-06-07 04:20:52+02:00,95.7
2022-06-07 04:21:52+02:00,94.4
2022-06-07 04:22:52+02:00,95.5
2022-06-07 04:23:52+02:00,95.9
2022-06-07 04:24:52+02:00,93.9
2022-06-07 04:25:52+02:00,92.8
2022-06-07 04:26:53+02:00,91.0
2022-06-07 04:27:53+02:00,50.0
2022-06-07 04:28:53+02:00,92.1
2022-06-07 04:29:53+02:00,93.6
2022-06-07 04:30:53+02:00,94.9
2022-06-07 04:31:54+02:00,95.7
2022-06-07 04:32:54+02:00,96.5
2022-06-07 04:33:54+02:00,97.1
2022-06-07 04:34:54+02:00,97.3
2022-06-07 04:35:54+02:00,98.2
2022-06-07 04:36:55+02:00,98.4
2022-06-07 04:37:55+02:00,99.6
2022-06-07 04:38:55+02:00,98.4
2022-06-07 04:39:55+02:00,98.0
2022-06-07 04:40:55+02:00,50.0
2022-06-07 04:41:56+02:00,94.7
2022-06-07 04:42:56+02:00,90.7
2022-06-07 04:43:56+02:00,88.7
2022-06-07 04:44:56+02:00,86.7
2022-06-07 04:45:56+02:00,84.8
2022-06-07 04:46:56+02:00,83.1
2022-06-07 04:47:57+02:00,84.0
2022-06-07 04:48:57+02:00,84.4
2022-06-07 04:49:57+02:00,84.0
2022-06-07 04:50:57+02:00,82.6
2022-06-07 04:51:57+02:00,85.2
2022-06-07 04:52:58+02:00,87.0
2022-06-07 04:53:58+02:00,87.8
2022-06-07 04:54:58+02:00,89.2
2022-06-07 04:55:58+02:00,89.7
2022-06-07 04:56:58+02:00,89.9
2022-06-07 04:57:59+02:00,89.7
2022-06-07 04:58:59+02:00,90.2
2022-06-07 04:59:59+02:00,90.2
2022-06-07 05:00:59+02:00,90.8
2022-06-07 05:01:59+02:00,90.8
2022-06-07 05:03:00+02:00,91.1
2022-06-07 05:04:00+02:00,91.5
2022-06-07 05:05:00+02:00,91.2
2022-06-07 05:06:00+02:00,91.0
2022-06-07 05:07:00+02:00,91.0
2022-06-07 05:08:00+02:00,91.5
2022-06-07 05:09:01+02:00,91.8
2022-06-07 05:10:01+02:00,92.2
2022-06-07 05:11:01+02:00,92.3
2022-06-07 05:12:01+02:00,92.0
2022-06-07 05:13:01+02:00,92.3
2022-06-07 05:14:01+02:00,92.6
2022-06-07 05:15:01+02:00,93.1
2022-06-07 05:16:02+02:00,93.5
2022-06-07 05:17:02+02:00,93.9
2022-06-07 05:18:02+02:00,94.1
2022-06-07 05:19:02+02:00,94.1
2022-06-07 05:20:02+02:00,94.5
2022-06-07 05:21:02+02:00,94.5
2022-06-07 05:22:03+02:00,94.5
2022-06-07 05:23:03+02:00,94.4
2022-06-07 05:24:03+02:00,94.3
2022-06-07 05:25:03+02:00,50.0
2022-06-07 05:26:03+02:00,94.5
2022-06-07 05:27:03+02:00,89.7
2022-06-07 05:28:03+02:00,86.1
2022-06-07 05:29:04+02:00,85.3
2022-06-07 05:30:04+02:00,86.0
2022-06-07 05:31:04+02:00,82.9
2022-06-07 05:32:04+02:00,82.7
2022-06-07 05:33:04+02:00,80.1
2022-06-07 05:34:04+02:00,81.0
2022-06-07 05:35:04+02:00,81.8
2022-06-07 05:36:04+02:00,81.6
2022-06-07 05:37:05+02:00,81.0
2022-06-07 05:38:05+02:00,79.5
2022-06-07 05:39:05+02:00,50.0
2022-06-07 05:40:05+02:00,50.0
2022-06-07 05:41:05+02:00,80.9
2022-06-07 05:42:05+02:00,88.5
2022-06-07 05:43:05+02:00,89.9
2022-06-07 05:44:06+02:00,91.9
2022-06-07 05:45:06+02:00,91.4
2022-06-07 05:46:06+02:00,93.7
2022-06-07 05:47:06+02:00,95.2
2022-06-07 05:48:06+02:00,94.9
2022-06-07 05:49:07+02:00,92.4
2022-06-07 05:50:07+02:00,50.0
2022-06-07 05:51:07+02:00,91.6
2022-06-07 05:52:07+02:00,93.4
2022-06-07 05:53:07+02:00,94.9
2022-06-07 05:54:07+02:00,96.0
2022-06-07 05:55:08+02:00,95.9
2022-06-07 05:56:08+02:00,96.3
2022-06-07 05:57:08+02:00,96.0
2022-06-07 05:58:08+02:00,96.0
2022-06-07 05:59:08+02:00,95.5
2022-06-07 06:00:09+02:00,95.5
2022-06-07 06:01:09+02:00,95.1
2022-06-07 06:02:09+02:00,95.4
2022-06-07 06:03:09+02:00,94.9
2022-06-07 06:04:09+02:00,94.7
2022-06-07 06:05:10+02:00,95.3
2022-06-07 06:06:10+02:00,95.1
2022-06-07 06:07:10+02:00,94.1
2022-06-07 06:08:10+02:00,93.7
2022-06-07 06:09:10+02:00,93.6
2022-06-07 06:10:10+02:00,93.5
2022-06-07 06:11:11+02:00,93.7
2022-06-07 06:12:11+02:00,93.7
2022-06-07 06:13:11+02:00,93.2
2022-06-07 06:14:11+02:00,91.6
2022-06-07 06:15:11+02:00,90.5
2022-06-07 06:16:12+02:00,91.8
2022-06-07 06:17:12+02:00,92.8
2022-06-07 06:18:12+02:00,92.6
2022-06-07 06:19:12+02:00,94.1
2022-06-07 06:20:12+02:00,94.2
2022-06-07 06:21:13+02:00,92.1
2022-06-07 06:22:13+02:00,91.6
2022-06-07 06:23:13+02:00,90.5
2022-06-07 06:24:13+02:00,91.6
2022-06-07 06:25:13+02:00,91.2
2022-06-07 06:26:13+02:00,92.2
2022-06-07 06:27:14+02:00,93.2
2022-06-07 06:28:14+02:00,50.0
2022-06-07 06:29:14+02:00,50.0
2022-06-07 06:30:14+02:00,92.5
2022-06-07 06:31:14+02:00,89.7
2022-06-07 06:32:15+02:00,87.8
2022-06-07 06:33:15+02:00,87.4
2022-06-07 06:34:15+02:00,87.5
2022-06-07 06:35:15+02:00,87.3
2022-06-07 06:36:15+02:00,86.4
2022-06-07 06:37:16+02:00,86.1
2022-06-07 06:38:16+02:00,85.4
2022-06-07 06:39:16+02:00,50.0
2022-06-07 06:40:16+02:00,87.1
2022-06-07 06:41:16+02:00,87.3
2022-06-07 06:42:16+02:00,50.0
2022-06-07 06:43:17+02:00,87.8
2022-06-07 06:44:17+02:00,87.5
2022-06-07 06:45:17+02:00,87.4
2022-06-07 06:46:17+02:00,86.8
2022-06-07 06:47:17+02:00,88.3
2022-06-07 06:48:18+02:00,87.0
2022-06-07 06:49:18+02:00,86.3
2022-06-07 06:50:18+02:00,85.4
2022-06-07 06:51:18+02:00,85.6
2022-06-07 06:52:18+02:00,84.9
2022-06-07 06:53:19+02:00,86.1
2022-06-07 06:54:19+02:00,86.8
2022-06-07 06:55:19+02:00,87.3
2022-06-07 06:56:19+02:00,87.2
2022-06-07 06:57:19+02:00,87.6
2022-06-07 06:58:19+02:00,87.9
2022-06-07 06:59:20+02:00,87.4
2022-06-07 07:00:20+02:00,50.0
2022-06-07 07:01:20+02:00,50.0
2022-06-07 07:02:20+02:00,88.8
2022-06-07 07:03:20+02:00,90.5
2022-06-07 07:04:20+02:00,90.4
2022-06-07 07:05:20+02:00,92.4
2022-06-07 07:06:20+02:00,93.8
2022-06-07 07:07:21+02:00,94.2
2022-06-07 07:08:21+02:00,90.9
2022-06-07 07:09:21+02:00,87.9
2022-06-07 07:10:21+02:00,86.2
2022-06-07 07:11:21+02:00,83.8
2022-06-07 07:12:21+02:00,81.9
2022-06-07 07:13:22+02:00,80.4
2022-06-07 07:14:22+02:00,81.5
2022-06-07 07:15:22+02:00,82.8
2022-06-07 07:16:22+02:00,83.1
2022-06-07 07:17:22+02:00,84.0
2022-06-07 07:18:23+02:00,83.1
2022-06-07 07:19:23+02:00,81.7
2022-06-07 07:20:23+02:00,80.8
2022-06-07 07:21:23+02:00,80.6
2022-06-07 07:22:23+02:00,80.4
2022-06-07 07:23:24+02:00,50.0
2022-06-07 07:24:24+02:00,80.5
2022-06-07 07:25:24+02:00,82.1
2022-06-07 07:26:24+02:00,82.6
2022-06-07 07:27:24+02:00,50.0
2022-06-07 07:28:24+02:00,50.0
2022-06-07 07:29:25+02:00,50.0
2022-06-07 07:30:25+02:00,50.0
2022-06-07 07:31:25+02:00,50.0
2022-06-07 07:32:25+02:00,50.0
2022-06-07 07:33:25+02:00,50.0
2022-06-07 07:34:25+02:00,50.0
2022-06-07 07:35:26+02:00,50.0
2022-06-07 07:36:26+02:00,50.0
2022-06-07 07:37:26+02:00,50.0
2022-06-07 07:38:26+02:00,50.0
2022-06-07 07:39:26+02:00,50.0
2022-06-07 07:40:26+02:00,50.0
2022-06-07 07:41:26+02:00,50.0
2022-06-07 07:42:27+02:00,50.0
2022-06-07 07:43:27+02:00,50.0
2022-06-07 07:44:27+02:00,50.0
2022-06-07 07:45:27+02:00,50.0
2022-06-07 07:46:27+02:00,50.0
2022-06-07 07:47:28+02:00,50.0
2022-06-07 07:48:28+02:00,50.0
2022-06-07 07:49:28+02:00,50.0
2022-06-07 07:50:28+02:00,50.0
2022-06-07 07:51:28+02:00,50.0
2022-06-07 07:52:28+02:00,50.0
2022-06-07 07:53:29+02:00,50.0
2022-06-07 07:54:29+02:00,50.0
2022-06-07 07:55:29+02:00,50.0
2022-06-07 07:56:29+02:00,50.0
2022-06-07 07:57:29+02:00,50.0
2022-06-07 07:58:29+02:00,50.0
2022-06-07 07:59:30+02:00,50.0
2022-06-07 08:00:30+02:00,50.0
2022-06-07 08:01:30+02:00,84.8
2022-06-07 08:02:30+02:00,85.4
2022-06-08 00:14:30+02:00,91.5
2022-06-08 00:15:30+02:00,90.8
2022-06-08 00:16:30+02:00,89.9
2022-06-08 00:17:30+02:00,90.2
2022-06-08 00:18:30+02:00,89.2
2022-06-08 00:19:30+02:00,88.6
2022-06-08 00:20:30+02:00,88.6
2022-06-08 00:21:30+02:00,88.8
2022-06-08 00:22:30+02:00,88.8
2022-06-08 00:23:30+02:00,88.2
2022-06-08 00:24:31+02:00,88.3
2022-06-08 00:25:31+02:00,88.1
2022-06-08 00:26:31+02:00,87.7
2022-06-08 00:27:31+02:00,87.7
2022-06-08 00:28:31+02:00,87.9
2022-06-08 00:29:31+02:00,88.2
2022-06-08 00:30:32+02:00,88.2
2022-06-08 00:31:32+02:00,89.8
2022-06-08 00:32:32+02:00,89.3
2022-06-08 00:33:32+02:00,89.1
2022-06-08 00:34:32+02:00,88.9
2022-06-08 00:35:33+02:00,88.7
2022-06-08 00:36:33+02:00,88.7
2022-06-08 00:37:33+02:00,88.6
2022-06-08 00:38:33+02:00,88.6
2022-06-08 00:39:33+02:00,50.0
2022-06-08 00:40:34+02:00,88.8
2022-06-08 00:41:34+02:00,91.4
2022-06-08 00:42:34+02:00,85.4
2022-06-08 00:43:34+02:00,79.3
2022-06-08 00:44:34+02:00,79.4
2022-06-08 00:45:35+02:00,82.9
2022-06-08 00:46:35+02:00,83.5
2022-06-08 00:47:35+02:00,83.7
2022-06-08 00:48:35+02:00,81.8
2022-06-08 00:49:35+02:00,81.3
2022-06-08 00:50:35+02:00,79.6
2022-06-08 00:51:36+02:00,79.1
2022-06-08 00:52:36+02:00,78.9
2022-06-08 00:53:36+02:00,79.1
2022-06-08 00:54:36+02:00,79.2
2022-06-08 00:55:36+02:00,79.2
2022-06-08 00:56:37+02:00,79.3
2022-06-08 00:57:37+02:00,79.6
2022-06-08 00:58:37+02:00,79.8
2022-06-08 00:59:37+02:00,79.9
2022-06-08 01:00:37+02:00,80.2
2022-06-08 01:01:37+02:00,80.1
2022-06-08 01:02:38+02:00,80.6
2022-06-08 01:03:38+02:00,82.2
2022-06-08 01:04:38+02:00,83.6
2022-06-08 01:05:38+02:00,84.8
2022-06-08 01:06:38+02:00,85.7
2022-06-08 01:07:39+02:00,89.1
2022-06-08 01:08:39+02:00,88.0
2022-06-08 01:09:39+02:00,88.2
2022-06-08 01:10:39+02:00,87.0
2022-06-08 01:11:39+02:00,86.6
2022-06-08 01:12:39+02:00,84.3
2022-06-08 01:13:40+02:00,87.1
2022-06-08 01:14:40+02:00,84.3
2022-06-08 01:15:40+02:00,86.6
2022-06-08 01:16:40+02:00,85.1
2022-06-08 01:17:40+02:00,87.1
2022-06-08 01:18:40+02:00,91.7
2022-06-08 01:19:40+02:00,92.8
2022-06-08 01:20:40+02:00,94.8
2022-06-08 01:21:40+02:00,95.1
2022-06-08 01:22:40+02:00,96.3
2022-06-08 01:23:40+02:00,95.9
2022-06-08 01:24:40+02:00,91.4
2022-06-08 01:25:40+02:00,88.5
2022-06-08 01:26:41+02:00,89.8
2022-06-08 01:27:41+02:00,92.8
2022-06-08 01:28:41+02:00,94.2
2022-06-08 01:29:41+02:00,93.1
2022-06-08 01:30:41+02:00,93.9
2022-06-08 01:31:41+02:00,91.8
2022-06-08 01:32:41+02:00,91.2
2022-06-08 01:33:41+02:00,90.3
2022-06-08 01:34:42+02:00,89.1
2022-06-08 01:35:42+02:00,90.4
2022-06-08 01:36:42+02:00,87.2
2022-06-08 01:37:42+02:00,88.5
2022-06-08 01:38:42+02:00,50.0
2022-06-08 01:39:42+02:00,80.8
2022-06-08 01:40:42+02:00,78.9
2022-06-08 01:41:42+02:00,81.7
2022-06-08 01:42:42+02:00,81.1
2022-06-08 01:43:42+02:00,80.9
2022-06-08 01:44:43+02:00,80.7
2022-06-08 01:45:43+02:00,76.4
2022-06-08 01:46:43+02:00,76.8
2022-06-08 01:47:43+02:00,77.6
2022-06-08 01:48:43+02:00,80.8
2022-06-08 01:49:43+02:00,80.6
2022-06-08 01:50:43+02:00,80.7
2022-06-08 01:51:43+02:00,80.3
2022-06-08 01:52:43+02:00,80.6
2022-06-08 01:53:43+02:00,80.4
2022-06-08 01:54:44+02:00,81.6
2022-06-08 01:55:44+02:00,81.0
2022-06-08 01:56:44+02:00,80.7
2022-06-08 01:57:44+02:00,80.5
2022-06-08 01:58:44+02:00,81.1
2022-06-08 01:59:44+02:00,80.8
2022-06-08 02:00:44+02:00,80.8
2022-06-08 02:00:44+02:00,80.8
2022-06-08 02:01:44+02:00,80.5
2022-06-08 02:02:44+02:00,80.4
2022-06-08 02:03:44+02:00,80.5
2022-06-08 02:04:44+02:00,80.1
2022-06-08 02:05:44+02:00,80.9
2022-06-08 02:06:44+02:00,80.5
2022-06-08 02:07:45+02:00,81.4
2022-06-08 02:08:45+02:00,81.0
2022-06-08 02:09:45+02:00,82.1
2022-06-08 02:10:45+02:00,80.8
2022-06-08 02:11:45+02:00,82.1
2022-06-08 02:12:45+02:00,81.0
2022-06-08 02:13:45+02:00,80.9
2022-06-08 02:14:45+02:00,81.4
2022-06-08 02:15:45+02:00,79.1
2022-06-08 02:16:45+02:00,78.8
2022-06-08 02:17:45+02:00,78.9
2022-06-08 02:18:46+02:00,83.9
2022-06-08 02:19:46+02:00,88.8
2022-06-08 02:20:46+02:00,92.5
2022-06-08 02:21:46+02:00,94.5
2022-06-08 02:22:46+02:00,96.5
2022-06-08 02:23:46+02:00,97.6
2022-06-08 02:24:47+02:00,98.4
2022-06-08 02:25:47+02:00,98.8
2022-06-08 02:26:47+02:00,98.6
2022-06-08 02:27:47+02:00,98.2
2022-06-08 02:28:47+02:00,97.8
2022-06-08 02:29:48+02:00,97.8
2022-06-08 02:30:48+02:00,98.0
2022-06-08 02:31:48+02:00,97.6
2022-06-08 02:32:48+02:00,97.9
2022-06-08 02:33:48+02:00,97.8
2022-06-08 02:34:49+02:00,97.3
2022-06-08 02:35:49+02:00,96.7
2022-06-08 02:36:49+02:00,97.3
2022-06-08 02:37:49+02:00,97.7
2022-06-08 02:38:49+02:00,98.0
2022-06-08 02:39:49+02:00,97.8
2022-06-08 02:40:50+02:00,97.9
2022-06-08 02:41:50+02:00,97.9
2022-06-08 02:42:50+02:00,98.4
2022-06-08 02:43:50+02:00,98.5
2022-06-08 02:44:50+02:00,98.4
2022-06-08 02:45:51+02:00,98.1
2022-06-08 02:46:51+02:00,97.5
2022-06-08 02:47:51+02:00,97.6
2022-06-08 02:48:51+02:00,97.6
2022-06-08 02:49:51+02:00,97.3
2022-06-08 02:50:52+02:00,97.1
2022-06-08 02:51:52+02:00,97.1
2022-06-08 02:52:52+02:00,96.8
2022-06-08 02:53:52+02:00,96.1
2022-06-08 02:54:52+02:00,92.6
2022-06-08 02:55:52+02:00,50.0
2022-06-08 02:56:53+02:00,90.0
2022-06-08 02:57:53+02:00,89.9
2022-06-08 02:58:53+02:00,89.3
2022-06-08 02:59:53+02:00,90.3
2022-06-08 03:00:53+02:00,89.3
2022-06-08 03:01:53+02:00,89.8
2022-06-08 03:02:54+02:00,90.4
2022-06-08 03:03:54+02:00,89.5
2022-06-08 03:04:54+02:00,88.8
2022-06-08 03:05:54+02:00,89.0
2022-06-08 03:06:54+02:00,89.1
2022-06-08 03:07:55+02:00,88.5
2022-06-08 03:08:55+02:00,88.9
2022-06-08 03:09:55+02:00,89.4
2022-06-08 03:10:55+02:00,89.7
2022-06-08 03:11:55+02:00,89.3
2022-06-08 03:12:56+02:00,89.6
2022-06-08 03:13:56+02:00,89.6
2022-06-08 03:14:56+02:00,90.3
2022-06-08 03:15:56+02:00,90.5
2022-06-08 03:16:56+02:00,90.2
2022-06-08 03:17:57+02:00,89.5
2022-06-08 03:18:57+02:00,89.0
2022-06-08 03:19:57+02:00,88.0
2022-06-08 03:20:57+02:00,87.7
2022-06-08 03:21:58+02:00,87.8
2022-06-08 03:22:58+02:00,88.0
2022-06-08 03:23:58+02:00,88.1
2022-06-08 03:24:58+02:00,87.6
2022-06-08 03:25:58+02:00,88.6
2022-06-08 03:26:58+02:00,88.9
2022-06-08 03:27:59+02:00,89.3
2022-06-08 03:28:59+02:00,90.2
2022-06-08 03:29:59+02:00,90.1
2022-06-08 03:30:59+02:00,91.8
2022-06-08 03:31:59+02:00,91.2
2022-06-08 03:33:00+02:00,90.4
2022-06-08 03:34:00+02:00,89.8
2022-06-08 03:35:00+02:00,89.7
2022-06-08 03:36:00+02:00,90.8
2022-06-08 03:37:00+02:00,91.2
2022-06-08 03:38:00+02:00,92.0
2022-06-08 03:39:00+02:00,92.9
2022-06-08 03:40:00+02:00,92.6
2022-06-08 03:41:00+02:00,92.1
2022-06-08 03:42:01+02:00,92.9
2022-06-08 03:43:01+02:00,50.0
2022-06-08 03:44:01+02:00,93.2
2022-06-08 03:45:01+02:00,93.4
2022-06-08 03:46:01+02:00,93.5
2022-06-08 03:47:01+02:00,93.9
2022-06-08 03:48:01+02:00,93.6
2022-06-08 03:49:02+02:00,93.5
2022-06-08 03:50:02+02:00,93.2
2022-06-08 03:51:02+02:00,92.1
2022-06-08 03:52:02+02:00,91.3
2022-06-08 03:53:02+02:00,90.9
2022-06-08 03:54:02+02:00,91.2
2022-06-08 03:55:02+02:00,91.8
2022-06-08 03:56:02+02:00,91.1
2022-06-08 03:57:03+02:00,90.7
2022-06-08 03:58:03+02:00,91.7
2022-06-08 03:59:03+02:00,91.3
2022-06-08 04:00:03+02:00,89.4
2022-06-08 04:01:03+02:00,89.5
2022-06-08 04:02:03+02:00,90.1
2022-06-08 04:03:03+02:00,90.6
2022-06-08 04:04:03+02:00,90.5
2022-06-08 04:05:03+02:00,91.8
2022-06-08 04:06:04+02:00,93.2
2022-06-08 04:07:04+02:00,90.8
2022-06-08 04:08:04+02:00,90.2
2022-06-08 04:09:04+02:00,88.8
2022-06-08 04:10:04+02:00,90.9
2022-06-08 04:11:04+02:00,90.5
2022-06-08 04:12:04+02:00,89.8
2022-06-08 04:13:05+02:00,89.3
2022-06-08 04:14:05+02:00,90.0
2022-06-08 04:15:05+02:00,90.2
2022-06-08 04:16:05+02:00,90.4
2022-06-08 04:17:05+02:00,89.0
2022-06-08 04:18:05+02:00,88.6
2022-06-08 04:19:05+02:00,90.1
2022-06-08 04:20:05+02:00,89.6
2022-06-08 04:21:06+02:00,90.3
2022-06-08 04:22:06+02:00,50.0
2022-06-08 04:23:06+02:00,89.4
2022-06-08 04:24:06+02:00,90.5
2022-06-08 04:25:06+02:00,92.1
2022-06-08 04:26:06+02:00,94.1
2022-06-08 04:27:07+02:00,94.2
2022-06-08 04:28:07+02:00,94.0
2022-06-08 04:29:07+02:00,95.9
2022-06-08 04:30:07+02:00,97.2
2022-06-08 04:31:07+02:00,98.0
2022-06-08 04:32:08+02:00,98.8
2022-06-08 04:33:08+02:00,99.6
2022-06-08 04:34:08+02:00,99.6
2022-06-08 04:35:08+02:00,100.0
2022-06-08 04:36:08+02:00,100.0
2022-06-08 04:37:09+02:00,100.0
2022-06-08 04:38:09+02:00,100.0
2022-06-08 04:39:09+02:00,100.0
2022-06-08 04:40:09+02:00,100.0
2022-06-08 04:41:09+02:00,50.0
2022-06-08 04:42:09+02:00,97.7
2022-06-08 04:43:10+02:00,95.9
2022-06-08 04:44:10+02:00,94.0
2022-06-08 04:45:10+02:00,93.3
2022-06-08 04:46:10+02:00,91.6
2022-06-08 04:47:10+02:00,90.6
2022-06-08 04:48:11+02:00,89.2
2022-06-08 04:49:11+02:00,88.5
2022-06-08 04:50:11+02:00,89.0
2022-06-08 04:51:11+02:00,89.1
2022-06-08 04:52:11+02:00,88.5
2022-06-08 04:53:12+02:00,88.9
2022-06-08 04:54:12+02:00,90.0
2022-06-08 04:55:12+02:00,90.2
2022-06-08 04:56:12+02:00,90.7
2022-06-08 04:57:12+02:00,90.8
2022-06-08 04:58:12+02:00,90.0
2022-06-08 04:59:13+02:00,88.8
2022-06-08 05:00:13+02:00,89.0
2022-06-08 05:01:13+02:00,89.1
2022-06-08 05:02:13+02:00,88.1
2022-06-08 05:03:13+02:00,89.2
2022-06-08 05:04:14+02:00,90.1
2022-06-08 05:05:14+02:00,90.3
2022-06-08 05:06:14+02:00,50.0
2022-06-08 05:07:14+02:00,88.2
2022-06-08 05:08:14+02:00,87.1
2022-06-08 05:09:15+02:00,87.6
2022-06-08 05:10:15+02:00,87.8
2022-06-08 05:11:15+02:00,86.4
2022-06-08 05:12:15+02:00,88.6
2022-06-08 05:13:15+02:00,87.1
2022-06-08 05:14:15+02:00,86.6
2022-06-08 05:15:16+02:00,86.4
2022-06-08 05:16:16+02:00,87.9
2022-06-08 05:17:16+02:00,86.3
2022-06-08 05:18:16+02:00,85.9
2022-06-08 05:19:16+02:00,85.3
2022-06-08 05:20:17+02:00,85.1
2022-06-08 05:21:17+02:00,85.6
2022-06-08 05:22:17+02:00,85.3
2022-06-08 05:23:17+02:00,85.0
2022-06-08 05:24:17+02:00,85.5
2022-06-08 05:25:17+02:00,86.3
2022-06-08 05:26:18+02:00,87.1
2022-06-08 05:27:18+02:00,88.5
2022-06-08 05:28:18+02:00,88.2
2022-06-08 05:29:18+02:00,89.3
2022-06-08 05:30:18+02:00,89.2
2022-06-08 05:31:19+02:00,88.1
2022-06-08 05:32:19+02:00,88.5
2022-06-08 05:33:19+02:00,90.3
2022-06-08 05:34:19+02:00,89.9
2022-06-08 05:35:19+02:00,89.5
2022-06-08 05:36:20+02:00,88.1
2022-06-08 05:37:20+02:00,90.3
2022-06-08 05:38:20+02:00,90.7
2022-06-08 05:39:20+02:00,89.2
2022-06-08 05:40:20+02:00,89.0
2022-06-08 05:41:20+02:00,89.3
2022-06-08 05:42:21+02:00,89.9
2022-06-08 05:43:21+02:00,89.8
2022-06-08 05:44:21+02:00,89.4
2022-06-08 05:45:21+02:00,88.7
2022-06-08 05:46:21+02:00,91.6
2022-06-08 05:47:22+02:00,90.5
2022-06-08 05:48:22+02:00,89.3
2022-06-08 05:49:22+02:00,89.4
2022-06-08 05:50:22+02:00,89.0
2022-06-08 05:51:22+02:00,90.8
2022-06-08 05:52:23+02:00,89.2
2022-06-08 05:53:23+02:00,50.0
2022-06-08 05:54:23+02:00,91.3
2022-06-08 05:55:23+02:00,92.6
2022-06-08 05:56:23+02:00,93.3
2022-06-08 05:57:23+02:00,94.2
2022-06-08 05:58:24+02:00,94.8
2022-06-08 05:59:24+02:00,95.3
2022-06-08 06:00:24+02:00,95.8
2022-06-08 06:01:24+02:00,96.2
2022-06-08 06:02:24+02:00,96.4
2022-06-08 06:03:24+02:00,96.7
2022-06-08 06:04:25+02:00,96.9
2022-06-08 06:05:25+02:00,97.1
2022-06-08 06:06:25+02:00,97.2
2022-06-08 06:07:25+02:00,97.2
2022-06-08 06:08:25+02:00,97.3
2022-06-08 06:09:26+02:00,97.3
2022-06-08 06:10:26+02:00,97.4
2022-06-08 06:11:26+02:00,97.5
2022-06-08 06:12:26+02:00,50.0
2022-06-08 06:13:26+02:00,96.3
2022-06-08 06:14:26+02:00,50.0
2022-06-08 06:15:27+02:00,50.0
2022-06-08 06:16:27+02:00,50.0
2022-06-08 06:17:27+02:00,50.0
2022-06-08 06:18:27+02:00,95.3
2022-06-08 06:19:27+02:00,95.1
2022-06-08 06:20:27+02:00,93.8
2022-06-08 06:21:28+02:00,94.1
2022-06-08 06:22:28+02:00,50.0
2022-06-08 06:23:28+02:00,50.0
2022-06-08 06:24:28+02:00,85.0
2022-06-08 06:25:28+02:00,80.5
2022-06-08 06:26:28+02:00,86.3
2022-06-08 06:27:29+02:00,87.7
2022-06-08 06:28:29+02:00,87.5
2022-06-08 06:29:29+02:00,88.4
2022-06-08 06:30:29+02:00,50.0
2022-06-08 06:31:29+02:00,88.0
2022-06-08 06:32:29+02:00,82.9
2022-06-08 06:33:30+02:00,85.6
2022-06-08 06:34:30+02:00,50.0
2022-06-08 06:35:30+02:00,86.7
2022-06-08 06:36:30+02:00,50.0
2022-06-08 06:37:30+02:00,87.1
2022-06-08 06:38:31+02:00,88.3
2022-06-08 06:39:31+02:00,88.2
2022-06-08 06:40:31+02:00,86.7
2022-06-08 06:41:31+02:00,87.2
2022-06-08 06:42:31+02:00,89.7
2022-06-08 06:43:31+02:00,90.2
2022-06-08 06:44:32+02:00,93.3
2022-06-08 06:45:32+02:00,95.0
2022-06-08 06:46:32+02:00,95.2
2022-06-08 06:47:32+02:00,94.8
2022-06-08 06:48:32+02:00,92.7
2022-06-08 06:49:33+02:00,89.2
2022-06-08 06:50:33+02:00,82.3
2022-06-08 06:51:33+02:00,82.3
2022-06-08 06:52:33+02:00,82.8
2022-06-08 06:53:33+02:00,86.9
2022-06-08 06:54:34+02:00,87.9
2022-06-08 06:55:34+02:00,88.4
2022-06-08 06:56:34+02:00,88.8
2022-06-08 06:57:34+02:00,88.3
2022-06-08 06:58:34+02:00,89.0
2022-06-08 06:59:34+02:00,88.9
2022-06-08 07:00:35+02:00,50.0
2022-06-08 07:01:35+02:00,86.7
2022-06-08 07:02:35+02:00,82.3
2022-06-08 07:03:35+02:00,77.3
2022-06-08 07:04:35+02:00,77.8
2022-06-08 07:05:36+02:00,50.0
2022-06-08 07:06:36+02:00,80.7
2022-06-08 07:07:36+02:00,83.7
2022-06-08 07:08:36+02:00,86.2
2022-06-08 07:09:36+02:00,87.3
2022-06-08 07:10:36+02:00,88.1
2022-06-08 07:11:37+02:00,88.9
2022-06-08 07:12:37+02:00,89.2
2022-06-08 07:13:37+02:00,50.0
2022-06-08 07:14:37+02:00,50.0
2022-06-08 07:15:37+02:00,89.6
2022-06-08 07:16:38+02:00,50.0
2022-06-08 07:17:38+02:00,50.0
2022-06-08 07:18:38+02:00,89.2
2022-06-08 07:19:38+02:00,50.0
2022-06-08 07:20:38+02:00,88.6
2022-06-08 07:21:38+02:00,50.0
2022-06-08 07:22:39+02:00,50.0
2022-06-08 07:23:39+02:00,50.0
2022-06-08 07:24:39+02:00,50.0
2022-06-08 07:25:39+02:00,89.1
2022-06-08 07:26:39+02:00,88.9
2022-06-08 07:27:40+02:00,50.0
2022-06-08 07:28:40+02:00,50.0
2022-06-08 07:29:40+02:00,50.0
2022-06-08 07:30:40+02:00,50.0
2022-06-08 07:31:40+02:00,50.0
2022-06-08 07:32:40+02:00,50.0
2022-06-08 07:33:40+02:00,87.5
2022-06-08 07:34:40+02:00,50.0
2022-06-08 07:35:40+02:00,50.0
2022-06-08 07:36:41+02:00,50.0
2022-06-08 07:37:41+02:00,50.0
2022-06-08 07:38:41+02:00,50.0
2022-06-08 07:39:41+02:00,50.0
2022-06-08 07:40:41+02:00,50.0
2022-06-08 07:41:41+02:00,50.0
2022-06-08 07:42:41+02:00,50.0
2022-06-08 07:43:41+02:00,50.0
2022-06-08 07:44:41+02:00,50.0
2022-06-08 07:45:41+02:00,50.0
2022-06-08 07:46:41+02:00,50.0
2022-06-08 07:47:41+02:00,50.0
2022-06-08 07:48:42+02:00,50.0
2022-06-08 07:49:42+02:00,50.0
2022-06-08 07:50:42+02:00,50.0
2022-06-09 01:11:00+02:00,50.0
2022-06-09 01:12:00+02:00,98.8
2022-06-09 01:13:00+02:00,98.3
2022-06-09 01:14:00+02:00,96.3
2022-06-09 01:15:00+02:00,93.7
2022-06-09 01:16:00+02:00,93.1
2022-06-09 01:17:00+02:00,94.0
2022-06-09 01:18:00+02:00,94.7
2022-06-09 01:19:00+02:00,94.7
2022-06-09 01:20:00+02:00,94.8
2022-06-09 01:21:00+02:00,95.1
2022-06-09 01:22:01+02:00,95.0
2022-06-09 01:23:01+02:00,95.6
2022-06-09 01:24:01+02:00,95.8
2022-06-09 01:25:01+02:00,95.5
2022-06-09 01:26:01+02:00,95.9
2022-06-09 01:27:01+02:00,95.4
2022-06-09 01:28:01+02:00,95.8
2022-06-09 01:29:01+02:00,95.9
2022-06-09 01:30:02+02:00,95.8
2022-06-09 01:31:02+02:00,95.5
2022-06-09 01:32:02+02:00,95.5
2022-06-09 01:33:02+02:00,94.8
2022-06-09 01:34:02+02:00,95.0
2022-06-09 01:35:02+02:00,95.6
2022-06-09 01:36:03+02:00,95.3
2022-06-09 01:37:03+02:00,95.2
2022-06-09 01:38:03+02:00,95.1
2022-06-09 01:39:03+02:00,94.9
2022-06-09 01:40:03+02:00,95.1
2022-06-09 01:41:03+02:00,95.0
2022-06-09 01:42:03+02:00,95.0
2022-06-09 01:43:03+02:00,95.0
2022-06-09 01:44:03+02:00,94.8
2022-06-09 01:45:04+02:00,94.8
2022-06-09 01:46:04+02:00,94.7
2022-06-09 01:47:04+02:00,94.7
2022-06-09 01:48:04+02:00,95.0
2022-06-09 01:49:04+02:00,95.0
2022-06-09 01:50:04+02:00,94.5
2022-06-09 01:51:04+02:00,94.8
2022-06-09 01:52:05+02:00,94.5
2022-06-09 01:53:05+02:00,94.7
2022-06-09 01:54:05+02:00,94.7
2022-06-09 01:55:05+02:00,94.3
2022-06-09 01:56:05+02:00,50.0
2022-06-09 01:57:05+02:00,92.9
2022-06-09 01:58:05+02:00,50.0
2022-06-09 01:59:05+02:00,50.0
2022-06-09 02:00:05+02:00,50.0
2022-06-09 02:00:05+02:00,50.0
2022-06-09 02:01:06+02:00,93.3
2022-06-09 02:02:06+02:00,93.2
2022-06-09 02:03:06+02:00,92.1
2022-06-09 02:04:06+02:00,91.3
2022-06-09 02:05:06+02:00,90.9
2022-06-09 02:06:06+02:00,90.6
2022-06-09 02:07:07+02:00,89.9
2022-06-09 02:08:07+02:00,90.8
2022-06-09 02:09:07+02:00,91.1
2022-06-09 02:10:07+02:00,90.9
2022-06-09 02:11:07+02:00,91.3
2022-06-09 02:12:08+02:00,91.1
2022-06-09 02:13:08+02:00,90.6
2022-06-09 02:14:08+02:00,89.9
2022-06-09 02:15:08+02:00,88.9
2022-06-09 02:16:08+02:00,88.6
2022-06-09 02:17:08+02:00,88.1
2022-06-09 02:18:09+02:00,86.9
2022-06-09 02:19:09+02:00,86.8
2022-06-09 02:20:09+02:00,86.8
2022-06-09 02:21:09+02:00,85.7
2022-06-09 02:22:09+02:00,85.0
2022-06-09 02:23:10+02:00,50.0
2022-06-09 02:24:10+02:00,84.8
2022-06-09 02:25:10+02:00,86.0
2022-06-09 02:26:10+02:00,89.5
2022-06-09 02:27:10+02:00,90.6
2022-06-09 02:28:10+02:00,92.1
2022-06-09 02:29:11+02:00,93.1
2022-06-09 02:30:11+02:00,94.1
2022-06-09 02:31:11+02:00,95.0
2022-06-09 02:32:11+02:00,94.1
2022-06-09 02:33:11+02:00,94.4
2022-06-09 02:34:12+02:00,95.4
2022-06-09 02:35:12+02:00,89.3
2022-06-09 02:36:12+02:00,85.7
2022-06-09 02:37:12+02:00,83.3
2022-06-09 02:38:12+02:00,81.6
2022-06-09 02:39:13+02:00,80.7
2022-06-09 02:40:13+02:00,50.0
2022-06-09 02:41:13+02:00,80.6
2022-06-09 02:42:13+02:00,83.6
2022-06-09 02:43:13+02:00,84.9
2022-06-09 02:44:13+02:00,87.0
2022-06-09 02:45:14+02:00,88.6
2022-06-09 02:46:14+02:00,90.3
2022-06-09 02:47:14+02:00,91.8
2022-06-09 02:48:14+02:00,92.5
2022-06-09 02:49:14+02:00,93.0
2022-06-09 02:50:15+02:00,93.2
2022-06-09 02:51:15+02:00,93.5
2022-06-09 02:52:15+02:00,93.1
2022-06-09 02:53:15+02:00,93.6
2022-06-09 02:54:15+02:00,93.6
2022-06-09 02:55:15+02:00,93.9
2022-06-09 02:56:16+02:00,94.2
2022-06-09 02:57:16+02:00,94.1
2022-06-09 02:58:16+02:00,94.2
2022-06-09 02:59:16+02:00,94.3
2022-06-09 03:00:16+02:00,93.6
2022-06-09 03:01:17+02:00,93.0
2022-06-09 03:02:17+02:00,92.8
2022-06-09 03:03:17+02:00,92.8
2022-06-09 03:04:17+02:00,92.5
2022-06-09 03:05:17+02:00,92.6
2022-06-09 03:06:17+02:00,92.5
2022-06-09 03:07:18+02:00,92.2
2022-06-09 03:08:18+02:00,91.9
2022-06-09 03:09:18+02:00,92.7
2022-06-09 03:10:18+02:00,92.9
2022-06-09 03:11:18+02:00,92.7
2022-06-09 03:12:19+02:00,92.4
2022-06-09 03:13:19+02:00,92.4
2022-06-09 03:14:19+02:00,92.3
2022-06-09 03:15:19+02:00,92.5
2022-06-09 03:16:19+02:00,92.6
2022-06-09 03:17:19+02:00,91.5
2022-06-09 03:18:20+02:00,90.9
2022-06-09 03:19:20+02:00,90.9
2022-06-09 03:20:20+02:00,91.3
2022-06-09 03:21:20+02:00,92.3
2022-06-09 03:22:20+02:00,91.2
2022-06-09 03:23:21+02:00,90.4
2022-06-09 03:24:21+02:00,89.5
2022-06-09 03:25:21+02:00,90.4
2022-06-09 03:26:21+02:00,89.9
2022-06-09 03:27:21+02:00,88.7
2022-06-09 03:28:21+02:00,86.9
2022-06-09 03:29:22+02:00,85.8
2022-06-09 03:30:22+02:00,84.9
2022-06-09 03:31:22+02:00,84.0
2022-06-09 03:32:22+02:00,83.4
2022-06-09 03:33:22+02:00,81.3
2022-06-09 03:34:23+02:00,80.9
2022-06-09 03:35:23+02:00,81.3
2022-06-09 03:36:23+02:00,79.7
2022-06-09 03:37:23+02:00,79.8
2022-06-09 03:38:23+02:00,80.5
2022-06-09 03:39:24+02:00,82.1
2022-06-09 03:40:24+02:00,81.4
2022-06-09 03:41:24+02:00,80.2
2022-06-09 03:42:24+02:00,80.9
2022-06-09 03:43:24+02:00,81.0
2022-06-09 03:44:24+02:00,79.0
2022-06-09 03:45:25+02:00,78.6
2022-06-09 03:46:25+02:00,78.5
2022-06-09 03:47:25+02:00,78.2
2022-06-09 03:48:25+02:00,78.3
2022-06-09 03:49:25+02:00,78.9
2022-06-09 03:50:25+02:00,50.0
2022-06-09 03:51:26+02:00,50.0
2022-06-09 03:52:26+02:00,80.4
2022-06-09 03:53:26+02:00,79.7
2022-06-09 03:54:26+02:00,78.1
2022-06-09 03:55:26+02:00,78.1
2022-06-09 03:56:27+02:00,77.9
2022-06-09 03:57:27+02:00,76.7
2022-06-09 03:58:27+02:00,76.7
2022-06-09 03:59:27+02:00,80.7
2022-06-09 04:00:27+02:00,84.5
2022-06-09 04:01:27+02:00,89.1
2022-06-09 04:02:28+02:00,90.9
2022-06-09 04:03:28+02:00,91.2
2022-06-09 04:04:28+02:00,91.4
2022-06-09 04:05:28+02:00,92.1
2022-06-09 04:06:28+02:00,91.3
2022-06-09 04:07:29+02:00,91.4
2022-06-09 04:08:29+02:00,91.2
2022-06-09 04:09:29+02:00,91.8
2022-06-09 04:10:29+02:00,50.0
2022-06-09 04:11:29+02:00,92.3
2022-06-09 04:12:29+02:00,93.4
2022-06-09 04:13:30+02:00,95.0
2022-06-09 04:14:30+02:00,94.5
2022-06-09 04:15:30+02:00,93.4
2022-06-09 04:16:30+02:00,92.0
2022-06-09 04:17:30+02:00,91.8
2022-06-09 04:18:31+02:00,91.4
2022-06-09 04:19:31+02:00,90.4
2022-06-09 04:20:31+02:00,90.6
2022-06-09 04:21:31+02:00,89.6
2022-06-09 04:22:31+02:00,91.5
2022-06-09 04:23:31+02:00,92.8
2022-06-09 04:24:32+02:00,93.7
2022-06-09 04:25:32+02:00,94.0
2022-06-09 04:26:32+02:00,94.7
2022-06-09 04:27:32+02:00,94.1
2022-06-09 04:28:32+02:00,93.7
2022-06-09 04:29:32+02:00,94.0
2022-06-09 04:30:33+02:00,93.6
2022-06-09 04:31:33+02:00,92.8
2022-06-09 04:32:33+02:00,93.1
2022-06-09 04:33:33+02:00,93.1
2022-06-09 04:34:33+02:00,92.9
2022-06-09 04:35:34+02:00,92.0
2022-06-09 04:36:34+02:00,92.2
2022-06-09 04:37:34+02:00,90.7
2022-06-09 04:38:34+02:00,90.5
2022-06-09 04:39:34+02:00,90.4
2022-06-09 04:40:34+02:00,89.9
2022-06-09 04:41:35+02:00,87.3
2022-06-09 04:42:35+02:00,85.8
2022-06-09 04:43:35+02:00,85.1
2022-06-09 04:44:35+02:00,85.6
2022-06-09 04:45:35+02:00,84.5
2022-06-09 04:46:36+02:00,84.8
2022-06-09 04:47:36+02:00,85.0
2022-06-09 04:48:36+02:00,84.0
2022-06-09 04:49:36+02:00,84.7
2022-06-09 04:50:36+02:00,86.3
2022-06-09 04:51:37+02:00,86.1
2022-06-09 04:52:37+02:00,85.9
2022-06-09 04:53:37+02:00,84.7
2022-06-09 04:54:37+02:00,83.6
2022-06-09 04:55:37+02:00,83.5
2022-06-09 04:56:37+02:00,84.0
2022-06-09 04:57:38+02:00,82.9
2022-06-09 04:58:38+02:00,83.7
2022-06-09 04:59:38+02:00,83.0
2022-06-09 05:00:38+02:00,84.3
2022-06-09 05:01:38+02:00,82.0
2022-06-09 05:02:39+02:00,81.7
2022-06-09 05:03:39+02:00,80.9
2022-06-09 05:04:39+02:00,50.0
2022-06-09 05:05:39+02:00,79.5
2022-06-09 05:06:39+02:00,76.9
2022-06-09 05:07:39+02:00,82.0
2022-06-09 05:08:39+02:00,50.0
2022-06-09 05:09:40+02:00,80.8
2022-06-09 05:10:40+02:00,77.9
2022-06-09 05:11:40+02:00,77.3
2022-06-09 05:12:40+02:00,77.7
2022-06-09 05:13:40+02:00,78.2
2022-06-09 05:14:40+02:00,78.8
2022-06-09 05:15:40+02:00,79.6
2022-06-09 05:16:40+02:00,80.4
2022-06-09 05:17:40+02:00,80.5
2022-06-09 05:18:40+02:00,50.0
2022-06-09 05:19:40+02:00,50.0
2022-06-09 05:20:41+02:00,50.0
2022-06-09 05:21:41+02:00,83.7
2022-06-09 05:22:41+02:00,85.0
2022-06-09 05:23:41+02:00,87.2
2022-06-09 05:24:41+02:00,86.6
2022-06-09 05:25:41+02:00,87.0
2022-06-09 05:26:41+02:00,82.1
2022-06-09 05:27:41+02:00,80.0
2022-06-09 05:28:41+02:00,78.8
2022-06-09 05:29:42+02:00,79.9
2022-06-09 05:30:42+02:00,79.1
2022-06-09 05:31:42+02:00,79.6
2022-06-09 05:32:42+02:00,78.2
2022-06-09 05:33:42+02:00,77.3
2022-06-09 05:34:42+02:00,76.9
2022-06-09 05:35:42+02:00,77.7
2022-06-09 05:36:42+02:00,79.1
2022-06-09 05:37:43+02:00,77.1
2022-06-09 05:38:43+02:00,79.9
2022-06-09 05:39:43+02:00,83.2
2022-06-09 05:40:43+02:00,85.8
2022-06-09 05:41:43+02:00,87.5
2022-06-09 05:42:43+02:00,89.3
2022-06-09 05:43:43+02:00,89.7
2022-06-09 05:44:43+02:00,89.6
2022-06-09 05:45:43+02:00,87.7
2022-06-09 05:46:43+02:00,86.2
2022-06-09 05:47:43+02:00,81.9
2022-06-09 05:48:44+02:00,84.0
2022-06-09 05:49:44+02:00,85.3
2022-06-09 05:50:44+02:00,87.6
2022-06-09 05:51:44+02:00,89.5
2022-06-09 05:52:44+02:00,92.0
2022-06-09 05:53:44+02:00,95.1
2022-06-09 05:54:44+02:00,95.5
2022-06-09 05:55:44+02:00,96.0
2022-06-09 05:56:45+02:00,96.8
2022-06-09 05:57:45+02:00,50.0
2022-06-09 05:58:45+02:00,96.9
2022-06-09 05:59:45+02:00,50.0
2022-06-09 06:00:45+02:00,97.0
2022-06-09 06:01:45+02:00,88.3
2022-06-09 06:02:45+02:00,82.8
2022-06-09 06:03:45+02:00,79.0
2022-06-09 06:04:45+02:00,77.5
2022-06-09 06:05:45+02:00,77.2
2022-06-09 06:06:46+02:00,77.2
2022-06-09 06:07:46+02:00,77.3
2022-06-09 06:08:46+02:00,77.5
2022-06-09 06:09:46+02:00,77.5
2022-06-09 06:10:46+02:00,77.6
2022-06-09 06:11:47+02:00,77.7
2022-06-09 06:12:47+02:00,77.7
2022-06-09 06:13:47+02:00,78.1
2022-06-09 06:14:47+02:00,50.0
2022-06-09 06:15:47+02:00,78.3
2022-06-09 06:16:47+02:00,82.5
2022-06-09 06:17:48+02:00,86.7
2022-06-09 06:18:48+02:00,89.9
2022-06-09 06:19:48+02:00,92.0
2022-06-09 06:20:48+02:00,93.5
2022-06-09 06:21:48+02:00,94.6
2022-06-09 06:22:49+02:00,95.2
2022-06-09 06:23:49+02:00,50.0
2022-06-09 06:24:49+02:00,50.0
2022-06-09 06:25:49+02:00,50.0
2022-06-09 06:26:49+02:00,50.0
2022-06-09 06:27:50+02:00,50.0
2022-06-09 06:28:50+02:00,50.0
2022-06-09 06:29:50+02:00,50.0
2022-06-09 06:30:50+02:00,50.0
2022-06-09 06:31:50+02:00,50.0
2022-06-09 06:32:50+02:00,50.0
2022-06-09 06:33:51+02:00,50.0
2022-06-09 06:34:51+02:00,50.0
2022-06-09 06:35:51+02:00,50.0
2022-06-09 06:36:51+02:00,50.0
2022-06-09 06:37:51+02:00,50.0
2022-06-09 06:38:52+02:00,50.0
2022-06-09 06:39:52+02:00,50.0
2022-06-09 06:40:52+02:00,50.0
2022-06-09 06:41:52+02:00,50.0
2022-06-09 06:42:52+02:00,50.0
2022-06-09 06:43:53+02:00,50.0
2022-06-09 06:44:53+02:00,50.0
2022-06-09 06:45:53+02:00,50.0
2022-06-09 06:46:53+02:00,89.5
2022-06-09 06:47:53+02:00,87.5
2022-06-09 06:48:54+02:00,50.0
2022-06-09 06:49:54+02:00,50.0
2022-06-09 06:50:54+02:00,50.0
2022-06-09 06:51:54+02:00,50.0
2022-06-09 06:52:54+02:00,50.0
2022-06-09 06:53:55+02:00,50.0
2022-06-09 06:54:55+02:00,50.0
2022-06-09 06:55:55+02:00,50.0
2022-06-09 06:56:55+02:00,50.0
2022-06-09 06:57:55+02:00,50.0
2022-06-09 06:58:55+02:00,50.0
2022-06-09 06:59:55+02:00,50.0
2022-06-10 04:43:30+02:00,83.4
2022-06-10 04:44:30+02:00,83.9
2022-06-10 04:45:30+02:00,83.7
2022-06-10 04:46:30+02:00,83.6
2022-06-10 04:47:30+02:00,84.1
2022-06-10 04:48:30+02:00,84.0
2022-06-10 04:49:30+02:00,83.9
2022-06-10 04:50:30+02:00,84.0
2022-06-10 04:51:30+02:00,84.1
2022-06-10 04:52:30+02:00,84.2
2022-06-10 04:53:31+02:00,84.3
2022-06-10 04:54:31+02:00,84.3
2022-06-10 04:55:31+02:00,84.4
2022-06-10 04:56:31+02:00,84.4
2022-06-10 04:57:31+02:00,84.6
2022-06-10 04:58:31+02:00,85.5
2022-06-10 04:59:32+02:00,85.9
2022-06-10 05:00:32+02:00,85.9
2022-06-10 05:01:32+02:00,86.3
2022-06-10 05:02:32+02:00,86.5
2022-06-10 05:03:32+02:00,86.7
2022-06-10 05:04:33+02:00,86.8
2022-06-10 05:05:33+02:00,86.9
2022-06-10 05:06:33+02:00,86.8
2022-06-10 05:07:33+02:00,86.7
2022-06-10 05:08:33+02:00,86.5
2022-06-10 05:09:34+02:00,86.5
2022-06-10 05:10:34+02:00,50.0
2022-06-10 05:11:34+02:00,87.1
2022-06-10 05:12:34+02:00,88.8
2022-06-10 05:13:34+02:00,90.3
2022-06-10 05:14:34+02:00,91.3
2022-06-10 05:15:34+02:00,92.6
2022-06-10 05:16:35+02:00,93.2
2022-06-10 05:17:35+02:00,94.9
2022-06-10 05:18:35+02:00,92.9
2022-06-10 05:19:35+02:00,90.1
2022-06-10 05:20:35+02:00,86.3
2022-06-10 05:21:36+02:00,83.5
2022-06-10 05:22:36+02:00,82.4
2022-06-10 05:23:36+02:00,81.5
2022-06-10 05:24:36+02:00,80.4
2022-06-10 05:25:36+02:00,50.0
2022-06-10 05:26:36+02:00,83.0
2022-06-10 05:27:37+02:00,89.6
2022-06-10 05:28:37+02:00,94.0
2022-06-10 05:29:37+02:00,96.6
2022-06-10 05:30:37+02:00,97.9
2022-06-10 05:31:37+02:00,98.9
2022-06-10 05:32:38+02:00,99.4
2022-06-10 05:33:38+02:00,99.7
2022-06-10 05:34:38+02:00,100.0
2022-06-10 05:35:38+02:00,100.0
2022-06-10 05:36:38+02:00,100.0
2022-06-10 05:37:38+02:00,100.0
2022-06-10 05:38:39+02:00,100.0
2022-06-10 05:39:39+02:00,100.0
2022-06-10 05:40:39+02:00,100.0
2022-06-10 05:41:39+02:00,100.0
2022-06-10 05:42:39+02:00,100.0
2022-06-10 05:43:40+02:00,100.0
2022-06-10 05:44:40+02:00,99.3
2022-06-10 05:45:40+02:00,98.9
2022-06-10 05:46:40+02:00,98.4
2022-06-10 05:47:40+02:00,99.6
2022-06-10 05:48:40+02:00,100.0
2022-06-10 05:49:40+02:00,50.0
2022-06-10 05:50:40+02:00,97.5
2022-06-10 05:51:41+02:00,97.0
2022-06-10 05:52:41+02:00,97.3
2022-06-10 05:53:41+02:00,98.1
2022-06-10 05:54:41+02:00,98.4
2022-06-10 05:55:41+02:00,98.6
2022-06-10 05:56:41+02:00,98.8
2022-06-10 05:57:41+02:00,98.8
2022-06-10 05:58:41+02:00,98.9
2022-06-10 05:59:41+02:00,99.0
2022-06-10 06:00:41+02:00,99.4
2022-06-10 06:01:41+02:00,99.8
2022-06-10 06:02:41+02:00,99.8
2022-06-10 06:03:41+02:00,99.8
2022-06-10 06:04:41+02:00,99.7
2022-06-10 06:05:42+02:00,99.5
2022-06-10 06:06:42+02:00,99.6
2022-06-10 06:07:42+02:00,99.7
2022-06-10 06:08:42+02:00,50.0
2022-06-10 06:09:42+02:00,98.0
2022-06-10 06:10:42+02:00,96.0
2022-06-10 06:11:42+02:00,93.9
2022-06-10 06:12:43+02:00,93.1
2022-06-10 06:13:43+02:00,92.4
2022-06-10 06:14:43+02:00,91.3
2022-06-10 06:15:43+02:00,88.8
2022-06-10 06:16:43+02:00,88.9
2022-06-10 06:17:43+02:00,87.8
2022-06-10 06:18:43+02:00,86.1
2022-06-10 06:19:43+02:00,85.3
2022-06-10 06:20:43+02:00,85.3
2022-06-10 06:21:43+02:00,85.9
2022-06-10 06:22:44+02:00,85.3
2022-06-10 06:23:44+02:00,86.1
2022-06-10 06:24:44+02:00,85.3
2022-06-10 06:25:44+02:00,85.5
2022-06-10 06:26:44+02:00,85.2
2022-06-10 06:27:44+02:00,85.3
2022-06-10 06:28:44+02:00,84.6
2022-06-10 06:29:44+02:00,85.0
2022-06-10 06:30:44+02:00,84.4
2022-06-10 06:31:44+02:00,84.7
2022-06-10 06:32:44+02:00,85.0
2022-06-10 06:33:45+02:00,86.0
2022-06-10 06:34:45+02:00,85.2
2022-06-10 06:35:45+02:00,85.0
2022-06-10 06:36:45+02:00,84.9
2022-06-10 06:37:45+02:00,87.0
2022-06-10 06:38:45+02:00,50.0
2022-06-10 06:39:45+02:00,81.4
2022-06-10 06:40:45+02:00,81.9
2022-06-10 06:41:46+02:00,50.0
2022-06-10 06:42:46+02:00,83.4
2022-06-10 06:43:46+02:00,83.9
2022-06-10 06:44:46+02:00,84.0
2022-06-10 06:45:46+02:00,83.5
2022-06-10 06:46:46+02:00,83.6
2022-06-10 06:47:47+02:00,83.8
2022-06-10 06:48:47+02:00,83.2
2022-06-10 06:49:47+02:00,83.3
2022-06-10 06:50:47+02:00,82.7
2022-06-10 06:51:47+02:00,82.2
2022-06-10 06:52:48+02:00,81.8
2022-06-10 06:53:48+02:00,81.5
2022-06-10 06:54:48+02:00,81.7
2022-06-10 06:55:48+02:00,80.8
2022-06-10 06:56:48+02:00,81.0
2022-06-10 06:57:49+02:00,81.2
2022-06-10 06:58:49+02:00,80.7
2022-06-10 06:59:49+02:00,81.6
2022-06-10 07:00:49+02:00,81.9
2022-06-10 07:01:49+02:00,83.1
2022-06-10 07:02:50+02:00,83.2
2022-06-10 07:03:50+02:00,83.7
2022-06-10 07:04:50+02:00,83.6
2022-06-10 07:05:50+02:00,83.0
2022-06-10 07:06:50+02:00,83.3
2022-06-10 07:07:51+02:00,83.4
2022-06-10 07:08:51+02:00,83.9
2022-06-10 07:09:51+02:00,50.0
2022-06-10 07:10:51+02:00,85.0
2022-06-10 07:11:51+02:00,84.1
2022-06-10 07:12:51+02:00,83.7
2022-06-10 07:13:52+02:00,83.1
2022-06-10 07:14:52+02:00,84.0
2022-06-10 07:15:52+02:00,83.7
2022-06-10 07:16:52+02:00,83.1
2022-06-10 07:17:52+02:00,82.8
2022-06-10 07:18:53+02:00,83.0
2022-06-10 07:19:53+02:00,83.4
2022-06-10 07:20:53+02:00,83.6
2022-06-10 07:21:53+02:00,83.9
2022-06-10 07:22:53+02:00,84.1
2022-06-10 07:23:54+02:00,50.0
2022-06-10 07:24:54+02:00,83.0
2022-06-10 07:25:54+02:00,82.3
2022-06-10 07:26:54+02:00,83.3
2022-06-10 07:27:54+02:00,85.5
2022-06-10 07:28:54+02:00,50.0
2022-06-10 07:29:55+02:00,88.0
2022-06-10 07:30:55+02:00,92.7
2022-06-10 07:31:55+02:00,95.8
2022-06-10 07:32:55+02:00,97.6
2022-06-10 07:33:55+02:00,98.7
2022-06-10 07:34:56+02:00,99.2
2022-06-10 07:35:56+02:00,50.0
2022-06-10 07:36:56+02:00,98.3
2022-06-10 07:37:56+02:00,97.6
2022-06-10 07:38:56+02:00,97.1
2022-06-10 07:39:56+02:00,96.8
2022-06-10 07:40:57+02:00,96.8
2022-06-10 07:41:57+02:00,96.8
2022-06-10 07:42:57+02:00,50.0
2022-06-10 07:43:57+02:00,97.0
2022-06-10 07:44:57+02:00,96.5
2022-06-10 07:45:58+02:00,50.0
2022-06-10 07:46:58+02:00,50.0
2022-06-10 07:47:58+02:00,96.3
2022-06-10 07:48:58+02:00,95.9
2022-06-10 07:49:58+02:00,95.4
2022-06-10 07:50:59+02:00,95.5
2022-06-10 07:51:59+02:00,95.2
2022-06-10 07:52:59+02:00,95.4
2022-06-10 07:53:59+02:00,95.3
2022-06-10 07:54:59+02:00,95.5
2022-06-10 07:55:59+02:00,95.7
2022-06-10 07:57:00+02:00,95.6
2022-06-10 07:58:00+02:00,95.5
2022-06-10 07:59:00+02:00,95.9
2022-06-10 08:00:00+02:00,50.0
2022-06-10 08:01:00+02:00,50.0
2022-06-10 08:02:00+02:00,50.0
2022-06-10 08:03:00+02:00,96.1
2022-06-10 08:04:00+02:00,96.2
2022-06-10 08:05:01+02:00,95.8
2022-06-10 08:06:01+02:00,50.0
2022-06-10 08:07:01+02:00,95.1
2022-06-10 08:08:01+02:00,50.0
2022-06-10 08:09:01+02:00,50.0
2022-06-10 08:10:01+02:00,50.0
2022-06-10 08:11:01+02:00,50.0
2022-06-10 08:12:01+02:00,50.0
2022-06-10 08:13:02+02:00,50.0
2022-06-10 08:14:02+02:00,50.0
2022-06-10 08:15:02+02:00,50.0
2022-06-10 08:16:02+02:00,50.0
2022-06-10 08:17:02+02:00,50.0
2022-06-10 08:18:02+02:00,50.0
2022-06-10 08:19:02+02:00,50.0
2022-06-10 08:20:02+02:00,50.0
2022-06-10 08:21:03+02:00,50.0
2022-06-10 08:22:03+02:00,50.0
2022-06-10 08:23:03+02:00,50.0
2022-06-10 08:24:03+02:00,50.0
2022-06-10 08:25:03+02:00,50.0
2022-06-10 08:26:03+02:00,50.0
2022-06-10 08:27:03+02:00,50.0
2022-06-10 08:28:03+02:00,50.0
2022-06-10 08:29:04+02:00,50.0
2022-06-10 08:30:04+02:00,50.0
2022-06-10 08:31:04+02:00,50.0
2022-06-10 08:32:04+02:00,50.0
2022-06-10 08:33:04+02:00,50.0
2022-06-10 08:34:04+02:00,50.0
2022-06-10 08:35:04+02:00,50.0
2022-06-10 08:36:05+02:00,50.0
2022-06-10 08:37:05+02:00,50.0
2022-06-10 08:38:05+02:00,50.0
2022-06-10 08:39:05+02:00,50.0
2022-06-10 08:40:05+02:00,50.0
2022-06-10 08:41:05+02:00,50.0
2022-06-10 08:42:05+02:00,50.0
2022-06-10 08:43:05+02:00,50.0
2022-06-10 08:44:05+02:00,50.0
2022-06-11 00:22:30+02:00,50.0
2022-06-11 00:23:30+02:00,89.8
2022-06-11 00:24:30+02:00,91.1
2022-06-11 00:25:30+02:00,92.3
2022-06-11 00:26:30+02:00,91.5
2022-06-11 00:27:30+02:00,92.3
2022-06-11 00:28:30+02:00,92.8
2022-06-11 00:29:30+02:00,93.2
2022-06-11 00:30:30+02:00,93.2
2022-06-11 00:31:30+02:00,91.4
2022-06-11 00:32:31+02:00,90.6
2022-06-11 00:33:31+02:00,89.1
2022-06-11 00:34:31+02:00,87.7
2022-06-11 00:35:31+02:00,86.9
2022-06-11 00:36:31+02:00,86.8
2022-06-11 00:37:32+02:00,86.5
2022-06-11 00:38:32+02:00,86.8
2022-06-11 00:39:32+02:00,86.8
2022-06-11 00:40:32+02:00,86.9
2022-06-11 00:41:32+02:00,86.6
2022-06-11 00:42:32+02:00,87.3
2022-06-11 00:43:33+02:00,87.4
2022-06-11 00:44:33+02:00,87.3
2022-06-11 00:45:33+02:00,87.0
2022-06-11 00:46:33+02:00,86.9
2022-06-11 00:47:33+02:00,86.7
2022-06-11 00:48:34+02:00,87.5
2022-06-11 00:49:34+02:00,86.8
2022-06-11 00:50:34+02:00,86.9
2022-06-11 00:51:34+02:00,87.2
2022-06-11 00:52:34+02:00,87.6
2022-06-11 00:53:34+02:00,87.7
2022-06-11 00:54:35+02:00,50.0
2022-06-11 00:55:35+02:00,86.8
2022-06-11 00:56:35+02:00,81.8
2022-06-11 00:57:35+02:00,78.1
2022-06-11 00:58:35+02:00,77.0
2022-06-11 00:59:36+02:00,76.6
2022-06-11 01:00:36+02:00,76.7
2022-06-11 01:01:36+02:00,78.6
2022-06-11 01:02:36+02:00,81.1
2022-06-11 01:03:36+02:00,82.6
2022-06-11 01:04:36+02:00,83.6
2022-06-11 01:05:37+02:00,84.3
2022-06-11 01:06:37+02:00,85.0
2022-06-11 01:07:37+02:00,85.6
2022-06-11 01:08:37+02:00,87.7
2022-06-11 01:09:37+02:00,88.2
2022-06-11 01:10:38+02:00,88.5
2022-06-11 01:11:38+02:00,88.7
2022-06-11 01:12:38+02:00,80.8
2022-06-11 01:13:38+02:00,75.9
2022-06-11 01:14:38+02:00,80.3
2022-06-11 01:15:38+02:00,80.4
2022-06-11 01:16:39+02:00,80.4
2022-06-11 01:17:39+02:00,80.3
2022-06-11 01:18:39+02:00,80.3
2022-06-11 01:19:39+02:00,80.2
2022-06-11 01:20:39+02:00,80.3
2022-06-11 01:21:40+02:00,80.2
2022-06-11 01:22:40+02:00,80.3
2022-06-11 01:23:40+02:00,80.2
2022-06-11 01:24:40+02:00,80.1
2022-06-11 01:25:40+02:00,80.2
2022-06-11 01:26:40+02:00,80.1
2022-06-11 01:27:40+02:00,80.2
2022-06-11 01:28:40+02:00,80.1
2022-06-11 01:29:40+02:00,80.2
2022-06-11 01:30:40+02:00,80.0
2022-06-11 01:31:40+02:00,50.0
2022-06-11 01:32:41+02:00,80.2
2022-06-11 01:33:41+02:00,77.0
2022-06-11 01:34:41+02:00,76.9
2022-06-11 01:35:41+02:00,79.5
2022-06-11 01:36:41+02:00,81.2
2022-06-11 01:37:41+02:00,84.0
2022-06-11 01:38:41+02:00,85.6
2022-06-11 01:39:42+02:00,85.7
2022-06-11 01:40:42+02:00,84.8
2022-06-11 01:41:42+02:00,85.0
2022-06-11 01:42:42+02:00,86.1
2022-06-11 01:43:42+02:00,86.0
2022-06-11 01:44:42+02:00,85.8
2022-06-11 01:45:42+02:00,84.6
2022-06-11 01:46:42+02:00,83.9
2022-06-11 01:47:42+02:00,83.6
2022-06-11 01:48:42+02:00,82.9
2022-06-11 01:49:42+02:00,81.4
2022-06-11 01:50:43+02:00,80.5
2022-06-11 01:51:43+02:00,79.3
2022-06-11 01:52:43+02:00,79.1
2022-06-11 01:53:43+02:00,79.6
2022-06-11 01:54:43+02:00,79.8
2022-06-11 01:55:43+02:00,79.5
2022-06-11 01:56:43+02:00,80.1
2022-06-11 01:57:43+02:00,80.3
2022-06-11 01:58:43+02:00,81.4
2022-06-11 01:59:43+02:00,81.5
2022-06-11 02:00:44+02:00,81.8
2022-06-11 02:00:44+02:00,81.8
2022-06-11 02:01:44+02:00,50.0
2022-06-11 02:02:44+02:00,85.4
2022-06-11 02:03:44+02:00,88.8
2022-06-11 02:04:44+02:00,91.3
2022-06-11 02:05:44+02:00,92.7
2022-06-11 02:06:44+02:00,94.2
2022-06-11 02:07:44+02:00,94.8
2022-06-11 02:08:45+02:00,95.4
2022-06-11 02:09:45+02:00,95.7
2022-06-11 02:10:45+02:00,95.9
2022-06-11 02:11:45+02:00,96.1
2022-06-11 02:12:45+02:00,96.2
2022-06-11 02:13:45+02:00,96.3
2022-06-11 02:14:45+02:00,96.2
2022-06-11 02:15:45+02:00,96.1
2022-06-11 02:16:45+02:00,96.5
2022-06-11 02:17:46+02:00,96.4
2022-06-11 02:18:46+02:00,96.6
2022-06-11 02:19:46+02:00,96.6
2022-06-11 02:20:46+02:00,96.6
2022-06-11 02:21:46+02:00,96.5
2022-06-11 02:22:46+02:00,96.4
2022-06-11 02:23:47+02:00,96.5
2022-06-11 02:24:47+02:00,96.5
2022-06-11 02:25:47+02:00,96.3
2022-06-11 02:26:47+02:00,96.3
2022-06-11 02:27:47+02:00,96.2
2022-06-11 02:28:48+02:00,96.2
2022-06-11 02:29:48+02:00,96.3
2022-06-11 02:30:48+02:00,96.3
2022-06-11 02:31:48+02:00,96.3
2022-06-11 02:32:48+02:00,96.2
2022-06-11 02:33:49+02:00,96.2
2022-06-11 02:34:49+02:00,96.3
2022-06-11 02:35:49+02:00,96.3
2022-06-11 02:36:49+02:00,96.4
2022-06-11 02:37:49+02:00,96.6
2022-06-11 02:38:49+02:00,50.0
2022-06-11 02:39:50+02:00,92.8
2022-06-11 02:40:50+02:00,90.6
2022-06-11 02:41:50+02:00,86.3
2022-06-11 02:42:50+02:00,84.6
2022-06-11 02:43:50+02:00,85.5
2022-06-11 02:44:51+02:00,86.7
2022-06-11 02:45:51+02:00,87.5
2022-06-11 02:46:51+02:00,85.3
2022-06-11 02:47:51+02:00,85.5
2022-06-11 02:48:51+02:00,86.4
2022-06-11 02:49:52+02:00,88.1
2022-06-11 02:50:52+02:00,87.7
2022-06-11 02:51:52+02:00,87.6
2022-06-11 02:52:52+02:00,87.5
2022-06-11 02:53:52+02:00,87.0
2022-06-11 02:54:53+02:00,87.1
2022-06-11 02:55:53+02:00,86.1
2022-06-11 02:56:53+02:00,86.4
2022-06-11 02:57:53+02:00,86.2
2022-06-11 02:58:53+02:00,85.5
2022-06-11 02:59:53+02:00,86.2
2022-06-11 03:00:54+02:00,85.4
2022-06-11 03:01:54+02:00,86.0
2022-06-11 03:02:54+02:00,84.8
2022-06-11 03:03:54+02:00,85.1
2022-06-11 03:04:54+02:00,84.5
2022-06-11 03:05:55+02:00,84.5
2022-06-11 03:06:55+02:00,85.0
2022-06-11 03:07:55+02:00,85.2
2022-06-11 03:08:55+02:00,85.4
2022-06-11 03:09:55+02:00,85.1
2022-06-11 03:10:55+02:00,85.6
2022-06-11 03:11:56+02:00,85.6
2022-06-11 03:12:56+02:00,87.1
2022-06-11 03:13:56+02:00,86.5
2022-06-11 03:14:56+02:00,86.9
2022-06-11 03:15:56+02:00,50.0
2022-06-11 03:16:57+02:00,86.4
2022-06-11 03:17:57+02:00,87.9
2022-06-11 03:18:57+02:00,92.1
2022-06-11 03:19:57+02:00,94.5
2022-06-11 03:20:57+02:00,95.3
2022-06-11 03:21:57+02:00,95.9
2022-06-11 03:22:58+02:00,96.4
2022-06-11 03:23:58+02:00,96.5
2022-06-11 03:24:58+02:00,96.6
2022-06-11 03:25:58+02:00,96.7
2022-06-11 03:26:58+02:00,96.9
2022-06-11 03:27:59+02:00,97.1
2022-06-11 03:28:59+02:00,97.2
2022-06-11 03:29:59+02:00,97.3
2022-06-11 03:30:59+02:00,97.3
2022-06-11 03:31:59+02:00,97.1
2022-06-11 03:33:00+02:00,97.2
2022-06-11 03:34:00+02:00,97.1
2022-06-11 03:35:00+02:00,97.4
2022-06-11 03:36:00+02:00,97.5
2022-06-11 03:37:01+02:00,97.3
2022-06-11 03:38:01+02:00,97.5
2022-06-11 03:39:01+02:00,97.1
2022-06-11 03:40:01+02:00,97.3
2022-06-11 03:41:01+02:00,97.4
2022-06-11 03:42:01+02:00,97.4
2022-06-11 03:43:02+02:00,97.7
2022-06-11 03:44:02+02:00,97.3
2022-06-11 03:45:02+02:00,97.3
2022-06-11 03:46:02+02:00,97.2
2022-06-11 03:47:02+02:00,97.4
2022-06-11 03:48:02+02:00,97.6
2022-06-11 03:49:02+02:00,97.5
2022-06-11 03:50:02+02:00,97.4
2022-06-11 03:51:03+02:00,97.1
2022-06-11 03:52:03+02:00,97.3
2022-06-11 03:53:03+02:00,97.2
2022-06-11 03:54:03+02:00,96.7
2022-06-11 03:55:03+02:00,97.0
2022-06-11 03:56:03+02:00,97.0
2022-06-11 03:57:03+02:00,96.9
2022-06-11 03:58:04+02:00,97.1
2022-06-11 03:59:04+02:00,97.0
2022-06-11 04:00:04+02:00,97.1
2022-06-11 04:01:04+02:00,97.2
2022-06-11 04:02:04+02:00,97.1
2022-06-11 04:03:04+02:00,97.1
2022-06-11 04:04:04+02:00,97.4
2022-06-11 04:05:04+02:00,97.3
2022-06-11 04:06:04+02:00,97.2
2022-06-11 04:07:05+02:00,97.4
2022-06-11 04:08:05+02:00,97.4
2022-06-11 04:09:05+02:00,97.6
2022-06-11 04:10:05+02:00,97.5
2022-06-11 04:11:05+02:00,50.0
2022-06-11 04:12:05+02:00,50.0
2022-06-11 04:13:05+02:00,50.0
2022-06-11 04:14:05+02:00,50.0
2022-06-11 04:15:06+02:00,88.0
2022-06-11 04:16:06+02:00,84.4
2022-06-11 04:17:06+02:00,81.9
2022-06-11 04:18:06+02:00,80.5
2022-06-11 04:19:06+02:00,80.0
2022-06-11 04:20:06+02:00,50.0
2022-06-11 04:21:07+02:00,50.0
2022-06-11 04:22:07+02:00,80.2
2022-06-11 04:23:07+02:00,80.7
2022-06-11 04:24:07+02:00,82.0
2022-06-11 04:25:07+02:00,85.2
2022-06-11 04:26:07+02:00,87.0
2022-06-11 04:27:08+02:00,86.3
2022-06-11 04:28:08+02:00,84.5
2022-06-11 04:29:08+02:00,84.0
2022-06-11 04:30:08+02:00,84.7
2022-06-11 04:31:08+02:00,83.8
2022-06-11 04:32:09+02:00,83.0
2022-06-11 04:33:09+02:00,83.9
2022-06-11 04:34:09+02:00,83.5
2022-06-11 04:35:09+02:00,81.2
2022-06-11 04:36:09+02:00,81.5
2022-06-11 04:37:10+02:00,83.9
2022-06-11 04:38:10+02:00,81.6
2022-06-11 04:39:10+02:00,81.9
2022-06-11 04:40:10+02:00,82.5
2022-06-11 04:41:10+02:00,83.6
2022-06-11 04:42:10+02:00,82.6
2022-06-11 04:43:10+02:00,81.3
2022-06-11 04:44:11+02:00,83.1
2022-06-11 04:45:11+02:00,81.8
2022-06-11 04:46:11+02:00,82.1
2022-06-11 04:47:11+02:00,83.6
2022-06-11 04:48:11+02:00,84.0
2022-06-11 04:49:12+02:00,84.3
2022-06-11 04:50:12+02:00,82.1
2022-06-11 04:51:12+02:00,79.6
2022-06-11 04:52:12+02:00,79.4
2022-06-11 04:53:12+02:00,80.3
2022-06-11 04:54:13+02:00,82.3
2022-06-11 04:55:13+02:00,82.1
2022-06-11 04:56:13+02:00,83.5
2022-06-11 04:57:13+02:00,81.9
2022-06-11 04:58:13+02:00,81.2
2022-06-11 04:59:13+02:00,81.8
2022-06-11 05:00:14+02:00,82.7
2022-06-11 05:01:14+02:00,84.6
2022-06-11 05:02:14+02:00,86.4
2022-06-11 05:03:14+02:00,87.5
2022-06-11 05:04:14+02:00,86.7
2022-06-11 05:05:14+02:00,85.3
2022-06-11 05:06:15+02:00,85.3
2022-06-11 05:07:15+02:00,50.0
2022-06-11 05:08:15+02:00,85.6
2022-06-11 05:09:15+02:00,87.7
2022-06-11 05:10:15+02:00,89.5
2022-06-11 05:11:16+02:00,50.0
2022-06-11 05:12:16+02:00,91.7
2022-06-11 05:13:16+02:00,92.9
2022-06-11 05:14:16+02:00,94.8
2022-06-11 05:15:16+02:00,96.0
2022-06-11 05:16:16+02:00,96.7
2022-06-11 05:17:16+02:00,96.5
2022-06-11 05:18:17+02:00,96.7
2022-06-11 05:19:17+02:00,97.8
2022-06-11 05:20:17+02:00,97.8
2022-06-11 05:21:17+02:00,98.0
2022-06-11 05:22:17+02:00,98.1
2022-06-11 05:23:18+02:00,97.9
2022-06-11 05:24:18+02:00,97.5
2022-06-11 05:25:18+02:00,96.8
2022-06-11 05:26:18+02:00,96.7
2022-06-11 05:27:18+02:00,50.0
2022-06-11 05:28:18+02:00,94.9
2022-06-11 05:29:19+02:00,88.7
2022-06-11 05:30:19+02:00,83.8
2022-06-11 05:31:19+02:00,81.1
2022-06-11 05:32:19+02:00,79.4
2022-06-11 05:33:19+02:00,78.8
2022-06-11 05:34:20+02:00,78.2
2022-06-11 05:35:20+02:00,78.1
2022-06-11 05:36:20+02:00,77.9
2022-06-11 05:37:20+02:00,78.1
2022-06-11 05:38:20+02:00,78.2
2022-06-11 05:39:21+02:00,78.0
2022-06-11 05:40:21+02:00,77.9
2022-06-11 05:41:21+02:00,82.1
2022-06-11 05:42:21+02:00,86.0
2022-06-11 05:43:21+02:00,88.9
2022-06-11 05:44:21+02:00,90.9
2022-06-11 05:45:22+02:00,92.4
2022-06-11 05:46:22+02:00,93.3
2022-06-11 05:47:22+02:00,93.9
2022-06-11 05:48:22+02:00,94.2
2022-06-11 05:49:22+02:00,94.1
2022-06-11 05:50:23+02:00,94.0
2022-06-11 05:51:23+02:00,93.9
2022-06-11 05:52:23+02:00,93.8
2022-06-11 05:53:23+02:00,93.7
2022-06-11 05:54:23+02:00,93.4
2022-06-11 05:55:23+02:00,93.5
2022-06-11 05:56:24+02:00,93.4
2022-06-11 05:57:24+02:00,93.4
2022-06-11 05:58:24+02:00,93.2
2022-06-11 05:59:24+02:00,93.2
2022-06-11 06:00:24+02:00,93.1
2022-06-11 06:01:25+02:00,93.2
2022-06-11 06:02:25+02:00,93.3
2022-06-11 06:03:25+02:00,93.0
2022-06-11 06:04:25+02:00,93.0
2022-06-11 06:05:25+02:00,93.2
2022-06-11 06:06:25+02:00,93.1
2022-06-11 06:07:26+02:00,93.2
2022-06-11 06:08:26+02:00,93.2
2022-06-11 06:09:26+02:00,93.2
2022-06-11 06:10:26+02:00,93.2
2022-06-11 06:11:26+02:00,93.3
2022-06-11 06:12:26+02:00,93.4
2022-06-11 06:13:27+02:00,93.5
2022-06-11 06:14:27+02:00,93.4
2022-06-11 06:15:27+02:00,50.0
2022-06-11 06:16:27+02:00,91.8
2022-06-11 06:17:27+02:00,92.9
2022-06-11 06:18:28+02:00,93.8
2022-06-11 06:19:28+02:00,94.3
2022-06-11 06:20:28+02:00,94.6
2022-06-11 06:21:28+02:00,94.7
2022-06-11 06:22:28+02:00,94.6
2022-06-11 06:23:29+02:00,94.8
2022-06-11 06:24:29+02:00,94.7
2022-06-11 06:25:29+02:00,94.6
2022-06-11 06:26:29+02:00,94.5
2022-06-11 06:27:29+02:00,94.7
2022-06-11 06:28:29+02:00,94.4
2022-06-11 06:29:30+02:00,50.0
2022-06-11 06:30:30+02:00,94.9
2022-06-11 06:31:30+02:00,95.2
2022-06-11 06:32:30+02:00,95.7
2022-06-11 06:33:30+02:00,50.0
2022-06-11 06:34:31+02:00,96.8
2022-06-11 06:35:31+02:00,50.0
2022-06-11 06:36:31+02:00,95.1
2022-06-11 06:37:31+02:00,92.6
2022-06-11 06:38:31+02:00,88.1
2022-06-11 06:39:31+02:00,85.7
2022-06-11 06:40:32+02:00,81.4
2022-06-11 06:41:32+02:00,50.0
2022-06-11 06:42:32+02:00,84.0
2022-06-11 06:43:32+02:00,87.1
2022-06-11 06:44:32+02:00,89.2
2022-06-11 06:45:33+02:00,90.7
2022-06-11 06:46:33+02:00,92.9
2022-06-11 06:47:33+02:00,94.0
2022-06-11 06:48:33+02:00,95.1
2022-06-11 06:49:33+02:00,95.3
2022-06-11 06:50:33+02:00,95.6
2022-06-11 06:51:34+02:00,95.7
2022-06-11 06:52:34+02:00,95.9
2022-06-11 06:53:34+02:00,96.0
2022-06-11 06:54:34+02:00,96.1
2022-06-11 06:55:34+02:00,96.3
2022-06-11 06:56:35+02:00,96.3
2022-06-11 06:57:35+02:00,96.3
2022-06-11 06:58:35+02:00,96.4
2022-06-11 06:59:35+02:00,96.3
2022-06-11 07:00:35+02:00,96.3
2022-06-11 07:01:35+02:00,96.3
2022-06-11 07:02:36+02:00,50.0
2022-06-11 07:03:36+02:00,96.6
2022-06-11 07:04:36+02:00,96.5
2022-06-11 07:05:36+02:00,96.4
2022-06-11 07:06:36+02:00,96.3
2022-06-11 07:07:37+02:00,95.7
2022-06-11 07:08:37+02:00,96.0
2022-06-11 07:09:37+02:00,96.4
2022-06-11 07:10:37+02:00,96.2
2022-06-11 07:11:37+02:00,96.1
2022-06-11 07:12:37+02:00,96.3
2022-06-11 07:13:38+02:00,96.5
2022-06-11 07:14:38+02:00,50.0
2022-06-11 07:15:38+02:00,96.4
2022-06-11 07:16:38+02:00,97.1
2022-06-11 07:17:38+02:00,97.5
2022-06-11 07:18:39+02:00,96.8
2022-06-11 07:19:39+02:00,97.1
2022-06-11 07:20:39+02:00,97.6
2022-06-11 07:21:39+02:00,98.1
2022-06-11 07:22:39+02:00,98.4
2022-06-11 07:23:39+02:00,98.3
2022-06-11 07:24:40+02:00,98.3
2022-06-11 07:25:40+02:00,98.3
2022-06-11 07:26:40+02:00,98.4
2022-06-11 07:27:40+02:00,98.5
2022-06-11 07:28:40+02:00,98.2
2022-06-11 07:29:40+02:00,50.0
2022-06-11 07:30:40+02:00,97.7
2022-06-11 07:31:41+02:00,97.2
2022-06-11 07:32:41+02:00,96.5
2022-06-11 07:33:41+02:00,96.2
2022-06-11 07:34:41+02:00,95.9
2022-06-11 07:35:41+02:00,95.6
2022-06-11 07:36:41+02:00,95.7
2022-06-11 07:37:41+02:00,95.6
2022-06-11 07:38:42+02:00,95.5
2022-06-11 07:39:42+02:00,95.4
2022-06-11 07:40:42+02:00,95.6
2022-06-11 07:41:42+02:00,95.7
2022-06-11 07:42:42+02:00,95.8
2022-06-11 07:43:42+02:00,95.8
2022-06-11 07:44:42+02:00,95.8
2022-06-11 07:45:42+02:00,50.0
2022-06-11 07:46:42+02:00,95.5
2022-06-11 07:47:43+02:00,95.5
2022-06-11 07:48:43+02:00,95.5
2022-06-11 07:49:43+02:00,95.3
2022-06-11 07:50:43+02:00,95.1
2022-06-11 07:51:43+02:00,95.2
2022-06-11 07:52:43+02:00,95.2
2022-06-11 07:53:43+02:00,95.4
2022-06-11 07:54:44+02:00,95.5
2022-06-11 07:55:44+02:00,95.5
2022-06-11 07:56:44+02:00,95.4
2022-06-11 07:57:44+02:00,95.2
2022-06-11 07:58:44+02:00,95.2
2022-06-11 07:59:44+02:00,50.0
2022-06-11 08:00:44+02:00,95.5
2022-06-11 08:01:44+02:00,95.4
2022-06-11 08:02:44+02:00,95.5
2022-06-11 08:03:44+02:00,95.5
2022-06-11 08:04:44+02:00,95.8
2022-06-11 08:05:45+02:00,95.9
2022-06-11 08:06:45+02:00,95.8
2022-06-11 08:07:45+02:00,95.9
2022-06-11 08:08:45+02:00,96.1
2022-06-11 08:09:45+02:00,96.0
2022-06-11 08:10:45+02:00,95.9
2022-06-11 08:11:45+02:00,96.0
2022-06-11 08:12:45+02:00,96.0
2022-06-11 08:13:45+02:00,96.1
2022-06-11 08:14:46+02:00,96.3
2022-06-11 08:15:46+02:00,96.1
2022-06-11 08:16:46+02:00,96.2
2022-06-11 08:17:46+02:00,96.1
2022-06-11 08:18:46+02:00,96.1
2022-06-11 08:19:46+02:00,96.1
2022-06-11 08:20:47+02:00,95.9
2022-06-11 08:21:47+02:00,95.8
2022-06-11 08:22:47+02:00,95.8
2022-06-11 08:23:47+02:00,95.7
2022-06-11 08:24:47+02:00,95.8
2022-06-11 08:25:48+02:00,95.7
2022-06-11 08:26:48+02:00,95.8
2022-06-11 08:27:48+02:00,95.9
2022-06-11 08:28:48+02:00,95.8
2022-06-11 08:29:48+02:00,95.8
2022-06-11 08:30:48+02:00,95.9
2022-06-11 08:31:49+02:00,95.9
2022-06-11 08:32:49+02:00,95.7
2022-06-11 08:33:49+02:00,95.6
2022-06-11 08:34:49+02:00,95.6
2022-06-11 08:35:49+02:00,95.8
2022-06-11 08:36:50+02:00,95.8
2022-06-11 08:37:50+02:00,95.8
2022-06-11 08:38:50+02:00,95.9
2022-06-11 08:39:50+02:00,95.9
2022-06-11 08:40:50+02:00,95.9
2022-06-11 08:41:51+02:00,96.0
2022-06-11 08:42:51+02:00,95.9
2022-06-11 08:43:51+02:00,95.8
2022-06-11 08:44:51+02:00,95.7
2022-06-11 08:45:51+02:00,96.6
2022-06-11 08:46:52+02:00,98.3
2022-06-11 08:47:52+02:00,50.0
2022-06-11 08:48:52+02:00,50.0
2022-06-11 08:49:52+02:00,98.5
2022-06-11 08:50:52+02:00,50.0
2022-06-11 08:51:53+02:00,50.0
2022-06-11 08:52:53+02:00,50.0
2022-06-11 08:53:53+02:00,50.0
2022-06-11 08:54:53+02:00,50.0
2022-06-11 08:55:53+02:00,95.3
2022-06-11 08:56:53+02:00,50.0
2022-06-11 08:57:54+02:00,50.0
2022-06-11 08:58:54+02:00,50.0
2022-06-11 08:59:54+02:00,94.2
2022-06-11 09:00:54+02:00,50.0
2022-06-11 09:01:54+02:00,92.6
2022-06-11 09:02:55+02:00,92.6
2022-06-11 09:03:55+02:00,91.7
2022-06-11 09:04:55+02:00,89.3
2022-06-11 09:05:55+02:00,50.0
2022-06-11 09:06:55+02:00,50.0
2022-06-11 09:07:55+02:00,50.0
2022-06-11 09:08:56+02:00,87.8
2022-06-11 09:09:56+02:00,50.0
2022-06-11 09:10:56+02:00,50.0
2022-06-11 09:11:56+02:00,88.6
2022-06-11 09:12:56+02:00,50.0
2022-06-11 09:13:57+02:00,50.0
2022-06-11 09:14:57+02:00,50.0
2022-06-11 09:15:57+02:00,50.0
2022-06-11 09:16:57+02:00,86.9
2022-06-11 09:17:57+02:00,87.8
2022-06-11 09:18:58+02:00,88.1
2022-06-11 09:19:58+02:00,50.0
2022-06-11 09:20:58+02:00,50.0
2022-06-11 09:21:58+02:00,88.1
2022-06-11 09:22:58+02:00,89.2
2022-06-11 09:23:58+02:00,50.0
2022-06-12 00:59:00+02:00,50.0
2022-06-12 01:00:00+02:00,93.0
2022-06-12 01:01:00+02:00,93.0
2022-06-12 01:02:00+02:00,95.1
2022-06-12 01:03:00+02:00,95.9
2022-06-12 01:04:00+02:00,50.0
2022-06-12 01:05:00+02:00,97.3
2022-06-12 01:06:00+02:00,96.7
2022-06-12 01:07:00+02:00,96.9
2022-06-12 01:08:00+02:00,97.1
2022-06-12 01:09:00+02:00,97.3
2022-06-12 01:10:00+02:00,97.4
2022-06-12 01:11:01+02:00,97.0
2022-06-12 01:12:01+02:00,96.9
2022-06-12 01:13:01+02:00,96.9
2022-06-12 01:14:01+02:00,96.8
2022-06-12 01:15:01+02:00,96.9
2022-06-12 01:16:01+02:00,96.6
2022-06-12 01:17:01+02:00,96.3
2022-06-12 01:18:01+02:00,96.3
2022-06-12 01:19:02+02:00,96.2
2022-06-12 01:20:02+02:00,96.0
2022-06-12 01:21:02+02:00,95.4
2022-06-12 01:22:02+02:00,95.9
2022-06-12 01:23:02+02:00,96.1
2022-06-12 01:24:02+02:00,96.1
2022-06-12 01:25:02+02:00,96.1
2022-06-12 01:26:02+02:00,96.0
2022-06-12 01:27:03+02:00,96.1
2022-06-12 01:28:03+02:00,96.1
2022-06-12 01:29:03+02:00,96.1
2022-06-12 01:30:03+02:00,96.0
2022-06-12 01:31:03+02:00,96.0
2022-06-12 01:32:03+02:00,96.1
2022-06-12 01:33:04+02:00,96.2
2022-06-12 01:34:04+02:00,96.2
2022-06-12 01:35:04+02:00,96.2
2022-06-12 01:36:04+02:00,96.2
2022-06-12 01:37:04+02:00,96.2
2022-06-12 01:38:04+02:00,96.2
2022-06-12 01:39:04+02:00,96.3
2022-06-12 01:40:04+02:00,96.0
2022-06-12 01:41:05+02:00,95.9
2022-06-12 01:42:05+02:00,95.8
2022-06-12 01:43:05+02:00,50.0
2022-06-12 01:44:05+02:00,94.2
2022-06-12 01:45:05+02:00,91.8
2022-06-12 01:46:05+02:00,87.8
2022-06-12 01:47:05+02:00,87.9
2022-06-12 01:48:05+02:00,86.5
2022-06-12 01:49:06+02:00,84.6
2022-06-12 01:50:06+02:00,83.3
2022-06-12 01:51:06+02:00,82.5
2022-06-12 01:52:06+02:00,82.2
2022-06-12 01:53:06+02:00,83.4
2022-06-12 01:54:06+02:00,84.2
2022-06-12 01:55:07+02:00,84.8
2022-06-12 01:56:07+02:00,87.3
2022-06-12 01:57:07+02:00,89.8
2022-06-12 01:58:07+02:00,91.4
2022-06-12 01:59:07+02:00,92.6
2022-06-12 02:00:08+02:00,93.5
2022-06-12 02:00:08+02:00,93.5
2022-06-12 02:01:08+02:00,94.0
2022-06-12 02:02:08+02:00,94.2
2022-06-12 02:03:08+02:00,94.4
2022-06-12 02:04:08+02:00,94.5
2022-06-12 02:05:08+02:00,94.4
2022-06-12 02:06:09+02:00,94.4
2022-06-12 02:07:09+02:00,94.5
2022-06-12 02:08:09+02:00,94.4
2022-06-12 02:09:09+02:00,94.5
2022-06-12 02:10:09+02:00,94.5
2022-06-12 02:11:10+02:00,94.5
2022-06-12 02:12:10+02:00,94.8
2022-06-12 02:13:10+02:00,94.5
2022-06-12 02:14:10+02:00,94.3
2022-06-12 02:15:10+02:00,94.2
2022-06-12 02:16:10+02:00,94.4
2022-06-12 02:17:11+02:00,94.2
2022-06-12 02:18:11+02:00,94.2
2022-06-12 02:19:11+02:00,94.1
2022-06-12 02:20:11+02:00,94.0
2022-06-12 02:21:11+02:00,94.2
2022-06-12 02:22:12+02:00,94.4
2022-06-12 02:23:12+02:00,94.4
2022-06-12 02:24:12+02:00,94.2
2022-06-12 02:25:12+02:00,94.2
2022-06-12 02:26:12+02:00,94.2
2022-06-12 02:27:12+02:00,94.2
2022-06-12 02:28:13+02:00,94.1
2022-06-12 02:29:13+02:00,94.1
2022-06-12 02:30:13+02:00,93.9
2022-06-12 02:31:13+02:00,94.4
2022-06-12 02:32:13+02:00,94.5
2022-06-12 02:33:14+02:00,94.5
2022-06-12 02:34:14+02:00,94.6
2022-06-12 02:35:14+02:00,94.7
2022-06-12 02:36:14+02:00,50.0
2022-06-12 02:37:14+02:00,94.9
2022-06-12 02:38:15+02:00,94.6
2022-06-12 02:39:15+02:00,94.6
2022-06-12 02:40:15+02:00,94.8
2022-06-12 02:41:15+02:00,94.6
2022-06-12 02:42:15+02:00,94.7
2022-06-12 02:43:15+02:00,94.5
2022-06-12 02:44:16+02:00,94.4
2022-06-12 02:45:16+02:00,94.3
2022-06-12 02:46:16+02:00,94.4
2022-06-12 02:47:16+02:00,94.5
2022-06-12 02:48:16+02:00,94.7
2022-06-12 02:49:16+02:00,95.1
2022-06-12 02:50:17+02:00,94.3
2022-06-12 02:51:17+02:00,94.0
2022-06-12 02:52:17+02:00,94.2
2022-06-12 02:53:17+02:00,94.4
2022-06-12 02:54:17+02:00,94.5
2022-06-12 02:55:18+02:00,94.4
2022-06-12 02:56:18+02:00,95.4
2022-06-12 02:57:18+02:00,50.0
2022-06-12 02:58:18+02:00,91.5
2022-06-12 02:59:18+02:00,50.0
2022-06-12 03:00:18+02:00,91.8
2022-06-12 03:01:19+02:00,92.7
2022-06-12 03:02:19+02:00,93.5
2022-06-12 03:03:19+02:00,94.0
2022-06-12 03:04:19+02:00,94.9
2022-06-12 03:05:19+02:00,95.2
2022-06-12 03:06:20+02:00,94.3
2022-06-12 03:07:20+02:00,94.4
2022-06-12 03:08:20+02:00,94.8
2022-06-12 03:09:20+02:00,95.2
2022-06-12 03:10:20+02:00,95.9
2022-06-12 03:11:20+02:00,96.0
2022-06-12 03:12:21+02:00,95.7
2022-06-12 03:13:21+02:00,96.0
2022-06-12 03:14:21+02:00,96.0
2022-06-12 03:15:21+02:00,95.4
2022-06-12 03:16:21+02:00,95.6
2022-06-12 03:17:22+02:00,95.7
2022-06-12 03:18:22+02:00,95.7
2022-06-12 03:19:22+02:00,95.4
2022-06-12 03:20:22+02:00,95.1
2022-06-12 03:21:22+02:00,94.7
2022-06-12 03:22:22+02:00,94.9
2022-06-12 03:23:23+02:00,94.9
2022-06-12 03:24:23+02:00,95.2
2022-06-12 03:25:23+02:00,95.4
2022-06-12 03:26:23+02:00,95.5
2022-06-12 03:27:23+02:00,95.3
2022-06-12 03:28:24+02:00,95.0
2022-06-12 03:29:24+02:00,94.9
2022-06-12 03:30:24+02:00,95.2
2022-06-12 03:31:24+02:00,95.7
2022-06-12 03:32:24+02:00,96.2
2022-06-12 03:33:24+02:00,50.0
2022-06-12 03:34:25+02:00,95.8
2022-06-12 03:35:25+02:00,95.7
2022-06-12 03:36:25+02:00,96.0
2022-06-12 03:37:25+02:00,95.7
2022-06-12 03:38:25+02:00,95.4
2022-06-12 03:39:26+02:00,95.4
2022-06-12 03:40:26+02:00,95.4
2022-06-12 03:41:26+02:00,95.6
2022-06-12 03:42:26+02:00,95.6
2022-06-12 03:43:26+02:00,95.4
2022-06-12 03:44:26+02:00,50.0
2022-06-12 03:45:27+02:00,96.1
2022-06-12 03:46:27+02:00,97.8
2022-06-12 03:47:27+02:00,99.0
2022-06-12 03:48:27+02:00,99.5
2022-06-12 03:49:27+02:00,99.4
2022-06-12 03:50:27+02:00,99.1
2022-06-12 03:51:28+02:00,94.5
2022-06-12 03:52:28+02:00,90.4
2022-06-12 03:53:28+02:00,92.4
2022-06-12 03:54:28+02:00,92.2
2022-06-12 03:55:28+02:00,92.7
2022-06-12 03:56:28+02:00,92.5
2022-06-12 03:57:29+02:00,91.3
2022-06-12 03:58:29+02:00,90.6
2022-06-12 03:59:29+02:00,88.7
2022-06-12 04:00:29+02:00,89.2
2022-06-12 04:01:29+02:00,85.9
2022-06-12 04:02:30+02:00,86.2
2022-06-12 04:03:30+02:00,84.6
2022-06-12 04:04:30+02:00,85.1
2022-06-12 04:05:30+02:00,50.0
2022-06-12 04:06:30+02:00,86.5
2022-06-12 04:07:31+02:00,91.7
2022-06-12 04:08:31+02:00,94.6
2022-06-12 04:09:31+02:00,96.7
2022-06-12 04:10:31+02:00,97.9
2022-06-12 04:11:31+02:00,98.1
2022-06-12 04:12:31+02:00,98.0
2022-06-12 04:13:32+02:00,96.2
2022-06-12 04:14:32+02:00,96.0
2022-06-12 04:15:32+02:00,96.4
2022-06-12 04:16:32+02:00,96.9
2022-06-12 04:17:32+02:00,94.2
2022-06-12 04:18:33+02:00,91.6
2022-06-12 04:19:33+02:00,90.4
2022-06-12 04:20:33+02:00,90.8
2022-06-12 04:21:33+02:00,89.8
2022-06-12 04:22:33+02:00,88.9
2022-06-12 04:23:34+02:00,50.0
2022-06-12 04:24:34+02:00,87.3
2022-06-12 04:25:34+02:00,88.1
2022-06-12 04:26:34+02:00,88.2
2022-06-12 04:27:34+02:00,88.5
2022-06-12 04:28:34+02:00,89.1
2022-06-12 04:29:35+02:00,89.2
2022-06-12 04:30:35+02:00,89.3
2022-06-12 04:31:35+02:00,88.9
2022-06-12 04:32:35+02:00,90.3
2022-06-12 04:33:35+02:00,90.9
2022-06-12 04:34:35+02:00,90.8
2022-06-12 04:35:36+02:00,89.7
2022-06-12 04:36:36+02:00,90.4
2022-06-12 04:37:36+02:00,91.3
2022-06-12 04:38:36+02:00,92.2
2022-06-12 04:39:37+02:00,92.0
2022-06-12 04:40:37+02:00,91.0
2022-06-12 04:41:37+02:00,90.7
2022-06-12 04:42:37+02:00,90.2
2022-06-12 04:43:37+02:00,89.1
2022-06-12 04:44:37+02:00,88.7
2022-06-12 04:45:38+02:00,89.6
2022-06-12 04:46:38+02:00,88.2
2022-06-12 04:47:38+02:00,50.0
2022-06-12 04:48:38+02:00,87.3
2022-06-12 04:49:38+02:00,89.2
2022-06-12 04:50:38+02:00,90.7
2022-06-12 04:51:39+02:00,91.5
2022-06-12 04:52:39+02:00,92.5
2022-06-12 04:53:39+02:00,93.2
2022-06-12 04:54:39+02:00,93.8
2022-06-12 04:55:39+02:00,94.0
2022-06-12 04:56:39+02:00,94.1
2022-06-12 04:57:40+02:00,94.3
2022-06-12 04:58:40+02:00,94.3
2022-06-12 04:59:40+02:00,94.7
2022-06-12 05:00:40+02:00,94.6
2022-06-12 05:01:40+02:00,94.5
2022-06-12 05:02:40+02:00,94.5
2022-06-12 05:03:40+02:00,50.0
2022-06-12 05:04:40+02:00,94.4
2022-06-12 05:05:40+02:00,93.4
2022-06-12 05:06:40+02:00,92.3
2022-06-12 05:07:41+02:00,91.8
2022-06-12 05:08:41+02:00,91.6
2022-06-12 05:09:41+02:00,92.1
2022-06-12 05:10:41+02:00,92.2
2022-06-12 05:11:41+02:00,91.8
2022-06-12 05:12:41+02:00,91.7
2022-06-12 05:13:41+02:00,91.6
2022-06-12 05:14:41+02:00,90.5
2022-06-12 05:15:41+02:00,89.9
2022-06-12 05:16:41+02:00,90.2
2022-06-12 05:17:41+02:00,91.4
2022-06-12 05:18:41+02:00,91.6
2022-06-12 05:19:41+02:00,91.1
2022-06-12 05:20:41+02:00,90.8
2022-06-12 05:21:41+02:00,89.8
2022-06-12 05:22:41+02:00,89.1
2022-06-12 05:23:41+02:00,89.5
2022-06-12 05:24:41+02:00,89.3
2022-06-12 05:25:41+02:00,89.9
2022-06-12 05:26:41+02:00,91.2
2022-06-12 05:27:41+02:00,91.5
2022-06-12 05:28:41+02:00,91.4
2022-06-12 05:29:41+02:00,91.3
2022-06-12 05:30:41+02:00,91.6
2022-06-12 05:31:41+02:00,50.0
2022-06-12 05:32:41+02:00,91.6
2022-06-12 05:33:41+02:00,91.0
2022-06-12 05:34:41+02:00,91.2
2022-06-12 05:35:42+02:00,91.7
2022-06-12 05:36:42+02:00,92.0
2022-06-12 05:37:42+02:00,92.4
2022-06-12 05:38:42+02:00,92.9
2022-06-12 05:39:42+02:00,93.3
2022-06-12 05:40:42+02:00,93.2
2022-06-12 05:41:42+02:00,92.8
2022-06-12 05:42:42+02:00,92.5
2022-06-12 05:43:42+02:00,92.2
2022-06-12 05:44:42+02:00,92.4
2022-06-12 05:45:43+02:00,92.5
2022-06-12 05:46:43+02:00,92.8
2022-06-12 05:47:43+02:00,92.7
2022-06-12 05:48:43+02:00,92.9
2022-06-12 05:49:43+02:00,91.9
2022-06-12 05:50:43+02:00,93.4
2022-06-12 05:51:43+02:00,92.2
2022-06-12 05:52:43+02:00,91.7
2022-06-12 05:53:43+02:00,91.5
2022-06-12 05:54:43+02:00,90.9
2022-06-12 05:55:43+02:00,90.5
2022-06-12 05:56:43+02:00,90.4
2022-06-12 05:57:44+02:00,90.7
2022-06-12 05:58:44+02:00,50.0
2022-06-12 05:59:44+02:00,92.1
2022-06-12 06:00:44+02:00,93.7
2022-06-12 06:01:44+02:00,94.4
2022-06-12 06:02:44+02:00,94.9
2022-06-12 06:03:44+02:00,50.0
2022-06-12 06:04:44+02:00,94.9
2022-06-12 06:05:44+02:00,94.9
2022-06-12 06:06:44+02:00,94.9
2022-06-12 06:07:44+02:00,95.0
2022-06-12 06:08:45+02:00,95.1
2022-06-12 06:09:45+02:00,95.7
2022-06-12 06:10:45+02:00,95.9
2022-06-12 06:11:45+02:00,50.0
2022-06-12 06:12:45+02:00,88.5
2022-06-12 06:13:45+02:00,80.1
2022-06-12 06:14:45+02:00,76.2
2022-06-12 06:15:46+02:00,76.8
2022-06-12 06:16:46+02:00,77.7
2022-06-12 06:17:46+02:00,78.8
2022-06-12 06:18:46+02:00,76.9
2022-06-12 06:19:46+02:00,80.2
2022-06-12 06:20:46+02:00,84.8
2022-06-12 06:21:47+02:00,88.5
2022-06-12 06:22:47+02:00,91.3
2022-06-12 06:23:47+02:00,93.1
2022-06-12 06:24:47+02:00,94.3
2022-06-12 06:25:47+02:00,95.2
2022-06-12 06:26:47+02:00,95.6
2022-06-12 06:27:48+02:00,95.9
2022-06-12 06:28:48+02:00,96.1
2022-06-12 06:29:48+02:00,96.1
2022-06-12 06:30:48+02:00,96.3
2022-06-12 06:31:48+02:00,96.3
2022-06-12 06:32:49+02:00,96.3
2022-06-12 06:33:49+02:00,50.0
2022-06-12 06:34:49+02:00,92.5
2022-06-12 06:35:49+02:00,50.0
2022-06-12 06:36:49+02:00,91.9
2022-06-12 06:37:50+02:00,92.5
2022-06-12 06:38:50+02:00,92.6
2022-06-12 06:39:50+02:00,92.7
2022-06-12 06:40:50+02:00,92.7
2022-06-12 06:41:50+02:00,92.7
2022-06-12 06:42:50+02:00,92.8
2022-06-12 06:43:51+02:00,92.8
2022-06-12 06:44:51+02:00,93.0
2022-06-12 06:45:51+02:00,93.0
2022-06-12 06:46:51+02:00,93.0
2022-06-12 06:47:51+02:00,93.1
2022-06-12 06:48:52+02:00,93.2
2022-06-12 06:49:52+02:00,50.0
2022-06-12 06:50:52+02:00,93.3
2022-06-12 06:51:52+02:00,95.2
2022-06-12 06:52:52+02:00,96.1
2022-06-12 06:53:53+02:00,96.6
2022-06-12 06:54:53+02:00,97.2
2022-06-12 06:55:53+02:00,97.4
2022-06-12 06:56:53+02:00,97.7
2022-06-12 06:57:53+02:00,98.1
2022-06-12 06:58:53+02:00,98.3
2022-06-12 06:59:54+02:00,98.2
2022-06-12 07:00:54+02:00,50.0
2022-06-12 07:01:54+02:00,97.4
2022-06-12 07:02:54+02:00,96.0
2022-06-12 07:03:54+02:00,94.8
2022-06-12 07:04:55+02:00,94.0
2022-06-12 07:05:55+02:00,93.3
2022-06-12 07:06:55+02:00,92.6
2022-06-12 07:07:55+02:00,50.0
2022-06-12 07:08:55+02:00,92.4
2022-06-12 07:09:56+02:00,94.3
2022-06-12 07:10:56+02:00,50.0
2022-06-12 07:11:56+02:00,50.0
2022-06-12 07:12:56+02:00,95.9
2022-06-12 07:13:56+02:00,96.5
2022-06-12 07:14:56+02:00,96.9
2022-06-12 07:15:57+02:00,96.9
2022-06-12 07:16:57+02:00,96.8
2022-06-12 07:17:57+02:00,96.6
2022-06-12 07:18:57+02:00,96.8
2022-06-12 07:19:57+02:00,97.2
2022-06-12 07:20:58+02:00,96.9
2022-06-12 07:21:58+02:00,97.0
2022-06-12 07:22:58+02:00,96.9
2022-06-12 07:23:58+02:00,96.7
2022-06-12 07:24:58+02:00,96.8
2022-06-12 07:25:59+02:00,96.8
2022-06-12 07:26:59+02:00,96.9
2022-06-12 07:27:59+02:00,95.9
2022-06-12 07:28:59+02:00,96.2
2022-06-12 07:29:59+02:00,96.4
2022-06-12 07:31:00+02:00,96.6
2022-06-12 07:32:00+02:00,96.9
2022-06-12 07:33:00+02:00,96.2
2022-06-12 07:34:00+02:00,96.7
2022-06-12 07:35:00+02:00,96.5
2022-06-12 07:36:00+02:00,97.1
2022-06-12 07:37:01+02:00,97.2
2022-06-12 07:38:01+02:00,96.8
2022-06-12 07:39:01+02:00,50.0
2022-06-12 07:40:01+02:00,97.0
2022-06-12 07:41:01+02:00,96.1
2022-06-12 07:42:01+02:00,95.6
2022-06-12 07:43:01+02:00,94.4
2022-06-12 07:44:01+02:00,94.3
2022-06-12 07:45:01+02:00,93.6
2022-06-12 07:46:02+02:00,93.5
2022-06-12 07:47:02+02:00,93.4
2022-06-12 07:48:02+02:00,93.6
2022-06-12 07:49:02+02:00,94.1
2022-06-12 07:50:02+02:00,94.8
2022-06-12 07:51:02+02:00,94.8
2022-06-12 07:52:02+02:00,94.8
2022-06-12 07:53:02+02:00,94.9
2022-06-12 07:54:03+02:00,95.1
2022-06-12 07:55:03+02:00,95.1
2022-06-12 07:56:03+02:00,95.8
2022-06-12 07:57:03+02:00,95.2
2022-06-12 07:58:03+02:00,95.0
2022-06-12 07:59:03+02:00,94.4
2022-06-12 08:00:03+02:00,94.3
2022-06-12 08:01:03+02:00,50.0
2022-06-12 08:02:03+02:00,50.0
2022-06-12 08:03:04+02:00,92.7
2022-06-12 08:04:04+02:00,93.9
2022-06-12 08:05:04+02:00,94.7
2022-06-12 08:06:04+02:00,95.0
2022-06-12 08:07:04+02:00,95.1
2022-06-12 08:08:04+02:00,95.7
2022-06-12 08:09:04+02:00,96.0
2022-06-12 08:10:04+02:00,96.2
2022-06-12 08:11:04+02:00,96.4
2022-06-12 08:12:05+02:00,96.4
2022-06-12 08:13:05+02:00,96.6
2022-06-12 08:14:05+02:00,96.7
2022-06-12 08:15:05+02:00,96.7
2022-06-12 08:16:05+02:00,96.8
2022-06-12 08:17:05+02:00,96.6
2022-06-12 08:18:05+02:00,96.7
2022-06-12 08:19:06+02:00,96.9
2022-06-12 08:20:06+02:00,96.0
2022-06-12 08:21:06+02:00,95.4
2022-06-12 08:22:06+02:00,94.8
2022-06-12 08:23:06+02:00,94.2
2022-06-12 08:24:07+02:00,93.9
2022-06-12 08:25:07+02:00,93.9
2022-06-12 08:26:07+02:00,93.5
2022-06-12 08:27:07+02:00,93.4
2022-06-12 08:28:07+02:00,93.3
2022-06-12 08:29:07+02:00,92.9
2022-06-12 08:30:08+02:00,92.5
2022-06-12 08:31:08+02:00,92.2
2022-06-12 08:32:08+02:00,92.5
2022-06-12 08:33:08+02:00,92.5
2022-06-12 08:34:08+02:00,92.3
2022-06-12 08:35:09+02:00,92.5
2022-06-12 08:36:09+02:00,92.4
2022-06-12 08:37:09+02:00,50.0
2022-06-12 08:38:09+02:00,50.0
2022-06-12 08:39:09+02:00,50.0
2022-06-12 08:40:09+02:00,94.2
2022-06-12 08:41:10+02:00,93.7
2022-06-12 08:42:10+02:00,92.8
2022-06-12 08:43:10+02:00,91.6
2022-06-12 08:44:10+02:00,86.8
2022-06-12 08:45:10+02:00,82.9
2022-06-12 08:46:11+02:00,81.2
2022-06-12 08:47:11+02:00,80.2
2022-06-12 08:48:11+02:00,80.2
2022-06-12 08:49:11+02:00,50.0
2022-06-12 08:50:11+02:00,84.9
2022-06-12 08:51:11+02:00,88.5
2022-06-12 08:52:12+02:00,91.1
2022-06-12 08:53:12+02:00,93.3
2022-06-12 08:54:12+02:00,94.6
2022-06-12 08:55:12+02:00,95.4
2022-06-12 08:56:12+02:00,96.0
2022-06-12 08:57:12+02:00,50.0
2022-06-12 08:58:13+02:00,96.6
2022-06-12 08:59:13+02:00,96.2
2022-06-12 09:00:13+02:00,96.0
2022-06-12 09:01:13+02:00,96.0
2022-06-12 09:02:13+02:00,96.0
2022-06-12 09:03:14+02:00,96.2
2022-06-12 09:04:14+02:00,96.3
2022-06-12 09:05:14+02:00,96.3
2022-06-12 09:06:14+02:00,96.5
2022-06-12 09:07:14+02:00,96.4
2022-06-12 09:08:15+02:00,96.5
2022-06-12 09:09:15+02:00,96.5
2022-06-12 09:10:15+02:00,96.5
2022-06-12 09:11:15+02:00,96.5
2022-06-12 09:12:15+02:00,96.5
2022-06-12 09:13:15+02:00,96.5
2022-06-12 09:14:16+02:00,96.8
2022-06-12 09:15:16+02:00,96.8
2022-06-12 09:16:16+02:00,96.8
2022-06-12 09:17:16+02:00,96.8
2022-06-12 09:18:16+02:00,96.7
2022-06-12 09:19:17+02:00,96.7
2022-06-12 09:20:17+02:00,96.4
2022-06-12 09:21:17+02:00,96.3
2022-06-12 09:22:17+02:00,96.4
2022-06-12 09:23:17+02:00,96.3
2022-06-12 09:24:17+02:00,96.5
2022-06-12 09:25:18+02:00,96.0
2022-06-12 09:26:18+02:00,50.0
2022-06-12 09:27:18+02:00,95.0
2022-06-12 09:28:18+02:00,93.2
2022-06-12 09:29:18+02:00,91.7
2022-06-12 09:30:18+02:00,91.2
2022-06-12 09:31:19+02:00,92.7
2022-06-12 09:32:19+02:00,94.0
2022-06-12 09:33:19+02:00,94.5
2022-06-12 09:34:19+02:00,94.6
2022-06-12 09:35:19+02:00,94.9
2022-06-12 09:36:20+02:00,95.3
2022-06-12 09:37:20+02:00,95.4
2022-06-12 09:38:20+02:00,95.5
2022-06-12 09:39:20+02:00,95.5
2022-06-12 09:40:20+02:00,95.5
2022-06-12 09:41:21+02:00,95.5
2022-06-12 09:42:21+02:00,95.6
2022-06-12 09:43:21+02:00,95.6
2022-06-12 09:44:21+02:00,95.6
2022-06-12 09:45:21+02:00,50.0
2022-06-12 09:46:21+02:00,95.7
2022-06-12 09:47:22+02:00,96.0
2022-06-12 09:48:22+02:00,50.0
2022-06-12 09:49:22+02:00,93.5
2022-06-12 09:50:22+02:00,91.6
2022-06-12 09:51:22+02:00,90.7
2022-06-12 09:52:23+02:00,90.5
2022-06-12 09:53:23+02:00,89.4
2022-06-12 09:54:23+02:00,89.7
2022-06-12 09:55:23+02:00,88.5
2022-06-12 09:56:23+02:00,87.0
2022-06-12 09:57:23+02:00,86.4
2022-06-12 09:58:24+02:00,85.8
2022-06-12 09:59:24+02:00,85.8
2022-06-12 10:00:24+02:00,50.0
2022-06-12 10:01:24+02:00,85.9
2022-06-12 10:02:24+02:00,50.0
2022-06-12 10:03:25+02:00,86.9
2022-06-12 10:04:25+02:00,87.4
2022-06-12 10:05:25+02:00,88.1
2022-06-12 10:06:25+02:00,88.6
2022-06-12 10:07:25+02:00,87.6
2022-06-12 10:08:26+02:00,86.4
2022-06-12 10:09:26+02:00,85.4
2022-06-12 10:10:26+02:00,84.9
2022-06-12 10:11:26+02:00,50.0
2022-06-12 10:12:26+02:00,86.4
2022-06-12 10:13:26+02:00,50.0
2022-06-12 10:14:27+02:00,90.2
2022-06-12 10:15:27+02:00,50.0
2022-06-12 10:16:27+02:00,50.0
2022-06-12 10:17:27+02:00,50.0
2022-06-12 10:18:27+02:00,50.0
2022-06-12 10:19:27+02:00,50.0
2022-06-12 10:20:28+02:00,50.0
2022-06-12 10:21:28+02:00,91.5
2022-06-12 10:22:28+02:00,50.0
2022-06-12 10:23:28+02:00,50.0
2022-06-12 10:24:28+02:00,92.6
2022-06-12 10:25:29+02:00,92.2
2022-06-12 10:26:29+02:00,50.0
2022-06-12 10:27:29+02:00,50.0
2022-06-12 10:28:29+02:00,92.1
2022-06-12 10:29:29+02:00,92.4
2022-06-12 10:30:29+02:00,91.6
2022-06-12 10:31:30+02:00,50.0
2022-06-12 10:32:30+02:00,92.5
2022-06-12 10:33:30+02:00,50.0
2022-06-12 10:34:30+02:00,50.0
2022-06-12 10:35:30+02:00,93.8
2022-06-12 10:36:31+02:00,92.7
2022-06-12 10:37:31+02:00,50.0
2022-06-12 10:38:31+02:00,50.0
2022-06-12 10:39:31+02:00,50.0
2022-06-12 10:40:31+02:00,50.0
2022-06-12 10:41:31+02:00,91.8
2022-06-12 10:42:32+02:00,50.0
2022-06-12 10:43:32+02:00,92.4
2022-06-12 10:44:32+02:00,50.0
2022-06-12 10:45:32+02:00,50.0
2022-06-12 10:46:32+02:00,50.0
2022-06-12 10:47:32+02:00,90.5
2022-06-13 00:31:30+02:00,96.2
2022-06-13 00:32:30+02:00,96.4
2022-06-13 00:33:30+02:00,96.7
2022-06-13 00:34:30+02:00,96.9
2022-06-13 00:35:30+02:00,96.9
2022-06-13 00:36:30+02:00,50.0
2022-06-13 00:37:30+02:00,50.0
2022-06-13 00:38:30+02:00,97.5
2022-06-13 00:39:30+02:00,97.3
2022-06-13 00:40:30+02:00,97.0
2022-06-13 00:41:31+02:00,96.7
2022-06-13 00:42:31+02:00,96.8
2022-06-13 00:43:31+02:00,96.6
2022-06-13 00:44:31+02:00,96.6
2022-06-13 00:45:31+02:00,96.6
2022-06-13 00:46:31+02:00,96.6
2022-06-13 00:47:32+02:00,96.6
2022-06-13 00:48:32+02:00,96.5
2022-06-13 00:49:32+02:00,96.4
2022-06-13 00:50:32+02:00,96.4
2022-06-13 00:51:32+02:00,96.4
2022-06-13 00:52:33+02:00,96.4
2022-06-13 00:53:33+02:00,96.4
2022-06-13 00:54:33+02:00,96.3
2022-06-13 00:55:33+02:00,96.2
2022-06-13 00:56:33+02:00,96.2
2022-06-13 00:57:33+02:00,96.2
2022-06-13 00:58:34+02:00,96.2
2022-06-13 00:59:34+02:00,96.2
2022-06-13 01:00:34+02:00,96.2
2022-06-13 01:01:34+02:00,96.2
2022-06-13 01:02:34+02:00,96.2
2022-06-13 01:03:35+02:00,96.2
2022-06-13 01:04:35+02:00,96.3
2022-06-13 01:05:35+02:00,96.3
2022-06-13 01:06:35+02:00,96.3
2022-06-13 01:07:35+02:00,96.3
2022-06-13 01:08:36+02:00,96.3
2022-06-13 01:09:36+02:00,96.2
2022-06-13 01:10:36+02:00,96.2
2022-06-13 01:11:36+02:00,96.1
2022-06-13 01:12:36+02:00,96.1
2022-06-13 01:13:36+02:00,95.8
2022-06-13 01:14:37+02:00,95.6
2022-06-13 01:15:37+02:00,95.4
2022-06-13 01:16:37+02:00,95.3
2022-06-13 01:17:37+02:00,95.5
2022-06-13 01:18:37+02:00,95.6
2022-06-13 01:19:38+02:00,95.5
2022-06-13 01:20:38+02:00,95.6
2022-06-13 01:21:38+02:00,95.8
2022-06-13 01:22:38+02:00,95.8
2022-06-13 01:23:38+02:00,96.1
2022-06-13 01:24:38+02:00,96.1
2022-06-13 01:25:39+02:00,96.0
2022-06-13 01:26:39+02:00,95.9
2022-06-13 01:27:39+02:00,95.7
2022-06-13 01:28:39+02:00,50.0
2022-06-13 01:29:39+02:00,93.6
2022-06-13 01:30:39+02:00,90.6
2022-06-13 01:31:40+02:00,90.0
2022-06-13 01:32:40+02:00,89.6
2022-06-13 01:33:40+02:00,50.0
2022-06-13 01:34:40+02:00,91.8
2022-06-13 01:35:40+02:00,93.8
2022-06-13 01:36:40+02:00,94.8
2022-06-13 01:37:40+02:00,95.4
2022-06-13 01:38:40+02:00,95.9
2022-06-13 01:39:40+02:00,96.3
2022-06-13 01:40:40+02:00,96.6
2022-06-13 01:41:41+02:00,96.8
2022-06-13 01:42:41+02:00,50.0
2022-06-13 01:43:41+02:00,50.0
2022-06-13 01:44:41+02:00,50.0
2022-06-13 01:45:41+02:00,96.5
2022-06-13 01:46:41+02:00,96.0
2022-06-13 01:47:41+02:00,50.0
2022-06-13 01:48:41+02:00,96.0
2022-06-13 01:49:41+02:00,95.3
2022-06-13 01:50:41+02:00,94.6
2022-06-13 01:51:41+02:00,94.1
2022-06-13 01:52:41+02:00,92.9
2022-06-13 01:53:42+02:00,92.2
2022-06-13 01:54:42+02:00,91.4
2022-06-13 01:55:42+02:00,90.7
2022-06-13 01:56:42+02:00,90.5
2022-06-13 01:57:42+02:00,90.2
2022-06-13 01:58:42+02:00,90.8
2022-06-13 01:59:42+02:00,90.7
2022-06-13 02:00:42+02:00,90.7
2022-06-13 02:00:42+02:00,90.7
2022-06-13 02:01:42+02:00,90.9
2022-06-13 02:02:43+02:00,91.0
2022-06-13 02:03:43+02:00,91.3
2022-06-13 02:04:43+02:00,91.2
2022-06-13 02:05:43+02:00,91.2
2022-06-13 02:06:43+02:00,91.4
2022-06-13 02:07:43+02:00,91.6
2022-06-13 02:08:43+02:00,92.2
2022-06-13 02:09:43+02:00,92.6
2022-06-13 02:10:43+02:00,93.1
2022-06-13 02:11:43+02:00,93.3
2022-06-13 02:12:43+02:00,93.9
2022-06-13 02:13:44+02:00,94.1
2022-06-13 02:14:44+02:00,94.2
2022-06-13 02:15:44+02:00,94.8
2022-06-13 02:16:44+02:00,94.5
2022-06-13 02:17:44+02:00,94.7
2022-06-13 02:18:44+02:00,94.5
2022-06-13 02:19:44+02:00,94.6
2022-06-13 02:20:44+02:00,94.8
2022-06-13 02:21:44+02:00,94.5
2022-06-13 02:22:44+02:00,94.2
2022-06-13 02:23:44+02:00,94.5
2022-06-13 02:24:44+02:00,94.4
2022-06-13 02:25:44+02:00,50.0
2022-06-13 02:26:44+02:00,94.5
2022-06-13 02:27:45+02:00,91.1
2022-06-13 02:28:45+02:00,89.1
2022-06-13 02:29:45+02:00,87.3
2022-06-13 02:30:45+02:00,87.6
2022-06-13 02:31:45+02:00,87.7
2022-06-13 02:32:45+02:00,87.3
2022-06-13 02:33:45+02:00,87.5
2022-06-13 02:34:45+02:00,87.3
2022-06-13 02:35:45+02:00,86.8
2022-06-13 02:36:45+02:00,86.1
2022-06-13 02:37:45+02:00,85.5
2022-06-13 02:38:46+02:00,86.1
2022-06-13 02:39:46+02:00,87.5
2022-06-13 02:40:46+02:00,87.1
2022-06-13 02:41:46+02:00,88.2
2022-06-13 02:42:46+02:00,88.5
2022-06-13 02:43:46+02:00,87.6
2022-06-13 02:44:47+02:00,88.6
2022-06-13 02:45:47+02:00,89.0
2022-06-13 02:46:47+02:00,89.2
2022-06-13 02:47:47+02:00,88.4
2022-06-13 02:48:47+02:00,89.0
2022-06-13 02:49:48+02:00,90.4
2022-06-13 02:50:48+02:00,50.0
2022-06-13 02:51:48+02:00,90.2
2022-06-13 02:52:48+02:00,90.3
2022-06-13 02:53:48+02:00,89.6
2022-06-13 02:54:49+02:00,89.6
2022-06-13 02:55:49+02:00,89.6
2022-06-13 02:56:49+02:00,90.3
2022-06-13 02:57:49+02:00,89.6
2022-06-13 02:58:49+02:00,89.6
2022-06-13 02:59:49+02:00,89.0
2022-06-13 03:00:50+02:00,90.1
2022-06-13 03:01:50+02:00,89.9
2022-06-13 03:02:50+02:00,50.0
2022-06-13 03:03:50+02:00,89.8
2022-06-13 03:04:50+02:00,88.9
2022-06-13 03:05:51+02:00,88.2
2022-06-13 03:06:51+02:00,87.1
2022-06-13 03:07:51+02:00,50.0
2022-06-13 03:08:51+02:00,86.9
2022-06-13 03:09:51+02:00,87.4
2022-06-13 03:10:51+02:00,87.7
2022-06-13 03:11:52+02:00,87.1
2022-06-13 03:12:52+02:00,87.0
2022-06-13 03:13:52+02:00,86.8
2022-06-13 03:14:52+02:00,85.8
2022-06-13 03:15:52+02:00,83.9
2022-06-13 03:16:53+02:00,83.9
2022-06-13 03:17:53+02:00,86.2
2022-06-13 03:18:53+02:00,84.5
2022-06-13 03:19:53+02:00,83.8
2022-06-13 03:20:53+02:00,85.3
2022-06-13 03:21:54+02:00,86.2
2022-06-13 03:22:54+02:00,88.5
2022-06-13 03:23:54+02:00,50.0
2022-06-13 03:24:54+02:00,90.8
2022-06-13 03:25:54+02:00,93.3
2022-06-13 03:26:54+02:00,94.8
2022-06-13 03:27:55+02:00,95.8
2022-06-13 03:28:55+02:00,96.5
2022-06-13 03:29:55+02:00,97.1
2022-06-13 03:30:55+02:00,97.3
2022-06-13 03:31:55+02:00,97.6
2022-06-13 03:32:56+02:00,97.7
2022-06-13 03:33:56+02:00,97.9
2022-06-13 03:34:56+02:00,98.1
2022-06-13 03:35:56+02:00,98.1
2022-06-13 03:36:56+02:00,98.1
2022-06-13 03:37:57+02:00,98.2
2022-06-13 03:38:57+02:00,98.1
2022-06-13 03:39:57+02:00,98.2
2022-06-13 03:40:57+02:00,98.2
2022-06-13 03:41:57+02:00,98.2
2022-06-13 03:42:57+02:00,98.2
2022-06-13 03:43:58+02:00,98.2
2022-06-13 03:44:58+02:00,98.2
2022-06-13 03:45:58+02:00,98.2
2022-06-13 03:46:58+02:00,98.2
2022-06-13 03:47:58+02:00,98.2
2022-06-13 03:48:59+02:00,98.2
2022-06-13 03:49:59+02:00,98.1
2022-06-13 03:50:59+02:00,98.0
2022-06-13 03:51:59+02:00,98.0
2022-06-13 03:52:59+02:00,98.0
2022-06-13 03:53:59+02:00,97.9
2022-06-13 03:55:00+02:00,97.9
2022-06-13 03:56:00+02:00,97.9
2022-06-13 03:57:00+02:00,97.9
2022-06-13 03:58:00+02:00,98.0
2022-06-13 03:59:00+02:00,97.6
2022-06-13 04:00:00+02:00,97.2
2022-06-13 04:01:00+02:00,97.1
2022-06-13 04:02:00+02:00,96.6
2022-06-13 04:03:01+02:00,96.4
2022-06-13 04:04:01+02:00,96.3
2022-06-13 04:05:01+02:00,96.2
2022-06-13 04:06:01+02:00,96.2
2022-06-13 04:07:01+02:00,96.2
2022-06-13 04:08:01+02:00,96.0
2022-06-13 04:09:01+02:00,96.0
2022-06-13 04:10:01+02:00,96.1
2022-06-13 04:11:01+02:00,96.4
2022-06-13 04:12:02+02:00,96.5
2022-06-13 04:13:02+02:00,96.6
2022-06-13 04:14:02+02:00,96.6
2022-06-13 04:15:02+02:00,96.7
2022-06-13 04:16:02+02:00,96.8
2022-06-13 04:17:02+02:00,96.7
2022-06-13 04:18:03+02:00,96.7
2022-06-13 04:19:03+02:00,96.7
2022-06-13 04:20:03+02:00,96.7
2022-06-13 04:21:03+02:00,96.7
2022-06-13 04:22:03+02:00,96.8
2022-06-13 04:23:03+02:00,96.3
2022-06-13 04:24:03+02:00,96.3
2022-06-13 04:25:04+02:00,96.5
2022-06-13 04:26:04+02:00,96.9
2022-06-13 04:27:04+02:00,96.6
2022-06-13 04:28:04+02:00,96.4
2022-06-13 04:29:04+02:00,96.6
2022-06-13 04:30:04+02:00,96.6
2022-06-13 04:31:04+02:00,96.5
2022-06-13 04:32:04+02:00,96.4
2022-06-13 04:33:05+02:00,96.4
2022-06-13 04:34:05+02:00,96.6
2022-06-13 04:35:05+02:00,97.0
2022-06-13 04:36:05+02:00,96.6
2022-06-13 04:37:05+02:00,96.5
2022-06-13 04:38:05+02:00,96.3
2022-06-13 04:39:06+02:00,96.3
2022-06-13 04:40:06+02:00,96.5
2022-06-13 04:41:06+02:00,96.6
2022-06-13 04:42:06+02:00,96.8
2022-06-13 04:43:06+02:00,96.6
2022-06-13 04:44:06+02:00,96.7
2022-06-13 04:45:07+02:00,96.3
2022-06-13 04:46:07+02:00,96.3
2022-06-13 04:47:07+02:00,96.4
2022-06-13 04:48:07+02:00,96.3
2022-06-13 04:49:07+02:00,50.0
2022-06-13 04:50:08+02:00,96.5
2022-06-13 04:51:08+02:00,96.7
2022-06-13 04:52:08+02:00,96.0
2022-06-13 04:53:08+02:00,96.6
2022-06-13 04:54:08+02:00,96.3
2022-06-13 04:55:08+02:00,95.8
2022-06-13 04:56:09+02:00,94.1
2022-06-13 04:57:09+02:00,50.0
2022-06-13 04:58:09+02:00,94.5
2022-06-13 04:59:09+02:00,50.0
2022-06-13 05:00:09+02:00,90.9
2022-06-13 05:01:10+02:00,89.1
2022-06-13 05:02:10+02:00,87.8
2022-06-13 05:03:10+02:00,87.2
2022-06-13 05:04:10+02:00,86.6
2022-06-13 05:05:10+02:00,85.5
2022-06-13 05:06:11+02:00,85.6
2022-06-13 05:07:11+02:00,85.0
2022-06-13 05:08:11+02:00,84.4
2022-06-13 05:09:11+02:00,84.8
2022-06-13 05:10:11+02:00,84.9
2022-06-13 05:11:11+02:00,84.6
2022-06-13 05:12:12+02:00,84.3
2022-06-13 05:13:12+02:00,85.4
2022-06-13 05:14:12+02:00,85.9
2022-06-13 05:15:12+02:00,85.6
2022-06-13 05:16:12+02:00,85.7
2022-06-13 05:17:13+02:00,85.7
2022-06-13 05:18:13+02:00,86.7
2022-06-13 05:19:13+02:00,86.8
2022-06-13 05:20:13+02:00,87.3
2022-06-13 05:21:13+02:00,88.4
2022-06-13 05:22:14+02:00,86.9
2022-06-13 05:23:14+02:00,86.4
2022-06-13 05:24:14+02:00,87.1
2022-06-13 05:25:14+02:00,87.9
2022-06-13 05:26:14+02:00,87.2
2022-06-13 05:27:14+02:00,88.5
2022-06-13 05:28:15+02:00,87.7
2022-06-13 05:29:15+02:00,89.1
2022-06-13 05:30:15+02:00,90.0
2022-06-13 05:31:15+02:00,89.0
2022-06-13 05:32:15+02:00,88.3
2022-06-13 05:33:15+02:00,87.5
2022-06-13 05:34:16+02:00,83.4
2022-06-13 05:35:16+02:00,84.1
2022-06-13 05:36:16+02:00,85.2
2022-06-13 05:37:16+02:00,82.7
2022-06-13 05:38:16+02:00,84.5
2022-06-13 05:39:17+02:00,83.1
2022-06-13 05:40:17+02:00,50.0
2022-06-13 05:41:17+02:00,83.6
2022-06-13 05:42:17+02:00,84.0
2022-06-13 05:43:17+02:00,85.0
2022-06-13 05:44:18+02:00,85.6
2022-06-13 05:45:18+02:00,85.4
2022-06-13 05:46:18+02:00,85.9
2022-06-13 05:47:18+02:00,85.2
2022-06-13 05:48:18+02:00,85.6
2022-06-13 05:49:18+02:00,87.5
2022-06-13 05:50:19+02:00,87.2
2022-06-13 05:51:19+02:00,87.9
2022-06-13 05:52:19+02:00,87.6
2022-06-13 05:53:19+02:00,50.0
2022-06-13 05:54:19+02:00,91.9
2022-06-13 05:55:19+02:00,94.4
2022-06-13 05:56:20+02:00,96.1
2022-06-13 05:57:20+02:00,97.0
2022-06-13 05:58:20+02:00,98.0
2022-06-13 05:59:20+02:00,98.5
2022-06-13 06:00:20+02:00,98.7
2022-06-13 06:01:21+02:00,98.8
2022-06-13 06:02:21+02:00,98.9
2022-06-13 06:03:21+02:00,99.2
2022-06-13 06:04:21+02:00,99.4
2022-06-13 06:05:21+02:00,99.6
2022-06-13 06:06:22+02:00,99.6
2022-06-13 06:07:22+02:00,100.0
2022-06-13 06:08:22+02:00,99.8
2022-06-13 06:09:22+02:00,99.5
2022-06-13 06:10:22+02:00,99.7
2022-06-13 06:11:22+02:00,99.9
2022-06-13 06:12:23+02:00,100.0
2022-06-13 06:13:23+02:00,100.0
2022-06-13 06:14:23+02:00,100.0
2022-06-13 06:15:23+02:00,99.8
2022-06-13 06:16:23+02:00,98.6
2022-06-13 06:17:23+02:00,98.0
2022-06-13 06:18:24+02:00,99.0
2022-06-13 06:19:24+02:00,99.7
2022-06-13 06:20:24+02:00,99.7
2022-06-13 06:21:24+02:00,50.0
2022-06-13 06:22:24+02:00,95.6
2022-06-13 06:23:25+02:00,90.9
2022-06-13 06:24:25+02:00,87.6
2022-06-13 06:25:25+02:00,85.8
2022-06-13 06:26:25+02:00,83.6
2022-06-13 06:27:25+02:00,83.1
2022-06-13 06:28:25+02:00,82.3
2022-06-13 06:29:26+02:00,81.4
2022-06-13 06:30:26+02:00,80.9
2022-06-13 06:31:26+02:00,81.0
2022-06-13 06:32:26+02:00,50.0
2022-06-13 06:33:26+02:00,84.0
2022-06-13 06:34:26+02:00,88.0
2022-06-13 06:35:27+02:00,90.9
2022-06-13 06:36:27+02:00,92.5
2022-06-13 06:37:27+02:00,93.6
2022-06-13 06:38:27+02:00,50.0
2022-06-13 06:39:27+02:00,94.3
2022-06-13 06:40:28+02:00,94.7
2022-06-13 06:41:28+02:00,95.0
2022-06-13 06:42:28+02:00,95.2
2022-06-13 06:43:28+02:00,95.3
2022-06-13 06:44:28+02:00,95.4
2022-06-13 06:45:28+02:00,95.6
2022-06-13 06:46:29+02:00,95.5
2022-06-13 06:47:29+02:00,95.5
2022-06-13 06:48:29+02:00,95.5
2022-06-13 06:49:29+02:00,95.7
2022-06-13 06:50:29+02:00,95.6
2022-06-13 06:51:30+02:00,95.7
2022-06-13 06:52:30+02:00,95.7
2022-06-13 06:53:30+02:00,95.5
2022-06-13 06:54:30+02:00,95.5
2022-06-13 06:55:30+02:00,95.6
2022-06-13 06:56:30+02:00,95.6
2022-06-13 06:57:31+02:00,95.5
2022-06-13 06:58:31+02:00,95.4
2022-06-13 06:59:31+02:00,95.4
2022-06-13 07:00:31+02:00,95.6
2022-06-13 07:01:31+02:00,95.4
2022-06-13 07:02:32+02:00,50.0
2022-06-13 07:03:32+02:00,96.0
2022-06-13 07:04:32+02:00,95.5
2022-06-13 07:05:32+02:00,95.7
2022-06-13 07:06:32+02:00,95.4
2022-06-13 07:07:32+02:00,94.6
2022-06-13 07:08:33+02:00,91.6
2022-06-13 07:09:33+02:00,90.8
2022-06-13 07:10:33+02:00,88.5
2022-06-13 07:11:33+02:00,87.6
2022-06-13 07:12:33+02:00,84.8
2022-06-13 07:13:34+02:00,84.8
2022-06-13 07:14:34+02:00,50.0
2022-06-13 07:15:34+02:00,88.5
2022-06-13 07:16:34+02:00,94.0
2022-06-13 07:17:34+02:00,96.7
2022-06-13 07:18:34+02:00,98.4
2022-06-13 07:19:35+02:00,98.9
2022-06-13 07:20:35+02:00,99.1
2022-06-13 07:21:35+02:00,98.5
2022-06-13 07:22:35+02:00,98.9
2022-06-13 07:23:35+02:00,50.0
2022-06-13 07:24:36+02:00,98.7
2022-06-13 07:25:36+02:00,97.5
2022-06-13 07:26:36+02:00,96.6
2022-06-13 07:27:36+02:00,96.0
2022-06-13 07:28:36+02:00,95.8
2022-06-13 07:29:36+02:00,95.8
2022-06-13 07:30:37+02:00,96.2
2022-06-13 07:31:37+02:00,96.5
2022-06-13 07:32:37+02:00,50.0
2022-06-13 07:33:37+02:00,50.0
2022-06-13 07:34:37+02:00,94.9
2022-06-13 07:35:37+02:00,50.0
2022-06-13 07:36:38+02:00,50.0
2022-06-13 07:37:38+02:00,50.0
2022-06-13 07:38:38+02:00,94.6
2022-06-13 07:39:38+02:00,50.0
2022-06-13 07:40:38+02:00,94.5
2022-06-13 07:41:38+02:00,50.0
2022-06-13 07:42:39+02:00,50.0
2022-06-13 07:43:39+02:00,50.0
2022-06-13 07:44:39+02:00,94.2
2022-06-13 07:45:39+02:00,50.0
2022-06-13 07:46:39+02:00,50.0
2022-06-13 07:47:40+02:00,50.0
2022-06-13 07:48:40+02:00,50.0
2022-06-13 07:49:40+02:00,50.0
2022-06-13 07:50:40+02:00,92.9
2022-06-13 07:51:40+02:00,50.0
2022-06-13 07:52:40+02:00,50.0
2022-06-13 07:53:40+02:00,50.0
2022-06-13 07:54:40+02:00,50.0
2022-06-13 07:55:40+02:00,50.0
2022-06-13 07:56:40+02:00,50.0
2022-06-13 07:57:40+02:00,50.0
2022-06-13 07:58:40+02:00,92.2
2022-06-13 07:59:40+02:00,91.7
2022-06-13 08:00:41+02:00,50.0
2022-06-13 08:01:41+02:00,91.9
2022-06-13 08:02:41+02:00,50.0
2022-06-13 08:03:41+02:00,89.8
2022-06-13 08:04:41+02:00,50.0
2022-06-13 08:05:41+02:00,89.1
2022-06-13 08:06:41+02:00,50.0
2022-06-13 08:07:41+02:00,89.5
2022-06-13 08:08:41+02:00,50.0
2022-06-14 00:40:30+02:00,50.0
2022-06-14 00:41:30+02:00,82.4
2022-06-14 00:42:30+02:00,82.2
2022-06-14 00:43:30+02:00,81.4
2022-06-14 00:44:30+02:00,82.4
2022-06-14 00:45:30+02:00,81.1
2022-06-14 00:46:30+02:00,81.2
2022-06-14 00:47:30+02:00,80.8
2022-06-14 00:48:30+02:00,50.0
2022-06-14 00:49:30+02:00,80.1
2022-06-14 00:50:31+02:00,85.8
2022-06-14 00:51:31+02:00,89.5
2022-06-14 00:52:31+02:00,91.3
2022-06-14 00:53:31+02:00,91.6
2022-06-14 00:54:31+02:00,91.8
2022-06-14 00:55:31+02:00,91.3
2022-06-14 00:56:32+02:00,91.2
2022-06-14 00:57:32+02:00,90.8
2022-06-14 00:58:32+02:00,90.5
2022-06-14 00:59:32+02:00,90.7
2022-06-14 01:00:32+02:00,90.5
2022-06-14 01:01:33+02:00,90.5
2022-06-14 01:02:33+02:00,90.4
2022-06-14 01:03:33+02:00,90.4
2022-06-14 01:04:33+02:00,91.2
2022-06-14 01:05:33+02:00,91.2
2022-06-14 01:06:33+02:00,91.2
2022-06-14 01:07:34+02:00,91.0
2022-06-14 01:08:34+02:00,90.9
2022-06-14 01:09:34+02:00,91.7
2022-06-14 01:10:34+02:00,91.9
2022-06-14 01:11:34+02:00,91.9
2022-06-14 01:12:35+02:00,91.9
2022-06-14 01:13:35+02:00,50.0
2022-06-14 01:14:35+02:00,87.9
2022-06-14 01:15:35+02:00,84.8
2022-06-14 01:16:35+02:00,80.1
2022-06-14 01:17:35+02:00,79.8
2022-06-14 01:18:36+02:00,82.4
2022-06-14 01:19:36+02:00,84.9
2022-06-14 01:20:36+02:00,50.0
2022-06-14 01:21:36+02:00,83.4
2022-06-14 01:22:36+02:00,82.2
2022-06-14 01:23:37+02:00,83.8
2022-06-14 01:24:37+02:00,82.8
2022-06-14 01:25:37+02:00,83.2
2022-06-14 01:26:37+02:00,82.5
2022-06-14 01:27:37+02:00,84.1
2022-06-14 01:28:37+02:00,83.7
2022-06-14 01:29:38+02:00,50.0
2022-06-14 01:30:38+02:00,86.3
2022-06-14 01:31:38+02:00,87.6
2022-06-14 01:32:38+02:00,50.0
2022-06-14 01:33:38+02:00,89.2
2022-06-14 01:34:39+02:00,50.0
2022-06-14 01:35:39+02:00,50.0
2022-06-14 01:36:39+02:00,83.6
2022-06-14 01:37:39+02:00,80.5
2022-06-14 01:38:39+02:00,80.1
2022-06-14 01:39:39+02:00,75.9
2022-06-14 01:40:40+02:00,76.7
2022-06-14 01:41:40+02:00,50.0
2022-06-14 01:42:40+02:00,76.1
2022-06-14 01:43:40+02:00,78.4
2022-06-14 01:44:40+02:00,50.0
2022-06-14 01:45:40+02:00,79.8
2022-06-14 01:46:40+02:00,79.7
2022-06-14 01:47:40+02:00,80.3
2022-06-14 01:48:40+02:00,81.8
2022-06-14 01:49:40+02:00,50.0
2022-06-14 01:50:41+02:00,82.7
2022-06-14 01:51:41+02:00,84.0
2022-06-14 01:52:41+02:00,83.6
2022-06-14 01:53:41+02:00,83.0
2022-06-14 01:54:41+02:00,82.9
2022-06-14 01:55:41+02:00,82.7
2022-06-14 01:56:41+02:00,81.9
2022-06-14 01:57:41+02:00,81.5
2022-06-14 01:58:41+02:00,81.1
2022-06-14 01:59:41+02:00,80.9
2022-06-14 02:00:41+02:00,80.7
2022-06-14 02:00:41+02:00,80.7
2022-06-14 02:01:41+02:00,80.6
2022-06-14 02:02:41+02:00,81.0
2022-06-14 02:03:41+02:00,81.6
2022-06-14 02:04:41+02:00,81.4
2022-06-14 02:05:42+02:00,81.1
2022-06-14 02:06:42+02:00,81.4
2022-06-14 02:07:42+02:00,80.9
2022-06-14 02:08:42+02:00,80.9
2022-06-14 02:09:42+02:00,80.7
2022-06-14 02:10:42+02:00,80.8
2022-06-14 02:11:42+02:00,81.1
2022-06-14 02:12:42+02:00,80.7
2022-06-14 02:13:42+02:00,80.5
2022-06-14 02:14:42+02:00,81.2
2022-06-14 02:15:42+02:00,80.9
2022-06-14 02:16:43+02:00,81.0
2022-06-14 02:17:43+02:00,81.0
2022-06-14 02:18:43+02:00,81.0
2022-06-14 02:19:43+02:00,81.1
2022-06-14 02:20:43+02:00,81.3
2022-06-14 02:21:43+02:00,81.4
2022-06-14 02:22:43+02:00,81.6
2022-06-14 02:23:43+02:00,81.3
2022-06-14 02:24:43+02:00,81.4
2022-06-14 02:25:43+02:00,81.6
2022-06-14 02:26:43+02:00,81.5
2022-06-14 02:27:43+02:00,50.0
2022-06-14 02:28:43+02:00,81.2
2022-06-14 02:29:44+02:00,79.8
2022-06-14 02:30:44+02:00,50.0
2022-06-14 02:31:44+02:00,79.6
2022-06-14 02:32:44+02:00,79.0
2022-06-14 02:33:44+02:00,78.7
2022-06-14 02:34:44+02:00,78.8
2022-06-14 02:35:44+02:00,78.7
2022-06-14 02:36:44+02:00,78.4
2022-06-14 02:37:44+02:00,78.3
2022-06-14 02:38:44+02:00,78.4
2022-06-14 02:39:44+02:00,78.1
2022-06-14 02:40:44+02:00,78.1
2022-06-14 02:41:44+02:00,78.1
2022-06-14 02:42:45+02:00,78.0
2022-06-14 02:43:45+02:00,77.7
2022-06-14 02:44:45+02:00,77.6
2022-06-14 02:45:45+02:00,77.6
2022-06-14 02:46:45+02:00,77.2
2022-06-14 02:47:45+02:00,77.1
2022-06-14 02:48:45+02:00,76.9
2022-06-14 02:49:45+02:00,77.4
2022-06-14 02:50:45+02:00,77.6
2022-06-14 02:51:45+02:00,50.0
2022-06-14 02:52:45+02:00,77.6
2022-06-14 02:53:46+02:00,77.2
2022-06-14 02:54:46+02:00,77.1
2022-06-14 02:55:46+02:00,77.1
2022-06-14 02:56:46+02:00,78.6
2022-06-14 02:57:46+02:00,79.3
2022-06-14 02:58:47+02:00,79.7
2022-06-14 02:59:47+02:00,79.7
2022-06-14 03:00:47+02:00,79.8
2022-06-14 03:01:47+02:00,79.8
2022-06-14 03:02:47+02:00,79.9
2022-06-14 03:03:48+02:00,79.8
2022-06-14 03:04:48+02:00,80.1
2022-06-14 03:05:48+02:00,80.2
2022-06-14 03:06:48+02:00,80.5
2022-06-14 03:07:48+02:00,50.0
2022-06-14 03:08:49+02:00,81.1
2022-06-14 03:09:49+02:00,50.0
2022-06-14 03:10:49+02:00,82.1
2022-06-14 03:11:49+02:00,83.0
2022-06-14 03:12:49+02:00,85.0
2022-06-14 03:13:49+02:00,85.9
2022-06-14 03:14:50+02:00,87.4
2022-06-14 03:15:50+02:00,89.1
2022-06-14 03:16:50+02:00,91.3
2022-06-14 03:17:50+02:00,92.8
2022-06-14 03:18:50+02:00,93.5
2022-06-14 03:19:51+02:00,94.0
2022-06-14 03:20:51+02:00,94.6
2022-06-14 03:21:51+02:00,95.2
2022-06-14 03:22:51+02:00,95.3
2022-06-14 03:23:51+02:00,95.7
2022-06-14 03:24:51+02:00,97.5
2022-06-14 03:25:52+02:00,98.8
2022-06-14 03:26:52+02:00,98.9
2022-06-14 03:27:52+02:00,99.1
2022-06-14 03:28:52+02:00,99.1
2022-06-14 03:29:52+02:00,99.1
2022-06-14 03:30:53+02:00,99.0
2022-06-14 03:31:53+02:00,98.8
2022-06-14 03:32:53+02:00,98.5
2022-06-14 03:33:53+02:00,97.9
2022-06-14 03:34:53+02:00,97.4
2022-06-14 03:35:53+02:00,96.5
2022-06-14 03:36:54+02:00,97.1
2022-06-14 03:37:54+02:00,97.8
2022-06-14 03:38:54+02:00,50.0
2022-06-14 03:39:54+02:00,94.2
2022-06-14 03:40:54+02:00,93.4
2022-06-14 03:41:55+02:00,92.9
2022-06-14 03:42:55+02:00,92.5
2022-06-14 03:43:55+02:00,91.9
2022-06-14 03:44:55+02:00,91.6
2022-06-14 03:45:55+02:00,92.8
2022-06-14 03:46:56+02:00,92.7
2022-06-14 03:47:56+02:00,92.6
2022-06-14 03:48:56+02:00,92.8
2022-06-14 03:49:56+02:00,92.8
2022-06-14 03:50:56+02:00,92.9
2022-06-14 03:51:57+02:00,93.7
2022-06-14 03:52:57+02:00,94.0
2022-06-14 03:53:57+02:00,93.8
2022-06-14 03:54:57+02:00,93.5
2022-06-14 03:55:57+02:00,94.2
2022-06-14 03:56:57+02:00,94.7
2022-06-14 03:57:58+02:00,94.5
2022-06-14 03:58:58+02:00,94.0
2022-06-14 03:59:58+02:00,94.4
2022-06-14 04:00:58+02:00,93.9
2022-06-14 04:01:58+02:00,94.0
2022-06-14 04:02:59+02:00,93.5
2022-06-14 04:03:59+02:00,93.7
2022-06-14 04:04:59+02:00,93.3
2022-06-14 04:05:59+02:00,94.3
2022-06-14 04:06:59+02:00,94.1
2022-06-14 04:08:00+02:00,95.6
2022-06-14 04:09:00+02:00,95.1
2022-06-14 04:10:00+02:00,95.5
2022-06-14 04:11:00+02:00,96.7
2022-06-14 04:12:00+02:00,96.1
2022-06-14 04:13:00+02:00,96.3
2022-06-14 04:14:00+02:00,94.7
2022-06-14 04:15:00+02:00,92.5
2022-06-14 04:16:01+02:00,92.5
2022-06-14 04:17:01+02:00,50.0
2022-06-14 04:18:01+02:00,90.6
2022-06-14 04:19:01+02:00,88.3
2022-06-14 04:20:01+02:00,84.7
2022-06-14 04:21:01+02:00,85.0
2022-06-14 04:22:01+02:00,84.4
2022-06-14 04:23:01+02:00,50.0
2022-06-14 04:24:02+02:00,87.2
2022-06-14 04:25:02+02:00,90.1
2022-06-14 04:26:02+02:00,92.4
2022-06-14 04:27:02+02:00,93.8
2022-06-14 04:28:02+02:00,94.7
2022-06-14 04:29:02+02:00,95.5
2022-06-14 04:30:02+02:00,95.7
2022-06-14 04:31:03+02:00,96.1
2022-06-14 04:32:03+02:00,96.1
2022-06-14 04:33:03+02:00,50.0
2022-06-14 04:34:03+02:00,97.3
2022-06-14 04:35:03+02:00,98.1
2022-06-14 04:36:03+02:00,97.8
2022-06-14 04:37:03+02:00,98.3
2022-06-14 04:38:04+02:00,98.7
2022-06-14 04:39:04+02:00,99.0
2022-06-14 04:40:04+02:00,99.0
2022-06-14 04:41:04+02:00,99.1
2022-06-14 04:42:04+02:00,99.0
2022-06-14 04:43:04+02:00,99.1
2022-06-14 04:44:04+02:00,99.1
2022-06-14 04:45:05+02:00,98.8
2022-06-14 04:46:05+02:00,98.9
2022-06-14 04:47:05+02:00,99.0
2022-06-14 04:48:05+02:00,98.9
2022-06-14 04:49:05+02:00,98.7
2022-06-14 04:50:05+02:00,98.8
2022-06-14 04:51:05+02:00,98.9
2022-06-14 04:52:06+02:00,98.8
2022-06-14 04:53:06+02:00,98.6
2022-06-14 04:54:06+02:00,97.8
2022-06-14 04:55:06+02:00,97.7
2022-06-14 04:56:06+02:00,97.5
2022-06-14 04:57:06+02:00,96.7
2022-06-14 04:58:07+02:00,96.3
2022-06-14 04:59:07+02:00,96.5
2022-06-14 05:00:07+02:00,96.3
2022-06-14 05:01:07+02:00,95.1
2022-06-14 05:02:07+02:00,94.3
2022-06-14 05:03:08+02:00,94.1
2022-06-14 05:04:08+02:00,93.8
2022-06-14 05:05:08+02:00,93.5
2022-06-14 05:06:08+02:00,93.3
2022-06-14 05:07:08+02:00,93.2
2022-06-14 05:08:09+02:00,93.2
2022-06-14 05:09:09+02:00,92.8
2022-06-14 05:10:09+02:00,92.6
2022-06-14 05:11:09+02:00,92.4
2022-06-14 05:12:09+02:00,92.3
2022-06-14 05:13:09+02:00,50.0
2022-06-14 05:14:10+02:00,92.7
2022-06-14 05:15:10+02:00,94.3
2022-06-14 05:16:10+02:00,95.2
2022-06-14 05:17:10+02:00,95.7
2022-06-14 05:18:10+02:00,96.0
2022-06-14 05:19:11+02:00,96.2
2022-06-14 05:20:11+02:00,96.4
2022-06-14 05:21:11+02:00,96.6
2022-06-14 05:22:11+02:00,96.8
2022-06-14 05:23:11+02:00,97.1
2022-06-14 05:24:12+02:00,97.2
2022-06-14 05:25:12+02:00,97.5
2022-06-14 05:26:12+02:00,97.7
2022-06-14 05:27:12+02:00,97.7
2022-06-14 05:28:12+02:00,98.0
2022-06-14 05:29:12+02:00,97.9
2022-06-14 05:30:13+02:00,98.0
2022-06-14 05:31:13+02:00,98.0
2022-06-14 05:32:13+02:00,98.1
2022-06-14 05:33:13+02:00,98.0
2022-06-14 05:34:13+02:00,97.9
2022-06-14 05:35:14+02:00,50.0
2022-06-14 05:36:14+02:00,96.3
2022-06-14 05:37:14+02:00,91.4
2022-06-14 05:38:14+02:00,89.7
2022-06-14 05:39:14+02:00,50.0
2022-06-14 05:40:14+02:00,89.2
2022-06-14 05:41:15+02:00,87.7
2022-06-14 05:42:15+02:00,85.7
2022-06-14 05:43:15+02:00,89.3
2022-06-14 05:44:15+02:00,91.3
2022-06-14 05:45:15+02:00,91.8
2022-06-14 05:46:16+02:00,50.0
2022-06-14 05:47:16+02:00,92.0
2022-06-14 05:48:16+02:00,93.6
2022-06-14 05:49:16+02:00,94.8
2022-06-14 05:50:16+02:00,95.5
2022-06-14 05:51:17+02:00,96.2
2022-06-14 05:52:17+02:00,96.6
2022-06-14 05:53:17+02:00,97.1
2022-06-14 05:54:17+02:00,97.6
2022-06-14 05:55:17+02:00,97.7
2022-06-14 05:56:17+02:00,97.7
2022-06-14 05:57:18+02:00,97.6
2022-06-14 05:58:18+02:00,97.8
2022-06-14 05:59:18+02:00,97.7
2022-06-14 06:00:18+02:00,97.9
2022-06-14 06:01:18+02:00,97.8
2022-06-14 06:02:19+02:00,97.9
2022-06-14 06:03:19+02:00,97.9
2022-06-14 06:04:19+02:00,98.0
2022-06-14 06:05:19+02:00,98.0
2022-06-14 06:06:19+02:00,98.0
2022-06-14 06:07:19+02:00,97.9
2022-06-14 06:08:20+02:00,98.0
2022-06-14 06:09:20+02:00,98.0
2022-06-14 06:10:20+02:00,97.9
2022-06-14 06:11:20+02:00,97.8
2022-06-14 06:12:20+02:00,50.0
2022-06-14 06:13:21+02:00,50.0
2022-06-14 06:14:21+02:00,50.0
2022-06-14 06:15:21+02:00,96.2
2022-06-14 06:16:21+02:00,95.9
2022-06-14 06:17:21+02:00,96.0
2022-06-14 06:18:21+02:00,95.0
2022-06-14 06:19:22+02:00,93.9
2022-06-14 06:20:22+02:00,94.2
2022-06-14 06:21:22+02:00,94.3
2022-06-14 06:22:22+02:00,95.5
2022-06-14 06:23:22+02:00,95.9
2022-06-14 06:24:22+02:00,96.6
2022-06-14 06:25:23+02:00,96.3
2022-06-14 06:26:23+02:00,95.8
2022-06-14 06:27:23+02:00,95.6
2022-06-14 06:28:23+02:00,96.0
2022-06-14 06:29:23+02:00,96.3
2022-06-14 06:30:23+02:00,96.7
2022-06-14 06:31:24+02:00,93.7
2022-06-14 06:32:24+02:00,89.1
2022-06-14 06:33:24+02:00,86.5
2022-06-14 06:34:24+02:00,85.0
2022-06-14 06:35:24+02:00,83.5
2022-06-14 06:36:25+02:00,82.2
2022-06-14 06:37:25+02:00,81.3
2022-06-14 06:38:25+02:00,80.8
2022-06-14 06:39:25+02:00,80.3
2022-06-14 06:40:25+02:00,79.4
2022-06-14 06:41:25+02:00,79.4
2022-06-14 06:42:26+02:00,79.3
2022-06-14 06:43:26+02:00,50.0
2022-06-14 06:44:26+02:00,84.3
2022-06-14 06:45:26+02:00,88.3
2022-06-14 06:46:26+02:00,91.0
2022-06-14 06:47:27+02:00,92.9
2022-06-14 06:48:27+02:00,94.1
2022-06-14 06:49:27+02:00,94.8
2022-06-14 06:50:27+02:00,95.6
2022-06-14 06:51:27+02:00,95.8
2022-06-14 06:52:28+02:00,95.9
2022-06-14 06:53:28+02:00,96.2
2022-06-14 06:54:28+02:00,96.5
2022-06-14 06:55:28+02:00,96.5
2022-06-14 06:56:28+02:00,96.5
2022-06-14 06:57:28+02:00,96.6
2022-06-14 06:58:29+02:00,96.6
2022-06-14 06:59:29+02:00,50.0
2022-06-14 07:00:29+02:00,96.8
2022-06-14 07:01:29+02:00,50.0
2022-06-14 07:02:29+02:00,50.0
2022-06-14 07:03:29+02:00,96.1
2022-06-14 07:04:29+02:00,50.0
2022-06-14 07:05:30+02:00,50.0
2022-06-14 07:06:30+02:00,95.0
2022-06-14 07:07:30+02:00,50.0
2022-06-14 07:08:30+02:00,50.0
2022-06-14 07:09:30+02:00,50.0
2022-06-14 07:10:30+02:00,94.1
2022-06-14 07:11:31+02:00,93.3
2022-06-14 07:12:31+02:00,50.0
2022-06-14 07:13:31+02:00,50.0
2022-06-14 07:14:31+02:00,50.0
2022-06-14 07:15:31+02:00,50.0
2022-06-14 07:16:32+02:00,93.8
2022-06-14 07:17:32+02:00,50.0
2022-06-14 07:18:32+02:00,50.0
2022-06-14 07:19:32+02:00,92.1
2022-06-14 07:20:32+02:00,91.9
2022-06-14 07:21:33+02:00,50.0
2022-06-14 07:22:33+02:00,92.9
2022-06-14 07:23:33+02:00,50.0
2022-06-14 07:24:33+02:00,50.0
2022-06-14 07:25:33+02:00,50.0
2022-06-14 07:26:33+02:00,50.0
2022-06-14 07:27:34+02:00,50.0
2022-06-14 07:28:34+02:00,50.0
2022-06-14 07:29:34+02:00,50.0
2022-06-14 07:30:34+02:00,50.0
2022-06-14 07:31:34+02:00,50.0
2022-06-14 07:32:34+02:00,50.0
2022-06-14 07:33:35+02:00,50.0
2022-06-14 07:34:35+02:00,50.0
2022-06-14 07:35:35+02:00,50.0
2022-06-14 07:36:35+02:00,50.0
2022-06-14 07:37:35+02:00,50.0
2022-06-14 07:38:35+02:00,50.0
2022-06-14 07:39:36+02:00,50.0
2022-06-14 07:40:36+02:00,50.0
2022-06-15 01:57:30+02:00,50.0
2022-06-15 01:58:30+02:00,87.1
2022-06-15 01:59:30+02:00,50.0
2022-06-15 02:00:30+02:00,87.5
2022-06-15 02:00:30+02:00,87.5
2022-06-15 02:01:30+02:00,89.2
2022-06-15 02:02:30+02:00,88.8
2022-06-15 02:03:30+02:00,89.0
2022-06-15 02:04:30+02:00,88.6
2022-06-15 02:05:30+02:00,88.2
2022-06-15 02:06:30+02:00,88.1
2022-06-15 02:07:31+02:00,87.6
2022-06-15 02:08:31+02:00,87.5
2022-06-15 02:09:31+02:00,87.4
2022-06-15 02:10:31+02:00,89.0
2022-06-15 02:11:31+02:00,88.6
2022-06-15 02:12:31+02:00,50.0
2022-06-15 02:13:32+02:00,50.0
2022-06-15 02:14:32+02:00,88.7
2022-06-15 02:15:32+02:00,85.7
2022-06-15 02:16:32+02:00,82.7
2022-06-15 02:17:32+02:00,81.6
2022-06-15 02:18:33+02:00,80.7
2022-06-15 02:19:33+02:00,80.4
2022-06-15 02:20:33+02:00,80.0
2022-06-15 02:21:33+02:00,50.0
2022-06-15 02:22:33+02:00,80.4
2022-06-15 02:23:34+02:00,80.4
2022-06-15 02:24:34+02:00,80.3
2022-06-15 02:25:34+02:00,80.9
2022-06-15 02:26:34+02:00,82.8
2022-06-15 02:27:34+02:00,84.0
2022-06-15 02:28:34+02:00,85.1
2022-06-15 02:29:35+02:00,86.3
2022-06-15 02:30:35+02:00,86.0
2022-06-15 02:31:35+02:00,86.2
2022-06-15 02:32:35+02:00,85.7
2022-06-15 02:33:35+02:00,87.1
2022-06-15 02:34:36+02:00,88.1
2022-06-15 02:35:36+02:00,87.4
2022-06-15 02:36:36+02:00,86.9
2022-06-15 02:37:36+02:00,86.5
2022-06-15 02:38:36+02:00,87.3
2022-06-15 02:39:37+02:00,86.4
2022-06-15 02:40:37+02:00,86.9
2022-06-15 02:41:37+02:00,87.0
2022-06-15 02:42:37+02:00,87.0
2022-06-15 02:43:37+02:00,86.4
2022-06-15 02:44:37+02:00,86.2
2022-06-15 02:45:38+02:00,85.9
2022-06-15 02:46:38+02:00,86.3
2022-06-15 02:47:38+02:00,87.8
2022-06-15 02:48:38+02:00,88.6
2022-06-15 02:49:39+02:00,88.3
2022-06-15 02:50:39+02:00,88.7
2022-06-15 02:51:39+02:00,88.2
2022-06-15 02:52:39+02:00,87.8
2022-06-15 02:53:39+02:00,86.7
2022-06-15 02:54:39+02:00,85.2
2022-06-15 02:55:40+02:00,85.8
2022-06-15 02:56:40+02:00,84.8
2022-06-15 02:57:40+02:00,83.7
2022-06-15 02:58:40+02:00,83.5
2022-06-15 02:59:40+02:00,84.0
2022-06-15 03:00:40+02:00,83.9
2022-06-15 03:01:40+02:00,83.8
2022-06-15 03:02:40+02:00,83.0
2022-06-15 03:03:41+02:00,84.3
2022-06-15 03:04:41+02:00,84.8
2022-06-15 03:05:41+02:00,85.7
2022-06-15 03:06:41+02:00,50.0
2022-06-15 03:07:41+02:00,84.9
2022-06-15 03:08:41+02:00,84.7
2022-06-15 03:09:41+02:00,85.1
2022-06-15 03:10:41+02:00,84.6
2022-06-15 03:11:41+02:00,84.7
2022-06-15 03:12:41+02:00,86.1
2022-06-15 03:13:41+02:00,87.6
2022-06-15 03:14:41+02:00,86.4
2022-06-15 03:15:42+02:00,85.4
2022-06-15 03:16:42+02:00,87.2
2022-06-15 03:17:42+02:00,87.9
2022-06-15 03:18:42+02:00,88.4
2022-06-15 03:19:42+02:00,88.4
2022-06-15 03:20:42+02:00,87.4
2022-06-15 03:21:42+02:00,88.2
2022-06-15 03:22:42+02:00,87.6
2022-06-15 03:23:43+02:00,88.4
2022-06-15 03:24:43+02:00,88.4
2022-06-15 03:25:43+02:00,88.3
2022-06-15 03:26:43+02:00,88.7
2022-06-15 03:27:43+02:00,88.7
2022-06-15 03:28:43+02:00,89.2
2022-06-15 03:29:43+02:00,88.3
2022-06-15 03:30:43+02:00,87.6
2022-06-15 03:31:43+02:00,88.0
2022-06-15 03:32:43+02:00,89.8
2022-06-15 03:33:43+02:00,89.1
2022-06-15 03:34:44+02:00,89.9
2022-06-15 03:35:44+02:00,90.4
2022-06-15 03:36:44+02:00,89.3
2022-06-15 03:37:44+02:00,88.5
2022-06-15 03:38:44+02:00,88.3
2022-06-15 03:39:44+02:00,88.1
2022-06-15 03:40:44+02:00,88.2
2022-06-15 03:41:44+02:00,91.2
2022-06-15 03:42:44+02:00,93.4
2022-06-15 03:43:44+02:00,95.0
2022-06-15 03:44:44+02:00,96.0
2022-06-15 03:45:44+02:00,96.6
2022-06-15 03:46:44+02:00,97.1
2022-06-15 03:47:44+02:00,97.5
2022-06-15 03:48:45+02:00,98.0
2022-06-15 03:49:45+02:00,98.2
2022-06-15 03:50:45+02:00,98.3
2022-06-15 03:51:45+02:00,98.3
2022-06-15 03:52:45+02:00,98.4
2022-06-15 03:53:45+02:00,98.5
2022-06-15 03:54:45+02:00,98.5
2022-06-15 03:55:45+02:00,98.5
2022-06-15 03:56:45+02:00,98.4
2022-06-15 03:57:45+02:00,98.3
2022-06-15 03:58:45+02:00,98.2
2022-06-15 03:59:46+02:00,98.3
2022-06-15 04:00:46+02:00,98.1
2022-06-15 04:01:46+02:00,97.7
2022-06-15 04:02:46+02:00,97.2
2022-06-15 04:03:46+02:00,96.9
2022-06-15 04:04:47+02:00,96.6
2022-06-15 04:05:47+02:00,96.5
2022-06-15 04:06:47+02:00,96.5
2022-06-15 04:07:47+02:00,96.5
2022-06-15 04:08:47+02:00,96.4
2022-06-15 04:09:48+02:00,96.0
2022-06-15 04:10:48+02:00,95.8
2022-06-15 04:11:48+02:00,96.0
2022-06-15 04:12:48+02:00,96.2
2022-06-15 04:13:48+02:00,96.3
2022-06-15 04:14:48+02:00,96.4
2022-06-15 04:15:49+02:00,96.5
2022-06-15 04:16:49+02:00,96.6
2022-06-15 04:17:49+02:00,96.7
2022-06-15 04:18:49+02:00,96.7
2022-06-15 04:19:49+02:00,96.7
2022-06-15 04:20:50+02:00,96.7
2022-06-15 04:21:50+02:00,96.6
2022-06-15 04:22:50+02:00,96.6
2022-06-15 04:23:50+02:00,96.5
2022-06-15 04:24:50+02:00,96.6
2022-06-15 04:25:50+02:00,96.5
2022-06-15 04:26:51+02:00,96.5
2022-06-15 04:27:51+02:00,96.5
2022-06-15 04:28:51+02:00,96.5
2022-06-15 04:29:51+02:00,96.4
2022-06-15 04:30:51+02:00,96.4
2022-06-15 04:31:52+02:00,96.4
2022-06-15 04:32:52+02:00,96.4
2022-06-15 04:33:52+02:00,96.3
2022-06-15 04:34:52+02:00,96.3
2022-06-15 04:35:52+02:00,96.2
2022-06-15 04:36:53+02:00,96.1
2022-06-15 04:37:53+02:00,96.1
2022-06-15 04:38:53+02:00,96.1
2022-06-15 04:39:53+02:00,96.0
2022-06-15 04:40:53+02:00,96.0
2022-06-15 04:41:53+02:00,95.9
2022-06-15 04:42:54+02:00,95.9
2022-06-15 04:43:54+02:00,95.9
2022-06-15 04:44:54+02:00,95.9
2022-06-15 04:45:54+02:00,95.9
2022-06-15 04:46:54+02:00,96.5
2022-06-15 04:47:55+02:00,96.8
2022-06-15 04:48:55+02:00,96.8
2022-06-15 04:49:55+02:00,96.8
2022-06-15 04:50:55+02:00,96.7
2022-06-15 04:51:55+02:00,96.6
2022-06-15 04:52:55+02:00,96.6
2022-06-15 04:53:56+02:00,96.6
2022-06-15 04:54:56+02:00,96.5
2022-06-15 04:55:56+02:00,96.2
2022-06-15 04:56:56+02:00,96.1
2022-06-15 04:57:56+02:00,96.3
2022-06-15 04:58:57+02:00,96.2
2022-06-15 04:59:57+02:00,96.2
2022-06-15 05:00:57+02:00,96.1
2022-06-15 05:01:57+02:00,96.0
2022-06-15 05:02:57+02:00,96.0
2022-06-15 05:03:57+02:00,96.1
2022-06-15 05:04:58+02:00,96.1
2022-06-15 05:05:58+02:00,95.6
2022-06-15 05:06:58+02:00,95.8
2022-06-15 05:07:58+02:00,96.0
2022-06-15 05:08:58+02:00,96.3
2022-06-15 05:09:59+02:00,96.5
2022-06-15 05:10:59+02:00,96.6
2022-06-15 05:11:59+02:00,96.8
2022-06-15 05:12:59+02:00,96.9
2022-06-15 05:13:59+02:00,97.1
2022-06-15 05:15:00+02:00,97.2
2022-06-15 05:16:00+02:00,97.4
2022-06-15 05:17:00+02:00,97.5
2022-06-15 05:18:00+02:00,97.6
2022-06-15 05:19:00+02:00,97.4
2022-06-15 05:20:00+02:00,97.3
2022-06-15 05:21:00+02:00,97.3
2022-06-15 05:22:01+02:00,97.2
2022-06-15 05:23:01+02:00,97.2
2022-06-15 05:24:01+02:00,97.2
2022-06-15 05:25:01+02:00,97.1
2022-06-15 05:26:01+02:00,97.1
2022-06-15 05:27:01+02:00,97.1
2022-06-15 05:28:02+02:00,97.1
2022-06-15 05:29:02+02:00,97.1
2022-06-15 05:30:02+02:00,97.1
2022-06-15 05:31:02+02:00,97.0
2022-06-15 05:32:02+02:00,96.9
2022-06-15 05:33:02+02:00,96.7
2022-06-15 05:34:03+02:00,96.6
2022-06-15 05:35:03+02:00,50.0
2022-06-15 05:36:03+02:00,95.6
2022-06-15 05:37:03+02:00,95.0
2022-06-15 05:38:03+02:00,94.6
2022-06-15 05:39:03+02:00,94.4
2022-06-15 05:40:03+02:00,92.9
2022-06-15 05:41:04+02:00,92.1
2022-06-15 05:42:04+02:00,92.0
2022-06-15 05:43:04+02:00,92.1
2022-06-15 05:44:04+02:00,92.6
2022-06-15 05:45:04+02:00,91.4
2022-06-15 05:46:04+02:00,90.4
2022-06-15 05:47:05+02:00,90.8
2022-06-15 05:48:05+02:00,91.1
2022-06-15 05:49:05+02:00,91.0
2022-06-15 05:50:05+02:00,91.4
2022-06-15 05:51:05+02:00,91.0
2022-06-15 05:52:06+02:00,90.9
2022-06-15 05:53:06+02:00,91.5
2022-06-15 05:54:06+02:00,91.8
2022-06-15 05:55:06+02:00,91.8
2022-06-15 05:56:06+02:00,90.7
2022-06-15 05:57:06+02:00,91.0
2022-06-15 05:58:07+02:00,91.3
2022-06-15 05:59:07+02:00,91.5
2022-06-15 06:00:07+02:00,92.6
2022-06-15 06:01:07+02:00,50.0
2022-06-15 06:02:07+02:00,91.0
2022-06-15 06:03:08+02:00,89.2
2022-06-15 06:04:08+02:00,88.4
2022-06-15 06:05:08+02:00,87.2
2022-06-15 06:06:08+02:00,86.9
2022-06-15 06:07:08+02:00,86.9
2022-06-15 06:08:09+02:00,86.6
2022-06-15 06:09:09+02:00,87.9
2022-06-15 06:10:09+02:00,88.3
2022-06-15 06:11:09+02:00,88.8
2022-06-15 06:12:09+02:00,50.0
2022-06-15 06:13:09+02:00,89.4
2022-06-15 06:14:09+02:00,91.4
2022-06-15 06:15:10+02:00,92.7
2022-06-15 06:16:10+02:00,93.4
2022-06-15 06:17:10+02:00,93.9
2022-06-15 06:18:10+02:00,94.3
2022-06-15 06:19:10+02:00,94.7
2022-06-15 06:20:11+02:00,94.8
2022-06-15 06:21:11+02:00,95.0
2022-06-15 06:22:11+02:00,95.1
2022-06-15 06:23:11+02:00,95.2
2022-06-15 06:24:11+02:00,95.3
2022-06-15 06:25:12+02:00,95.2
2022-06-15 06:26:12+02:00,95.3
2022-06-15 06:27:12+02:00,95.1
2022-06-15 06:28:12+02:00,94.9
2022-06-15 06:29:12+02:00,94.9
2022-06-15 06:30:12+02:00,95.1
2022-06-15 06:31:13+02:00,95.0
2022-06-15 06:32:13+02:00,94.9
2022-06-15 06:33:13+02:00,94.9
2022-06-15 06:34:13+02:00,94.9
2022-06-15 06:35:13+02:00,95.1
2022-06-15 06:36:14+02:00,95.1
2022-06-15 06:37:14+02:00,95.2
2022-06-15 06:38:14+02:00,95.0
2022-06-15 06:39:14+02:00,95.1
2022-06-15 06:40:14+02:00,95.3
2022-06-15 06:41:14+02:00,95.3
2022-06-15 06:42:15+02:00,95.2
2022-06-15 06:43:15+02:00,95.3
2022-06-15 06:44:15+02:00,95.3
2022-06-15 06:45:15+02:00,95.3
2022-06-15 06:46:15+02:00,95.5
2022-06-15 06:47:15+02:00,95.5
2022-06-15 06:48:16+02:00,95.7
2022-06-15 06:49:16+02:00,95.6
2022-06-15 06:50:16+02:00,95.6
2022-06-15 06:51:16+02:00,95.4
2022-06-15 06:52:16+02:00,95.3
2022-06-15 06:53:17+02:00,50.0
2022-06-15 06:54:17+02:00,95.8
2022-06-15 06:55:17+02:00,50.0
2022-06-15 06:56:17+02:00,50.0
2022-06-15 06:57:17+02:00,94.7
2022-06-15 06:58:17+02:00,93.5
2022-06-15 06:59:18+02:00,50.0
2022-06-15 07:00:18+02:00,50.0
2022-06-15 07:01:18+02:00,50.0
2022-06-15 07:02:18+02:00,50.0
2022-06-15 07:03:18+02:00,50.0
2022-06-15 07:04:18+02:00,50.0
2022-06-15 07:05:19+02:00,91.5
2022-06-15 07:06:19+02:00,50.0
2022-06-15 07:07:19+02:00,91.8
2022-06-15 07:08:19+02:00,91.3
2022-06-15 07:09:19+02:00,90.5
2022-06-15 07:10:19+02:00,50.0
2022-06-15 07:11:20+02:00,50.0
2022-06-15 07:12:20+02:00,50.0
2022-06-15 07:13:20+02:00,50.0
2022-06-15 07:14:20+02:00,50.0
2022-06-15 07:15:20+02:00,50.0
2022-06-15 07:16:21+02:00,50.0
2022-06-15 07:17:21+02:00,50.0
2022-06-15 07:18:21+02:00,50.0
2022-06-15 07:19:21+02:00,50.0
2022-06-15 07:20:21+02:00,50.0
2022-06-15 07:21:22+02:00,50.0
2022-06-15 07:22:22+02:00,50.0
2022-06-15 07:23:22+02:00,50.0
2022-06-15 07:24:22+02:00,50.0
2022-06-15 07:25:22+02:00,50.0
2022-06-15 07:26:22+02:00,50.0
2022-06-15 07:27:22+02:00,50.0
2022-06-15 07:28:23+02:00,50.0
2022-06-15 07:29:23+02:00,50.0
2022-06-15 07:30:23+02:00,50.0
2022-06-16 01:10:30+02:00,50.0
2022-06-16 01:11:30+02:00,81.2
2022-06-16 01:12:30+02:00,82.7
2022-06-16 01:13:30+02:00,83.6
2022-06-16 01:14:30+02:00,84.5
2022-06-16 01:15:30+02:00,84.9
2022-06-16 01:16:30+02:00,85.1
2022-06-16 01:17:30+02:00,85.3
2022-06-16 01:18:30+02:00,85.1
2022-06-16 01:19:30+02:00,85.3
2022-06-16 01:20:31+02:00,85.3
2022-06-16 01:21:31+02:00,85.2
2022-06-16 01:22:31+02:00,85.4
2022-06-16 01:23:31+02:00,85.3
2022-06-16 01:24:31+02:00,85.6
2022-06-16 01:25:31+02:00,85.9
2022-06-16 01:26:32+02:00,86.1
2022-06-16 01:27:32+02:00,86.2
2022-06-16 01:28:32+02:00,86.4
2022-06-16 01:29:32+02:00,86.7
2022-06-16 01:30:32+02:00,86.9
2022-06-16 01:31:33+02:00,87.1
2022-06-16 01:32:33+02:00,87.2
2022-06-16 01:33:33+02:00,86.7
2022-06-16 01:34:33+02:00,86.3
2022-06-16 01:35:33+02:00,86.3
2022-06-16 01:36:34+02:00,86.2
2022-06-16 01:37:34+02:00,85.6
2022-06-16 01:38:34+02:00,85.8
2022-06-16 01:39:34+02:00,86.9
2022-06-16 01:40:34+02:00,87.0
2022-06-16 01:41:34+02:00,87.1
2022-06-16 01:42:35+02:00,86.5
2022-06-16 01:43:35+02:00,86.5
2022-06-16 01:44:35+02:00,85.9
2022-06-16 01:45:35+02:00,85.3
2022-06-16 01:46:35+02:00,84.9
2022-06-16 01:47:36+02:00,85.3
2022-06-16 01:48:36+02:00,85.6
2022-06-16 01:49:36+02:00,50.0
2022-06-16 01:50:36+02:00,50.0
2022-06-16 01:51:36+02:00,50.0
2022-06-16 01:52:36+02:00,87.7
2022-06-16 01:53:37+02:00,91.3
2022-06-16 01:54:37+02:00,91.9
2022-06-16 01:55:37+02:00,92.8
2022-06-16 01:56:37+02:00,93.2
2022-06-16 01:57:37+02:00,94.3
2022-06-16 01:58:38+02:00,93.8
2022-06-16 01:59:38+02:00,94.0
2022-06-16 02:00:38+02:00,92.8
2022-06-16 02:00:38+02:00,92.8
2022-06-16 02:01:38+02:00,92.0
2022-06-16 02:02:38+02:00,94.8
2022-06-16 02:03:39+02:00,96.6
2022-06-16 02:04:39+02:00,95.7
2022-06-16 02:05:39+02:00,95.3
2022-06-16 02:06:39+02:00,94.1
2022-06-16 02:07:39+02:00,93.9
2022-06-16 02:08:40+02:00,93.5
2022-06-16 02:09:40+02:00,94.0
2022-06-16 02:10:40+02:00,92.9
2022-06-16 02:11:40+02:00,92.6
2022-06-16 02:12:40+02:00,91.9
2022-06-16 02:13:40+02:00,94.2
2022-06-16 02:14:40+02:00,92.5
2022-06-16 02:15:40+02:00,93.5
2022-06-16 02:16:40+02:00,93.4
2022-06-16 02:17:40+02:00,92.1
2022-06-16 02:18:41+02:00,91.9
2022-06-16 02:19:41+02:00,94.2
2022-06-16 02:20:41+02:00,92.3
2022-06-16 02:21:41+02:00,91.3
2022-06-16 02:22:41+02:00,89.7
2022-06-16 02:23:41+02:00,89.4
2022-06-16 02:24:41+02:00,50.0
2022-06-16 02:25:41+02:00,88.8
2022-06-16 02:26:41+02:00,89.0
2022-06-16 02:27:41+02:00,88.3
2022-06-16 02:28:42+02:00,86.8
2022-06-16 02:29:42+02:00,85.1
2022-06-16 02:30:42+02:00,84.0
2022-06-16 02:31:42+02:00,83.5
2022-06-16 02:32:42+02:00,83.1
2022-06-16 02:33:42+02:00,83.0
2022-06-16 02:34:42+02:00,82.9
2022-06-16 02:35:42+02:00,83.0
2022-06-16 02:36:42+02:00,83.1
2022-06-16 02:37:42+02:00,83.2
2022-06-16 02:38:43+02:00,83.2
2022-06-16 02:39:43+02:00,82.8
2022-06-16 02:40:43+02:00,83.0
2022-06-16 02:41:43+02:00,83.1
2022-06-16 02:42:43+02:00,83.1
2022-06-16 02:43:43+02:00,84.0
2022-06-16 02:44:43+02:00,83.5
2022-06-16 02:45:43+02:00,83.2
2022-06-16 02:46:43+02:00,83.0
2022-06-16 02:47:44+02:00,83.1
2022-06-16 02:48:44+02:00,83.0
2022-06-16 02:49:44+02:00,83.5
2022-06-16 02:50:44+02:00,83.3
2022-06-16 02:51:44+02:00,83.5
2022-06-16 02:52:44+02:00,83.4
2022-06-16 02:53:44+02:00,84.1
2022-06-16 02:54:44+02:00,84.2
2022-06-16 02:55:45+02:00,83.5
2022-06-16 02:56:45+02:00,50.0
2022-06-16 02:57:45+02:00,85.0
2022-06-16 02:58:45+02:00,83.8
2022-06-16 02:59:45+02:00,85.2
2022-06-16 03:00:45+02:00,85.4
2022-06-16 03:01:45+02:00,86.4
2022-06-16 03:02:45+02:00,87.1
2022-06-16 03:03:45+02:00,86.9
2022-06-16 03:04:45+02:00,87.6
2022-06-16 03:05:45+02:00,87.5
2022-06-16 03:06:46+02:00,87.6
2022-06-16 03:07:46+02:00,87.7
2022-06-16 03:08:46+02:00,87.2
2022-06-16 03:09:46+02:00,87.4
2022-06-16 03:10:46+02:00,87.1
2022-06-16 03:11:46+02:00,87.2
2022-06-16 03:12:47+02:00,86.4
2022-06-16 03:13:47+02:00,86.5
2022-06-16 03:14:47+02:00,87.0
2022-06-16 03:15:47+02:00,87.6
2022-06-16 03:16:47+02:00,87.9
2022-06-16 03:17:48+02:00,86.9
2022-06-16 03:18:48+02:00,87.0
2022-06-16 03:19:48+02:00,87.2
2022-06-16 03:20:48+02:00,86.5
2022-06-16 03:21:48+02:00,86.6
2022-06-16 03:22:48+02:00,86.7
2022-06-16 03:23:49+02:00,86.9
2022-06-16 03:24:49+02:00,86.8
2022-06-16 03:25:49+02:00,87.2
2022-06-16 03:26:49+02:00,87.8
2022-06-16 03:27:49+02:00,87.3
2022-06-16 03:28:50+02:00,87.4
2022-06-16 03:29:50+02:00,87.9
2022-06-16 03:30:50+02:00,88.4
2022-06-16 03:31:50+02:00,87.9
2022-06-16 03:32:50+02:00,86.8
2022-06-16 03:33:51+02:00,86.8
2022-06-16 03:34:51+02:00,87.4
2022-06-16 03:35:51+02:00,87.9
2022-06-16 03:36:51+02:00,88.0
2022-06-16 03:37:51+02:00,87.2
2022-06-16 03:38:51+02:00,50.0
2022-06-16 03:39:52+02:00,86.5
2022-06-16 03:40:52+02:00,85.8
2022-06-16 03:41:52+02:00,85.3
2022-06-16 03:42:52+02:00,84.5
2022-06-16 03:43:52+02:00,83.8
2022-06-16 03:44:53+02:00,83.7
2022-06-16 03:45:53+02:00,83.7
2022-06-16 03:46:53+02:00,83.6
2022-06-16 03:47:53+02:00,83.7
2022-06-16 03:48:53+02:00,83.7
2022-06-16 03:49:54+02:00,84.2
2022-06-16 03:50:54+02:00,85.0
2022-06-16 03:51:54+02:00,85.0
2022-06-16 03:52:54+02:00,85.1
2022-06-16 03:53:54+02:00,85.1
2022-06-16 03:54:54+02:00,85.7
2022-06-16 03:55:55+02:00,85.7
2022-06-16 03:56:55+02:00,85.5
2022-06-16 03:57:55+02:00,85.2
2022-06-16 03:58:55+02:00,84.8
2022-06-16 03:59:55+02:00,84.5
2022-06-16 04:00:55+02:00,84.2
2022-06-16 04:01:56+02:00,84.0
2022-06-16 04:02:56+02:00,83.9
2022-06-16 04:03:56+02:00,50.0
2022-06-16 04:04:56+02:00,84.0
2022-06-16 04:05:56+02:00,84.7
2022-06-16 04:06:56+02:00,85.3
2022-06-16 04:07:57+02:00,85.6
2022-06-16 04:08:57+02:00,86.5
2022-06-16 04:09:57+02:00,87.4
2022-06-16 04:10:57+02:00,88.6
2022-06-16 04:11:57+02:00,89.9
2022-06-16 04:12:58+02:00,91.3
2022-06-16 04:13:58+02:00,92.4
2022-06-16 04:14:58+02:00,92.2
2022-06-16 04:15:58+02:00,92.0
2022-06-16 04:16:58+02:00,91.8
2022-06-16 04:17:59+02:00,92.4
2022-06-16 04:18:59+02:00,92.6
2022-06-16 04:19:59+02:00,93.2
2022-06-16 04:20:59+02:00,93.0
2022-06-16 04:21:59+02:00,92.2
2022-06-16 04:22:59+02:00,91.4
2022-06-16 04:24:00+02:00,89.7
2022-06-16 04:25:00+02:00,87.6
2022-06-16 04:26:00+02:00,86.3
2022-06-16 04:27:00+02:00,87.7
2022-06-16 04:28:00+02:00,89.7
2022-06-16 04:29:01+02:00,90.0
2022-06-16 04:30:01+02:00,89.5
2022-06-16 04:31:01+02:00,90.8
2022-06-16 04:32:01+02:00,91.7
2022-06-16 04:33:01+02:00,91.2
2022-06-16 04:34:01+02:00,90.4
2022-06-16 04:35:02+02:00,89.4
2022-06-16 04:36:02+02:00,89.5
2022-06-16 04:37:02+02:00,89.3
2022-06-16 04:38:02+02:00,90.4
2022-06-16 04:39:02+02:00,90.0
2022-06-16 04:40:02+02:00,90.0
2022-06-16 04:41:02+02:00,90.3
2022-06-16 04:42:02+02:00,90.6
2022-06-16 04:43:03+02:00,90.3
2022-06-16 04:44:03+02:00,90.4
2022-06-16 04:45:03+02:00,89.8
2022-06-16 04:46:03+02:00,89.8
2022-06-16 04:47:03+02:00,89.4
2022-06-16 04:48:03+02:00,89.5
2022-06-16 04:49:04+02:00,89.5
2022-06-16 04:50:04+02:00,90.1
2022-06-16 04:51:04+02:00,90.1
2022-06-16 04:52:04+02:00,90.8
2022-06-16 04:53:04+02:00,91.5
2022-06-16 04:54:04+02:00,91.9
2022-06-16 04:55:05+02:00,92.1
2022-06-16 04:56:05+02:00,93.1
2022-06-16 04:57:05+02:00,93.0
2022-06-16 04:58:05+02:00,93.3
2022-06-16 04:59:05+02:00,94.0
2022-06-16 05:00:05+02:00,93.0
2022-06-16 05:01:05+02:00,93.7
2022-06-16 05:02:05+02:00,93.7
2022-06-16 05:03:06+02:00,93.9
2022-06-16 05:04:06+02:00,94.7
2022-06-16 05:05:06+02:00,94.6
2022-06-16 05:06:06+02:00,94.6
2022-06-16 05:07:06+02:00,94.6
2022-06-16 05:08:07+02:00,50.0
2022-06-16 05:09:07+02:00,93.8
2022-06-16 05:10:07+02:00,92.2
2022-06-16 05:11:07+02:00,90.8
2022-06-16 05:12:07+02:00,89.0
2022-06-16 05:13:07+02:00,88.6
2022-06-16 05:14:08+02:00,83.2
2022-06-16 05:15:08+02:00,81.8
2022-06-16 05:16:08+02:00,81.5
2022-06-16 05:17:08+02:00,81.7
2022-06-16 05:18:08+02:00,81.9
2022-06-16 05:19:09+02:00,82.5
2022-06-16 05:20:09+02:00,85.7
2022-06-16 05:21:09+02:00,50.0
2022-06-16 05:22:09+02:00,86.6
2022-06-16 05:23:09+02:00,85.1
2022-06-16 05:24:10+02:00,85.2
2022-06-16 05:25:10+02:00,85.3
2022-06-16 05:26:10+02:00,85.1
2022-06-16 05:27:10+02:00,85.3
2022-06-16 05:28:10+02:00,85.7
2022-06-16 05:29:10+02:00,85.4
2022-06-16 05:30:11+02:00,85.4
2022-06-16 05:31:11+02:00,85.6
2022-06-16 05:32:11+02:00,86.2
2022-06-16 05:33:11+02:00,86.5
2022-06-16 05:34:11+02:00,85.8
2022-06-16 05:35:12+02:00,85.7
2022-06-16 05:36:12+02:00,86.0
2022-06-16 05:37:12+02:00,86.0
2022-06-16 05:38:12+02:00,86.2
2022-06-16 05:39:12+02:00,86.2
2022-06-16 05:40:13+02:00,86.1
2022-06-16 05:41:13+02:00,85.4
2022-06-16 05:42:13+02:00,85.1
2022-06-16 05:43:13+02:00,85.1
2022-06-16 05:44:13+02:00,85.0
2022-06-16 05:45:13+02:00,85.7
2022-06-16 05:46:14+02:00,86.1
2022-06-16 05:47:14+02:00,86.7
2022-06-16 05:48:14+02:00,86.7
2022-06-16 05:49:14+02:00,86.8
2022-06-16 05:50:14+02:00,86.4
2022-06-16 05:51:15+02:00,86.7
2022-06-16 05:52:15+02:00,50.0
2022-06-16 05:53:15+02:00,87.5
2022-06-16 05:54:15+02:00,90.0
2022-06-16 05:55:15+02:00,92.4
2022-06-16 05:56:15+02:00,94.0
2022-06-16 05:57:16+02:00,95.0
2022-06-16 05:58:16+02:00,95.6
2022-06-16 05:59:16+02:00,95.9
2022-06-16 06:00:16+02:00,96.1
2022-06-16 06:01:16+02:00,96.2
2022-06-16 06:02:17+02:00,96.5
2022-06-16 06:03:17+02:00,96.5
2022-06-16 06:04:17+02:00,96.5
2022-06-16 06:05:17+02:00,96.6
2022-06-16 06:06:17+02:00,96.8
2022-06-16 06:07:18+02:00,96.7
2022-06-16 06:08:18+02:00,96.6
2022-06-16 06:09:18+02:00,96.4
2022-06-16 06:10:18+02:00,96.5
2022-06-16 06:11:18+02:00,96.6
2022-06-16 06:12:18+02:00,96.6
2022-06-16 06:13:19+02:00,96.6
2022-06-16 06:14:19+02:00,96.4
2022-06-16 06:15:19+02:00,96.2
2022-06-16 06:16:19+02:00,96.2
2022-06-16 06:17:19+02:00,96.2
2022-06-16 06:18:20+02:00,96.1
2022-06-16 06:19:20+02:00,95.8
2022-06-16 06:20:20+02:00,95.7
2022-06-16 06:21:20+02:00,95.8
2022-06-16 06:22:20+02:00,95.4
2022-06-16 06:23:21+02:00,95.3
2022-06-16 06:24:21+02:00,95.5
2022-06-16 06:25:21+02:00,95.4
2022-06-16 06:26:21+02:00,95.2
2022-06-16 06:27:21+02:00,94.9
2022-06-16 06:28:22+02:00,95.1
2022-06-16 06:29:22+02:00,95.1
2022-06-16 06:30:22+02:00,95.3
2022-06-16 06:31:22+02:00,95.2
2022-06-16 06:32:22+02:00,95.2
2022-06-16 06:33:22+02:00,95.1
2022-06-16 06:34:23+02:00,95.2
2022-06-16 06:35:23+02:00,95.1
2022-06-16 06:36:23+02:00,95.3
2022-06-16 06:37:23+02:00,95.2
2022-06-16 06:38:23+02:00,95.1
2022-06-16 06:39:24+02:00,95.3
2022-06-16 06:40:24+02:00,95.2
2022-06-16 06:41:24+02:00,95.1
2022-06-16 06:42:24+02:00,95.1
2022-06-16 06:43:24+02:00,95.2
2022-06-16 06:44:25+02:00,95.3
2022-06-16 06:45:25+02:00,95.3
2022-06-16 06:46:25+02:00,95.3
2022-06-16 06:47:25+02:00,50.0
2022-06-16 06:48:25+02:00,50.0
2022-06-16 06:49:25+02:00,50.0
2022-06-16 06:50:26+02:00,93.8
2022-06-16 06:51:26+02:00,50.0
2022-06-16 06:52:26+02:00,85.4
2022-06-16 06:53:26+02:00,50.0
2022-06-16 06:54:26+02:00,50.0
2022-06-16 06:55:26+02:00,75.1
2022-06-16 06:56:27+02:00,50.0
2022-06-16 06:57:27+02:00,50.0
2022-06-16 06:58:27+02:00,50.0
2022-06-16 06:59:27+02:00,50.0
2022-06-16 07:00:27+02:00,50.0
2022-06-16 07:01:27+02:00,50.0
2022-06-16 07:02:27+02:00,78.4
2022-06-16 07:03:28+02:00,79.3
2022-06-16 07:04:28+02:00,50.0
2022-06-16 07:05:28+02:00,50.0
2022-06-16 07:06:28+02:00,50.0
2022-06-16 07:07:28+02:00,50.0
2022-06-16 07:08:29+02:00,50.0
2022-06-16 07:09:29+02:00,50.0
2022-06-16 07:10:29+02:00,50.0
2022-06-16 07:11:29+02:00,50.0
2022-06-16 07:12:29+02:00,80.4
2022-06-16 07:13:29+02:00,50.0
2022-06-16 07:14:30+02:00,77.2
2022-06-16 07:15:30+02:00,50.0
2022-06-16 07:16:30+02:00,50.0
2022-06-16 07:17:30+02:00,50.0
2022-06-16 07:18:30+02:00,78.3
2022-06-16 07:19:31+02:00,79.3
2022-06-16 07:20:31+02:00,50.0
2022-06-16 07:21:31+02:00,50.0
2022-06-16 07:22:31+02:00,50.0
2022-06-16 07:23:31+02:00,50.0
2022-06-16 07:24:31+02:00,50.0
2022-06-16 07:25:31+02:00,50.0
2022-06-16 07:26:31+02:00,50.0
2022-06-16 07:27:32+02:00,50.0
2022-06-16 07:28:32+02:00,50.0
2022-06-16 07:29:32+02:00,50.0
2022-06-16 07:30:32+02:00,50.0
2022-06-17 01:53:00+02:00,50.0
2022-06-17 01:54:00+02:00,94.7
2022-06-17 01:55:00+02:00,93.4
2022-06-17 01:56:00+02:00,93.0
2022-06-17 01:57:00+02:00,50.0
2022-06-17 01:58:00+02:00,50.0
2022-06-17 01:59:00+02:00,90.5
2022-06-17 02:00:00+02:00,90.0
2022-06-17 02:00:00+02:00,90.0
2022-06-17 02:01:00+02:00,90.6
2022-06-17 02:02:00+02:00,89.7
2022-06-17 02:03:00+02:00,91.3
2022-06-17 02:04:00+02:00,91.6
2022-06-17 02:05:00+02:00,94.3
2022-06-17 02:06:01+02:00,94.3
2022-06-17 02:07:01+02:00,92.4
2022-06-17 02:08:01+02:00,93.4
2022-06-17 02:09:01+02:00,50.0
2022-06-17 02:10:01+02:00,90.1
2022-06-17 02:11:01+02:00,85.4
2022-06-17 02:12:01+02:00,83.8
2022-06-17 02:13:01+02:00,83.1
2022-06-17 02:14:01+02:00,83.1
2022-06-17 02:15:02+02:00,79.7
2022-06-17 02:16:02+02:00,77.4
2022-06-17 02:17:02+02:00,75.6
2022-06-17 02:18:02+02:00,75.7
2022-06-17 02:19:02+02:00,75.7
2022-06-17 02:20:02+02:00,75.8
2022-06-17 02:21:02+02:00,78.7
2022-06-17 02:22:03+02:00,79.0
2022-06-17 02:23:03+02:00,76.8
2022-06-17 02:24:03+02:00,79.5
2022-06-17 02:25:03+02:00,82.4
2022-06-17 02:26:03+02:00,79.8
2022-06-17 02:27:03+02:00,80.4
2022-06-17 02:28:03+02:00,50.0
2022-06-17 02:29:03+02:00,81.6
2022-06-17 02:30:04+02:00,85.3
2022-06-17 02:31:04+02:00,50.0
2022-06-17 02:32:04+02:00,85.6
2022-06-17 02:33:04+02:00,84.4
2022-06-17 02:34:04+02:00,83.7
2022-06-17 02:35:04+02:00,82.5
2022-06-17 02:36:04+02:00,83.5
2022-06-17 02:37:05+02:00,50.0
2022-06-17 02:38:05+02:00,83.0
2022-06-17 02:39:05+02:00,83.0
2022-06-17 02:40:05+02:00,83.0
2022-06-17 02:41:05+02:00,85.5
2022-06-17 02:42:05+02:00,88.6
2022-06-17 02:43:05+02:00,90.9
2022-06-17 02:44:05+02:00,92.2
2022-06-17 02:45:06+02:00,93.1
2022-06-17 02:46:06+02:00,93.6
2022-06-17 02:47:06+02:00,94.3
2022-06-17 02:48:06+02:00,94.6
2022-06-17 02:49:06+02:00,95.0
2022-06-17 02:50:06+02:00,95.2
2022-06-17 02:51:07+02:00,95.3
2022-06-17 02:52:07+02:00,95.3
2022-06-17 02:53:07+02:00,95.1
2022-06-17 02:54:07+02:00,95.0
2022-06-17 02:55:07+02:00,95.2
2022-06-17 02:56:08+02:00,95.3
2022-06-17 02:57:08+02:00,95.1
2022-06-17 02:58:08+02:00,94.8
2022-06-17 02:59:08+02:00,94.9
2022-06-17 03:00:08+02:00,95.0
2022-06-17 03:01:08+02:00,95.0
2022-06-17 03:02:09+02:00,94.9
2022-06-17 03:03:09+02:00,95.0
2022-06-17 03:04:09+02:00,94.8
2022-06-17 03:05:09+02:00,94.8
2022-06-17 03:06:09+02:00,94.5
2022-06-17 03:07:10+02:00,50.0
2022-06-17 03:08:10+02:00,93.7
2022-06-17 03:09:10+02:00,93.9
2022-06-17 03:10:10+02:00,93.4
2022-06-17 03:11:10+02:00,94.1
2022-06-17 03:12:10+02:00,94.0
2022-06-17 03:13:11+02:00,93.2
2022-06-17 03:14:11+02:00,91.9
2022-06-17 03:15:11+02:00,88.3
2022-06-17 03:16:11+02:00,88.1
2022-06-17 03:17:11+02:00,87.1
2022-06-17 03:18:12+02:00,87.2
2022-06-17 03:19:12+02:00,87.0
2022-06-17 03:20:12+02:00,86.8
2022-06-17 03:21:12+02:00,86.4
2022-06-17 03:22:12+02:00,86.6
2022-06-17 03:23:12+02:00,87.9
2022-06-17 03:24:13+02:00,87.7
2022-06-17 03:25:13+02:00,86.2
2022-06-17 03:26:13+02:00,50.0
2022-06-17 03:27:13+02:00,86.3
2022-06-17 03:28:13+02:00,84.7
2022-06-17 03:29:14+02:00,83.5
2022-06-17 03:30:14+02:00,82.7
2022-06-17 03:31:14+02:00,82.0
2022-06-17 03:32:14+02:00,81.6
2022-06-17 03:33:14+02:00,81.4
2022-06-17 03:34:14+02:00,81.4
2022-06-17 03:35:15+02:00,81.5
2022-06-17 03:36:15+02:00,81.6
2022-06-17 03:37:15+02:00,81.7
2022-06-17 03:38:15+02:00,82.5
2022-06-17 03:39:15+02:00,82.5
2022-06-17 03:40:16+02:00,82.9
2022-06-17 03:41:16+02:00,83.2
2022-06-17 03:42:16+02:00,83.6
2022-06-17 03:43:16+02:00,83.5
2022-06-17 03:44:16+02:00,83.7
2022-06-17 03:45:16+02:00,84.1
2022-06-17 03:46:17+02:00,84.6
2022-06-17 03:47:17+02:00,84.6
2022-06-17 03:48:17+02:00,84.8
2022-06-17 03:49:17+02:00,85.1
2022-06-17 03:50:17+02:00,85.0
2022-06-17 03:51:18+02:00,85.4
2022-06-17 03:52:18+02:00,85.3
2022-06-17 03:53:18+02:00,50.0
2022-06-17 03:54:18+02:00,85.5
2022-06-17 03:55:18+02:00,84.1
2022-06-17 03:56:18+02:00,82.6
2022-06-17 03:57:19+02:00,81.7
2022-06-17 03:58:19+02:00,81.6
2022-06-17 03:59:19+02:00,83.0
2022-06-17 04:00:19+02:00,83.6
2022-06-17 04:01:19+02:00,83.2
2022-06-17 04:02:20+02:00,83.7
2022-06-17 04:03:20+02:00,83.1
2022-06-17 04:04:20+02:00,83.0
2022-06-17 04:05:20+02:00,83.0
2022-06-17 04:06:20+02:00,82.9
2022-06-17 04:07:21+02:00,83.4
2022-06-17 04:08:21+02:00,83.9
2022-06-17 04:09:21+02:00,83.7
2022-06-17 04:10:21+02:00,84.2
2022-06-17 04:11:21+02:00,84.8
2022-06-17 04:12:21+02:00,84.5
2022-06-17 04:13:22+02:00,85.0
2022-06-17 04:14:22+02:00,84.6
2022-06-17 04:15:22+02:00,84.4
2022-06-17 04:16:22+02:00,84.1
2022-06-17 04:17:22+02:00,84.1
2022-06-17 04:18:23+02:00,84.3
2022-06-17 04:19:23+02:00,84.4
2022-06-17 04:20:23+02:00,84.3
2022-06-17 04:21:23+02:00,84.7
2022-06-17 04:22:23+02:00,85.2
2022-06-17 04:23:23+02:00,50.0
2022-06-17 04:24:24+02:00,83.1
2022-06-17 04:25:24+02:00,80.9
2022-06-17 04:26:24+02:00,79.5
2022-06-17 04:27:24+02:00,78.5
2022-06-17 04:28:24+02:00,78.1
2022-06-17 04:29:24+02:00,77.8
2022-06-17 04:30:25+02:00,77.7
2022-06-17 04:31:25+02:00,77.8
2022-06-17 04:32:25+02:00,77.8
2022-06-17 04:33:25+02:00,77.8
2022-06-17 04:34:25+02:00,77.9
2022-06-17 04:35:26+02:00,77.9
2022-06-17 04:36:26+02:00,77.9
2022-06-17 04:37:26+02:00,77.9
2022-06-17 04:38:26+02:00,78.0
2022-06-17 04:39:26+02:00,78.2
2022-06-17 04:40:26+02:00,78.2
2022-06-17 04:41:27+02:00,50.0
2022-06-17 04:42:27+02:00,80.4
2022-06-17 04:43:27+02:00,79.9
2022-06-17 04:44:27+02:00,79.6
2022-06-17 04:45:27+02:00,81.7
2022-06-17 04:46:28+02:00,83.6
2022-06-17 04:47:28+02:00,83.1
2022-06-17 04:48:28+02:00,83.0
2022-06-17 04:49:28+02:00,83.4
2022-06-17 04:50:28+02:00,83.9
2022-06-17 04:51:29+02:00,81.2
2022-06-17 04:52:29+02:00,82.7
2022-06-17 04:53:29+02:00,83.4
2022-06-17 04:54:29+02:00,83.4
2022-06-17 04:55:29+02:00,84.2
2022-06-17 04:56:29+02:00,83.5
2022-06-17 04:57:30+02:00,82.7
2022-06-17 04:58:30+02:00,80.0
2022-06-17 04:59:30+02:00,80.1
2022-06-17 05:00:30+02:00,80.2
2022-06-17 05:01:30+02:00,79.0
2022-06-17 05:02:30+02:00,79.3
2022-06-17 05:03:31+02:00,80.2
2022-06-17 05:04:31+02:00,82.4
2022-06-17 05:05:31+02:00,83.2
2022-06-17 05:06:31+02:00,85.4
2022-06-17 05:07:31+02:00,87.6
2022-06-17 05:08:32+02:00,88.4
2022-06-17 05:09:32+02:00,87.4
2022-06-17 05:10:32+02:00,87.2
2022-06-17 05:11:32+02:00,87.1
2022-06-17 05:12:32+02:00,87.8
2022-06-17 05:13:32+02:00,87.4
2022-06-17 05:14:33+02:00,87.0
2022-06-17 05:15:33+02:00,87.7
2022-06-17 05:16:33+02:00,86.9
2022-06-17 05:17:33+02:00,86.9
2022-06-17 05:18:33+02:00,87.4
2022-06-17 05:19:34+02:00,50.0
2022-06-17 05:20:34+02:00,86.0
2022-06-17 05:21:34+02:00,85.9
2022-06-17 05:22:34+02:00,85.4
2022-06-17 05:23:34+02:00,84.9
2022-06-17 05:24:35+02:00,84.6
2022-06-17 05:25:35+02:00,85.1
2022-06-17 05:26:35+02:00,84.7
2022-06-17 05:27:35+02:00,84.7
2022-06-17 05:28:35+02:00,85.0
2022-06-17 05:29:35+02:00,84.9
2022-06-17 05:30:36+02:00,84.5
2022-06-17 05:31:36+02:00,84.6
2022-06-17 05:32:36+02:00,83.6
2022-06-17 05:33:36+02:00,50.0
2022-06-17 05:34:36+02:00,83.6
2022-06-17 05:35:37+02:00,84.4
2022-06-17 05:36:37+02:00,84.6
2022-06-17 05:37:37+02:00,86.1
2022-06-17 05:38:37+02:00,84.7
2022-06-17 05:39:37+02:00,84.9
2022-06-17 05:40:37+02:00,85.5
2022-06-17 05:41:38+02:00,81.1
2022-06-17 05:42:38+02:00,82.2
2022-06-17 05:43:38+02:00,80.0
2022-06-17 05:44:38+02:00,77.2
2022-06-17 05:45:38+02:00,50.0
2022-06-17 05:46:39+02:00,50.0
2022-06-17 05:47:39+02:00,50.0
2022-06-17 05:48:39+02:00,50.0
2022-06-17 05:49:39+02:00,50.0
2022-06-17 05:50:39+02:00,79.3
2022-06-17 05:51:39+02:00,76.2
2022-06-17 05:52:40+02:00,76.4
2022-06-17 05:53:40+02:00,76.5
2022-06-17 05:54:40+02:00,76.6
2022-06-17 05:55:40+02:00,50.0
2022-06-17 05:56:40+02:00,76.7
2022-06-17 05:57:40+02:00,78.9
2022-06-17 05:58:40+02:00,82.3
2022-06-17 05:59:41+02:00,85.4
2022-06-17 06:00:41+02:00,87.5
2022-06-17 06:01:41+02:00,88.9
2022-06-17 06:02:41+02:00,89.4
2022-06-17 06:03:41+02:00,89.9
2022-06-17 06:04:41+02:00,90.4
2022-06-17 06:05:41+02:00,90.9
2022-06-17 06:06:41+02:00,90.9
2022-06-17 06:07:41+02:00,91.4
2022-06-17 06:08:42+02:00,50.0
2022-06-17 06:09:42+02:00,92.6
2022-06-17 06:10:42+02:00,93.7
2022-06-17 06:11:42+02:00,93.2
2022-06-17 06:12:42+02:00,50.0
2022-06-17 06:13:42+02:00,90.3
2022-06-17 06:14:42+02:00,87.8
2022-06-17 06:15:42+02:00,86.0
2022-06-17 06:16:43+02:00,85.0
2022-06-17 06:17:43+02:00,86.0
2022-06-17 06:18:43+02:00,85.9
2022-06-17 06:19:43+02:00,86.6
2022-06-17 06:20:43+02:00,87.8
2022-06-17 06:21:43+02:00,87.9
2022-06-17 06:22:43+02:00,87.3
2022-06-17 06:23:43+02:00,88.2
2022-06-17 06:24:43+02:00,87.0
2022-06-17 06:25:43+02:00,87.2
2022-06-17 06:26:43+02:00,87.5
2022-06-17 06:27:44+02:00,50.0
2022-06-17 06:28:44+02:00,89.0
2022-06-17 06:29:44+02:00,91.1
2022-06-17 06:30:44+02:00,92.3
2022-06-17 06:31:44+02:00,93.3
2022-06-17 06:32:44+02:00,93.7
2022-06-17 06:33:44+02:00,94.1
2022-06-17 06:34:44+02:00,94.6
2022-06-17 06:35:44+02:00,50.0
2022-06-17 06:36:45+02:00,92.5
2022-06-17 06:37:45+02:00,86.9
2022-06-17 06:38:45+02:00,82.0
2022-06-17 06:39:45+02:00,79.8
2022-06-17 06:40:45+02:00,78.3
2022-06-17 06:41:45+02:00,77.8
2022-06-17 06:42:45+02:00,78.1
2022-06-17 06:43:45+02:00,79.5
2022-06-17 06:44:46+02:00,78.9
2022-06-17 06:45:46+02:00,79.5
2022-06-17 06:46:46+02:00,79.7
2022-06-17 06:47:46+02:00,80.4
2022-06-17 06:48:46+02:00,80.3
2022-06-17 06:49:46+02:00,80.8
2022-06-17 06:50:47+02:00,81.0
2022-06-17 06:51:47+02:00,80.9
2022-06-17 06:52:47+02:00,81.1
2022-06-17 06:53:47+02:00,81.7
2022-06-17 06:54:47+02:00,50.0
2022-06-17 06:55:48+02:00,50.0
2022-06-17 06:56:48+02:00,79.7
2022-06-17 06:57:48+02:00,84.1
2022-06-17 06:58:48+02:00,85.4
2022-06-17 06:59:48+02:00,88.7
2022-06-17 07:00:49+02:00,92.3
2022-06-17 07:01:49+02:00,95.0
2022-06-17 07:02:49+02:00,95.3
2022-06-17 07:03:49+02:00,97.0
2022-06-17 07:04:49+02:00,97.6
2022-06-17 07:05:50+02:00,96.6
2022-06-17 07:06:50+02:00,96.5
2022-06-17 07:07:50+02:00,96.1
2022-06-17 07:08:50+02:00,96.5
2022-06-17 07:09:50+02:00,96.7
2022-06-17 07:10:50+02:00,50.0
2022-06-17 07:11:51+02:00,50.0
2022-06-17 07:12:51+02:00,50.0
2022-06-17 07:13:51+02:00,50.0
2022-06-17 07:14:51+02:00,50.0
2022-06-17 07:15:51+02:00,50.0
2022-06-17 07:16:52+02:00,50.0
2022-06-17 07:17:52+02:00,92.5
2022-06-17 07:18:52+02:00,50.0
2022-06-17 07:19:52+02:00,50.0
2022-06-17 07:20:52+02:00,50.0
2022-06-17 07:21:52+02:00,50.0
2022-06-17 07:22:53+02:00,50.0
2022-06-17 07:23:53+02:00,91.6
2022-06-17 07:24:53+02:00,50.0
2022-06-17 07:25:53+02:00,50.0
2022-06-17 07:26:53+02:00,50.0
2022-06-17 07:27:54+02:00,90.5
2022-06-17 07:28:54+02:00,89.8
2022-06-17 07:29:54+02:00,90.1
2022-06-17 07:30:54+02:00,50.0
2022-06-17 07:31:54+02:00,50.0
2022-06-17 07:32:55+02:00,50.0
2022-06-17 07:33:55+02:00,50.0
2022-06-17 07:34:55+02:00,90.5
2022-06-17 07:35:55+02:00,50.0
2022-06-17 07:36:55+02:00,89.6
2022-06-17 07:37:55+02:00,89.2
2022-06-17 07:38:56+02:00,50.0
2022-06-17 07:39:56+02:00,50.0
2022-06-17 07:40:56+02:00,50.0
2022-06-17 07:41:56+02:00,50.0
2022-06-17 07:42:56+02:00,50.0
2022-06-17 07:43:56+02:00,89.8
2022-06-17 07:44:57+02:00,89.8
2022-06-17 07:45:57+02:00,89.4
2022-06-17 07:46:57+02:00,50.0
2022-06-18 07:43:30+02:00,96.2
2022-06-18 07:44:30+02:00,95.3
2022-06-18 07:45:30+02:00,93.8
2022-06-18 07:46:30+02:00,92.8
2022-06-18 07:47:30+02:00,91.7
2022-06-18 07:48:30+02:00,91.2
2022-06-18 07:49:30+02:00,90.7
2022-06-18 07:50:30+02:00,90.3
2022-06-18 07:51:30+02:00,90.5
2022-06-18 07:52:30+02:00,91.1
2022-06-18 07:53:31+02:00,91.0
2022-06-18 07:54:31+02:00,90.8
2022-06-18 07:55:31+02:00,91.0
2022-06-18 07:56:31+02:00,90.8
2022-06-18 07:57:31+02:00,90.7
2022-06-18 07:58:32+02:00,91.1
2022-06-18 07:59:32+02:00,91.4
2022-06-18 08:00:32+02:00,91.4
2022-06-18 08:01:32+02:00,91.2
2022-06-18 08:02:32+02:00,90.9
2022-06-18 08:03:32+02:00,90.6
2022-06-18 08:04:33+02:00,90.8
2022-06-18 08:05:33+02:00,91.8
2022-06-18 08:06:33+02:00,50.0
2022-06-18 08:07:33+02:00,93.1
2022-06-18 08:08:33+02:00,94.6
2022-06-18 08:09:34+02:00,95.3
2022-06-18 08:10:34+02:00,50.0
2022-06-18 08:11:34+02:00,95.4
2022-06-18 08:12:34+02:00,90.6
2022-06-18 08:13:34+02:00,86.2
2022-06-18 08:14:34+02:00,83.4
2022-06-18 08:15:35+02:00,80.9
2022-06-18 08:16:35+02:00,79.5
2022-06-18 08:17:35+02:00,78.8
2022-06-18 08:18:35+02:00,50.0
2022-06-18 08:19:35+02:00,50.0
2022-06-18 08:20:36+02:00,78.3
2022-06-18 08:21:36+02:00,79.2
2022-06-18 08:22:36+02:00,80.0
2022-06-18 08:23:36+02:00,80.3
2022-06-18 08:24:36+02:00,81.0
2022-06-18 08:25:36+02:00,80.6
2022-06-18 08:26:37+02:00,80.9
2022-06-18 08:27:37+02:00,50.0
2022-06-18 08:28:37+02:00,80.1
2022-06-18 08:29:37+02:00,79.6
2022-06-18 08:30:37+02:00,79.7
2022-06-18 08:31:38+02:00,79.3
2022-06-18 08:32:38+02:00,79.0
2022-06-18 08:33:38+02:00,78.6
2022-06-18 08:34:38+02:00,79.0
2022-06-18 08:35:38+02:00,79.4
2022-06-18 08:36:39+02:00,79.2
2022-06-18 08:37:39+02:00,79.4
2022-06-18 08:38:39+02:00,79.3
2022-06-18 08:39:39+02:00,78.9
2022-06-18 08:40:39+02:00,78.3
2022-06-18 08:41:39+02:00,77.9
2022-06-18 08:42:40+02:00,78.1
2022-06-18 08:43:40+02:00,78.5
2022-06-18 08:44:40+02:00,79.3
2022-06-18 08:45:40+02:00,79.3
2022-06-18 08:46:40+02:00,50.0
2022-06-18 08:47:40+02:00,80.1
2022-06-18 08:48:40+02:00,80.3
2022-06-18 08:49:40+02:00,80.4
2022-06-18 08:50:40+02:00,80.1
2022-06-18 08:51:40+02:00,80.1
2022-06-18 08:52:41+02:00,80.3
2022-06-18 08:53:41+02:00,80.3
2022-06-18 08:54:41+02:00,80.6
2022-06-18 08:55:41+02:00,80.8
2022-06-18 08:56:41+02:00,81.1
2022-06-18 08:57:41+02:00,81.2
2022-06-18 08:58:41+02:00,81.2
2022-06-18 08:59:41+02:00,81.2
2022-06-18 09:00:41+02:00,81.3
2022-06-18 09:01:41+02:00,81.6
2022-06-18 09:02:41+02:00,81.6
2022-06-18 09:03:42+02:00,85.2
2022-06-18 09:04:42+02:00,85.1
2022-06-18 09:05:42+02:00,83.7
2022-06-18 09:06:42+02:00,84.7
2022-06-18 09:07:42+02:00,89.8
2022-06-18 09:08:42+02:00,90.4
2022-06-18 09:09:42+02:00,87.1
2022-06-18 09:10:43+02:00,85.1
2022-06-18 09:11:43+02:00,83.3
2022-06-18 09:12:43+02:00,82.5
2022-06-18 09:13:43+02:00,82.8
2022-06-18 09:14:43+02:00,82.5
2022-06-18 09:15:43+02:00,81.8
2022-06-18 09:16:43+02:00,81.2
2022-06-18 09:17:43+02:00,50.0
2022-06-18 09:18:43+02:00,82.3
2022-06-18 09:19:43+02:00,87.3
2022-06-18 09:20:43+02:00,90.2
2022-06-18 09:21:43+02:00,92.6
2022-06-18 09:22:44+02:00,93.7
2022-06-18 09:23:44+02:00,94.8
2022-06-18 09:24:44+02:00,95.0
2022-06-18 09:25:44+02:00,95.1
2022-06-18 09:26:44+02:00,95.2
2022-06-18 09:27:44+02:00,95.8
2022-06-18 09:28:44+02:00,95.9
2022-06-18 09:29:44+02:00,95.5
2022-06-18 09:30:44+02:00,95.2
2022-06-18 09:31:44+02:00,95.0
2022-06-18 09:32:44+02:00,94.8
2022-06-18 09:33:45+02:00,94.8
2022-06-18 09:34:45+02:00,50.0
2022-06-18 09:35:45+02:00,95.7
2022-06-18 09:36:45+02:00,97.4
2022-06-18 09:37:45+02:00,98.4
2022-06-18 09:38:45+02:00,98.7
2022-06-18 09:39:45+02:00,99.2
2022-06-18 09:40:45+02:00,99.5
2022-06-18 09:41:45+02:00,99.7
2022-06-18 09:42:46+02:00,99.9
2022-06-18 09:43:46+02:00,98.4
2022-06-18 09:44:46+02:00,98.3
2022-06-18 09:45:46+02:00,99.3
2022-06-18 09:46:46+02:00,98.7
2022-06-18 09:47:46+02:00,99.1
2022-06-18 09:48:47+02:00,99.6
2022-06-18 09:49:47+02:00,99.8
2022-06-18 09:50:47+02:00,98.4
2022-06-18 09:51:47+02:00,98.8
2022-06-18 09:52:47+02:00,99.3
2022-06-18 09:53:48+02:00,99.6
2022-06-18 09:54:48+02:00,99.7
2022-06-18 09:55:48+02:00,99.8
2022-06-18 09:56:48+02:00,100.0
2022-06-18 09:57:48+02:00,100.0
2022-06-18 09:58:49+02:00,100.0
2022-06-18 09:59:49+02:00,100.0
2022-06-18 10:00:49+02:00,99.8
2022-06-18 10:01:49+02:00,99.6
2022-06-18 10:02:49+02:00,50.0
2022-06-18 10:03:49+02:00,99.1
2022-06-18 10:04:50+02:00,98.2
2022-06-18 10:05:50+02:00,97.4
2022-06-18 10:06:50+02:00,96.9
2022-06-18 10:07:50+02:00,96.7
2022-06-18 10:08:50+02:00,96.4
2022-06-18 10:09:51+02:00,96.3
2022-06-18 10:10:51+02:00,96.1
2022-06-18 10:11:51+02:00,96.0
2022-06-18 10:12:51+02:00,96.0
2022-06-18 10:13:51+02:00,95.9
2022-06-18 10:14:52+02:00,95.6
2022-06-18 10:15:52+02:00,95.7
2022-06-18 10:16:52+02:00,95.8
2022-06-18 10:17:52+02:00,96.0
2022-06-18 10:18:52+02:00,96.0
2022-06-18 10:19:53+02:00,96.0
2022-06-18 10:20:53+02:00,96.0
2022-06-18 10:21:53+02:00,96.2
2022-06-18 10:22:53+02:00,96.1
2022-06-18 10:23:53+02:00,96.0
2022-06-18 10:24:53+02:00,96.0
2022-06-18 10:25:54+02:00,96.0
2022-06-18 10:26:54+02:00,96.0
2022-06-18 10:27:54+02:00,96.1
2022-06-18 10:28:54+02:00,96.1
2022-06-18 10:29:54+02:00,96.1
2022-06-18 10:30:55+02:00,96.1
2022-06-18 10:31:55+02:00,96.0
2022-06-18 10:32:55+02:00,50.0
2022-06-18 10:33:55+02:00,50.0
2022-06-18 10:34:55+02:00,50.0
2022-06-18 10:35:55+02:00,50.0
2022-06-18 10:36:56+02:00,50.0
2022-06-18 10:37:56+02:00,50.0
2022-06-18 10:38:56+02:00,50.0
2022-06-18 10:39:56+02:00,50.0
2022-06-18 10:40:56+02:00,50.0
2022-06-18 10:41:56+02:00,50.0
2022-06-18 10:42:57+02:00,50.0
2022-06-18 10:43:57+02:00,50.0
2022-06-18 10:44:57+02:00,50.0
2022-06-18 10:45:57+02:00,50.0
2022-06-18 10:46:57+02:00,50.0
2022-06-18 10:47:58+02:00,50.0
2022-06-18 10:48:58+02:00,50.0
2022-06-18 10:49:58+02:00,50.0
2022-06-18 10:50:58+02:00,50.0
2022-06-18 10:51:58+02:00,50.0
2022-06-18 10:52:59+02:00,50.0
2022-06-18 10:53:59+02:00,50.0
2022-06-18 10:54:59+02:00,50.0
2022-06-18 10:55:59+02:00,50.0
2022-06-18 10:56:59+02:00,50.0
2022-06-18 10:57:59+02:00,50.0
2022-06-18 10:59:00+02:00,50.0
2022-06-18 11:00:00+02:00,50.0
2022-06-18 11:01:00+02:00,50.0
2022-06-18 11:02:00+02:00,50.0
2022-06-18 11:03:00+02:00,50.0
2022-06-18 11:04:00+02:00,50.0
2022-06-18 11:05:01+02:00,50.0
2022-06-18 11:06:01+02:00,50.0
2022-06-18 11:07:01+02:00,50.0
2022-06-18 11:08:01+02:00,50.0
2022-06-18 11:09:01+02:00,50.0
2022-06-18 11:10:02+02:00,95.3
2022-06-18 11:11:02+02:00,50.0
2022-06-19 02:37:00+02:00,50.0
2022-06-19 02:38:00+02:00,89.3
2022-06-19 02:39:00+02:00,90.2
2022-06-19 02:40:00+02:00,50.0
2022-06-19 02:41:00+02:00,89.5
2022-06-19 02:42:00+02:00,91.1
2022-06-19 02:43:00+02:00,91.9
2022-06-19 02:44:00+02:00,92.9
2022-06-19 02:45:00+02:00,93.5
2022-06-19 02:46:00+02:00,94.9
2022-06-19 02:47:00+02:00,95.5
2022-06-19 02:48:01+02:00,95.5
2022-06-19 02:49:01+02:00,95.7
2022-06-19 02:50:01+02:00,95.6
2022-06-19 02:51:01+02:00,95.8
2022-06-19 02:52:01+02:00,50.0
2022-06-19 02:53:01+02:00,95.1
2022-06-19 02:54:01+02:00,93.7
2022-06-19 02:55:01+02:00,92.7
2022-06-19 02:56:01+02:00,91.8
2022-06-19 02:57:02+02:00,91.1
2022-06-19 02:58:02+02:00,90.9
2022-06-19 02:59:02+02:00,90.5
2022-06-19 03:00:02+02:00,90.1
2022-06-19 03:01:02+02:00,89.6
2022-06-19 03:02:02+02:00,89.2
2022-06-19 03:03:03+02:00,89.0
2022-06-19 03:04:03+02:00,89.3
2022-06-19 03:05:03+02:00,89.9
2022-06-19 03:06:03+02:00,89.8
2022-06-19 03:07:03+02:00,50.0
2022-06-19 03:08:03+02:00,50.0
2022-06-19 03:09:03+02:00,50.0
2022-06-19 03:10:03+02:00,88.1
2022-06-19 03:11:04+02:00,50.0
2022-06-19 03:12:04+02:00,85.9
2022-06-19 03:13:04+02:00,82.8
2022-06-19 03:14:04+02:00,84.5
2022-06-19 03:15:04+02:00,85.9
2022-06-19 03:16:04+02:00,88.2
2022-06-19 03:17:04+02:00,90.1
2022-06-19 03:18:05+02:00,91.3
2022-06-19 03:19:05+02:00,92.3
2022-06-19 03:20:05+02:00,93.5
2022-06-19 03:21:05+02:00,94.0
2022-06-19 03:22:05+02:00,50.0
2022-06-19 03:23:05+02:00,94.2
2022-06-19 03:24:06+02:00,94.4
2022-06-19 03:25:06+02:00,93.8
2022-06-19 03:26:06+02:00,50.0
2022-06-19 03:27:06+02:00,94.1
2022-06-19 03:28:06+02:00,94.1
2022-06-19 03:29:06+02:00,96.1
2022-06-19 03:30:07+02:00,95.1
2022-06-19 03:31:07+02:00,93.6
2022-06-19 03:32:07+02:00,94.5
2022-06-19 03:33:07+02:00,95.2
2022-06-19 03:34:07+02:00,95.3
2022-06-19 03:35:08+02:00,94.6
2022-06-19 03:36:08+02:00,92.5
2022-06-19 03:37:08+02:00,91.9
2022-06-19 03:38:08+02:00,90.8
2022-06-19 03:39:08+02:00,90.4
2022-06-19 03:40:08+02:00,90.9
2022-06-19 03:41:08+02:00,50.0
2022-06-19 03:42:09+02:00,95.7
2022-06-19 03:43:09+02:00,97.2
2022-06-19 03:44:09+02:00,97.3
2022-06-19 03:45:09+02:00,97.5
2022-06-19 03:46:09+02:00,97.1
2022-06-19 03:47:10+02:00,97.6
2022-06-19 03:48:10+02:00,96.9
2022-06-19 03:49:10+02:00,95.6
2022-06-19 03:50:10+02:00,94.3
2022-06-19 03:51:10+02:00,93.5
2022-06-19 03:52:11+02:00,94.2
2022-06-19 03:53:11+02:00,95.0
2022-06-19 03:54:11+02:00,95.5
2022-06-19 03:55:11+02:00,95.4
2022-06-19 03:56:11+02:00,96.1
2022-06-19 03:57:11+02:00,96.5
2022-06-19 03:58:12+02:00,96.9
2022-06-19 03:59:12+02:00,96.2
2022-06-19 04:00:12+02:00,95.7
2022-06-19 04:01:12+02:00,94.8
2022-06-19 04:02:12+02:00,94.2
2022-06-19 04:03:13+02:00,93.6
2022-06-19 04:04:13+02:00,93.2
2022-06-19 04:05:13+02:00,92.9
2022-06-19 04:06:13+02:00,92.8
2022-06-19 04:07:13+02:00,93.1
2022-06-19 04:08:14+02:00,92.8
2022-06-19 04:09:14+02:00,94.3
2022-06-19 04:10:14+02:00,95.2
2022-06-19 04:11:14+02:00,95.7
2022-06-19 04:12:14+02:00,96.3
2022-06-19 04:13:14+02:00,96.3
2022-06-19 04:14:15+02:00,96.5
2022-06-19 04:15:15+02:00,96.5
2022-06-19 04:16:15+02:00,96.3
2022-06-19 04:17:15+02:00,96.7
2022-06-19 04:18:15+02:00,96.5
2022-06-19 04:19:16+02:00,97.0
2022-06-19 04:20:16+02:00,96.6
2022-06-19 04:21:16+02:00,96.6
2022-06-19 04:22:16+02:00,96.4
2022-06-19 04:23:16+02:00,96.4
2022-06-19 04:24:17+02:00,96.3
2022-06-19 04:25:17+02:00,95.6
2022-06-19 04:26:17+02:00,95.5
2022-06-19 04:27:17+02:00,95.4
2022-06-19 04:28:17+02:00,96.0
2022-06-19 04:29:17+02:00,97.4
2022-06-19 04:30:18+02:00,97.3
2022-06-19 04:31:18+02:00,97.8
2022-06-19 04:32:18+02:00,97.5
2022-06-19 04:33:18+02:00,96.5
2022-06-19 04:34:18+02:00,95.3
2022-06-19 04:35:19+02:00,95.3
2022-06-19 04:36:19+02:00,95.5
2022-06-19 04:37:19+02:00,95.7
2022-06-19 04:38:19+02:00,95.7
2022-06-19 04:39:19+02:00,95.8
2022-06-19 04:40:19+02:00,96.0
2022-06-19 04:41:20+02:00,95.7
2022-06-19 04:42:20+02:00,95.6
2022-06-19 04:43:20+02:00,95.4
2022-06-19 04:44:20+02:00,95.0
2022-06-19 04:45:20+02:00,95.0
2022-06-19 04:46:21+02:00,95.1
2022-06-19 04:47:21+02:00,50.0
2022-06-19 04:48:21+02:00,50.0
2022-06-19 04:49:21+02:00,50.0
2022-06-19 04:50:21+02:00,94.6
2022-06-19 04:51:21+02:00,95.0
2022-06-19 04:52:22+02:00,95.0
2022-06-19 04:53:22+02:00,95.7
2022-06-19 04:54:22+02:00,95.5
2022-06-19 04:55:22+02:00,94.1
2022-06-19 04:56:22+02:00,94.0
2022-06-19 04:57:23+02:00,94.2
2022-06-19 04:58:23+02:00,93.6
2022-06-19 04:59:23+02:00,92.6
2022-06-19 05:00:23+02:00,92.9
2022-06-19 05:01:23+02:00,93.7
2022-06-19 05:02:23+02:00,91.9
2022-06-19 05:03:24+02:00,91.8
2022-06-19 05:04:24+02:00,91.5
2022-06-19 05:05:24+02:00,50.0
2022-06-19 05:06:24+02:00,90.7
2022-06-19 05:07:24+02:00,89.1
2022-06-19 05:08:25+02:00,87.8
2022-06-19 05:09:25+02:00,87.8
2022-06-19 05:10:25+02:00,50.0
2022-06-19 05:11:25+02:00,86.8
2022-06-19 05:12:25+02:00,85.6
2022-06-19 05:13:25+02:00,83.0
2022-06-19 05:14:26+02:00,84.7
2022-06-19 05:15:26+02:00,83.9
2022-06-19 05:16:26+02:00,81.5
2022-06-19 05:17:26+02:00,82.6
2022-06-19 05:18:26+02:00,82.7
2022-06-19 05:19:27+02:00,81.1
2022-06-19 05:20:27+02:00,81.0
2022-06-19 05:21:27+02:00,80.7
2022-06-19 05:22:27+02:00,80.9
2022-06-19 05:23:27+02:00,81.0
2022-06-19 05:24:28+02:00,80.9
2022-06-19 05:25:28+02:00,81.1
2022-06-19 05:26:28+02:00,50.0
2022-06-19 05:27:28+02:00,83.4
2022-06-19 05:28:28+02:00,86.8
2022-06-19 05:29:28+02:00,90.9
2022-06-19 05:30:29+02:00,93.6
2022-06-19 05:31:29+02:00,50.0
2022-06-19 05:32:29+02:00,93.7
2022-06-19 05:33:29+02:00,94.6
2022-06-19 05:34:29+02:00,94.9
2022-06-19 05:35:30+02:00,95.2
2022-06-19 05:36:30+02:00,95.1
2022-06-19 05:37:30+02:00,94.9
2022-06-19 05:38:30+02:00,95.3
2022-06-19 05:39:30+02:00,95.3
2022-06-19 05:40:30+02:00,94.6
2022-06-19 05:41:31+02:00,94.5
2022-06-19 05:42:31+02:00,94.3
2022-06-19 05:43:31+02:00,94.4
2022-06-19 05:44:31+02:00,94.1
2022-06-19 05:45:31+02:00,93.8
2022-06-19 05:46:32+02:00,93.2
2022-06-19 05:47:32+02:00,93.0
2022-06-19 05:48:32+02:00,93.8
2022-06-19 05:49:32+02:00,94.0
2022-06-19 05:50:32+02:00,93.8
2022-06-19 05:51:33+02:00,94.1
2022-06-19 05:52:33+02:00,94.0
2022-06-19 05:53:33+02:00,93.5
2022-06-19 05:54:33+02:00,93.8
2022-06-19 05:55:33+02:00,93.4
2022-06-19 05:56:33+02:00,93.0
2022-06-19 05:57:34+02:00,92.8
2022-06-19 05:58:34+02:00,92.8
2022-06-19 05:59:34+02:00,93.1
2022-06-19 06:00:34+02:00,93.6
2022-06-19 06:01:34+02:00,93.2
2022-06-19 06:02:35+02:00,50.0
2022-06-19 06:03:35+02:00,92.1
2022-06-19 06:04:35+02:00,94.6
2022-06-19 06:05:35+02:00,93.5
2022-06-19 06:06:35+02:00,96.7
2022-06-19 06:07:35+02:00,95.6
2022-06-19 06:08:36+02:00,93.8
2022-06-19 06:09:36+02:00,92.3
2022-06-19 06:10:36+02:00,91.1
2022-06-19 06:11:36+02:00,90.2
2022-06-19 06:12:36+02:00,93.3
2022-06-19 06:13:36+02:00,95.1
2022-06-19 06:14:37+02:00,95.9
2022-06-19 06:15:37+02:00,96.6
2022-06-19 06:16:37+02:00,96.8
2022-06-19 06:17:37+02:00,96.7
2022-06-19 06:18:37+02:00,96.9
2022-06-19 06:19:38+02:00,96.9
2022-06-19 06:20:38+02:00,97.2
2022-06-19 06:21:38+02:00,96.9
2022-06-19 06:22:38+02:00,94.8
2022-06-19 06:23:38+02:00,94.7
2022-06-19 06:24:39+02:00,95.8
2022-06-19 06:25:39+02:00,96.2
2022-06-19 06:26:39+02:00,96.8
2022-06-19 06:27:39+02:00,97.2
2022-06-19 06:28:39+02:00,97.0
2022-06-19 06:29:39+02:00,97.1
2022-06-19 06:30:40+02:00,97.5
2022-06-19 06:31:40+02:00,97.2
2022-06-19 06:32:40+02:00,97.4
2022-06-19 06:33:40+02:00,97.6
2022-06-19 06:34:40+02:00,97.6
2022-06-19 06:35:40+02:00,97.5
2022-06-19 06:36:40+02:00,97.5
2022-06-19 06:37:40+02:00,97.6
2022-06-19 06:38:41+02:00,97.9
2022-06-19 06:39:41+02:00,97.9
2022-06-19 06:40:41+02:00,98.1
2022-06-19 06:41:41+02:00,98.4
2022-06-19 06:42:41+02:00,98.4
2022-06-19 06:43:41+02:00,97.6
2022-06-19 06:44:41+02:00,98.1
2022-06-19 06:45:42+02:00,98.2
2022-06-19 06:46:42+02:00,98.2
2022-06-19 06:47:42+02:00,98.2
2022-06-19 06:48:42+02:00,98.3
2022-06-19 06:49:42+02:00,98.3
2022-06-19 06:50:42+02:00,97.2
2022-06-19 06:51:42+02:00,98.0
2022-06-19 06:52:42+02:00,50.0
2022-06-19 06:53:42+02:00,50.0
2022-06-19 06:54:42+02:00,50.0
2022-06-19 06:55:42+02:00,97.2
2022-06-19 06:56:43+02:00,94.4
2022-06-19 06:57:43+02:00,92.7
2022-06-19 06:58:43+02:00,91.1
2022-06-19 06:59:43+02:00,89.8
2022-06-19 07:00:43+02:00,89.0
2022-06-19 07:01:43+02:00,87.0
2022-06-19 07:02:43+02:00,86.2
2022-06-19 07:03:43+02:00,85.9
2022-06-19 07:04:43+02:00,86.3
2022-06-19 07:05:43+02:00,86.6
2022-06-19 07:06:44+02:00,86.8
2022-06-19 07:07:44+02:00,91.1
2022-06-19 07:08:44+02:00,93.5
2022-06-19 07:09:44+02:00,91.7
2022-06-19 07:10:44+02:00,90.7
2022-06-19 07:11:44+02:00,92.8
2022-06-19 07:12:44+02:00,94.8
2022-06-19 07:13:44+02:00,96.2
2022-06-19 07:14:45+02:00,97.2
2022-06-19 07:15:45+02:00,97.8
2022-06-19 07:16:45+02:00,97.9
2022-06-19 07:17:45+02:00,98.0
2022-06-19 07:18:45+02:00,97.1
2022-06-19 07:19:45+02:00,97.6
2022-06-19 07:20:45+02:00,97.5
2022-06-19 07:21:46+02:00,97.8
2022-06-19 07:22:46+02:00,98.3
2022-06-19 07:23:46+02:00,98.3
2022-06-19 07:24:46+02:00,98.2
2022-06-19 07:25:46+02:00,98.4
2022-06-19 07:26:46+02:00,98.2
2022-06-19 07:27:47+02:00,98.1
2022-06-19 07:28:47+02:00,97.7
2022-06-19 07:29:47+02:00,97.6
2022-06-19 07:30:47+02:00,98.0
2022-06-19 07:31:47+02:00,98.0
2022-06-19 07:32:48+02:00,98.1
2022-06-19 07:33:48+02:00,98.0
2022-06-19 07:34:48+02:00,98.1
2022-06-19 07:35:48+02:00,98.1
2022-06-19 07:36:48+02:00,98.0
2022-06-19 07:37:49+02:00,98.0
2022-06-19 07:38:49+02:00,98.1
2022-06-19 07:39:49+02:00,97.8
2022-06-19 07:40:49+02:00,97.9
2022-06-19 07:41:49+02:00,50.0
2022-06-19 07:42:50+02:00,97.7
2022-06-19 07:43:50+02:00,96.9
2022-06-19 07:44:50+02:00,96.5
2022-06-19 07:45:50+02:00,96.2
2022-06-19 07:46:50+02:00,95.9
2022-06-19 07:47:51+02:00,96.0
2022-06-19 07:48:51+02:00,95.6
2022-06-19 07:49:51+02:00,95.8
2022-06-19 07:50:51+02:00,96.1
2022-06-19 07:51:51+02:00,96.4
2022-06-19 07:52:52+02:00,96.6
2022-06-19 07:53:52+02:00,96.6
2022-06-19 07:54:52+02:00,96.9
2022-06-19 07:55:52+02:00,96.8
2022-06-19 07:56:52+02:00,97.0
2022-06-19 07:57:52+02:00,97.1
2022-06-19 07:58:53+02:00,97.2
2022-06-19 07:59:53+02:00,97.0
2022-06-19 08:00:53+02:00,97.4
2022-06-19 08:01:53+02:00,97.6
2022-06-19 08:02:53+02:00,98.0
2022-06-19 08:03:54+02:00,97.8
2022-06-19 08:04:54+02:00,97.7
2022-06-19 08:05:54+02:00,97.6
2022-06-19 08:06:54+02:00,97.4
2022-06-19 08:07:54+02:00,97.2
2022-06-19 08:08:55+02:00,97.4
2022-06-19 08:09:55+02:00,97.5
2022-06-19 08:10:55+02:00,50.0
2022-06-19 08:11:55+02:00,97.0
2022-06-19 08:12:55+02:00,96.6
2022-06-19 08:13:55+02:00,96.5
2022-06-19 08:14:56+02:00,96.5
2022-06-19 08:15:56+02:00,96.2
2022-06-19 08:16:56+02:00,95.9
2022-06-19 08:17:56+02:00,95.7
2022-06-19 08:18:56+02:00,95.7
2022-06-19 08:19:57+02:00,95.6
2022-06-19 08:20:57+02:00,95.4
2022-06-19 08:21:57+02:00,95.6
2022-06-19 08:22:57+02:00,95.7
2022-06-19 08:23:57+02:00,95.9
2022-06-19 08:24:57+02:00,95.9
2022-06-19 08:25:58+02:00,95.7
2022-06-19 08:26:58+02:00,50.0
2022-06-19 08:27:58+02:00,95.8
2022-06-19 08:28:58+02:00,95.9
2022-06-19 08:29:58+02:00,96.2
2022-06-19 08:30:59+02:00,96.1
2022-06-19 08:31:59+02:00,96.2
2022-06-19 08:32:59+02:00,96.1
2022-06-19 08:33:59+02:00,96.1
2022-06-19 08:34:59+02:00,96.1
2022-06-19 08:36:00+02:00,96.0
2022-06-19 08:37:00+02:00,95.9
2022-06-19 08:38:00+02:00,95.8
2022-06-19 08:39:00+02:00,95.6
2022-06-19 08:40:00+02:00,95.5
2022-06-19 08:41:00+02:00,95.4
2022-06-19 08:42:00+02:00,95.4
2022-06-19 08:43:01+02:00,95.3
2022-06-19 08:44:01+02:00,95.4
2022-06-19 08:45:01+02:00,95.5
2022-06-19 08:46:01+02:00,50.0
2022-06-19 08:47:01+02:00,50.0
2022-06-19 08:48:01+02:00,50.0
2022-06-19 08:49:01+02:00,50.0
2022-06-19 08:50:02+02:00,50.0
2022-06-19 08:51:02+02:00,95.7
2022-06-19 08:52:02+02:00,50.0
2022-06-19 08:53:02+02:00,50.0
2022-06-19 08:54:02+02:00,96.0
2022-06-19 08:55:02+02:00,50.0
2022-06-19 08:56:02+02:00,94.7
2022-06-19 08:57:03+02:00,50.0
2022-06-19 08:58:03+02:00,50.0
2022-06-19 08:59:03+02:00,50.0
2022-06-19 09:00:03+02:00,50.0
2022-06-19 09:01:03+02:00,50.0
2022-06-19 09:02:03+02:00,50.0
2022-06-19 09:03:03+02:00,50.0
2022-06-19 09:04:04+02:00,50.0
2022-06-19 09:05:04+02:00,50.0
2022-06-19 09:06:04+02:00,92.7
2022-06-19 09:07:04+02:00,50.0
2022-06-19 09:08:04+02:00,91.9
2022-06-19 09:09:04+02:00,91.3
2022-06-19 09:10:05+02:00,50.0
2022-06-19 09:11:05+02:00,50.0
2022-06-19 09:12:05+02:00,50.0
2022-06-19 09:13:05+02:00,50.0
2022-06-19 09:14:05+02:00,50.0
2022-06-19 09:15:05+02:00,50.0
2022-06-19 09:16:05+02:00,50.0
2022-06-19 09:17:06+02:00,50.0
2022-06-19 09:18:06+02:00,50.0
2022-06-19 09:19:06+02:00,50.0
2022-06-19 09:20:06+02:00,50.0
2022-06-19 09:21:06+02:00,50.0
2022-06-19 09:22:07+02:00,50.0
2022-06-20 01:33:00+02:00,50.0
2022-06-20 01:34:00+02:00,92.1
2022-06-20 01:35:00+02:00,91.7
2022-06-20 01:36:00+02:00,91.2
2022-06-20 01:37:00+02:00,91.0
2022-06-20 01:38:00+02:00,90.4
2022-06-20 01:39:00+02:00,90.9
2022-06-20 01:40:00+02:00,90.9
2022-06-20 01:41:00+02:00,90.9
2022-06-20 01:42:00+02:00,90.6
2022-06-20 01:43:00+02:00,90.3
2022-06-20 01:44:00+02:00,90.2
2022-06-20 01:45:00+02:00,90.4
2022-06-20 01:46:01+02:00,90.4
2022-06-20 01:47:01+02:00,90.0
2022-06-20 01:48:01+02:00,90.1
2022-06-20 01:49:01+02:00,90.4
2022-06-20 01:50:01+02:00,90.2
2022-06-20 01:51:02+02:00,90.1
2022-06-20 01:52:02+02:00,50.0
2022-06-20 01:53:02+02:00,50.0
2022-06-20 01:54:02+02:00,90.7
2022-06-20 01:55:02+02:00,91.7
2022-06-20 01:56:02+02:00,92.1
2022-06-20 01:57:02+02:00,92.2
2022-06-20 01:58:02+02:00,92.1
2022-06-20 01:59:03+02:00,92.0
2022-06-20 02:00:03+02:00,91.9
2022-06-20 02:00:03+02:00,91.9
2022-06-20 02:01:03+02:00,91.9
2022-06-20 02:02:03+02:00,91.8
2022-06-20 02:03:03+02:00,91.6
2022-06-20 02:04:03+02:00,91.4
2022-06-20 02:05:04+02:00,91.2
2022-06-20 02:06:04+02:00,91.2
2022-06-20 02:07:04+02:00,91.9
2022-06-20 02:08:04+02:00,92.3
2022-06-20 02:09:04+02:00,93.2
2022-06-20 02:10:04+02:00,92.7
2022-06-20 02:11:04+02:00,92.2
2022-06-20 02:12:05+02:00,93.2
2022-06-20 02:13:05+02:00,93.8
2022-06-20 02:14:05+02:00,93.2
2022-06-20 02:15:05+02:00,93.1
2022-06-20 02:16:05+02:00,92.7
2022-06-20 02:17:05+02:00,92.6
2022-06-20 02:18:06+02:00,92.1
2022-06-20 02:19:06+02:00,91.9
2022-06-20 02:20:06+02:00,93.2
2022-06-20 02:21:06+02:00,93.2
2022-06-20 02:22:06+02:00,92.8
2022-06-20 02:23:07+02:00,92.4
2022-06-20 02:24:07+02:00,92.2
2022-06-20 02:25:07+02:00,92.0
2022-06-20 02:26:07+02:00,92.5
2022-06-20 02:27:07+02:00,93.4
2022-06-20 02:28:07+02:00,93.7
2022-06-20 02:29:08+02:00,93.5
2022-06-20 02:30:08+02:00,93.2
2022-06-20 02:31:08+02:00,93.6
2022-06-20 02:32:08+02:00,93.2
2022-06-20 02:33:08+02:00,92.6
2022-06-20 02:34:09+02:00,93.2
2022-06-20 02:35:09+02:00,93.0
2022-06-20 02:36:09+02:00,93.1
2022-06-20 02:37:09+02:00,92.5
2022-06-20 02:38:09+02:00,93.0
2022-06-20 02:39:10+02:00,92.8
2022-06-20 02:40:10+02:00,92.2
2022-06-20 02:41:10+02:00,92.0
2022-06-20 02:42:10+02:00,92.3
2022-06-20 02:43:10+02:00,92.2
2022-06-20 02:44:10+02:00,92.6
2022-06-20 02:45:11+02:00,50.0
2022-06-20 02:46:11+02:00,90.4
2022-06-20 02:47:11+02:00,81.6
2022-06-20 02:48:11+02:00,79.5
2022-06-20 02:49:11+02:00,77.3
2022-06-20 02:50:12+02:00,75.7
2022-06-20 02:51:12+02:00,75.2
2022-06-20 02:52:12+02:00,75.3
2022-06-20 02:53:12+02:00,78.2
2022-06-20 02:54:12+02:00,79.1
2022-06-20 02:55:13+02:00,79.1
2022-06-20 02:56:13+02:00,79.0
2022-06-20 02:57:13+02:00,78.9
2022-06-20 02:58:13+02:00,78.9
2022-06-20 02:59:13+02:00,78.8
2022-06-20 03:00:13+02:00,78.7
2022-06-20 03:01:14+02:00,78.4
2022-06-20 03:02:14+02:00,77.3
2022-06-20 03:03:14+02:00,76.9
2022-06-20 03:04:14+02:00,77.5
2022-06-20 03:05:14+02:00,77.0
2022-06-20 03:06:15+02:00,77.4
2022-06-20 03:07:15+02:00,76.8
2022-06-20 03:08:15+02:00,75.9
2022-06-20 03:09:15+02:00,75.0
2022-06-20 03:10:15+02:00,75.1
2022-06-20 03:11:15+02:00,75.3
2022-06-20 03:12:16+02:00,75.6
2022-06-20 03:13:16+02:00,50.0
2022-06-20 03:14:16+02:00,74.2
2022-06-20 03:15:16+02:00,74.1
2022-06-20 03:16:16+02:00,74.4
2022-06-20 03:17:17+02:00,74.5
2022-06-20 03:18:17+02:00,74.9
2022-06-20 03:19:17+02:00,74.9
2022-06-20 03:20:17+02:00,50.0
2022-06-20 03:21:17+02:00,75.6
2022-06-20 03:22:18+02:00,78.4
2022-06-20 03:23:18+02:00,79.5
2022-06-20 03:24:18+02:00,81.3
2022-06-20 03:25:18+02:00,82.3
2022-06-20 03:26:18+02:00,83.0
2022-06-20 03:27:18+02:00,83.5
2022-06-20 03:28:19+02:00,83.8
2022-06-20 03:29:19+02:00,82.6
2022-06-20 03:30:19+02:00,81.9
2022-06-20 03:31:19+02:00,81.6
2022-06-20 03:32:19+02:00,81.2
2022-06-20 03:33:20+02:00,81.1
2022-06-20 03:34:20+02:00,80.9
2022-06-20 03:35:20+02:00,80.7
2022-06-20 03:36:20+02:00,80.8
2022-06-20 03:37:20+02:00,80.9
2022-06-20 03:38:21+02:00,80.7
2022-06-20 03:39:21+02:00,80.6
2022-06-20 03:40:21+02:00,50.0
2022-06-20 03:41:21+02:00,80.7
2022-06-20 03:42:21+02:00,81.0
2022-06-20 03:43:21+02:00,80.9
2022-06-20 03:44:22+02:00,81.1
2022-06-20 03:45:22+02:00,81.1
2022-06-20 03:46:22+02:00,81.1
2022-06-20 03:47:22+02:00,82.1
2022-06-20 03:48:22+02:00,81.7
2022-06-20 03:49:23+02:00,81.5
2022-06-20 03:50:23+02:00,81.4
2022-06-20 03:51:23+02:00,81.3
2022-06-20 03:52:23+02:00,81.6
2022-06-20 03:53:23+02:00,81.3
2022-06-20 03:54:23+02:00,81.3
2022-06-20 03:55:24+02:00,81.4
2022-06-20 03:56:24+02:00,81.4
2022-06-20 03:57:24+02:00,81.8
2022-06-20 03:58:24+02:00,81.9
2022-06-20 03:59:24+02:00,81.5
2022-06-20 04:00:25+02:00,81.4
2022-06-20 04:01:25+02:00,81.5
2022-06-20 04:02:25+02:00,81.6
2022-06-20 04:03:25+02:00,81.5
2022-06-20 04:04:25+02:00,50.0
2022-06-20 04:05:25+02:00,81.2
2022-06-20 04:06:26+02:00,81.8
2022-06-20 04:07:26+02:00,81.8
2022-06-20 04:08:26+02:00,80.5
2022-06-20 04:09:26+02:00,80.0
2022-06-20 04:10:26+02:00,78.7
2022-06-20 04:11:26+02:00,78.5
2022-06-20 04:12:27+02:00,78.0
2022-06-20 04:13:27+02:00,77.8
2022-06-20 04:14:27+02:00,78.6
2022-06-20 04:15:27+02:00,82.4
2022-06-20 04:16:27+02:00,85.7
2022-06-20 04:17:28+02:00,88.9
2022-06-20 04:18:28+02:00,87.1
2022-06-20 04:19:28+02:00,86.7
2022-06-20 04:20:28+02:00,83.1
2022-06-20 04:21:28+02:00,81.7
2022-06-20 04:22:29+02:00,79.9
2022-06-20 04:23:29+02:00,83.7
2022-06-20 04:24:29+02:00,86.4
2022-06-20 04:25:29+02:00,88.6
2022-06-20 04:26:29+02:00,91.1
2022-06-20 04:27:30+02:00,87.8
2022-06-20 04:28:30+02:00,86.9
2022-06-20 04:29:30+02:00,83.6
2022-06-20 04:30:30+02:00,84.5
2022-06-20 04:31:30+02:00,82.9
2022-06-20 04:32:30+02:00,81.9
2022-06-20 04:33:31+02:00,82.2
2022-06-20 04:34:31+02:00,81.4
2022-06-20 04:35:31+02:00,79.9
2022-06-20 04:36:31+02:00,80.4
2022-06-20 04:37:31+02:00,79.0
2022-06-20 04:38:32+02:00,78.5
2022-06-20 04:39:32+02:00,80.0
2022-06-20 04:40:32+02:00,80.6
2022-06-20 04:41:32+02:00,80.5
2022-06-20 04:42:32+02:00,80.2
2022-06-20 04:43:32+02:00,81.9
2022-06-20 04:44:33+02:00,83.3
2022-06-20 04:45:33+02:00,84.9
2022-06-20 04:46:33+02:00,50.0
2022-06-20 04:47:33+02:00,50.0
2022-06-20 04:48:33+02:00,87.3
2022-06-20 04:49:34+02:00,88.6
2022-06-20 04:50:34+02:00,89.9
2022-06-20 04:51:34+02:00,89.8
2022-06-20 04:52:34+02:00,90.3
2022-06-20 04:53:34+02:00,90.9
2022-06-20 04:54:35+02:00,90.7
2022-06-20 04:55:35+02:00,90.7
2022-06-20 04:56:35+02:00,91.7
2022-06-20 04:57:35+02:00,92.0
2022-06-20 04:58:35+02:00,91.6
2022-06-20 04:59:35+02:00,91.7
2022-06-20 05:00:36+02:00,91.6
2022-06-20 05:01:36+02:00,92.5
2022-06-20 05:02:36+02:00,93.0
2022-06-20 05:03:36+02:00,92.6
2022-06-20 05:04:36+02:00,92.7
2022-06-20 05:05:37+02:00,92.9
2022-06-20 05:06:37+02:00,92.9
2022-06-20 05:07:37+02:00,92.7
2022-06-20 05:08:37+02:00,92.9
2022-06-20 05:09:37+02:00,93.0
2022-06-20 05:10:37+02:00,93.7
2022-06-20 05:11:38+02:00,93.5
2022-06-20 05:12:38+02:00,92.3
2022-06-20 05:13:38+02:00,92.1
2022-06-20 05:14:38+02:00,92.6
2022-06-20 05:15:38+02:00,93.2
2022-06-20 05:16:39+02:00,93.5
2022-06-20 05:17:39+02:00,93.1
2022-06-20 05:18:39+02:00,93.0
2022-06-20 05:19:39+02:00,93.4
2022-06-20 05:20:39+02:00,93.8
2022-06-20 05:21:40+02:00,93.9
2022-06-20 05:22:40+02:00,94.5
2022-06-20 05:23:40+02:00,94.8
2022-06-20 05:24:40+02:00,94.6
2022-06-20 05:25:40+02:00,94.7
2022-06-20 05:26:40+02:00,94.4
2022-06-20 05:27:40+02:00,94.3
2022-06-20 05:28:40+02:00,94.4
2022-06-20 05:29:40+02:00,94.4
2022-06-20 05:30:40+02:00,94.5
2022-06-20 05:31:40+02:00,94.8
2022-06-20 05:32:41+02:00,94.7
2022-06-20 05:33:41+02:00,93.8
2022-06-20 05:34:41+02:00,94.4
2022-06-20 05:35:41+02:00,94.4
2022-06-20 05:36:41+02:00,94.4
2022-06-20 05:37:41+02:00,94.7
2022-06-20 05:38:41+02:00,94.7
2022-06-20 05:39:41+02:00,50.0
2022-06-20 05:40:41+02:00,93.8
2022-06-20 05:41:41+02:00,92.7
2022-06-20 05:42:41+02:00,91.6
2022-06-20 05:43:41+02:00,91.4
2022-06-20 05:44:42+02:00,91.6
2022-06-20 05:45:42+02:00,92.0
2022-06-20 05:46:42+02:00,92.2
2022-06-20 05:47:42+02:00,92.2
2022-06-20 05:48:42+02:00,92.4
2022-06-20 05:49:42+02:00,92.7
2022-06-20 05:50:42+02:00,92.6
2022-06-20 05:51:43+02:00,92.4
2022-06-20 05:52:43+02:00,92.0
2022-06-20 05:53:43+02:00,92.1
2022-06-20 05:54:43+02:00,91.9
2022-06-20 05:55:43+02:00,91.9
2022-06-20 05:56:43+02:00,91.7
2022-06-20 05:57:43+02:00,91.4
2022-06-20 05:58:43+02:00,90.8
2022-06-20 05:59:43+02:00,90.9
2022-06-20 06:00:43+02:00,90.6
2022-06-20 06:01:43+02:00,89.8
2022-06-20 06:02:43+02:00,89.2
2022-06-20 06:03:43+02:00,87.8
2022-06-20 06:04:43+02:00,87.7
2022-06-20 06:05:43+02:00,87.1
2022-06-20 06:06:44+02:00,86.8
2022-06-20 06:07:44+02:00,87.3
2022-06-20 06:08:44+02:00,86.7
2022-06-20 06:09:44+02:00,86.8
2022-06-20 06:10:44+02:00,86.9
2022-06-20 06:11:44+02:00,86.5
2022-06-20 06:12:44+02:00,86.6
2022-06-20 06:13:44+02:00,86.2
2022-06-20 06:14:44+02:00,50.0
2022-06-20 06:15:45+02:00,86.7
2022-06-20 06:16:45+02:00,90.5
2022-06-20 06:17:45+02:00,93.1
2022-06-20 06:18:45+02:00,94.5
2022-06-20 06:19:45+02:00,95.4
2022-06-20 06:20:45+02:00,50.0
2022-06-20 06:21:45+02:00,96.7
2022-06-20 06:22:45+02:00,97.5
2022-06-20 06:23:45+02:00,97.8
2022-06-20 06:24:45+02:00,98.1
2022-06-20 06:25:46+02:00,98.3
2022-06-20 06:26:46+02:00,98.4
2022-06-20 06:27:46+02:00,98.3
2022-06-20 06:28:46+02:00,98.2
2022-06-20 06:29:46+02:00,98.4
2022-06-20 06:30:46+02:00,98.5
2022-06-20 06:31:47+02:00,98.7
2022-06-20 06:32:47+02:00,98.5
2022-06-20 06:33:47+02:00,98.3
2022-06-20 06:34:47+02:00,98.4
2022-06-20 06:35:47+02:00,98.2
2022-06-20 06:36:47+02:00,98.4
2022-06-20 06:37:48+02:00,98.5
2022-06-20 06:38:48+02:00,98.3
2022-06-20 06:39:48+02:00,98.3
2022-06-20 06:40:48+02:00,98.5
2022-06-20 06:41:48+02:00,50.0
2022-06-20 06:42:49+02:00,97.8
2022-06-20 06:43:49+02:00,97.9
2022-06-20 06:44:49+02:00,97.5
2022-06-20 06:45:49+02:00,96.8
2022-06-20 06:46:49+02:00,92.8
2022-06-20 06:47:50+02:00,91.8
2022-06-20 06:48:50+02:00,89.3
2022-06-20 06:49:50+02:00,90.2
2022-06-20 06:50:50+02:00,89.8
2022-06-20 06:51:50+02:00,86.7
2022-06-20 06:52:51+02:00,87.7
2022-06-20 06:53:51+02:00,50.0
2022-06-20 06:54:51+02:00,50.0
2022-06-20 06:55:51+02:00,50.0
2022-06-20 06:56:51+02:00,50.0
2022-06-20 06:57:51+02:00,50.0
2022-06-20 06:58:52+02:00,50.0
2022-06-20 06:59:52+02:00,50.0
2022-06-20 07:00:52+02:00,50.0
2022-06-20 07:01:52+02:00,50.0
2022-06-20 07:02:52+02:00,50.0
2022-06-20 07:03:52+02:00,84.3
2022-06-20 07:04:53+02:00,85.1
2022-06-20 07:05:53+02:00,85.6
2022-06-20 07:06:53+02:00,85.4
2022-06-20 07:07:53+02:00,85.6
2022-06-20 07:08:53+02:00,86.2
2022-06-20 07:09:54+02:00,85.8
2022-06-20 07:10:54+02:00,84.6
2022-06-20 07:11:54+02:00,50.0
2022-06-20 07:12:54+02:00,84.4
2022-06-20 07:13:54+02:00,50.0
2022-06-20 07:14:55+02:00,50.0
2022-06-20 07:15:55+02:00,50.0
2022-06-20 07:16:55+02:00,50.0
2022-06-20 07:17:55+02:00,50.0
2022-06-20 07:18:55+02:00,50.0
2022-06-20 07:19:56+02:00,50.0
2022-06-20 07:20:56+02:00,50.0
2022-06-20 07:21:56+02:00,50.0
2022-06-20 07:22:56+02:00,85.4
2022-06-20 07:23:56+02:00,87.1
2022-06-20 07:24:56+02:00,87.0
2022-06-20 07:25:57+02:00,86.3
2022-06-20 07:26:57+02:00,86.4
2022-06-20 07:27:57+02:00,84.8
2022-06-20 07:28:57+02:00,84.7
2022-06-20 07:29:57+02:00,83.8
