timestamp,oxygen_saturation_by_minute
2022-06-08 02:07:30+02:00,50.0
2022-06-08 02:08:30+02:00,91.6
2022-06-08 02:09:30+02:00,92.3
2022-06-08 02:10:30+02:00,93.7
2022-06-08 02:11:30+02:00,95.2
2022-06-08 02:12:30+02:00,50.0
2022-06-08 02:13:30+02:00,94.7
2022-06-08 02:14:30+02:00,92.5
2022-06-08 02:15:30+02:00,91.8
2022-06-08 02:16:30+02:00,92.8
2022-06-08 02:17:30+02:00,93.1
2022-06-08 02:18:30+02:00,93.4
2022-06-08 02:19:30+02:00,93.0
2022-06-08 02:20:30+02:00,93.6
2022-06-08 02:21:30+02:00,94.1
2022-06-08 02:22:31+02:00,94.4
2022-06-08 02:23:31+02:00,94.6
2022-06-08 02:24:31+02:00,94.8
2022-06-08 02:25:31+02:00,94.9
2022-06-08 02:26:31+02:00,95.0
2022-06-08 02:27:31+02:00,95.2
2022-06-08 02:28:31+02:00,95.2
2022-06-08 02:29:32+02:00,95.5
2022-06-08 02:30:32+02:00,50.0
2022-06-08 02:31:32+02:00,95.6
2022-06-08 02:32:32+02:00,96.6
2022-06-08 02:33:32+02:00,97.5
2022-06-08 02:34:32+02:00,98.1
2022-06-08 02:35:33+02:00,98.5
2022-06-08 02:36:33+02:00,98.9
2022-06-08 02:37:33+02:00,99.4
2022-06-08 02:38:33+02:00,99.7
2022-06-08 02:39:33+02:00,99.9
2022-06-08 02:40:33+02:00,100.0
2022-06-08 02:41:33+02:00,50.0
2022-06-08 02:42:34+02:00,99.0
2022-06-08 02:43:34+02:00,50.0
2022-06-08 02:44:34+02:00,94.0
2022-06-08 02:45:34+02:00,92.1
2022-06-08 02:46:34+02:00,90.7
2022-06-08 02:47:34+02:00,90.0
2022-06-08 02:48:35+02:00,89.5
2022-06-08 02:49:35+02:00,89.4
2022-06-08 02:50:35+02:00,90.7
2022-06-08 02:51:35+02:00,91.8
2022-06-08 02:52:35+02:00,92.7
2022-06-08 02:53:35+02:00,93.4
2022-06-08 02:54:35+02:00,94.5
2022-06-08 02:55:36+02:00,95.2
2022-06-08 02:56:36+02:00,95.0
2022-06-08 02:57:36+02:00,50.0
2022-06-08 02:58:36+02:00,93.6
2022-06-08 02:59:36+02:00,92.8
2022-06-08 03:00:36+02:00,91.8
2022-06-08 03:01:36+02:00,91.5
2022-06-08 03:02:37+02:00,91.3
2022-06-08 03:03:37+02:00,91.1
2022-06-08 03:04:37+02:00,91.9
2022-06-08 03:05:37+02:00,91.5
2022-06-08 03:06:37+02:00,91.9
2022-06-08 03:07:37+02:00,91.9
2022-06-08 03:08:38+02:00,91.5
2022-06-08 03:09:38+02:00,91.4
2022-06-08 03:10:38+02:00,91.3
2022-06-08 03:11:38+02:00,91.1
2022-06-08 03:12:38+02:00,50.0
2022-06-08 03:13:38+02:00,50.0
2022-06-08 03:14:38+02:00,92.5
2022-06-08 03:15:39+02:00,93.1
2022-06-08 03:16:39+02:00,93.7
2022-06-08 03:17:39+02:00,94.2
2022-06-08 03:18:39+02:00,94.2
2022-06-08 03:19:39+02:00,93.8
2022-06-08 03:20:39+02:00,93.5
2022-06-08 03:21:39+02:00,93.3
2022-06-08 03:22:40+02:00,93.0
2022-06-08 03:23:40+02:00,92.8
2022-06-08 03:24:40+02:00,50.0
2022-06-08 03:25:40+02:00,92.9
2022-06-08 03:26:40+02:00,50.0
2022-06-08 03:27:40+02:00,92.9
2022-06-08 03:28:40+02:00,92.2
2022-06-08 03:29:41+02:00,92.0
2022-06-08 03:30:41+02:00,92.2
2022-06-08 03:31:41+02:00,92.3
2022-06-08 03:32:41+02:00,92.5
2022-06-08 03:33:41+02:00,92.6
2022-06-08 03:34:41+02:00,92.8
2022-06-08 03:35:42+02:00,93.0
2022-06-08 03:36:42+02:00,93.1
2022-06-08 03:37:42+02:00,93.3
2022-06-08 03:38:42+02:00,93.4
2022-06-08 03:39:43+02:00,93.5
2022-06-08 03:40:43+02:00,92.7
2022-06-08 03:41:43+02:00,92.7
2022-06-08 03:42:43+02:00,93.2
2022-06-08 03:43:43+02:00,93.7
2022-06-08 03:44:43+02:00,94.1
2022-06-08 03:45:43+02:00,94.6
2022-06-08 03:46:44+02:00,94.8
2022-06-08 03:47:44+02:00,95.2
2022-06-08 03:48:44+02:00,95.6
2022-06-08 03:49:44+02:00,96.1
2022-06-08 03:50:44+02:00,96.1
2022-06-08 03:51:44+02:00,96.4
2022-06-08 03:52:44+02:00,96.5
2022-06-08 03:53:45+02:00,96.4
2022-06-08 03:54:45+02:00,96.8
2022-06-08 03:55:45+02:00,97.2
2022-06-08 03:56:45+02:00,97.5
2022-06-08 03:57:45+02:00,96.6
2022-06-08 03:58:45+02:00,50.0
2022-06-08 03:59:45+02:00,93.3
2022-06-08 04:00:46+02:00,94.1
2022-06-08 04:01:46+02:00,94.6
2022-06-08 04:02:46+02:00,95.2
2022-06-08 04:03:46+02:00,95.2
2022-06-08 04:04:46+02:00,95.8
2022-06-08 04:05:46+02:00,96.1
2022-06-08 04:06:46+02:00,96.8
2022-06-08 04:07:47+02:00,97.0
2022-06-08 04:08:47+02:00,97.2
2022-06-08 04:09:47+02:00,97.2
2022-06-08 04:10:47+02:00,96.6
2022-06-08 04:11:47+02:00,96.9
2022-06-08 04:12:47+02:00,96.4
2022-06-08 04:13:48+02:00,96.6
2022-06-08 04:14:48+02:00,95.1
2022-06-08 04:15:48+02:00,95.5
2022-06-08 04:16:48+02:00,96.9
2022-06-08 04:17:48+02:00,97.2
2022-06-08 04:18:48+02:00,97.3
2022-06-08 04:19:48+02:00,97.5
2022-06-08 04:20:49+02:00,98.0
2022-06-08 04:21:49+02:00,98.3
2022-06-08 04:22:49+02:00,98.0
2022-06-08 04:23:49+02:00,97.4
2022-06-08 04:24:49+02:00,96.0
2022-06-08 04:25:49+02:00,96.4
2022-06-08 04:26:50+02:00,96.6
2022-06-08 04:27:50+02:00,95.7
2022-06-08 04:28:50+02:00,96.0
2022-06-08 04:29:50+02:00,96.2
2022-06-08 04:30:50+02:00,50.0
2022-06-08 04:31:50+02:00,95.6
2022-06-08 04:32:50+02:00,50.0
2022-06-08 04:33:51+02:00,95.0
2022-06-08 04:34:51+02:00,96.0
2022-06-08 04:35:51+02:00,96.2
2022-06-08 04:36:51+02:00,96.0
2022-06-08 04:37:51+02:00,95.2
2022-06-08 04:38:51+02:00,94.1
2022-06-08 04:39:52+02:00,93.9
2022-06-08 04:40:52+02:00,95.0
2022-06-08 04:41:52+02:00,96.1
2022-06-08 04:42:52+02:00,96.6
2022-06-08 04:43:52+02:00,50.0
2022-06-08 04:44:52+02:00,96.6
2022-06-08 04:45:52+02:00,95.2
2022-06-08 04:46:53+02:00,94.7
2022-06-08 04:47:53+02:00,93.9
2022-06-08 04:48:53+02:00,50.0
2022-06-08 04:49:53+02:00,50.0
2022-06-08 04:50:53+02:00,94.8
2022-06-08 04:51:53+02:00,93.8
2022-06-08 04:52:54+02:00,93.6
2022-06-08 04:53:54+02:00,93.9
2022-06-08 04:54:54+02:00,93.9
2022-06-08 04:55:54+02:00,94.4
2022-06-08 04:56:54+02:00,95.7
2022-06-08 04:57:54+02:00,50.0
2022-06-08 04:58:54+02:00,95.2
2022-06-08 04:59:55+02:00,94.6
2022-06-08 05:00:55+02:00,94.5
2022-06-08 05:01:55+02:00,93.9
2022-06-08 05:02:55+02:00,93.8
2022-06-08 05:03:55+02:00,93.6
2022-06-08 05:04:55+02:00,93.6
2022-06-08 05:05:55+02:00,93.9
2022-06-08 05:06:56+02:00,94.1
2022-06-08 05:07:56+02:00,94.1
2022-06-08 05:08:56+02:00,94.0
2022-06-08 05:09:56+02:00,94.2
2022-06-08 05:10:56+02:00,50.0
2022-06-08 05:11:56+02:00,92.8
2022-06-08 05:12:57+02:00,90.2
2022-06-08 05:13:57+02:00,90.1
2022-06-08 05:14:57+02:00,89.9
2022-06-08 05:15:57+02:00,90.2
2022-06-08 05:16:57+02:00,90.5
2022-06-08 05:17:57+02:00,91.9
2022-06-08 05:18:58+02:00,92.6
2022-06-08 05:19:58+02:00,93.7
2022-06-08 05:20:58+02:00,93.7
2022-06-08 05:21:58+02:00,93.7
2022-06-08 05:22:58+02:00,93.9
2022-06-08 05:23:59+02:00,93.3
2022-06-08 05:24:59+02:00,92.8
2022-06-08 05:25:59+02:00,93.2
2022-06-08 05:26:59+02:00,50.0
2022-06-08 05:27:59+02:00,92.9
2022-06-08 05:28:59+02:00,94.0
2022-06-08 05:29:59+02:00,94.0
2022-06-08 05:31:00+02:00,93.1
2022-06-08 05:32:00+02:00,92.3
2022-06-08 05:33:00+02:00,92.0
2022-06-08 05:34:00+02:00,50.0
2022-06-08 05:35:00+02:00,92.8
2022-06-08 05:36:00+02:00,93.7
2022-06-08 05:37:00+02:00,94.1
2022-06-08 05:38:01+02:00,93.9
2022-06-08 05:39:01+02:00,94.4
2022-06-08 05:40:01+02:00,50.0
2022-06-08 05:41:01+02:00,94.3
2022-06-08 05:42:01+02:00,95.4
2022-06-08 05:43:01+02:00,96.3
2022-06-08 05:44:01+02:00,97.1
2022-06-08 05:45:01+02:00,97.8
2022-06-08 05:46:02+02:00,97.9
2022-06-08 05:47:02+02:00,98.0
2022-06-08 05:48:02+02:00,97.9
2022-06-08 05:49:02+02:00,97.7
2022-06-08 05:50:02+02:00,97.8
2022-06-08 05:51:02+02:00,97.8
2022-06-08 05:52:02+02:00,97.8
2022-06-08 05:53:03+02:00,97.2
2022-06-08 05:54:03+02:00,97.5
2022-06-08 05:55:03+02:00,97.6
2022-06-08 05:56:03+02:00,50.0
2022-06-08 05:57:03+02:00,97.6
2022-06-08 05:58:03+02:00,97.3
2022-06-08 05:59:03+02:00,97.1
2022-06-08 06:00:03+02:00,97.6
2022-06-08 06:01:04+02:00,96.5
2022-06-08 06:02:04+02:00,96.8
2022-06-08 06:03:04+02:00,96.2
2022-06-08 06:04:04+02:00,96.7
2022-06-08 06:05:04+02:00,97.0
2022-06-08 06:06:04+02:00,95.9
2022-06-08 06:07:05+02:00,95.6
2022-06-08 06:08:05+02:00,95.6
2022-06-08 06:09:05+02:00,94.8
2022-06-08 06:10:05+02:00,50.0
2022-06-08 06:11:05+02:00,95.5
2022-06-08 06:12:05+02:00,50.0
2022-06-08 06:13:05+02:00,95.8
2022-06-08 06:14:05+02:00,96.8
2022-06-08 06:15:05+02:00,96.9
2022-06-08 06:16:06+02:00,96.6
2022-06-08 06:17:06+02:00,96.5
2022-06-08 06:18:06+02:00,96.6
2022-06-08 06:19:06+02:00,97.0
2022-06-08 06:20:06+02:00,97.1
2022-06-08 06:21:06+02:00,97.3
2022-06-08 06:22:07+02:00,97.4
2022-06-08 06:23:07+02:00,97.4
2022-06-08 06:24:07+02:00,97.0
2022-06-08 06:25:07+02:00,96.4
2022-06-08 06:26:07+02:00,96.2
2022-06-08 06:27:07+02:00,95.9
2022-06-08 06:28:07+02:00,95.6
2022-06-08 06:29:08+02:00,94.8
2022-06-08 06:30:08+02:00,95.0
2022-06-08 06:31:08+02:00,95.0
2022-06-08 06:32:08+02:00,95.1
2022-06-08 06:33:08+02:00,95.1
2022-06-08 06:34:08+02:00,95.1
2022-06-08 06:35:09+02:00,95.1
2022-06-08 06:36:09+02:00,94.9
2022-06-08 06:37:09+02:00,94.8
2022-06-08 06:38:09+02:00,94.9
2022-06-08 06:39:09+02:00,94.8
2022-06-08 06:40:09+02:00,94.6
2022-06-08 06:41:09+02:00,94.7
2022-06-08 06:42:10+02:00,94.8
2022-06-08 06:43:10+02:00,50.0
2022-06-08 06:44:10+02:00,95.2
2022-06-08 06:45:10+02:00,50.0
2022-06-08 06:46:10+02:00,50.0
2022-06-08 06:47:10+02:00,94.4
2022-06-08 06:48:10+02:00,92.7
2022-06-08 06:49:11+02:00,50.0
2022-06-08 06:50:11+02:00,91.8
2022-06-08 06:51:11+02:00,50.0
2022-06-08 06:52:11+02:00,89.4
2022-06-08 06:53:11+02:00,88.5
2022-06-08 06:54:11+02:00,88.0
2022-06-08 06:55:12+02:00,50.0
2022-06-08 06:56:12+02:00,87.8
2022-06-08 06:57:12+02:00,89.1
2022-06-08 06:58:12+02:00,91.4
2022-06-08 06:59:12+02:00,92.5
2022-06-08 07:00:12+02:00,92.5
2022-06-08 07:01:12+02:00,94.1
2022-06-08 07:02:13+02:00,95.5
2022-06-08 07:03:13+02:00,50.0
2022-06-08 07:04:13+02:00,95.8
2022-06-08 07:05:14+02:00,97.2
2022-06-08 07:06:14+02:00,50.0
2022-06-08 07:07:14+02:00,97.1
2022-06-08 07:08:14+02:00,96.6
2022-06-08 07:09:14+02:00,96.5
2022-06-08 07:10:14+02:00,94.8
2022-06-08 07:11:14+02:00,95.6
2022-06-08 07:12:15+02:00,96.2
2022-06-08 07:13:15+02:00,96.1
2022-06-08 07:14:15+02:00,94.8
2022-06-08 07:15:15+02:00,50.0
2022-06-08 07:16:15+02:00,94.0
2022-06-08 07:17:15+02:00,50.0
2022-06-08 07:18:15+02:00,94.1
2022-06-08 07:19:16+02:00,93.5
2022-06-08 07:20:16+02:00,92.8
2022-06-08 07:21:16+02:00,91.6
2022-06-08 07:22:16+02:00,91.1
2022-06-08 07:23:16+02:00,90.2
2022-06-08 07:24:16+02:00,50.0
2022-06-08 07:25:17+02:00,90.1
2022-06-08 07:26:17+02:00,89.8
2022-06-08 07:27:17+02:00,90.5
2022-06-08 07:28:17+02:00,90.8
2022-06-08 07:29:17+02:00,91.3
2022-06-08 07:30:17+02:00,92.6
2022-06-08 07:31:17+02:00,93.2
2022-06-08 07:32:18+02:00,93.1
2022-06-08 07:33:18+02:00,93.5
2022-06-08 07:34:18+02:00,50.0
2022-06-08 07:35:18+02:00,92.1
2022-06-08 07:36:18+02:00,92.7
2022-06-08 07:37:18+02:00,93.0
2022-06-08 07:38:19+02:00,93.4
2022-06-08 07:39:19+02:00,93.0
2022-06-08 07:40:19+02:00,93.6
2022-06-08 07:41:19+02:00,93.9
2022-06-08 07:42:19+02:00,93.8
2022-06-08 07:43:19+02:00,94.2
2022-06-08 07:44:19+02:00,93.6
2022-06-08 07:45:20+02:00,94.2
2022-06-08 07:46:20+02:00,94.6
2022-06-08 07:47:20+02:00,93.7
2022-06-08 07:48:20+02:00,94.2
2022-06-08 07:49:20+02:00,93.7
2022-06-08 07:50:20+02:00,93.1
2022-06-08 07:51:20+02:00,93.5
2022-06-08 07:52:21+02:00,93.7
2022-06-08 07:53:21+02:00,94.0
2022-06-08 07:54:21+02:00,93.7
2022-06-08 07:55:21+02:00,92.9
2022-06-08 07:56:21+02:00,92.6
2022-06-08 07:57:21+02:00,93.0
2022-06-08 07:58:22+02:00,92.4
2022-06-08 07:59:22+02:00,92.4
2022-06-08 08:00:22+02:00,92.2
2022-06-08 08:01:22+02:00,91.8
2022-06-08 08:02:22+02:00,91.0
2022-06-08 08:03:22+02:00,87.5
2022-06-08 08:04:22+02:00,89.3
2022-06-08 08:05:23+02:00,87.2
2022-06-08 08:06:23+02:00,88.4
2022-06-08 08:07:23+02:00,89.3
2022-06-08 08:08:23+02:00,91.5
2022-06-08 08:09:23+02:00,50.0
2022-06-08 08:10:23+02:00,50.0
2022-06-08 08:11:23+02:00,50.0
2022-06-08 08:12:24+02:00,50.0
2022-06-08 08:13:24+02:00,50.0
2022-06-08 08:14:24+02:00,91.5
2022-06-08 08:15:24+02:00,91.0
2022-06-08 08:16:24+02:00,93.4
2022-06-08 08:17:24+02:00,92.5
2022-06-08 08:18:24+02:00,93.8
2022-06-08 08:19:25+02:00,95.6
2022-06-08 08:20:25+02:00,50.0
2022-06-08 08:21:25+02:00,94.9
2022-06-08 08:22:25+02:00,95.0
2022-06-08 08:23:25+02:00,95.1
2022-06-08 08:24:25+02:00,50.0
2022-06-08 08:25:25+02:00,93.8
2022-06-08 08:26:25+02:00,92.0
2022-06-08 08:27:25+02:00,90.8
2022-06-08 08:28:25+02:00,88.8
2022-06-08 08:29:26+02:00,89.7
2022-06-08 08:30:26+02:00,88.5
2022-06-08 08:31:26+02:00,88.1
2022-06-08 08:32:26+02:00,87.4
2022-06-08 08:33:26+02:00,88.0
2022-06-08 08:34:26+02:00,89.3
2022-06-08 08:35:26+02:00,50.0
2022-06-08 08:36:26+02:00,89.4
2022-06-08 08:37:26+02:00,50.0
2022-06-08 08:38:26+02:00,50.0
2022-06-08 08:39:26+02:00,88.0
2022-06-08 08:40:27+02:00,88.4
2022-06-08 08:41:27+02:00,87.0
2022-06-08 08:42:27+02:00,81.7
2022-06-08 08:43:27+02:00,79.6
2022-06-08 08:44:27+02:00,77.7
2022-06-08 08:45:27+02:00,79.2
2022-06-08 08:46:27+02:00,78.1
2022-06-08 08:47:27+02:00,80.4
2022-06-08 08:48:27+02:00,81.7
2022-06-08 08:49:27+02:00,81.7
2022-06-08 08:50:27+02:00,83.0
2022-06-08 08:51:28+02:00,83.4
2022-06-08 08:52:28+02:00,50.0
2022-06-08 08:53:28+02:00,86.1
2022-06-08 08:54:28+02:00,89.1
2022-06-08 08:55:28+02:00,91.2
2022-06-08 08:56:28+02:00,50.0
2022-06-08 08:57:28+02:00,92.6
2022-06-08 08:58:28+02:00,93.7
2022-06-08 08:59:28+02:00,50.0
2022-06-08 09:00:28+02:00,50.0
2022-06-08 09:01:28+02:00,50.0
2022-06-08 09:02:29+02:00,50.0
2022-06-08 09:03:29+02:00,50.0
2022-06-08 09:04:29+02:00,50.0
2022-06-08 09:05:29+02:00,50.0
2022-06-08 09:06:29+02:00,50.0
2022-06-08 09:07:29+02:00,50.0
2022-06-08 09:08:29+02:00,50.0
2022-06-08 09:09:29+02:00,50.0
2022-06-08 09:10:29+02:00,50.0
2022-06-08 09:11:29+02:00,50.0
2022-06-08 09:12:29+02:00,90.6
2022-06-08 09:13:30+02:00,50.0
2022-06-08 09:14:30+02:00,50.0
2022-06-08 09:15:30+02:00,50.0
2022-06-08 09:16:30+02:00,50.0
2022-06-08 09:17:30+02:00,50.0
2022-06-08 09:18:30+02:00,50.0
2022-06-08 09:19:30+02:00,50.0
2022-06-08 09:20:30+02:00,89.4
2022-06-08 09:21:30+02:00,50.0
2022-06-08 09:22:31+02:00,50.0
2022-06-08 09:23:31+02:00,89.5
2022-06-08 09:24:31+02:00,90.0
2022-06-08 09:25:31+02:00,90.9
2022-06-08 09:26:31+02:00,90.9
2022-06-08 09:27:31+02:00,50.0
2022-06-08 09:28:32+02:00,50.0
2022-06-08 09:29:32+02:00,90.9
2022-06-08 09:30:32+02:00,50.0
2022-06-08 09:31:32+02:00,50.0
2022-06-08 09:32:32+02:00,50.0
2022-06-08 09:33:32+02:00,50.0
2022-06-08 09:34:32+02:00,50.0
2022-06-08 09:35:33+02:00,50.0
2022-06-09 01:27:00+02:00,50.0
2022-06-09 01:28:00+02:00,50.0
2022-06-09 01:29:00+02:00,96.9
2022-06-09 01:30:00+02:00,95.2
2022-06-09 01:31:00+02:00,50.0
2022-06-09 01:32:00+02:00,93.6
2022-06-09 01:33:00+02:00,93.1
2022-06-09 01:34:00+02:00,92.8
2022-06-09 01:35:00+02:00,92.7
2022-06-09 01:36:00+02:00,92.8
2022-06-09 01:37:00+02:00,92.9
2022-06-09 01:38:01+02:00,93.0
2022-06-09 01:39:01+02:00,93.4
2022-06-09 01:40:01+02:00,94.0
2022-06-09 01:41:01+02:00,94.4
2022-06-09 01:42:01+02:00,94.4
2022-06-09 01:43:01+02:00,94.3
2022-06-09 01:44:01+02:00,94.3
2022-06-09 01:45:01+02:00,94.1
2022-06-09 01:46:02+02:00,94.0
2022-06-09 01:47:02+02:00,93.9
2022-06-09 01:48:02+02:00,93.9
2022-06-09 01:49:02+02:00,93.6
2022-06-09 01:50:02+02:00,93.3
2022-06-09 01:51:02+02:00,93.1
2022-06-09 01:52:03+02:00,92.8
2022-06-09 01:53:03+02:00,92.7
2022-06-09 01:54:03+02:00,92.5
2022-06-09 01:55:03+02:00,92.5
2022-06-09 01:56:03+02:00,92.4
2022-06-09 01:57:03+02:00,92.3
2022-06-09 01:58:04+02:00,50.0
2022-06-09 01:59:04+02:00,92.3
2022-06-09 02:00:04+02:00,92.2
2022-06-09 02:00:04+02:00,92.2
2022-06-09 02:01:04+02:00,91.9
2022-06-09 02:02:04+02:00,91.6
2022-06-09 02:03:04+02:00,91.3
2022-06-09 02:04:04+02:00,91.2
2022-06-09 02:05:04+02:00,91.5
2022-06-09 02:06:04+02:00,92.3
2022-06-09 02:07:05+02:00,92.6
2022-06-09 02:08:05+02:00,92.7
2022-06-09 02:09:05+02:00,92.3
2022-06-09 02:10:05+02:00,50.0
2022-06-09 02:11:05+02:00,50.0
2022-06-09 02:12:05+02:00,92.8
2022-06-09 02:13:06+02:00,95.2
2022-06-09 02:14:06+02:00,96.1
2022-06-09 02:15:06+02:00,50.0
2022-06-09 02:16:06+02:00,93.0
2022-06-09 02:17:06+02:00,50.0
2022-06-09 02:18:06+02:00,86.3
2022-06-09 02:19:06+02:00,50.0
2022-06-09 02:20:07+02:00,86.1
2022-06-09 02:21:07+02:00,86.1
2022-06-09 02:22:07+02:00,84.9
2022-06-09 02:23:07+02:00,84.6
2022-06-09 02:24:07+02:00,89.9
2022-06-09 02:25:07+02:00,92.7
2022-06-09 02:26:08+02:00,94.6
2022-06-09 02:27:08+02:00,96.2
2022-06-09 02:28:08+02:00,95.9
2022-06-09 02:29:08+02:00,96.1
2022-06-09 02:30:08+02:00,95.5
2022-06-09 02:31:08+02:00,95.3
2022-06-09 02:32:08+02:00,93.9
2022-06-09 02:33:09+02:00,92.9
2022-06-09 02:34:09+02:00,93.5
2022-06-09 02:35:09+02:00,94.3
2022-06-09 02:36:09+02:00,95.7
2022-06-09 02:37:09+02:00,96.2
2022-06-09 02:38:09+02:00,50.0
2022-06-09 02:39:10+02:00,96.2
2022-06-09 02:40:10+02:00,95.0
2022-06-09 02:41:10+02:00,94.5
2022-06-09 02:42:10+02:00,94.0
2022-06-09 02:43:10+02:00,94.0
2022-06-09 02:44:10+02:00,94.1
2022-06-09 02:45:10+02:00,93.9
2022-06-09 02:46:11+02:00,93.6
2022-06-09 02:47:11+02:00,93.6
2022-06-09 02:48:11+02:00,93.4
2022-06-09 02:49:11+02:00,93.3
2022-06-09 02:50:11+02:00,93.3
2022-06-09 02:51:11+02:00,93.2
2022-06-09 02:52:11+02:00,93.1
2022-06-09 02:53:12+02:00,93.2
2022-06-09 02:54:12+02:00,93.1
2022-06-09 02:55:12+02:00,93.2
2022-06-09 02:56:12+02:00,93.3
2022-06-09 02:57:12+02:00,93.4
2022-06-09 02:58:12+02:00,93.3
2022-06-09 02:59:13+02:00,93.2
2022-06-09 03:00:13+02:00,93.1
2022-06-09 03:01:13+02:00,93.3
2022-06-09 03:02:13+02:00,93.3
2022-06-09 03:03:13+02:00,93.2
2022-06-09 03:04:13+02:00,93.4
2022-06-09 03:05:14+02:00,93.1
2022-06-09 03:06:14+02:00,93.0
2022-06-09 03:07:14+02:00,50.0
2022-06-09 03:08:14+02:00,92.4
2022-06-09 03:09:14+02:00,92.3
2022-06-09 03:10:14+02:00,92.1
2022-06-09 03:11:15+02:00,92.4
2022-06-09 03:12:15+02:00,94.0
2022-06-09 03:13:15+02:00,96.4
2022-06-09 03:14:15+02:00,97.8
2022-06-09 03:15:15+02:00,98.4
2022-06-09 03:16:15+02:00,98.7
2022-06-09 03:17:15+02:00,98.9
2022-06-09 03:18:16+02:00,99.2
2022-06-09 03:19:16+02:00,99.4
2022-06-09 03:20:16+02:00,98.9
2022-06-09 03:21:16+02:00,50.0
2022-06-09 03:22:16+02:00,98.1
2022-06-09 03:23:16+02:00,50.0
2022-06-09 03:24:17+02:00,50.0
2022-06-09 03:25:17+02:00,96.0
2022-06-09 03:26:17+02:00,50.0
2022-06-09 03:27:17+02:00,94.3
2022-06-09 03:28:17+02:00,93.9
2022-06-09 03:29:17+02:00,93.2
2022-06-09 03:30:17+02:00,92.5
2022-06-09 03:31:18+02:00,50.0
2022-06-09 03:32:18+02:00,92.3
2022-06-09 03:33:18+02:00,92.4
2022-06-09 03:34:18+02:00,50.0
2022-06-09 03:35:18+02:00,91.9
2022-06-09 03:36:19+02:00,50.0
2022-06-09 03:37:19+02:00,92.0
2022-06-09 03:38:19+02:00,50.0
2022-06-09 03:39:19+02:00,93.7
2022-06-09 03:40:19+02:00,94.0
2022-06-09 03:41:19+02:00,94.0
2022-06-09 03:42:20+02:00,50.0
2022-06-09 03:43:20+02:00,92.7
2022-06-09 03:44:20+02:00,91.3
2022-06-09 03:45:20+02:00,90.6
2022-06-09 03:46:20+02:00,90.1
2022-06-09 03:47:20+02:00,89.6
2022-06-09 03:48:20+02:00,88.9
2022-06-09 03:49:21+02:00,88.5
2022-06-09 03:50:21+02:00,88.3
2022-06-09 03:51:21+02:00,88.3
2022-06-09 03:52:21+02:00,88.2
2022-06-09 03:53:21+02:00,88.4
2022-06-09 03:54:21+02:00,88.5
2022-06-09 03:55:22+02:00,88.4
2022-06-09 03:56:22+02:00,88.4
2022-06-09 03:57:22+02:00,88.2
2022-06-09 03:58:22+02:00,88.1
2022-06-09 03:59:22+02:00,88.2
2022-06-09 04:00:22+02:00,88.1
2022-06-09 04:01:22+02:00,88.2
2022-06-09 04:02:23+02:00,88.5
2022-06-09 04:03:23+02:00,88.7
2022-06-09 04:04:23+02:00,88.8
2022-06-09 04:05:23+02:00,89.0
2022-06-09 04:06:23+02:00,50.0
2022-06-09 04:07:23+02:00,50.0
2022-06-09 04:08:24+02:00,90.7
2022-06-09 04:09:24+02:00,91.2
2022-06-09 04:10:24+02:00,50.0
2022-06-09 04:11:24+02:00,91.8
2022-06-09 04:12:24+02:00,50.0
2022-06-09 04:13:24+02:00,50.0
2022-06-09 04:14:25+02:00,94.0
2022-06-09 04:15:25+02:00,94.7
2022-06-09 04:16:25+02:00,95.0
2022-06-09 04:17:25+02:00,94.8
2022-06-09 04:18:25+02:00,50.0
2022-06-09 04:19:25+02:00,94.4
2022-06-09 04:20:25+02:00,93.3
2022-06-09 04:21:25+02:00,92.8
2022-06-09 04:22:26+02:00,92.8
2022-06-09 04:23:26+02:00,92.6
2022-06-09 04:24:26+02:00,92.5
2022-06-09 04:25:26+02:00,92.6
2022-06-09 04:26:26+02:00,92.6
2022-06-09 04:27:26+02:00,92.0
2022-06-09 04:28:26+02:00,91.7
2022-06-09 04:29:26+02:00,91.9
2022-06-09 04:30:27+02:00,90.6
2022-06-09 04:31:27+02:00,91.3
2022-06-09 04:32:27+02:00,91.7
2022-06-09 04:33:27+02:00,91.3
2022-06-09 04:34:27+02:00,91.9
2022-06-09 04:35:27+02:00,92.9
2022-06-09 04:36:27+02:00,93.2
2022-06-09 04:37:27+02:00,92.7
2022-06-09 04:38:27+02:00,92.8
2022-06-09 04:39:27+02:00,93.6
2022-06-09 04:40:28+02:00,94.1
2022-06-09 04:41:28+02:00,93.8
2022-06-09 04:42:28+02:00,93.7
2022-06-09 04:43:28+02:00,94.0
2022-06-09 04:44:28+02:00,92.2
2022-06-09 04:45:28+02:00,92.7
2022-06-09 04:46:28+02:00,91.7
2022-06-09 04:47:28+02:00,91.8
2022-06-09 04:48:28+02:00,91.2
2022-06-09 04:49:28+02:00,91.4
2022-06-09 04:50:29+02:00,91.3
2022-06-09 04:51:29+02:00,91.5
2022-06-09 04:52:29+02:00,92.6
2022-06-09 04:53:29+02:00,92.3
2022-06-09 04:54:29+02:00,93.3
2022-06-09 04:55:29+02:00,93.6
2022-06-09 04:56:29+02:00,92.5
2022-06-09 04:57:29+02:00,92.1
2022-06-09 04:58:29+02:00,94.6
2022-06-09 04:59:29+02:00,96.1
2022-06-09 05:00:30+02:00,97.0
2022-06-09 05:01:30+02:00,97.5
2022-06-09 05:02:30+02:00,97.7
2022-06-09 05:03:30+02:00,96.2
2022-06-09 05:04:30+02:00,50.0
2022-06-09 05:05:30+02:00,95.5
2022-06-09 05:06:30+02:00,95.7
2022-06-09 05:07:30+02:00,95.8
2022-06-09 05:08:30+02:00,95.7
2022-06-09 05:09:30+02:00,95.6
2022-06-09 05:10:31+02:00,95.3
2022-06-09 05:11:31+02:00,95.2
2022-06-09 05:12:31+02:00,95.1
2022-06-09 05:13:31+02:00,94.9
2022-06-09 05:14:31+02:00,94.7
2022-06-09 05:15:31+02:00,94.6
2022-06-09 05:16:32+02:00,94.8
2022-06-09 05:17:32+02:00,95.0
2022-06-09 05:18:32+02:00,95.1
2022-06-09 05:19:32+02:00,95.9
2022-06-09 05:20:32+02:00,95.7
2022-06-09 05:21:32+02:00,95.9
2022-06-09 05:22:33+02:00,50.0
2022-06-09 05:23:33+02:00,96.2
2022-06-09 05:24:33+02:00,50.0
2022-06-09 05:25:33+02:00,95.9
2022-06-09 05:26:33+02:00,95.3
2022-06-09 05:27:33+02:00,95.1
2022-06-09 05:28:34+02:00,94.3
2022-06-09 05:29:34+02:00,94.3
2022-06-09 05:30:34+02:00,94.8
2022-06-09 05:31:34+02:00,94.4
2022-06-09 05:32:34+02:00,93.6
2022-06-09 05:33:34+02:00,93.2
2022-06-09 05:34:35+02:00,92.8
2022-06-09 05:35:35+02:00,92.9
2022-06-09 05:36:35+02:00,91.7
2022-06-09 05:37:35+02:00,91.4
2022-06-09 05:38:35+02:00,91.4
2022-06-09 05:39:35+02:00,91.9
2022-06-09 05:40:36+02:00,91.8
2022-06-09 05:41:36+02:00,92.2
2022-06-09 05:42:36+02:00,92.5
2022-06-09 05:43:36+02:00,92.7
2022-06-09 05:44:36+02:00,93.4
2022-06-09 05:45:36+02:00,94.0
2022-06-09 05:46:36+02:00,94.1
2022-06-09 05:47:37+02:00,94.2
2022-06-09 05:48:37+02:00,94.1
2022-06-09 05:49:37+02:00,94.1
2022-06-09 05:50:37+02:00,94.2
2022-06-09 05:51:37+02:00,94.0
2022-06-09 05:52:37+02:00,93.9
2022-06-09 05:53:38+02:00,93.8
2022-06-09 05:54:38+02:00,94.1
2022-06-09 05:55:38+02:00,93.9
2022-06-09 05:56:38+02:00,94.3
2022-06-09 05:57:38+02:00,94.4
2022-06-09 05:58:38+02:00,94.3
2022-06-09 05:59:38+02:00,94.2
2022-06-09 06:00:39+02:00,94.1
2022-06-09 06:01:39+02:00,93.8
2022-06-09 06:02:39+02:00,94.8
2022-06-09 06:03:39+02:00,94.5
2022-06-09 06:04:39+02:00,95.1
2022-06-09 06:05:39+02:00,50.0
2022-06-09 06:06:40+02:00,94.0
2022-06-09 06:07:40+02:00,93.8
2022-06-09 06:08:40+02:00,50.0
2022-06-09 06:09:40+02:00,92.8
2022-06-09 06:10:40+02:00,92.1
2022-06-09 06:11:40+02:00,91.6
2022-06-09 06:12:40+02:00,50.0
2022-06-09 06:13:41+02:00,91.0
2022-06-09 06:14:41+02:00,90.6
2022-06-09 06:15:41+02:00,90.8
2022-06-09 06:16:41+02:00,91.3
2022-06-09 06:17:41+02:00,92.2
2022-06-09 06:18:41+02:00,50.0
2022-06-09 06:19:41+02:00,92.7
2022-06-09 06:20:42+02:00,91.3
2022-06-09 06:21:42+02:00,92.3
2022-06-09 06:22:42+02:00,93.7
2022-06-09 06:23:42+02:00,92.4
2022-06-09 06:24:42+02:00,92.9
2022-06-09 06:25:42+02:00,92.9
2022-06-09 06:26:42+02:00,92.9
2022-06-09 06:27:43+02:00,92.7
2022-06-09 06:28:43+02:00,92.1
2022-06-09 06:29:43+02:00,91.3
2022-06-09 06:30:43+02:00,91.7
2022-06-09 06:31:43+02:00,50.0
2022-06-09 06:32:43+02:00,50.0
2022-06-09 06:33:43+02:00,92.5
2022-06-09 06:34:44+02:00,92.9
2022-06-09 06:35:44+02:00,92.8
2022-06-09 06:36:44+02:00,93.6
2022-06-09 06:37:44+02:00,94.6
2022-06-09 06:38:44+02:00,95.3
2022-06-09 06:39:44+02:00,95.7
2022-06-09 06:40:44+02:00,95.9
2022-06-09 06:41:45+02:00,95.7
2022-06-09 06:42:45+02:00,95.8
2022-06-09 06:43:45+02:00,95.8
2022-06-09 06:44:45+02:00,95.7
2022-06-09 06:45:45+02:00,95.5
2022-06-09 06:46:45+02:00,95.3
2022-06-09 06:47:45+02:00,95.1
2022-06-09 06:48:45+02:00,95.4
2022-06-09 06:49:46+02:00,95.6
2022-06-09 06:50:46+02:00,50.0
2022-06-09 06:51:46+02:00,95.8
2022-06-09 06:52:46+02:00,95.4
2022-06-09 06:53:46+02:00,95.3
2022-06-09 06:54:46+02:00,50.0
2022-06-09 06:55:46+02:00,94.9
2022-06-09 06:56:47+02:00,95.4
2022-06-09 06:57:47+02:00,95.9
2022-06-09 06:58:47+02:00,95.8
2022-06-09 06:59:47+02:00,95.6
2022-06-09 07:00:47+02:00,95.3
2022-06-09 07:01:47+02:00,50.0
2022-06-09 07:02:47+02:00,94.4
2022-06-09 07:03:48+02:00,94.6
2022-06-09 07:04:48+02:00,94.1
2022-06-09 07:05:48+02:00,50.0
2022-06-09 07:06:48+02:00,92.8
2022-06-09 07:07:48+02:00,93.0
2022-06-09 07:08:48+02:00,93.4
2022-06-09 07:09:49+02:00,93.4
2022-06-09 07:10:49+02:00,93.6
2022-06-09 07:11:49+02:00,93.5
2022-06-09 07:12:49+02:00,93.4
2022-06-09 07:13:49+02:00,93.5
2022-06-09 07:14:49+02:00,93.3
2022-06-09 07:15:49+02:00,50.0
2022-06-09 07:16:50+02:00,93.3
2022-06-09 07:17:50+02:00,93.7
2022-06-09 07:18:50+02:00,50.0
2022-06-09 07:19:50+02:00,92.7
2022-06-09 07:20:50+02:00,90.6
2022-06-09 07:21:50+02:00,90.3
2022-06-09 07:22:50+02:00,90.8
2022-06-09 07:23:51+02:00,91.4
2022-06-09 07:24:51+02:00,93.4
2022-06-09 07:25:51+02:00,93.7
2022-06-09 07:26:51+02:00,95.2
2022-06-09 07:27:51+02:00,96.6
2022-06-09 07:28:51+02:00,96.7
2022-06-09 07:29:51+02:00,50.0
2022-06-09 07:30:51+02:00,50.0
2022-06-09 07:31:52+02:00,50.0
2022-06-09 07:32:52+02:00,50.0
2022-06-09 07:33:52+02:00,50.0
2022-06-09 07:34:52+02:00,50.0
2022-06-09 07:35:52+02:00,95.8
2022-06-09 07:36:52+02:00,50.0
2022-06-09 07:37:52+02:00,50.0
2022-06-09 07:38:53+02:00,50.0
2022-06-09 07:39:53+02:00,95.6
2022-06-09 07:40:53+02:00,50.0
2022-06-09 07:41:53+02:00,95.9
2022-06-09 07:42:53+02:00,96.4
2022-06-09 07:43:53+02:00,50.0
2022-06-09 07:44:53+02:00,50.0
2022-06-09 07:45:53+02:00,50.0
2022-06-09 07:46:54+02:00,50.0
2022-06-09 07:47:54+02:00,50.0
2022-06-09 07:48:54+02:00,50.0
2022-06-09 07:49:54+02:00,50.0
2022-06-09 07:50:54+02:00,50.0
2022-06-09 07:51:54+02:00,50.0
2022-06-09 07:52:54+02:00,50.0
2022-06-09 07:53:55+02:00,50.0
2022-06-09 07:54:55+02:00,50.0
2022-06-09 07:55:55+02:00,50.0
2022-06-09 07:56:55+02:00,50.0
2022-06-09 07:57:55+02:00,50.0
2022-06-09 07:58:55+02:00,50.0
2022-06-09 07:59:55+02:00,50.0
2022-06-09 08:00:55+02:00,50.0
2022-06-09 08:01:56+02:00,50.0
2022-06-09 08:02:56+02:00,50.0
2022-06-09 08:03:56+02:00,50.0
2022-06-09 08:04:56+02:00,50.0
2022-06-09 08:05:56+02:00,50.0
2022-06-09 08:06:56+02:00,50.0
2022-06-09 08:07:56+02:00,50.0
2022-06-09 08:08:57+02:00,50.0
2022-06-10 02:03:00+02:00,50.0
2022-06-10 02:04:00+02:00,96.5
2022-06-10 02:05:00+02:00,96.6
2022-06-10 02:06:00+02:00,96.6
2022-06-10 02:07:00+02:00,96.6
2022-06-10 02:08:00+02:00,96.5
2022-06-10 02:09:00+02:00,96.4
2022-06-10 02:10:00+02:00,96.3
2022-06-10 02:11:00+02:00,96.3
2022-06-10 02:12:00+02:00,96.2
2022-06-10 02:13:00+02:00,96.0
2022-06-10 02:14:00+02:00,95.8
2022-06-10 02:15:01+02:00,95.6
2022-06-10 02:16:01+02:00,50.0
2022-06-10 02:17:01+02:00,50.0
2022-06-10 02:18:01+02:00,95.3
2022-06-10 02:19:01+02:00,95.8
2022-06-10 02:20:01+02:00,96.0
2022-06-10 02:21:01+02:00,96.5
2022-06-10 02:22:01+02:00,96.9
2022-06-10 02:23:01+02:00,97.4
2022-06-10 02:24:02+02:00,97.9
2022-06-10 02:25:02+02:00,98.2
2022-06-10 02:26:02+02:00,98.2
2022-06-10 02:27:02+02:00,98.4
2022-06-10 02:28:02+02:00,98.3
2022-06-10 02:29:02+02:00,98.5
2022-06-10 02:30:02+02:00,98.5
2022-06-10 02:31:03+02:00,98.6
2022-06-10 02:32:03+02:00,98.6
2022-06-10 02:33:03+02:00,98.7
2022-06-10 02:34:03+02:00,98.6
2022-06-10 02:35:03+02:00,98.6
2022-06-10 02:36:03+02:00,98.6
2022-06-10 02:37:04+02:00,98.4
2022-06-10 02:38:04+02:00,98.5
2022-06-10 02:39:04+02:00,98.5
2022-06-10 02:40:04+02:00,98.5
2022-06-10 02:41:04+02:00,98.5
2022-06-10 02:42:04+02:00,98.2
2022-06-10 02:43:05+02:00,97.9
2022-06-10 02:44:05+02:00,97.4
2022-06-10 02:45:05+02:00,97.8
2022-06-10 02:46:05+02:00,50.0
2022-06-10 02:47:05+02:00,97.4
2022-06-10 02:48:05+02:00,50.0
2022-06-10 02:49:05+02:00,96.4
2022-06-10 02:50:05+02:00,95.0
2022-06-10 02:51:05+02:00,93.8
2022-06-10 02:52:06+02:00,93.2
2022-06-10 02:53:06+02:00,50.0
2022-06-10 02:54:06+02:00,50.0
2022-06-10 02:55:06+02:00,50.0
2022-06-10 02:56:06+02:00,93.5
2022-06-10 02:57:06+02:00,95.4
2022-06-10 02:58:07+02:00,95.8
2022-06-10 02:59:07+02:00,95.8
2022-06-10 03:00:07+02:00,94.5
2022-06-10 03:01:07+02:00,50.0
2022-06-10 03:02:07+02:00,95.2
2022-06-10 03:03:07+02:00,95.0
2022-06-10 03:04:07+02:00,96.4
2022-06-10 03:05:08+02:00,97.1
2022-06-10 03:06:08+02:00,97.4
2022-06-10 03:07:08+02:00,97.9
2022-06-10 03:08:08+02:00,98.4
2022-06-10 03:09:08+02:00,99.1
2022-06-10 03:10:08+02:00,98.2
2022-06-10 03:11:08+02:00,97.3
2022-06-10 03:12:09+02:00,95.7
2022-06-10 03:13:09+02:00,95.5
2022-06-10 03:14:09+02:00,95.3
2022-06-10 03:15:09+02:00,95.2
2022-06-10 03:16:09+02:00,94.4
2022-06-10 03:17:09+02:00,93.9
2022-06-10 03:18:09+02:00,50.0
2022-06-10 03:19:10+02:00,94.0
2022-06-10 03:20:10+02:00,94.5
2022-06-10 03:21:10+02:00,95.0
2022-06-10 03:22:10+02:00,95.0
2022-06-10 03:23:10+02:00,96.4
2022-06-10 03:24:10+02:00,96.6
2022-06-10 03:25:10+02:00,96.5
2022-06-10 03:26:11+02:00,96.0
2022-06-10 03:27:11+02:00,95.5
2022-06-10 03:28:11+02:00,95.5
2022-06-10 03:29:11+02:00,95.4
2022-06-10 03:30:11+02:00,50.0
2022-06-10 03:31:11+02:00,95.9
2022-06-10 03:32:12+02:00,96.3
2022-06-10 03:33:12+02:00,96.0
2022-06-10 03:34:12+02:00,96.0
2022-06-10 03:35:12+02:00,95.9
2022-06-10 03:36:12+02:00,95.8
2022-06-10 03:37:12+02:00,50.0
2022-06-10 03:38:12+02:00,50.0
2022-06-10 03:39:13+02:00,95.5
2022-06-10 03:40:13+02:00,50.0
2022-06-10 03:41:13+02:00,50.0
2022-06-10 03:42:13+02:00,93.5
2022-06-10 03:43:13+02:00,88.7
2022-06-10 03:44:13+02:00,85.3
2022-06-10 03:45:13+02:00,83.0
2022-06-10 03:46:14+02:00,50.0
2022-06-10 03:47:14+02:00,50.0
2022-06-10 03:48:14+02:00,81.6
2022-06-10 03:49:14+02:00,81.1
2022-06-10 03:50:14+02:00,81.0
2022-06-10 03:51:14+02:00,81.0
2022-06-10 03:52:15+02:00,80.9
2022-06-10 03:53:15+02:00,80.8
2022-06-10 03:54:15+02:00,80.8
2022-06-10 03:55:15+02:00,80.9
2022-06-10 03:56:15+02:00,80.9
2022-06-10 03:57:15+02:00,80.9
2022-06-10 03:58:16+02:00,80.8
2022-06-10 03:59:16+02:00,80.7
2022-06-10 04:00:16+02:00,80.8
2022-06-10 04:01:16+02:00,80.8
2022-06-10 04:02:16+02:00,80.8
2022-06-10 04:03:16+02:00,80.9
2022-06-10 04:04:16+02:00,81.0
2022-06-10 04:05:17+02:00,81.2
2022-06-10 04:06:17+02:00,81.2
2022-06-10 04:07:17+02:00,81.3
2022-06-10 04:08:17+02:00,81.3
2022-06-10 04:09:17+02:00,81.3
2022-06-10 04:10:17+02:00,81.3
2022-06-10 04:11:18+02:00,81.4
2022-06-10 04:12:18+02:00,81.5
2022-06-10 04:13:18+02:00,81.5
2022-06-10 04:14:18+02:00,81.6
2022-06-10 04:15:18+02:00,81.7
2022-06-10 04:16:18+02:00,81.7
2022-06-10 04:17:18+02:00,81.8
2022-06-10 04:18:19+02:00,81.9
2022-06-10 04:19:19+02:00,82.0
2022-06-10 04:20:19+02:00,82.0
2022-06-10 04:21:19+02:00,82.0
2022-06-10 04:22:19+02:00,81.9
2022-06-10 04:23:19+02:00,81.9
2022-06-10 04:24:20+02:00,81.9
2022-06-10 04:25:20+02:00,81.9
2022-06-10 04:26:20+02:00,82.0
2022-06-10 04:27:20+02:00,81.9
2022-06-10 04:28:20+02:00,50.0
2022-06-10 04:29:20+02:00,81.8
2022-06-10 04:30:20+02:00,82.3
2022-06-10 04:31:21+02:00,82.8
2022-06-10 04:32:21+02:00,83.9
2022-06-10 04:33:21+02:00,84.7
2022-06-10 04:34:21+02:00,85.2
2022-06-10 04:35:21+02:00,85.3
2022-06-10 04:36:21+02:00,85.6
2022-06-10 04:37:22+02:00,85.4
2022-06-10 04:38:22+02:00,50.0
2022-06-10 04:39:22+02:00,84.5
2022-06-10 04:40:22+02:00,85.1
2022-06-10 04:41:22+02:00,86.1
2022-06-10 04:42:22+02:00,86.7
2022-06-10 04:43:23+02:00,87.4
2022-06-10 04:44:23+02:00,87.6
2022-06-10 04:45:23+02:00,88.8
2022-06-10 04:46:23+02:00,90.5
2022-06-10 04:47:23+02:00,91.5
2022-06-10 04:48:23+02:00,91.6
2022-06-10 04:49:23+02:00,91.8
2022-06-10 04:50:24+02:00,92.0
2022-06-10 04:51:24+02:00,92.9
2022-06-10 04:52:24+02:00,93.5
2022-06-10 04:53:24+02:00,92.9
2022-06-10 04:54:24+02:00,94.3
2022-06-10 04:55:24+02:00,94.7
2022-06-10 04:56:25+02:00,95.1
2022-06-10 04:57:25+02:00,95.1
2022-06-10 04:58:25+02:00,94.9
2022-06-10 04:59:25+02:00,95.5
2022-06-10 05:00:25+02:00,96.4
2022-06-10 05:01:25+02:00,97.1
2022-06-10 05:02:25+02:00,97.4
2022-06-10 05:03:26+02:00,97.4
2022-06-10 05:04:26+02:00,97.7
2022-06-10 05:05:26+02:00,97.1
2022-06-10 05:06:26+02:00,50.0
2022-06-10 05:07:26+02:00,97.4
2022-06-10 05:08:26+02:00,97.4
2022-06-10 05:09:26+02:00,96.8
2022-06-10 05:10:26+02:00,95.5
2022-06-10 05:11:26+02:00,94.2
2022-06-10 05:12:26+02:00,50.0
2022-06-10 05:13:27+02:00,94.3
2022-06-10 05:14:27+02:00,96.8
2022-06-10 05:15:27+02:00,97.9
2022-06-10 05:16:27+02:00,98.2
2022-06-10 05:17:27+02:00,98.5
2022-06-10 05:18:27+02:00,98.4
2022-06-10 05:19:27+02:00,98.3
2022-06-10 05:20:27+02:00,98.3
2022-06-10 05:21:28+02:00,98.4
2022-06-10 05:22:28+02:00,98.2
2022-06-10 05:23:28+02:00,98.0
2022-06-10 05:24:28+02:00,98.1
2022-06-10 05:25:28+02:00,97.9
2022-06-10 05:26:28+02:00,97.4
2022-06-10 05:27:28+02:00,97.5
2022-06-10 05:28:28+02:00,50.0
2022-06-10 05:29:28+02:00,97.3
2022-06-10 05:30:29+02:00,96.9
2022-06-10 05:31:29+02:00,95.8
2022-06-10 05:32:29+02:00,94.1
2022-06-10 05:33:29+02:00,92.6
2022-06-10 05:34:29+02:00,91.8
2022-06-10 05:35:29+02:00,90.9
2022-06-10 05:36:29+02:00,92.2
2022-06-10 05:37:29+02:00,93.2
2022-06-10 05:38:29+02:00,93.0
2022-06-10 05:39:30+02:00,93.0
2022-06-10 05:40:30+02:00,94.0
2022-06-10 05:41:30+02:00,93.9
2022-06-10 05:42:30+02:00,50.0
2022-06-10 05:43:30+02:00,94.4
2022-06-10 05:44:30+02:00,92.6
2022-06-10 05:45:30+02:00,91.4
2022-06-10 05:46:30+02:00,50.0
2022-06-10 05:47:30+02:00,94.1
2022-06-10 05:48:31+02:00,94.1
2022-06-10 05:49:31+02:00,94.1
2022-06-10 05:50:31+02:00,93.9
2022-06-10 05:51:31+02:00,93.9
2022-06-10 05:52:31+02:00,94.8
2022-06-10 05:53:31+02:00,94.6
2022-06-10 05:54:31+02:00,94.5
2022-06-10 05:55:32+02:00,94.7
2022-06-10 05:56:32+02:00,94.4
2022-06-10 05:57:32+02:00,93.7
2022-06-10 05:58:32+02:00,92.4
2022-06-10 05:59:32+02:00,91.5
2022-06-10 06:00:32+02:00,50.0
2022-06-10 06:01:32+02:00,92.5
2022-06-10 06:02:33+02:00,94.3
2022-06-10 06:03:33+02:00,94.8
2022-06-10 06:04:33+02:00,92.8
2022-06-10 06:05:33+02:00,92.9
2022-06-10 06:06:33+02:00,93.7
2022-06-10 06:07:33+02:00,50.0
2022-06-10 06:08:34+02:00,94.5
2022-06-10 06:09:34+02:00,89.3
2022-06-10 06:10:34+02:00,85.3
2022-06-10 06:11:34+02:00,83.0
2022-06-10 06:12:34+02:00,81.6
2022-06-10 06:13:35+02:00,81.3
2022-06-10 06:14:35+02:00,80.8
2022-06-10 06:15:35+02:00,50.0
2022-06-10 06:16:35+02:00,80.2
2022-06-10 06:17:35+02:00,82.0
2022-06-10 06:18:35+02:00,85.1
2022-06-10 06:19:35+02:00,87.5
2022-06-10 06:20:36+02:00,89.4
2022-06-10 06:21:36+02:00,90.1
2022-06-10 06:22:36+02:00,91.8
2022-06-10 06:23:36+02:00,93.0
2022-06-10 06:24:36+02:00,91.6
2022-06-10 06:25:36+02:00,90.9
2022-06-10 06:26:37+02:00,89.5
2022-06-10 06:27:37+02:00,87.3
2022-06-10 06:28:37+02:00,84.5
2022-06-10 06:29:37+02:00,81.6
2022-06-10 06:30:37+02:00,80.4
2022-06-10 06:31:37+02:00,79.7
2022-06-10 06:32:37+02:00,50.0
2022-06-10 06:33:38+02:00,82.6
2022-06-10 06:34:38+02:00,87.4
2022-06-10 06:35:38+02:00,89.2
2022-06-10 06:36:38+02:00,91.6
2022-06-10 06:37:38+02:00,93.3
2022-06-10 06:38:38+02:00,94.8
2022-06-10 06:39:39+02:00,95.7
2022-06-10 06:40:39+02:00,96.4
2022-06-10 06:41:39+02:00,97.1
2022-06-10 06:42:39+02:00,97.3
2022-06-10 06:43:39+02:00,97.2
2022-06-10 06:44:39+02:00,50.0
2022-06-10 06:45:40+02:00,96.9
2022-06-10 06:46:40+02:00,95.3
2022-06-10 06:47:40+02:00,94.3
2022-06-10 06:48:40+02:00,93.8
2022-06-10 06:49:40+02:00,93.6
2022-06-10 06:50:40+02:00,91.9
2022-06-10 06:51:41+02:00,88.3
2022-06-10 06:52:41+02:00,85.1
2022-06-10 06:53:41+02:00,83.1
2022-06-10 06:54:41+02:00,81.9
2022-06-10 06:55:41+02:00,81.7
2022-06-10 06:56:41+02:00,81.4
2022-06-10 06:57:42+02:00,80.3
2022-06-10 06:58:42+02:00,79.9
2022-06-10 06:59:42+02:00,79.9
2022-06-10 07:00:42+02:00,79.7
2022-06-10 07:01:42+02:00,50.0
2022-06-10 07:02:42+02:00,79.5
2022-06-10 07:03:43+02:00,78.3
2022-06-10 07:04:43+02:00,77.5
2022-06-10 07:05:43+02:00,77.5
2022-06-10 07:06:43+02:00,77.3
2022-06-10 07:07:43+02:00,77.3
2022-06-10 07:08:43+02:00,77.3
2022-06-10 07:09:44+02:00,77.2
2022-06-10 07:10:44+02:00,77.6
2022-06-10 07:11:44+02:00,77.5
2022-06-10 07:12:44+02:00,77.7
2022-06-10 07:13:44+02:00,77.7
2022-06-10 07:14:44+02:00,78.1
2022-06-10 07:15:44+02:00,78.2
2022-06-10 07:16:45+02:00,77.8
2022-06-10 07:17:45+02:00,78.0
2022-06-10 07:18:45+02:00,77.4
2022-06-10 07:19:45+02:00,77.4
2022-06-10 07:20:45+02:00,77.5
2022-06-10 07:21:45+02:00,77.9
2022-06-10 07:22:46+02:00,77.7
2022-06-10 07:23:46+02:00,77.3
2022-06-10 07:24:46+02:00,77.4
2022-06-10 07:25:46+02:00,77.6
2022-06-10 07:26:46+02:00,77.5
2022-06-10 07:27:46+02:00,77.8
2022-06-10 07:28:46+02:00,78.1
2022-06-10 07:29:47+02:00,77.9
2022-06-10 07:30:47+02:00,50.0
2022-06-10 07:31:47+02:00,78.3
2022-06-10 07:32:47+02:00,50.0
2022-06-10 07:33:47+02:00,78.4
2022-06-10 07:34:47+02:00,78.5
2022-06-10 07:35:48+02:00,50.0
2022-06-10 07:36:48+02:00,78.9
2022-06-10 07:37:48+02:00,83.3
2022-06-10 07:38:48+02:00,87.1
2022-06-10 07:39:48+02:00,50.0
2022-06-10 07:40:48+02:00,50.0
2022-06-10 07:41:49+02:00,89.9
2022-06-10 07:42:49+02:00,91.4
2022-06-10 07:43:49+02:00,50.0
2022-06-10 07:44:49+02:00,50.0
2022-06-10 07:45:49+02:00,50.0
2022-06-10 07:46:49+02:00,50.0
2022-06-10 07:47:49+02:00,50.0
2022-06-10 07:48:50+02:00,50.0
2022-06-10 07:49:50+02:00,50.0
2022-06-10 07:50:50+02:00,50.0
2022-06-10 07:51:50+02:00,50.0
2022-06-10 07:52:50+02:00,50.0
2022-06-10 07:53:50+02:00,50.0
2022-06-10 07:54:50+02:00,50.0
2022-06-10 07:55:50+02:00,50.0
2022-06-10 07:56:51+02:00,50.0
2022-06-10 07:57:51+02:00,50.0
2022-06-10 07:58:51+02:00,50.0
2022-06-10 07:59:51+02:00,50.0
2022-06-10 08:00:51+02:00,50.0
2022-06-10 08:01:51+02:00,50.0
2022-06-10 08:02:51+02:00,50.0
2022-06-10 08:03:51+02:00,50.0
2022-06-10 08:04:52+02:00,50.0
2022-06-10 08:05:52+02:00,50.0
2022-06-10 08:06:52+02:00,92.7
2022-06-10 08:07:52+02:00,94.3
2022-06-10 08:08:52+02:00,50.0
2022-06-10 08:09:52+02:00,50.0
2022-06-10 08:10:53+02:00,50.0
2022-06-10 08:11:53+02:00,50.0
2022-06-10 08:12:53+02:00,50.0
2022-06-10 08:13:53+02:00,50.0
2022-06-10 08:14:53+02:00,94.1
2022-06-10 08:15:53+02:00,93.6
2022-06-10 08:16:53+02:00,93.2
2022-06-10 08:17:54+02:00,50.0
2022-06-10 08:18:54+02:00,50.0
2022-06-10 08:19:54+02:00,50.0
2022-06-11 02:51:30+02:00,98.1
2022-06-11 02:52:30+02:00,97.9
2022-06-11 02:53:30+02:00,94.9
2022-06-11 02:54:30+02:00,92.3
2022-06-11 02:55:30+02:00,90.7
2022-06-11 02:56:30+02:00,89.5
2022-06-11 02:57:30+02:00,88.7
2022-06-11 02:58:30+02:00,88.3
2022-06-11 02:59:30+02:00,50.0
2022-06-11 03:00:30+02:00,89.4
2022-06-11 03:01:30+02:00,90.6
2022-06-11 03:02:30+02:00,91.4
2022-06-11 03:03:30+02:00,91.9
2022-06-11 03:04:30+02:00,92.2
2022-06-11 03:05:31+02:00,92.4
2022-06-11 03:06:31+02:00,92.5
2022-06-11 03:07:31+02:00,92.6
2022-06-11 03:08:31+02:00,92.7
2022-06-11 03:09:31+02:00,92.7
2022-06-11 03:10:31+02:00,92.6
2022-06-11 03:11:31+02:00,92.5
2022-06-11 03:12:32+02:00,50.0
2022-06-11 03:13:32+02:00,92.7
2022-06-11 03:14:32+02:00,94.0
2022-06-11 03:15:32+02:00,50.0
2022-06-11 03:16:32+02:00,93.7
2022-06-11 03:17:32+02:00,92.2
2022-06-11 03:18:32+02:00,91.2
2022-06-11 03:19:33+02:00,90.3
2022-06-11 03:20:33+02:00,50.0
2022-06-11 03:21:33+02:00,93.4
2022-06-11 03:22:33+02:00,95.9
2022-06-11 03:23:33+02:00,96.8
2022-06-11 03:24:33+02:00,97.3
2022-06-11 03:25:34+02:00,97.7
2022-06-11 03:26:34+02:00,98.1
2022-06-11 03:27:34+02:00,98.4
2022-06-11 03:28:34+02:00,98.3
2022-06-11 03:29:34+02:00,98.3
2022-06-11 03:30:34+02:00,98.6
2022-06-11 03:31:34+02:00,99.2
2022-06-11 03:32:34+02:00,98.8
2022-06-11 03:33:35+02:00,98.2
2022-06-11 03:34:35+02:00,98.3
2022-06-11 03:35:35+02:00,98.6
2022-06-11 03:36:35+02:00,99.0
2022-06-11 03:37:35+02:00,99.1
2022-06-11 03:38:35+02:00,99.4
2022-06-11 03:39:36+02:00,99.1
2022-06-11 03:40:36+02:00,99.3
2022-06-11 03:41:36+02:00,99.2
2022-06-11 03:42:36+02:00,50.0
2022-06-11 03:43:36+02:00,96.4
2022-06-11 03:44:36+02:00,94.6
2022-06-11 03:45:36+02:00,93.3
2022-06-11 03:46:37+02:00,92.2
2022-06-11 03:47:37+02:00,91.7
2022-06-11 03:48:37+02:00,91.0
2022-06-11 03:49:37+02:00,50.0
2022-06-11 03:50:37+02:00,91.5
2022-06-11 03:51:37+02:00,92.1
2022-06-11 03:52:37+02:00,92.1
2022-06-11 03:53:38+02:00,93.2
2022-06-11 03:54:38+02:00,93.4
2022-06-11 03:55:38+02:00,93.6
2022-06-11 03:56:38+02:00,93.6
2022-06-11 03:57:38+02:00,93.4
2022-06-11 03:58:38+02:00,92.5
2022-06-11 03:59:38+02:00,92.2
2022-06-11 04:00:39+02:00,92.7
2022-06-11 04:01:39+02:00,92.1
2022-06-11 04:02:39+02:00,92.3
2022-06-11 04:03:39+02:00,50.0
2022-06-11 04:04:39+02:00,91.8
2022-06-11 04:05:39+02:00,91.9
2022-06-11 04:06:40+02:00,92.2
2022-06-11 04:07:40+02:00,92.5
2022-06-11 04:08:40+02:00,92.9
2022-06-11 04:09:40+02:00,93.2
2022-06-11 04:10:40+02:00,93.3
2022-06-11 04:11:40+02:00,93.4
2022-06-11 04:12:40+02:00,93.5
2022-06-11 04:13:41+02:00,93.7
2022-06-11 04:14:41+02:00,93.7
2022-06-11 04:15:41+02:00,93.8
2022-06-11 04:16:41+02:00,93.9
2022-06-11 04:17:41+02:00,94.0
2022-06-11 04:18:41+02:00,94.1
2022-06-11 04:19:42+02:00,94.1
2022-06-11 04:20:42+02:00,94.2
2022-06-11 04:21:42+02:00,94.2
2022-06-11 04:22:42+02:00,94.2
2022-06-11 04:23:42+02:00,94.2
2022-06-11 04:24:42+02:00,94.1
2022-06-11 04:25:42+02:00,94.1
2022-06-11 04:26:43+02:00,94.1
2022-06-11 04:27:43+02:00,94.1
2022-06-11 04:28:43+02:00,50.0
2022-06-11 04:29:43+02:00,93.8
2022-06-11 04:30:43+02:00,93.6
2022-06-11 04:31:43+02:00,93.6
2022-06-11 04:32:43+02:00,50.0
2022-06-11 04:33:44+02:00,93.3
2022-06-11 04:34:44+02:00,93.5
2022-06-11 04:35:44+02:00,93.6
2022-06-11 04:36:44+02:00,93.5
2022-06-11 04:37:44+02:00,93.4
2022-06-11 04:38:44+02:00,93.5
2022-06-11 04:39:45+02:00,93.8
2022-06-11 04:40:45+02:00,93.6
2022-06-11 04:41:45+02:00,93.4
2022-06-11 04:42:45+02:00,92.8
2022-06-11 04:43:45+02:00,92.2
2022-06-11 04:44:45+02:00,92.1
2022-06-11 04:45:45+02:00,92.4
2022-06-11 04:46:46+02:00,91.5
2022-06-11 04:47:46+02:00,91.3
2022-06-11 04:48:46+02:00,91.4
2022-06-11 04:49:46+02:00,91.9
2022-06-11 04:50:46+02:00,92.5
2022-06-11 04:51:46+02:00,92.6
2022-06-11 04:52:46+02:00,92.7
2022-06-11 04:53:47+02:00,50.0
2022-06-11 04:54:47+02:00,93.0
2022-06-11 04:55:47+02:00,93.2
2022-06-11 04:56:47+02:00,93.2
2022-06-11 04:57:47+02:00,93.3
2022-06-11 04:58:47+02:00,92.8
2022-06-11 04:59:47+02:00,92.1
2022-06-11 05:00:48+02:00,91.7
2022-06-11 05:01:48+02:00,91.5
2022-06-11 05:02:48+02:00,91.5
2022-06-11 05:03:48+02:00,91.5
2022-06-11 05:04:48+02:00,91.1
2022-06-11 05:05:48+02:00,91.3
2022-06-11 05:06:49+02:00,91.2
2022-06-11 05:07:49+02:00,91.6
2022-06-11 05:08:49+02:00,91.8
2022-06-11 05:09:49+02:00,91.9
2022-06-11 05:10:49+02:00,91.7
2022-06-11 05:11:49+02:00,91.4
2022-06-11 05:12:49+02:00,91.2
2022-06-11 05:13:50+02:00,90.6
2022-06-11 05:14:50+02:00,90.5
2022-06-11 05:15:50+02:00,90.1
2022-06-11 05:16:50+02:00,90.1
2022-06-11 05:17:50+02:00,90.3
2022-06-11 05:18:50+02:00,90.2
2022-06-11 05:19:50+02:00,90.1
2022-06-11 05:20:51+02:00,90.1
2022-06-11 05:21:51+02:00,90.1
2022-06-11 05:22:51+02:00,90.2
2022-06-11 05:23:51+02:00,90.8
2022-06-11 05:24:51+02:00,50.0
2022-06-11 05:25:51+02:00,91.4
2022-06-11 05:26:52+02:00,50.0
2022-06-11 05:27:52+02:00,92.3
2022-06-11 05:28:52+02:00,50.0
2022-06-11 05:29:52+02:00,93.1
2022-06-11 05:30:52+02:00,93.4
2022-06-11 05:31:52+02:00,93.5
2022-06-11 05:32:52+02:00,50.0
2022-06-11 05:33:53+02:00,93.7
2022-06-11 05:34:53+02:00,93.7
2022-06-11 05:35:53+02:00,93.5
2022-06-11 05:36:53+02:00,93.5
2022-06-11 05:37:53+02:00,93.5
2022-06-11 05:38:53+02:00,93.6
2022-06-11 05:39:53+02:00,93.6
2022-06-11 05:40:54+02:00,93.6
2022-06-11 05:41:54+02:00,93.6
2022-06-11 05:42:54+02:00,93.6
2022-06-11 05:43:54+02:00,93.7
2022-06-11 05:44:54+02:00,93.8
2022-06-11 05:45:54+02:00,93.8
2022-06-11 05:46:54+02:00,93.9
2022-06-11 05:47:55+02:00,93.8
2022-06-11 05:48:55+02:00,93.5
2022-06-11 05:49:55+02:00,93.5
2022-06-11 05:50:55+02:00,92.5
2022-06-11 05:51:55+02:00,50.0
2022-06-11 05:52:55+02:00,92.2
2022-06-11 05:53:56+02:00,50.0
2022-06-11 05:54:56+02:00,92.5
2022-06-11 05:55:56+02:00,50.0
2022-06-11 05:56:56+02:00,50.0
2022-06-11 05:57:56+02:00,93.6
2022-06-11 05:58:56+02:00,94.1
2022-06-11 05:59:56+02:00,95.5
2022-06-11 06:00:57+02:00,50.0
2022-06-11 06:01:57+02:00,50.0
2022-06-11 06:02:57+02:00,94.2
2022-06-11 06:03:57+02:00,94.7
2022-06-11 06:04:57+02:00,95.4
2022-06-11 06:05:57+02:00,95.7
2022-06-11 06:06:58+02:00,95.7
2022-06-11 06:07:58+02:00,95.8
2022-06-11 06:08:58+02:00,95.9
2022-06-11 06:09:58+02:00,95.7
2022-06-11 06:10:58+02:00,50.0
2022-06-11 06:11:58+02:00,95.7
2022-06-11 06:12:58+02:00,95.9
2022-06-11 06:13:59+02:00,95.6
2022-06-11 06:14:59+02:00,97.1
2022-06-11 06:15:59+02:00,96.9
2022-06-11 06:16:59+02:00,96.3
2022-06-11 06:17:59+02:00,96.1
2022-06-11 06:18:59+02:00,96.3
2022-06-11 06:19:59+02:00,96.9
2022-06-11 06:21:00+02:00,95.4
2022-06-11 06:22:00+02:00,93.5
2022-06-11 06:23:00+02:00,92.4
2022-06-11 06:24:00+02:00,92.0
2022-06-11 06:25:00+02:00,91.7
2022-06-11 06:26:00+02:00,91.2
2022-06-11 06:27:01+02:00,91.1
2022-06-11 06:28:01+02:00,91.5
2022-06-11 06:29:01+02:00,91.1
2022-06-11 06:30:01+02:00,90.9
2022-06-11 06:31:01+02:00,91.1
2022-06-11 06:32:01+02:00,91.0
2022-06-11 06:33:01+02:00,90.7
2022-06-11 06:34:02+02:00,89.7
2022-06-11 06:35:02+02:00,91.3
2022-06-11 06:36:02+02:00,90.1
2022-06-11 06:37:02+02:00,88.9
2022-06-11 06:38:02+02:00,87.6
2022-06-11 06:39:02+02:00,50.0
2022-06-11 06:40:02+02:00,88.4
2022-06-11 06:41:03+02:00,89.9
2022-06-11 06:42:03+02:00,91.0
2022-06-11 06:43:03+02:00,91.6
2022-06-11 06:44:03+02:00,91.3
2022-06-11 06:45:03+02:00,91.0
2022-06-11 06:46:03+02:00,91.2
2022-06-11 06:47:03+02:00,91.3
2022-06-11 06:48:03+02:00,91.6
2022-06-11 06:49:04+02:00,91.5
2022-06-11 06:50:04+02:00,91.7
2022-06-11 06:51:04+02:00,92.0
2022-06-11 06:52:04+02:00,92.1
2022-06-11 06:53:04+02:00,92.0
2022-06-11 06:54:04+02:00,91.8
2022-06-11 06:55:05+02:00,91.8
2022-06-11 06:56:05+02:00,91.8
2022-06-11 06:57:05+02:00,91.5
2022-06-11 06:58:05+02:00,91.7
2022-06-11 06:59:05+02:00,91.4
2022-06-11 07:00:05+02:00,91.1
2022-06-11 07:01:05+02:00,90.7
2022-06-11 07:02:05+02:00,90.8
2022-06-11 07:03:06+02:00,90.6
2022-06-11 07:04:06+02:00,91.3
2022-06-11 07:05:06+02:00,91.3
2022-06-11 07:06:06+02:00,91.0
2022-06-11 07:07:06+02:00,90.5
2022-06-11 07:08:06+02:00,89.8
2022-06-11 07:09:07+02:00,88.9
2022-06-11 07:10:07+02:00,88.9
2022-06-11 07:11:07+02:00,90.9
2022-06-11 07:12:07+02:00,91.8
2022-06-11 07:13:07+02:00,92.7
2022-06-11 07:14:07+02:00,50.0
2022-06-11 07:15:07+02:00,92.4
2022-06-11 07:16:08+02:00,91.7
2022-06-11 07:17:08+02:00,91.0
2022-06-11 07:18:08+02:00,90.5
2022-06-11 07:19:08+02:00,89.5
2022-06-11 07:20:08+02:00,89.6
2022-06-11 07:21:08+02:00,88.9
2022-06-11 07:22:08+02:00,88.7
2022-06-11 07:23:09+02:00,88.7
2022-06-11 07:24:09+02:00,88.7
2022-06-11 07:25:09+02:00,89.0
2022-06-11 07:26:09+02:00,89.5
2022-06-11 07:27:09+02:00,50.0
2022-06-11 07:28:09+02:00,50.0
2022-06-11 07:29:09+02:00,89.8
2022-06-11 07:30:10+02:00,50.0
2022-06-11 07:31:10+02:00,93.4
2022-06-11 07:32:10+02:00,93.6
2022-06-11 07:33:10+02:00,86.0
2022-06-11 07:34:10+02:00,83.5
2022-06-11 07:35:10+02:00,78.4
2022-06-11 07:36:11+02:00,78.3
2022-06-11 07:37:11+02:00,79.9
2022-06-11 07:38:11+02:00,80.6
2022-06-11 07:39:11+02:00,82.5
2022-06-11 07:40:11+02:00,82.4
2022-06-11 07:41:11+02:00,85.6
2022-06-11 07:42:11+02:00,85.9
2022-06-11 07:43:12+02:00,87.6
2022-06-11 07:44:12+02:00,87.9
2022-06-11 07:45:12+02:00,88.4
2022-06-11 07:46:12+02:00,87.7
2022-06-11 07:47:12+02:00,88.6
2022-06-11 07:48:12+02:00,87.9
2022-06-11 07:49:12+02:00,86.5
2022-06-11 07:50:13+02:00,88.8
2022-06-11 07:51:13+02:00,91.5
2022-06-11 07:52:13+02:00,94.5
2022-06-11 07:53:13+02:00,96.5
2022-06-11 07:54:13+02:00,97.0
2022-06-11 07:55:13+02:00,97.8
2022-06-11 07:56:14+02:00,94.3
2022-06-11 07:57:14+02:00,92.0
2022-06-11 07:58:14+02:00,50.0
2022-06-11 07:59:14+02:00,88.8
2022-06-11 08:00:14+02:00,50.0
2022-06-11 08:01:14+02:00,90.9
2022-06-11 08:02:14+02:00,92.1
2022-06-11 08:03:15+02:00,93.6
2022-06-11 08:04:15+02:00,94.6
2022-06-11 08:05:15+02:00,95.3
2022-06-11 08:06:15+02:00,95.8
2022-06-11 08:07:15+02:00,96.6
2022-06-11 08:08:15+02:00,96.3
2022-06-11 08:09:16+02:00,96.6
2022-06-11 08:10:16+02:00,97.4
2022-06-11 08:11:16+02:00,97.9
2022-06-11 08:12:16+02:00,98.0
2022-06-11 08:13:16+02:00,50.0
2022-06-11 08:14:16+02:00,97.4
2022-06-11 08:15:16+02:00,96.4
2022-06-11 08:16:17+02:00,96.1
2022-06-11 08:17:17+02:00,95.9
2022-06-11 08:18:17+02:00,95.6
2022-06-11 08:19:17+02:00,95.7
2022-06-11 08:20:17+02:00,95.8
2022-06-11 08:21:17+02:00,95.9
2022-06-11 08:22:17+02:00,95.7
2022-06-11 08:23:18+02:00,95.5
2022-06-11 08:24:18+02:00,95.5
2022-06-11 08:25:18+02:00,95.5
2022-06-11 08:26:18+02:00,95.5
2022-06-11 08:27:18+02:00,95.6
2022-06-11 08:28:18+02:00,95.8
2022-06-11 08:29:18+02:00,95.8
2022-06-11 08:30:19+02:00,95.9
2022-06-11 08:31:19+02:00,96.0
2022-06-11 08:32:19+02:00,50.0
2022-06-11 08:33:19+02:00,50.0
2022-06-11 08:34:19+02:00,50.0
2022-06-11 08:35:19+02:00,50.0
2022-06-11 08:36:20+02:00,50.0
2022-06-11 08:37:20+02:00,96.2
2022-06-11 08:38:20+02:00,50.0
2022-06-11 08:39:20+02:00,96.2
2022-06-11 08:40:20+02:00,50.0
2022-06-11 08:41:20+02:00,96.3
2022-06-11 08:42:21+02:00,50.0
2022-06-11 08:43:21+02:00,94.0
2022-06-11 08:44:21+02:00,87.0
2022-06-11 08:45:21+02:00,83.7
2022-06-11 08:46:21+02:00,84.4
2022-06-11 08:47:21+02:00,84.0
2022-06-11 08:48:21+02:00,84.9
2022-06-11 08:49:22+02:00,86.1
2022-06-11 08:50:22+02:00,84.6
2022-06-11 08:51:22+02:00,83.8
2022-06-11 08:52:22+02:00,84.1
2022-06-11 08:53:22+02:00,85.4
2022-06-11 08:54:22+02:00,86.6
2022-06-11 08:55:22+02:00,89.0
2022-06-11 08:56:23+02:00,91.4
2022-06-11 08:57:23+02:00,91.7
2022-06-11 08:58:23+02:00,50.0
2022-06-11 08:59:23+02:00,91.6
2022-06-11 09:00:23+02:00,91.1
2022-06-11 09:01:23+02:00,84.5
2022-06-11 09:02:23+02:00,85.8
2022-06-11 09:03:24+02:00,84.9
2022-06-11 09:04:24+02:00,81.1
2022-06-11 09:05:24+02:00,81.4
2022-06-11 09:06:24+02:00,80.6
2022-06-11 09:07:24+02:00,81.1
2022-06-11 09:08:24+02:00,83.2
2022-06-11 09:09:25+02:00,84.2
2022-06-11 09:10:25+02:00,83.6
2022-06-11 09:11:25+02:00,84.3
2022-06-11 09:12:25+02:00,50.0
2022-06-11 09:13:25+02:00,50.0
2022-06-11 09:14:25+02:00,85.1
2022-06-11 09:15:25+02:00,86.9
2022-06-11 09:16:25+02:00,89.0
2022-06-11 09:17:25+02:00,92.4
2022-06-11 09:18:25+02:00,50.0
2022-06-11 09:19:25+02:00,50.0
2022-06-11 09:20:25+02:00,50.0
2022-06-11 09:21:26+02:00,50.0
2022-06-11 09:22:26+02:00,50.0
2022-06-11 09:23:26+02:00,50.0
2022-06-11 09:24:26+02:00,50.0
2022-06-11 09:25:26+02:00,50.0
2022-06-11 09:26:26+02:00,50.0
2022-06-11 09:27:26+02:00,50.0
2022-06-11 09:28:26+02:00,50.0
2022-06-11 09:29:26+02:00,91.5
2022-06-11 09:30:26+02:00,50.0
2022-06-11 09:31:27+02:00,50.0
2022-06-11 09:32:27+02:00,90.3
2022-06-11 09:33:27+02:00,50.0
2022-06-11 09:34:27+02:00,89.9
2022-06-11 09:35:27+02:00,91.4
2022-06-11 09:36:27+02:00,50.0
2022-06-11 09:37:27+02:00,50.0
2022-06-11 09:38:27+02:00,90.6
2022-06-11 09:39:27+02:00,89.9
2022-06-11 09:40:27+02:00,50.0
2022-06-11 09:41:27+02:00,50.0
2022-06-11 09:42:28+02:00,89.7
2022-06-11 09:43:28+02:00,50.0
2022-06-11 09:44:28+02:00,50.0
2022-06-11 09:45:28+02:00,50.0
2022-06-11 09:46:28+02:00,50.0
2022-06-11 09:47:28+02:00,50.0
2022-06-11 09:48:28+02:00,50.0
2022-06-11 09:49:28+02:00,50.0
2022-06-11 09:50:28+02:00,50.0
2022-06-11 09:51:28+02:00,50.0
2022-06-11 09:52:28+02:00,50.0
2022-06-11 09:53:28+02:00,50.0
2022-06-11 09:54:28+02:00,50.0
2022-06-12 02:41:00+02:00,50.0
2022-06-12 02:42:00+02:00,95.3
2022-06-12 02:43:00+02:00,95.3
2022-06-12 02:44:00+02:00,97.1
2022-06-12 02:45:00+02:00,98.9
2022-06-12 02:46:00+02:00,99.7
2022-06-12 02:47:00+02:00,100.0
2022-06-12 02:48:00+02:00,50.0
2022-06-12 02:49:00+02:00,100.0
2022-06-12 02:50:00+02:00,50.0
2022-06-12 02:51:00+02:00,99.1
2022-06-12 02:52:00+02:00,97.3
2022-06-12 02:53:00+02:00,97.5
2022-06-12 02:54:01+02:00,98.3
2022-06-12 02:55:01+02:00,98.3
2022-06-12 02:56:01+02:00,97.8
2022-06-12 02:57:01+02:00,93.1
2022-06-12 02:58:01+02:00,86.2
2022-06-12 02:59:01+02:00,50.0
2022-06-12 03:00:01+02:00,80.1
2022-06-12 03:01:02+02:00,82.8
2022-06-12 03:02:02+02:00,83.2
2022-06-12 03:03:02+02:00,85.6
2022-06-12 03:04:02+02:00,86.7
2022-06-12 03:05:02+02:00,90.1
2022-06-12 03:06:02+02:00,90.4
2022-06-12 03:07:02+02:00,91.9
2022-06-12 03:08:03+02:00,92.4
2022-06-12 03:09:03+02:00,92.7
2022-06-12 03:10:03+02:00,92.6
2022-06-12 03:11:03+02:00,92.7
2022-06-12 03:12:03+02:00,93.3
2022-06-12 03:13:03+02:00,93.6
2022-06-12 03:14:03+02:00,93.8
2022-06-12 03:15:04+02:00,93.3
2022-06-12 03:16:04+02:00,93.2
2022-06-12 03:17:04+02:00,50.0
2022-06-12 03:18:04+02:00,93.4
2022-06-12 03:19:04+02:00,92.8
2022-06-12 03:20:04+02:00,92.4
2022-06-12 03:21:04+02:00,92.7
2022-06-12 03:22:05+02:00,92.8
2022-06-12 03:23:05+02:00,92.7
2022-06-12 03:24:05+02:00,92.3
2022-06-12 03:25:05+02:00,92.6
2022-06-12 03:26:05+02:00,92.3
2022-06-12 03:27:05+02:00,92.4
2022-06-12 03:28:06+02:00,92.1
2022-06-12 03:29:06+02:00,92.4
2022-06-12 03:30:06+02:00,91.7
2022-06-12 03:31:06+02:00,91.2
2022-06-12 03:32:06+02:00,92.1
2022-06-12 03:33:06+02:00,92.2
2022-06-12 03:34:06+02:00,95.2
2022-06-12 03:35:07+02:00,94.2
2022-06-12 03:36:07+02:00,93.5
2022-06-12 03:37:07+02:00,93.0
2022-06-12 03:38:07+02:00,50.0
2022-06-12 03:39:07+02:00,95.5
2022-06-12 03:40:07+02:00,98.8
2022-06-12 03:41:08+02:00,50.0
2022-06-12 03:42:08+02:00,92.1
2022-06-12 03:43:08+02:00,88.3
2022-06-12 03:44:08+02:00,85.9
2022-06-12 03:45:08+02:00,84.5
2022-06-12 03:46:08+02:00,83.2
2022-06-12 03:47:08+02:00,82.8
2022-06-12 03:48:09+02:00,82.5
2022-06-12 03:49:09+02:00,82.0
2022-06-12 03:50:09+02:00,81.6
2022-06-12 03:51:09+02:00,81.7
2022-06-12 03:52:09+02:00,81.9
2022-06-12 03:53:09+02:00,81.9
2022-06-12 03:54:10+02:00,50.0
2022-06-12 03:55:10+02:00,80.2
2022-06-12 03:56:10+02:00,79.6
2022-06-12 03:57:10+02:00,79.6
2022-06-12 03:58:10+02:00,79.7
2022-06-12 03:59:10+02:00,80.2
2022-06-12 04:00:10+02:00,80.2
2022-06-12 04:01:11+02:00,80.8
2022-06-12 04:02:11+02:00,81.4
2022-06-12 04:03:11+02:00,81.8
2022-06-12 04:04:11+02:00,82.0
2022-06-12 04:05:11+02:00,82.3
2022-06-12 04:06:11+02:00,82.5
2022-06-12 04:07:11+02:00,82.5
2022-06-12 04:08:12+02:00,82.7
2022-06-12 04:09:12+02:00,82.5
2022-06-12 04:10:12+02:00,82.3
2022-06-12 04:11:12+02:00,82.5
2022-06-12 04:12:12+02:00,82.5
2022-06-12 04:13:12+02:00,82.8
2022-06-12 04:14:13+02:00,83.1
2022-06-12 04:15:13+02:00,83.2
2022-06-12 04:16:13+02:00,83.2
2022-06-12 04:17:13+02:00,83.1
2022-06-12 04:18:13+02:00,83.1
2022-06-12 04:19:13+02:00,82.8
2022-06-12 04:20:13+02:00,81.4
2022-06-12 04:21:14+02:00,50.0
2022-06-12 04:22:14+02:00,84.0
2022-06-12 04:23:14+02:00,87.9
2022-06-12 04:24:14+02:00,90.4
2022-06-12 04:25:14+02:00,92.8
2022-06-12 04:26:14+02:00,93.0
2022-06-12 04:27:15+02:00,93.7
2022-06-12 04:28:15+02:00,95.4
2022-06-12 04:29:15+02:00,96.6
2022-06-12 04:30:15+02:00,97.5
2022-06-12 04:31:15+02:00,98.2
2022-06-12 04:32:15+02:00,98.3
2022-06-12 04:33:15+02:00,98.6
2022-06-12 04:34:16+02:00,98.8
2022-06-12 04:35:16+02:00,97.7
2022-06-12 04:36:16+02:00,96.5
2022-06-12 04:37:16+02:00,95.4
2022-06-12 04:38:16+02:00,95.7
2022-06-12 04:39:16+02:00,95.5
2022-06-12 04:40:17+02:00,94.9
2022-06-12 04:41:17+02:00,94.5
2022-06-12 04:42:17+02:00,94.4
2022-06-12 04:43:17+02:00,94.4
2022-06-12 04:44:17+02:00,94.4
2022-06-12 04:45:17+02:00,94.4
2022-06-12 04:46:17+02:00,94.4
2022-06-12 04:47:18+02:00,94.3
2022-06-12 04:48:18+02:00,50.0
2022-06-12 04:49:18+02:00,94.2
2022-06-12 04:50:18+02:00,94.0
2022-06-12 04:51:18+02:00,94.2
2022-06-12 04:52:18+02:00,94.1
2022-06-12 04:53:19+02:00,94.2
2022-06-12 04:54:19+02:00,93.9
2022-06-12 04:55:19+02:00,94.0
2022-06-12 04:56:19+02:00,94.3
2022-06-12 04:57:19+02:00,94.2
2022-06-12 04:58:19+02:00,94.2
2022-06-12 04:59:19+02:00,94.2
2022-06-12 05:00:20+02:00,94.1
2022-06-12 05:01:20+02:00,94.1
2022-06-12 05:02:20+02:00,93.2
2022-06-12 05:03:20+02:00,92.7
2022-06-12 05:04:20+02:00,92.9
2022-06-12 05:05:20+02:00,93.3
2022-06-12 05:06:21+02:00,93.4
2022-06-12 05:07:21+02:00,93.7
2022-06-12 05:08:21+02:00,93.6
2022-06-12 05:09:21+02:00,93.7
2022-06-12 05:10:21+02:00,93.5
2022-06-12 05:11:21+02:00,93.3
2022-06-12 05:12:22+02:00,92.9
2022-06-12 05:13:22+02:00,92.3
2022-06-12 05:14:22+02:00,92.4
2022-06-12 05:15:22+02:00,92.3
2022-06-12 05:16:22+02:00,92.5
2022-06-12 05:17:22+02:00,93.1
2022-06-12 05:18:23+02:00,93.3
2022-06-12 05:19:23+02:00,93.4
2022-06-12 05:20:23+02:00,93.7
2022-06-12 05:21:23+02:00,50.0
2022-06-12 05:22:23+02:00,93.2
2022-06-12 05:23:23+02:00,50.0
2022-06-12 05:24:23+02:00,93.6
2022-06-12 05:25:24+02:00,50.0
2022-06-12 05:26:24+02:00,92.6
2022-06-12 05:27:24+02:00,93.2
2022-06-12 05:28:24+02:00,92.6
2022-06-12 05:29:24+02:00,94.4
2022-06-12 05:30:24+02:00,94.0
2022-06-12 05:31:25+02:00,92.9
2022-06-12 05:32:25+02:00,92.2
2022-06-12 05:33:25+02:00,92.2
2022-06-12 05:34:25+02:00,91.9
2022-06-12 05:35:25+02:00,91.9
2022-06-12 05:36:25+02:00,91.9
2022-06-12 05:37:25+02:00,91.7
2022-06-12 05:38:25+02:00,91.7
2022-06-12 05:39:26+02:00,92.0
2022-06-12 05:40:26+02:00,92.1
2022-06-12 05:41:26+02:00,92.5
2022-06-12 05:42:26+02:00,92.8
2022-06-12 05:43:26+02:00,93.0
2022-06-12 05:44:26+02:00,93.3
2022-06-12 05:45:26+02:00,93.4
2022-06-12 05:46:26+02:00,93.4
2022-06-12 05:47:26+02:00,93.7
2022-06-12 05:48:26+02:00,93.9
2022-06-12 05:49:27+02:00,94.0
2022-06-12 05:50:27+02:00,94.2
2022-06-12 05:51:27+02:00,94.2
2022-06-12 05:52:27+02:00,94.4
2022-06-12 05:53:27+02:00,94.4
2022-06-12 05:54:27+02:00,94.4
2022-06-12 05:55:27+02:00,94.4
2022-06-12 05:56:27+02:00,94.3
2022-06-12 05:57:27+02:00,94.2
2022-06-12 05:58:27+02:00,94.3
2022-06-12 05:59:28+02:00,94.2
2022-06-12 06:00:28+02:00,94.2
2022-06-12 06:01:28+02:00,94.3
2022-06-12 06:02:28+02:00,94.4
2022-06-12 06:03:28+02:00,94.4
2022-06-12 06:04:28+02:00,94.4
2022-06-12 06:05:28+02:00,50.0
2022-06-12 06:06:28+02:00,94.4
2022-06-12 06:07:29+02:00,94.3
2022-06-12 06:08:29+02:00,93.6
2022-06-12 06:09:29+02:00,93.4
2022-06-12 06:10:29+02:00,92.3
2022-06-12 06:11:29+02:00,50.0
2022-06-12 06:12:29+02:00,91.9
2022-06-12 06:13:29+02:00,91.4
2022-06-12 06:14:29+02:00,91.3
2022-06-12 06:15:29+02:00,50.0
2022-06-12 06:16:29+02:00,92.3
2022-06-12 06:17:29+02:00,92.9
2022-06-12 06:18:29+02:00,92.0
2022-06-12 06:19:30+02:00,92.2
2022-06-12 06:20:30+02:00,91.4
2022-06-12 06:21:30+02:00,91.5
2022-06-12 06:22:30+02:00,50.0
2022-06-12 06:23:30+02:00,92.8
2022-06-12 06:24:30+02:00,94.0
2022-06-12 06:25:31+02:00,94.8
2022-06-12 06:26:31+02:00,95.5
2022-06-12 06:27:31+02:00,96.2
2022-06-12 06:28:31+02:00,50.0
2022-06-12 06:29:31+02:00,96.9
2022-06-12 06:30:31+02:00,97.3
2022-06-12 06:31:32+02:00,97.7
2022-06-12 06:32:32+02:00,98.0
2022-06-12 06:33:32+02:00,98.0
2022-06-12 06:34:32+02:00,98.1
2022-06-12 06:35:32+02:00,98.2
2022-06-12 06:36:32+02:00,50.0
2022-06-12 06:37:33+02:00,92.0
2022-06-12 06:38:33+02:00,86.2
2022-06-12 06:39:33+02:00,82.6
2022-06-12 06:40:33+02:00,80.4
2022-06-12 06:41:33+02:00,78.9
2022-06-12 06:42:33+02:00,78.1
2022-06-12 06:43:34+02:00,78.0
2022-06-12 06:44:34+02:00,77.7
2022-06-12 06:45:34+02:00,78.1
2022-06-12 06:46:34+02:00,79.6
2022-06-12 06:47:34+02:00,50.0
2022-06-12 06:48:34+02:00,79.5
2022-06-12 06:49:35+02:00,80.6
2022-06-12 06:50:35+02:00,80.7
2022-06-12 06:51:35+02:00,81.3
2022-06-12 06:52:35+02:00,82.1
2022-06-12 06:53:35+02:00,82.7
2022-06-12 06:54:36+02:00,83.0
2022-06-12 06:55:36+02:00,83.3
2022-06-12 06:56:36+02:00,83.1
2022-06-12 06:57:36+02:00,83.3
2022-06-12 06:58:36+02:00,83.3
2022-06-12 06:59:36+02:00,83.3
2022-06-12 07:00:36+02:00,83.6
2022-06-12 07:01:37+02:00,83.9
2022-06-12 07:02:37+02:00,83.9
2022-06-12 07:03:37+02:00,83.7
2022-06-12 07:04:37+02:00,82.8
2022-06-12 07:05:37+02:00,82.9
2022-06-12 07:06:37+02:00,82.8
2022-06-12 07:07:38+02:00,83.1
2022-06-12 07:08:38+02:00,83.5
2022-06-12 07:09:38+02:00,83.7
2022-06-12 07:10:38+02:00,83.7
2022-06-12 07:11:38+02:00,82.3
2022-06-12 07:12:38+02:00,82.1
2022-06-12 07:13:39+02:00,82.1
2022-06-12 07:14:39+02:00,82.4
2022-06-12 07:15:39+02:00,81.9
2022-06-12 07:16:39+02:00,81.6
2022-06-12 07:17:39+02:00,81.3
2022-06-12 07:18:39+02:00,80.0
2022-06-12 07:19:39+02:00,78.6
2022-06-12 07:20:40+02:00,78.4
2022-06-12 07:21:40+02:00,78.5
2022-06-12 07:22:40+02:00,79.2
2022-06-12 07:23:40+02:00,79.2
2022-06-12 07:24:40+02:00,79.1
2022-06-12 07:25:41+02:00,79.3
2022-06-12 07:26:41+02:00,78.5
2022-06-12 07:27:41+02:00,78.6
2022-06-12 07:28:41+02:00,78.5
2022-06-12 07:29:41+02:00,50.0
2022-06-12 07:30:41+02:00,83.1
2022-06-12 07:31:41+02:00,87.4
2022-06-12 07:32:42+02:00,90.0
2022-06-12 07:33:42+02:00,91.6
2022-06-12 07:34:42+02:00,92.6
2022-06-12 07:35:42+02:00,50.0
2022-06-12 07:36:42+02:00,50.0
2022-06-12 07:37:42+02:00,92.9
2022-06-12 07:38:43+02:00,92.0
2022-06-12 07:39:43+02:00,91.1
2022-06-12 07:40:43+02:00,50.0
2022-06-12 07:41:43+02:00,92.1
2022-06-12 07:42:43+02:00,92.0
2022-06-12 07:43:43+02:00,92.0
2022-06-12 07:44:43+02:00,92.1
2022-06-12 07:45:44+02:00,50.0
2022-06-12 07:46:44+02:00,50.0
2022-06-12 07:47:44+02:00,50.0
2022-06-12 07:48:44+02:00,92.4
2022-06-12 07:49:44+02:00,50.0
2022-06-12 07:50:44+02:00,92.2
2022-06-12 07:51:44+02:00,91.3
2022-06-12 07:52:44+02:00,90.8
2022-06-12 07:53:45+02:00,90.7
2022-06-12 07:54:45+02:00,90.5
2022-06-12 07:55:45+02:00,90.8
2022-06-12 07:56:45+02:00,91.9
2022-06-12 07:57:45+02:00,86.5
2022-06-12 07:58:45+02:00,86.1
2022-06-12 07:59:45+02:00,84.0
2022-06-12 08:00:46+02:00,85.9
2022-06-12 08:01:46+02:00,88.5
2022-06-12 08:02:46+02:00,90.4
2022-06-12 08:03:46+02:00,91.9
2022-06-12 08:04:46+02:00,94.5
2022-06-12 08:05:46+02:00,94.0
2022-06-12 08:06:46+02:00,92.7
2022-06-12 08:07:47+02:00,86.5
2022-06-12 08:08:47+02:00,50.0
2022-06-12 08:09:47+02:00,86.3
2022-06-12 08:10:47+02:00,50.0
2022-06-12 08:11:47+02:00,87.2
2022-06-12 08:12:47+02:00,88.4
2022-06-12 08:13:47+02:00,87.0
2022-06-12 08:14:48+02:00,82.7
2022-06-12 08:15:48+02:00,81.4
2022-06-12 08:16:48+02:00,83.9
2022-06-12 08:17:48+02:00,84.0
2022-06-12 08:18:48+02:00,84.5
2022-06-12 08:19:48+02:00,86.1
2022-06-12 08:20:48+02:00,86.0
2022-06-12 08:21:49+02:00,87.3
2022-06-12 08:22:49+02:00,84.2
2022-06-12 08:23:49+02:00,87.1
2022-06-12 08:24:49+02:00,88.8
2022-06-12 08:25:49+02:00,91.5
2022-06-12 08:26:49+02:00,93.7
2022-06-12 08:27:49+02:00,95.5
2022-06-12 08:28:50+02:00,93.0
2022-06-12 08:29:50+02:00,90.3
2022-06-12 08:30:50+02:00,81.6
2022-06-12 08:31:50+02:00,84.7
2022-06-12 08:32:50+02:00,86.5
2022-06-12 08:33:50+02:00,88.5
2022-06-12 08:34:50+02:00,88.8
2022-06-12 08:35:51+02:00,89.7
2022-06-12 08:36:51+02:00,90.0
2022-06-12 08:37:51+02:00,90.6
2022-06-12 08:38:51+02:00,50.0
2022-06-12 08:39:51+02:00,90.1
2022-06-12 08:40:51+02:00,91.1
2022-06-12 08:41:51+02:00,94.1
2022-06-12 08:42:52+02:00,50.0
2022-06-12 08:43:52+02:00,93.3
2022-06-12 08:44:52+02:00,93.3
2022-06-12 08:45:52+02:00,93.3
2022-06-12 08:46:52+02:00,93.9
2022-06-12 08:47:52+02:00,93.9
2022-06-12 08:48:52+02:00,93.2
2022-06-12 08:49:53+02:00,92.3
2022-06-12 08:50:53+02:00,89.3
2022-06-12 08:51:53+02:00,88.3
2022-06-12 08:52:53+02:00,87.5
2022-06-12 08:53:53+02:00,87.8
2022-06-12 08:54:53+02:00,87.6
2022-06-12 08:55:53+02:00,87.6
2022-06-12 08:56:54+02:00,88.4
2022-06-12 08:57:54+02:00,89.3
2022-06-12 08:58:54+02:00,90.0
2022-06-12 08:59:54+02:00,90.9
2022-06-12 09:00:54+02:00,88.5
2022-06-12 09:01:54+02:00,86.3
2022-06-12 09:02:54+02:00,85.9
2022-06-12 09:03:54+02:00,84.5
2022-06-12 09:04:55+02:00,83.5
2022-06-12 09:05:55+02:00,84.1
2022-06-12 09:06:55+02:00,84.8
2022-06-12 09:07:55+02:00,85.8
2022-06-12 09:08:55+02:00,86.1
2022-06-12 09:09:55+02:00,50.0
2022-06-12 09:10:55+02:00,85.3
2022-06-12 09:11:56+02:00,50.0
2022-06-12 09:12:56+02:00,86.0
2022-06-12 09:13:56+02:00,76.1
2022-06-12 09:14:56+02:00,75.9
2022-06-12 09:15:56+02:00,76.6
2022-06-12 09:16:56+02:00,50.0
2022-06-12 09:17:56+02:00,76.7
2022-06-12 09:18:57+02:00,50.0
2022-06-12 09:19:57+02:00,50.0
2022-06-12 09:20:57+02:00,50.0
2022-06-12 09:21:57+02:00,77.2
2022-06-12 09:22:57+02:00,78.4
2022-06-12 09:23:57+02:00,79.3
2022-06-12 09:24:57+02:00,50.0
2022-06-12 09:25:58+02:00,80.7
2022-06-12 09:26:58+02:00,50.0
2022-06-12 09:27:58+02:00,81.1
2022-06-12 09:28:58+02:00,77.5
2022-06-12 09:29:58+02:00,82.1
2022-06-12 09:30:58+02:00,82.4
2022-06-12 09:31:58+02:00,87.1
2022-06-12 09:32:58+02:00,91.5
2022-06-12 09:33:59+02:00,92.9
2022-06-12 09:34:59+02:00,92.8
2022-06-12 09:35:59+02:00,50.0
2022-06-12 09:36:59+02:00,93.5
2022-06-12 09:37:59+02:00,92.1
2022-06-12 09:38:59+02:00,91.6
2022-06-12 09:40:00+02:00,93.0
2022-06-12 09:41:00+02:00,93.8
2022-06-12 09:42:00+02:00,93.7
2022-06-12 09:43:00+02:00,94.2
2022-06-12 09:44:00+02:00,93.9
2022-06-12 09:45:00+02:00,93.4
2022-06-12 09:46:00+02:00,92.9
2022-06-12 09:47:00+02:00,92.9
2022-06-12 09:48:01+02:00,50.0
2022-06-12 09:49:01+02:00,93.1
2022-06-12 09:50:01+02:00,50.0
2022-06-12 09:51:01+02:00,93.1
2022-06-12 09:52:01+02:00,50.0
2022-06-12 09:53:01+02:00,50.0
2022-06-12 09:54:01+02:00,50.0
2022-06-12 09:55:01+02:00,50.0
2022-06-12 09:56:02+02:00,50.0
2022-06-12 09:57:02+02:00,50.0
2022-06-12 09:58:02+02:00,50.0
2022-06-12 09:59:02+02:00,50.0
2022-06-12 10:00:02+02:00,50.0
2022-06-12 10:01:02+02:00,50.0
2022-06-12 10:02:02+02:00,50.0
2022-06-12 10:03:02+02:00,50.0
2022-06-12 10:04:03+02:00,50.0
2022-06-12 10:05:03+02:00,50.0
2022-06-12 10:06:03+02:00,50.0
2022-06-12 10:07:03+02:00,50.0
2022-06-12 10:08:03+02:00,50.0
2022-06-12 10:09:03+02:00,50.0
2022-06-12 10:10:04+02:00,50.0
2022-06-12 10:11:04+02:00,50.0
2022-06-12 10:12:04+02:00,50.0
2022-06-12 10:13:04+02:00,90.4
2022-06-12 10:14:04+02:00,50.0
2022-06-12 10:15:04+02:00,87.1
2022-06-12 10:16:04+02:00,77.4
2022-06-12 10:17:04+02:00,75.9
2022-06-12 10:18:04+02:00,79.7
2022-06-12 10:19:05+02:00,80.7
2022-06-12 10:20:05+02:00,81.1
2022-06-12 10:21:05+02:00,81.4
2022-06-12 10:22:05+02:00,81.2
2022-06-12 10:23:05+02:00,50.0
2022-06-12 10:24:05+02:00,50.0
2022-06-12 10:25:05+02:00,79.8
2022-06-12 10:26:06+02:00,81.0
2022-06-12 10:27:06+02:00,79.1
2022-06-12 10:28:06+02:00,80.6
2022-06-12 10:29:06+02:00,80.8
2022-06-12 10:30:06+02:00,80.8
2022-06-13 02:42:32+02:00,89.4
2022-06-13 02:43:32+02:00,90.5
2022-06-13 02:44:32+02:00,91.6
2022-06-13 02:45:32+02:00,91.5
2022-06-13 02:46:32+02:00,91.7
2022-06-13 02:47:32+02:00,90.7
2022-06-13 02:48:32+02:00,90.2
2022-06-13 02:49:32+02:00,89.6
2022-06-13 02:50:33+02:00,90.4
2022-06-13 02:51:33+02:00,50.0
2022-06-13 02:52:33+02:00,50.0
2022-06-13 02:53:33+02:00,50.0
2022-06-13 02:54:33+02:00,90.5
2022-06-13 02:55:33+02:00,91.5
2022-06-13 02:56:33+02:00,92.7
2022-06-13 02:57:34+02:00,94.1
2022-06-13 02:58:34+02:00,95.0
2022-06-13 02:59:34+02:00,97.3
2022-06-13 03:00:34+02:00,98.3
2022-06-13 03:01:34+02:00,98.3
2022-06-13 03:02:34+02:00,97.4
2022-06-13 03:03:34+02:00,96.7
2022-06-13 03:04:35+02:00,96.4
2022-06-13 03:05:35+02:00,95.2
2022-06-13 03:06:35+02:00,95.4
2022-06-13 03:07:35+02:00,95.4
2022-06-13 03:08:35+02:00,96.8
2022-06-13 03:09:35+02:00,97.1
2022-06-13 03:10:36+02:00,97.0
2022-06-13 03:11:36+02:00,97.0
2022-06-13 03:12:36+02:00,96.4
2022-06-13 03:13:36+02:00,96.9
2022-06-13 03:14:36+02:00,95.8
2022-06-13 03:15:36+02:00,95.9
2022-06-13 03:16:36+02:00,95.2
2022-06-13 03:17:37+02:00,93.6
2022-06-13 03:18:37+02:00,50.0
2022-06-13 03:19:37+02:00,94.5
2022-06-13 03:20:37+02:00,50.0
2022-06-13 03:21:37+02:00,50.0
2022-06-13 03:22:37+02:00,92.2
2022-06-13 03:23:37+02:00,91.7
2022-06-13 03:24:38+02:00,92.6
2022-06-13 03:25:38+02:00,50.0
2022-06-13 03:26:38+02:00,93.6
2022-06-13 03:27:38+02:00,93.7
2022-06-13 03:28:38+02:00,93.6
2022-06-13 03:29:38+02:00,50.0
2022-06-13 03:30:38+02:00,50.0
2022-06-13 03:31:39+02:00,93.9
2022-06-13 03:32:39+02:00,95.6
2022-06-13 03:33:39+02:00,96.4
2022-06-13 03:34:39+02:00,96.5
2022-06-13 03:35:39+02:00,96.5
2022-06-13 03:36:39+02:00,96.7
2022-06-13 03:37:40+02:00,96.9
2022-06-13 03:38:40+02:00,97.2
2022-06-13 03:39:40+02:00,97.3
2022-06-13 03:40:40+02:00,96.8
2022-06-13 03:41:40+02:00,50.0
2022-06-13 03:42:40+02:00,96.6
2022-06-13 03:43:40+02:00,98.1
2022-06-13 03:44:41+02:00,99.0
2022-06-13 03:45:41+02:00,99.3
2022-06-13 03:46:41+02:00,99.2
2022-06-13 03:47:41+02:00,99.5
2022-06-13 03:48:41+02:00,99.6
2022-06-13 03:49:41+02:00,99.6
2022-06-13 03:50:41+02:00,99.4
2022-06-13 03:51:42+02:00,99.3
2022-06-13 03:52:42+02:00,98.8
2022-06-13 03:53:42+02:00,98.3
2022-06-13 03:54:42+02:00,98.7
2022-06-13 03:55:42+02:00,99.1
2022-06-13 03:56:42+02:00,99.1
2022-06-13 03:57:43+02:00,99.2
2022-06-13 03:58:43+02:00,99.3
2022-06-13 03:59:43+02:00,99.3
2022-06-13 04:00:43+02:00,99.2
2022-06-13 04:01:43+02:00,99.1
2022-06-13 04:02:43+02:00,98.4
2022-06-13 04:03:43+02:00,98.5
2022-06-13 04:04:44+02:00,98.5
2022-06-13 04:05:44+02:00,98.6
2022-06-13 04:06:44+02:00,98.6
2022-06-13 04:07:44+02:00,98.8
2022-06-13 04:08:44+02:00,50.0
2022-06-13 04:09:44+02:00,98.6
2022-06-13 04:10:45+02:00,97.1
2022-06-13 04:11:45+02:00,96.1
2022-06-13 04:12:45+02:00,95.5
2022-06-13 04:13:45+02:00,95.0
2022-06-13 04:14:45+02:00,94.7
2022-06-13 04:15:45+02:00,50.0
2022-06-13 04:16:45+02:00,50.0
2022-06-13 04:17:46+02:00,96.5
2022-06-13 04:18:46+02:00,97.0
2022-06-13 04:19:46+02:00,97.4
2022-06-13 04:20:46+02:00,98.0
2022-06-13 04:21:46+02:00,97.6
2022-06-13 04:22:46+02:00,97.1
2022-06-13 04:23:47+02:00,96.7
2022-06-13 04:24:47+02:00,95.3
2022-06-13 04:25:47+02:00,96.0
2022-06-13 04:26:47+02:00,96.1
2022-06-13 04:27:47+02:00,97.2
2022-06-13 04:28:47+02:00,96.9
2022-06-13 04:29:47+02:00,95.2
2022-06-13 04:30:47+02:00,93.5
2022-06-13 04:31:48+02:00,90.0
2022-06-13 04:32:48+02:00,88.1
2022-06-13 04:33:48+02:00,85.6
2022-06-13 04:34:48+02:00,86.5
2022-06-13 04:35:48+02:00,50.0
2022-06-13 04:36:48+02:00,88.7
2022-06-13 04:37:49+02:00,92.1
2022-06-13 04:38:49+02:00,93.2
2022-06-13 04:39:49+02:00,95.3
2022-06-13 04:40:49+02:00,95.9
2022-06-13 04:41:49+02:00,96.4
2022-06-13 04:42:49+02:00,97.0
2022-06-13 04:43:49+02:00,96.7
2022-06-13 04:44:50+02:00,96.7
2022-06-13 04:45:50+02:00,96.8
2022-06-13 04:46:50+02:00,96.7
2022-06-13 04:47:50+02:00,97.4
2022-06-13 04:48:50+02:00,97.5
2022-06-13 04:49:50+02:00,97.4
2022-06-13 04:50:50+02:00,97.2
2022-06-13 04:51:51+02:00,96.9
2022-06-13 04:52:51+02:00,96.9
2022-06-13 04:53:51+02:00,96.7
2022-06-13 04:54:51+02:00,96.5
2022-06-13 04:55:51+02:00,96.6
2022-06-13 04:56:51+02:00,96.4
2022-06-13 04:57:52+02:00,96.3
2022-06-13 04:58:52+02:00,96.2
2022-06-13 04:59:52+02:00,96.0
2022-06-13 05:00:52+02:00,95.9
2022-06-13 05:01:52+02:00,95.9
2022-06-13 05:02:52+02:00,95.8
2022-06-13 05:03:52+02:00,95.7
2022-06-13 05:04:53+02:00,96.2
2022-06-13 05:05:53+02:00,97.1
2022-06-13 05:06:53+02:00,97.3
2022-06-13 05:07:53+02:00,96.9
2022-06-13 05:08:53+02:00,96.4
2022-06-13 05:09:53+02:00,96.0
2022-06-13 05:10:54+02:00,95.6
2022-06-13 05:11:54+02:00,95.6
2022-06-13 05:12:54+02:00,95.5
2022-06-13 05:13:54+02:00,95.4
2022-06-13 05:14:54+02:00,95.4
2022-06-13 05:15:54+02:00,95.4
2022-06-13 05:16:54+02:00,95.4
2022-06-13 05:17:55+02:00,95.3
2022-06-13 05:18:55+02:00,95.6
2022-06-13 05:19:55+02:00,95.6
2022-06-13 05:20:55+02:00,95.8
2022-06-13 05:21:55+02:00,96.0
2022-06-13 05:22:55+02:00,96.2
2022-06-13 05:23:55+02:00,96.4
2022-06-13 05:24:56+02:00,96.1
2022-06-13 05:25:56+02:00,96.1
2022-06-13 05:26:56+02:00,96.0
2022-06-13 05:27:56+02:00,96.0
2022-06-13 05:28:56+02:00,96.0
2022-06-13 05:29:56+02:00,96.2
2022-06-13 05:30:57+02:00,96.0
2022-06-13 05:31:57+02:00,95.8
2022-06-13 05:32:57+02:00,95.6
2022-06-13 05:33:57+02:00,95.5
2022-06-13 05:34:57+02:00,95.4
2022-06-13 05:35:57+02:00,50.0
2022-06-13 05:36:57+02:00,94.6
2022-06-13 05:37:58+02:00,50.0
2022-06-13 05:38:58+02:00,92.1
2022-06-13 05:39:58+02:00,88.3
2022-06-13 05:40:58+02:00,88.3
2022-06-13 05:41:58+02:00,88.0
2022-06-13 05:42:58+02:00,87.0
2022-06-13 05:43:58+02:00,85.6
2022-06-13 05:44:59+02:00,83.5
2022-06-13 05:45:59+02:00,83.4
2022-06-13 05:46:59+02:00,81.7
2022-06-13 05:47:59+02:00,80.1
2022-06-13 05:48:59+02:00,79.6
2022-06-13 05:49:59+02:00,79.3
2022-06-13 05:51:00+02:00,79.0
2022-06-13 05:52:00+02:00,50.0
2022-06-13 05:53:00+02:00,50.0
2022-06-13 05:54:00+02:00,81.7
2022-06-13 05:55:00+02:00,50.0
2022-06-13 05:56:00+02:00,86.9
2022-06-13 05:57:00+02:00,90.7
2022-06-13 05:58:01+02:00,93.7
2022-06-13 05:59:01+02:00,50.0
2022-06-13 06:00:01+02:00,94.5
2022-06-13 06:01:01+02:00,95.7
2022-06-13 06:02:01+02:00,50.0
2022-06-13 06:03:01+02:00,93.4
2022-06-13 06:04:01+02:00,92.4
2022-06-13 06:05:01+02:00,91.7
2022-06-13 06:06:01+02:00,92.6
2022-06-13 06:07:02+02:00,93.0
2022-06-13 06:08:02+02:00,92.6
2022-06-13 06:09:02+02:00,93.7
2022-06-13 06:10:02+02:00,93.3
2022-06-13 06:11:02+02:00,50.0
2022-06-13 06:12:02+02:00,92.1
2022-06-13 06:13:02+02:00,92.4
2022-06-13 06:14:02+02:00,50.0
2022-06-13 06:15:02+02:00,93.7
2022-06-13 06:16:02+02:00,92.6
2022-06-13 06:17:03+02:00,92.3
2022-06-13 06:18:03+02:00,91.6
2022-06-13 06:19:03+02:00,91.2
2022-06-13 06:20:03+02:00,90.8
2022-06-13 06:21:03+02:00,92.2
2022-06-13 06:22:03+02:00,92.9
2022-06-13 06:23:04+02:00,94.1
2022-06-13 06:24:04+02:00,96.3
2022-06-13 06:25:04+02:00,97.3
2022-06-13 06:26:04+02:00,98.2
2022-06-13 06:27:04+02:00,98.8
2022-06-13 06:28:04+02:00,99.0
2022-06-13 06:29:04+02:00,98.9
2022-06-13 06:30:04+02:00,99.0
2022-06-13 06:31:05+02:00,98.0
2022-06-13 06:32:05+02:00,98.1
2022-06-13 06:33:05+02:00,97.7
2022-06-13 06:34:05+02:00,97.7
2022-06-13 06:35:05+02:00,97.6
2022-06-13 06:36:05+02:00,97.3
2022-06-13 06:37:06+02:00,96.9
2022-06-13 06:38:06+02:00,96.7
2022-06-13 06:39:06+02:00,96.4
2022-06-13 06:40:06+02:00,96.2
2022-06-13 06:41:06+02:00,95.3
2022-06-13 06:42:06+02:00,95.3
2022-06-13 06:43:07+02:00,94.8
2022-06-13 06:44:07+02:00,50.0
2022-06-13 06:45:07+02:00,95.8
2022-06-13 06:46:07+02:00,94.2
2022-06-13 06:47:07+02:00,50.0
2022-06-13 06:48:07+02:00,94.7
2022-06-13 06:49:07+02:00,92.3
2022-06-13 06:50:08+02:00,91.7
2022-06-13 06:51:08+02:00,92.4
2022-06-13 06:52:08+02:00,91.6
2022-06-13 06:53:08+02:00,91.6
2022-06-13 06:54:08+02:00,91.7
2022-06-13 06:55:08+02:00,91.7
2022-06-13 06:56:08+02:00,92.4
2022-06-13 06:57:09+02:00,92.8
2022-06-13 06:58:09+02:00,92.9
2022-06-13 06:59:09+02:00,93.6
2022-06-13 07:00:09+02:00,94.2
2022-06-13 07:01:09+02:00,94.8
2022-06-13 07:02:09+02:00,93.8
2022-06-13 07:03:09+02:00,93.9
2022-06-13 07:04:10+02:00,50.0
2022-06-13 07:05:10+02:00,94.1
2022-06-13 07:06:10+02:00,92.6
2022-06-13 07:07:10+02:00,91.6
2022-06-13 07:08:10+02:00,90.7
2022-06-13 07:09:10+02:00,89.7
2022-06-13 07:10:11+02:00,88.5
2022-06-13 07:11:11+02:00,88.0
2022-06-13 07:12:11+02:00,87.1
2022-06-13 07:13:11+02:00,83.9
2022-06-13 07:14:11+02:00,82.4
2022-06-13 07:15:11+02:00,81.5
2022-06-13 07:16:11+02:00,80.4
2022-06-13 07:17:11+02:00,79.7
2022-06-13 07:18:12+02:00,79.4
2022-06-13 07:19:12+02:00,79.7
2022-06-13 07:20:12+02:00,80.0
2022-06-13 07:21:12+02:00,80.0
2022-06-13 07:22:12+02:00,80.6
2022-06-13 07:23:12+02:00,81.4
2022-06-13 07:24:13+02:00,81.6
2022-06-13 07:25:13+02:00,81.8
2022-06-13 07:26:13+02:00,81.9
2022-06-13 07:27:13+02:00,82.2
2022-06-13 07:28:13+02:00,82.7
2022-06-13 07:29:13+02:00,50.0
2022-06-13 07:30:13+02:00,82.8
2022-06-13 07:31:14+02:00,80.7
2022-06-13 07:32:14+02:00,79.7
2022-06-13 07:33:14+02:00,79.5
2022-06-13 07:34:14+02:00,50.0
2022-06-13 07:35:14+02:00,50.0
2022-06-13 07:36:14+02:00,79.4
2022-06-13 07:37:14+02:00,50.0
2022-06-13 07:38:15+02:00,50.0
2022-06-13 07:39:15+02:00,50.0
2022-06-13 07:40:15+02:00,50.0
2022-06-13 07:41:15+02:00,50.0
2022-06-13 07:42:15+02:00,50.0
2022-06-13 07:43:15+02:00,82.1
2022-06-13 07:44:15+02:00,84.5
2022-06-13 07:45:16+02:00,50.0
2022-06-13 07:46:16+02:00,50.0
2022-06-13 07:47:16+02:00,87.2
2022-06-13 07:48:16+02:00,90.8
2022-06-13 07:49:16+02:00,50.0
2022-06-13 07:50:16+02:00,50.0
2022-06-13 07:51:16+02:00,50.0
2022-06-13 07:52:17+02:00,50.0
2022-06-13 07:53:17+02:00,50.0
2022-06-13 07:54:17+02:00,50.0
2022-06-13 07:55:17+02:00,50.0
2022-06-13 07:56:17+02:00,50.0
2022-06-13 07:57:17+02:00,50.0
2022-06-13 07:58:17+02:00,50.0
2022-06-13 07:59:18+02:00,50.0
2022-06-13 08:00:18+02:00,50.0
2022-06-13 08:01:18+02:00,50.0
2022-06-13 08:02:18+02:00,50.0
2022-06-13 08:03:18+02:00,50.0
2022-06-13 08:04:18+02:00,50.0
2022-06-13 08:05:18+02:00,50.0
2022-06-13 08:06:19+02:00,50.0
2022-06-13 08:07:19+02:00,50.0
2022-06-13 08:08:19+02:00,50.0
2022-06-13 08:09:19+02:00,50.0
2022-06-13 08:10:19+02:00,50.0
2022-06-14 02:07:00+02:00,50.0
2022-06-14 02:08:00+02:00,88.8
2022-06-14 02:09:00+02:00,89.6
2022-06-14 02:10:00+02:00,50.0
2022-06-14 02:11:00+02:00,87.5
2022-06-14 02:12:00+02:00,88.2
2022-06-14 02:13:00+02:00,89.1
2022-06-14 02:14:00+02:00,89.9
2022-06-14 02:15:00+02:00,92.8
2022-06-14 02:16:00+02:00,94.0
2022-06-14 02:17:00+02:00,95.9
2022-06-14 02:18:00+02:00,97.1
2022-06-14 02:19:01+02:00,97.4
2022-06-14 02:20:01+02:00,98.5
2022-06-14 02:21:01+02:00,99.3
2022-06-14 02:22:01+02:00,99.4
2022-06-14 02:23:01+02:00,98.7
2022-06-14 02:24:01+02:00,97.6
2022-06-14 02:25:01+02:00,97.0
2022-06-14 02:26:01+02:00,96.1
2022-06-14 02:27:02+02:00,96.3
2022-06-14 02:28:02+02:00,96.0
2022-06-14 02:29:02+02:00,95.5
2022-06-14 02:30:02+02:00,95.7
2022-06-14 02:31:02+02:00,96.4
2022-06-14 02:32:02+02:00,50.0
2022-06-14 02:33:02+02:00,50.0
2022-06-14 02:34:03+02:00,95.0
2022-06-14 02:35:03+02:00,94.7
2022-06-14 02:36:03+02:00,94.3
2022-06-14 02:37:03+02:00,94.4
2022-06-14 02:38:03+02:00,94.4
2022-06-14 02:39:03+02:00,94.2
2022-06-14 02:40:03+02:00,94.0
2022-06-14 02:41:04+02:00,94.1
2022-06-14 02:42:04+02:00,94.0
2022-06-14 02:43:04+02:00,94.1
2022-06-14 02:44:04+02:00,50.0
2022-06-14 02:45:04+02:00,94.1
2022-06-14 02:46:04+02:00,94.0
2022-06-14 02:47:04+02:00,50.0
2022-06-14 02:48:04+02:00,94.8
2022-06-14 02:49:05+02:00,50.0
2022-06-14 02:50:05+02:00,95.7
2022-06-14 02:51:05+02:00,97.6
2022-06-14 02:52:05+02:00,98.5
2022-06-14 02:53:05+02:00,98.7
2022-06-14 02:54:05+02:00,98.8
2022-06-14 02:55:05+02:00,98.5
2022-06-14 02:56:06+02:00,98.8
2022-06-14 02:57:06+02:00,98.9
2022-06-14 02:58:06+02:00,98.4
2022-06-14 02:59:06+02:00,50.0
2022-06-14 03:00:06+02:00,97.7
2022-06-14 03:01:06+02:00,97.3
2022-06-14 03:02:07+02:00,97.0
2022-06-14 03:03:07+02:00,50.0
2022-06-14 03:04:07+02:00,96.8
2022-06-14 03:05:07+02:00,98.0
2022-06-14 03:06:07+02:00,98.9
2022-06-14 03:07:07+02:00,99.4
2022-06-14 03:08:07+02:00,99.8
2022-06-14 03:09:08+02:00,50.0
2022-06-14 03:10:08+02:00,50.0
2022-06-14 03:11:08+02:00,50.0
2022-06-14 03:12:08+02:00,50.0
2022-06-14 03:13:08+02:00,98.9
2022-06-14 03:14:08+02:00,98.8
2022-06-14 03:15:08+02:00,99.3
2022-06-14 03:16:09+02:00,99.8
2022-06-14 03:17:09+02:00,100.0
2022-06-14 03:18:09+02:00,100.0
2022-06-14 03:19:09+02:00,100.0
2022-06-14 03:20:09+02:00,100.0
2022-06-14 03:21:09+02:00,100.0
2022-06-14 03:22:10+02:00,100.0
2022-06-14 03:23:10+02:00,100.0
2022-06-14 03:24:10+02:00,50.0
2022-06-14 03:25:10+02:00,99.4
2022-06-14 03:26:10+02:00,98.6
2022-06-14 03:27:10+02:00,98.4
2022-06-14 03:28:10+02:00,98.5
2022-06-14 03:29:10+02:00,98.8
2022-06-14 03:30:11+02:00,99.3
2022-06-14 03:31:11+02:00,99.6
2022-06-14 03:32:11+02:00,99.5
2022-06-14 03:33:11+02:00,99.8
2022-06-14 03:34:11+02:00,99.8
2022-06-14 03:35:11+02:00,100.0
2022-06-14 03:36:12+02:00,100.0
2022-06-14 03:37:12+02:00,100.0
2022-06-14 03:38:12+02:00,100.0
2022-06-14 03:39:12+02:00,100.0
2022-06-14 03:40:12+02:00,99.9
2022-06-14 03:41:12+02:00,50.0
2022-06-14 03:42:13+02:00,98.8
2022-06-14 03:43:13+02:00,50.0
2022-06-14 03:44:13+02:00,91.6
2022-06-14 03:45:13+02:00,90.9
2022-06-14 03:46:13+02:00,88.6
2022-06-14 03:47:13+02:00,83.8
2022-06-14 03:48:13+02:00,84.9
2022-06-14 03:49:14+02:00,83.9
2022-06-14 03:50:14+02:00,83.5
2022-06-14 03:51:14+02:00,82.2
2022-06-14 03:52:14+02:00,84.1
2022-06-14 03:53:14+02:00,83.2
2022-06-14 03:54:14+02:00,83.0
2022-06-14 03:55:15+02:00,83.3
2022-06-14 03:56:15+02:00,83.4
2022-06-14 03:57:15+02:00,83.6
2022-06-14 03:58:15+02:00,50.0
2022-06-14 03:59:15+02:00,84.5
2022-06-14 04:00:15+02:00,84.2
2022-06-14 04:01:15+02:00,88.2
2022-06-14 04:02:16+02:00,88.3
2022-06-14 04:03:16+02:00,91.6
2022-06-14 04:04:16+02:00,91.0
2022-06-14 04:05:16+02:00,90.6
2022-06-14 04:06:16+02:00,87.6
2022-06-14 04:07:16+02:00,85.6
2022-06-14 04:08:16+02:00,84.6
2022-06-14 04:09:17+02:00,84.1
2022-06-14 04:10:17+02:00,83.4
2022-06-14 04:11:17+02:00,83.6
2022-06-14 04:12:17+02:00,84.7
2022-06-14 04:13:17+02:00,50.0
2022-06-14 04:14:17+02:00,84.0
2022-06-14 04:15:17+02:00,83.9
2022-06-14 04:16:18+02:00,84.5
2022-06-14 04:17:18+02:00,85.5
2022-06-14 04:18:18+02:00,85.4
2022-06-14 04:19:18+02:00,87.2
2022-06-14 04:20:18+02:00,87.4
2022-06-14 04:21:18+02:00,86.8
2022-06-14 04:22:19+02:00,86.3
2022-06-14 04:23:19+02:00,86.6
2022-06-14 04:24:19+02:00,85.7
2022-06-14 04:25:19+02:00,84.9
2022-06-14 04:26:19+02:00,84.4
2022-06-14 04:27:19+02:00,85.8
2022-06-14 04:28:19+02:00,50.0
2022-06-14 04:29:20+02:00,50.0
2022-06-14 04:30:20+02:00,87.9
2022-06-14 04:31:20+02:00,88.1
2022-06-14 04:32:20+02:00,88.8
2022-06-14 04:33:20+02:00,89.7
2022-06-14 04:34:20+02:00,90.0
2022-06-14 04:35:20+02:00,90.1
2022-06-14 04:36:21+02:00,90.1
2022-06-14 04:37:21+02:00,91.8
2022-06-14 04:38:21+02:00,94.5
2022-06-14 04:39:21+02:00,95.5
2022-06-14 04:40:21+02:00,96.1
2022-06-14 04:41:21+02:00,96.7
2022-06-14 04:42:22+02:00,96.9
2022-06-14 04:43:22+02:00,97.0
2022-06-14 04:44:22+02:00,50.0
2022-06-14 04:45:22+02:00,50.0
2022-06-14 04:46:22+02:00,94.6
2022-06-14 04:47:22+02:00,50.0
2022-06-14 04:48:22+02:00,93.4
2022-06-14 04:49:23+02:00,93.0
2022-06-14 04:50:23+02:00,92.7
2022-06-14 04:51:23+02:00,92.5
2022-06-14 04:52:23+02:00,92.0
2022-06-14 04:53:23+02:00,91.9
2022-06-14 04:54:23+02:00,91.8
2022-06-14 04:55:23+02:00,91.9
2022-06-14 04:56:24+02:00,92.1
2022-06-14 04:57:24+02:00,91.9
2022-06-14 04:58:24+02:00,92.7
2022-06-14 04:59:24+02:00,95.0
2022-06-14 05:00:24+02:00,96.8
2022-06-14 05:01:24+02:00,97.4
2022-06-14 05:02:24+02:00,97.3
2022-06-14 05:03:24+02:00,97.5
2022-06-14 05:04:25+02:00,97.4
2022-06-14 05:05:25+02:00,97.8
2022-06-14 05:06:25+02:00,97.9
2022-06-14 05:07:25+02:00,98.1
2022-06-14 05:08:25+02:00,98.2
2022-06-14 05:09:25+02:00,98.2
2022-06-14 05:10:25+02:00,98.2
2022-06-14 05:11:25+02:00,98.2
2022-06-14 05:12:25+02:00,97.6
2022-06-14 05:13:25+02:00,97.9
2022-06-14 05:14:25+02:00,97.9
2022-06-14 05:15:26+02:00,98.0
2022-06-14 05:16:26+02:00,98.1
2022-06-14 05:17:26+02:00,98.1
2022-06-14 05:18:26+02:00,98.2
2022-06-14 05:19:26+02:00,98.1
2022-06-14 05:20:26+02:00,98.1
2022-06-14 05:21:26+02:00,97.9
2022-06-14 05:22:26+02:00,98.1
2022-06-14 05:23:26+02:00,98.1
2022-06-14 05:24:26+02:00,98.0
2022-06-14 05:25:26+02:00,98.2
2022-06-14 05:26:26+02:00,98.1
2022-06-14 05:27:27+02:00,97.5
2022-06-14 05:28:27+02:00,50.0
2022-06-14 05:29:27+02:00,95.4
2022-06-14 05:30:27+02:00,50.0
2022-06-14 05:31:27+02:00,93.2
2022-06-14 05:32:27+02:00,50.0
2022-06-14 05:33:27+02:00,50.0
2022-06-14 05:34:27+02:00,92.3
2022-06-14 05:35:28+02:00,92.5
2022-06-14 05:36:28+02:00,92.6
2022-06-14 05:37:28+02:00,92.2
2022-06-14 05:38:28+02:00,91.2
2022-06-14 05:39:28+02:00,91.2
2022-06-14 05:40:28+02:00,50.0
2022-06-14 05:41:28+02:00,91.0
2022-06-14 05:42:28+02:00,90.9
2022-06-14 05:43:28+02:00,90.7
2022-06-14 05:44:28+02:00,90.4
2022-06-14 05:45:29+02:00,90.8
2022-06-14 05:46:29+02:00,90.7
2022-06-14 05:47:29+02:00,90.5
2022-06-14 05:48:29+02:00,90.1
2022-06-14 05:49:29+02:00,90.5
2022-06-14 05:50:29+02:00,50.0
2022-06-14 05:51:29+02:00,90.5
2022-06-14 05:52:29+02:00,50.0
2022-06-14 05:53:29+02:00,88.6
2022-06-14 05:54:30+02:00,93.3
2022-06-14 05:55:30+02:00,93.6
2022-06-14 05:56:30+02:00,91.5
2022-06-14 05:57:30+02:00,50.0
2022-06-14 05:58:30+02:00,90.6
2022-06-14 05:59:30+02:00,50.0
2022-06-14 06:00:30+02:00,88.9
2022-06-14 06:01:30+02:00,87.3
2022-06-14 06:02:30+02:00,85.8
2022-06-14 06:03:30+02:00,85.5
2022-06-14 06:04:30+02:00,85.4
2022-06-14 06:05:31+02:00,86.2
2022-06-14 06:06:31+02:00,86.7
2022-06-14 06:07:31+02:00,50.0
2022-06-14 06:08:31+02:00,89.2
2022-06-14 06:09:31+02:00,90.9
2022-06-14 06:10:31+02:00,91.6
2022-06-14 06:11:31+02:00,92.9
2022-06-14 06:12:32+02:00,94.0
2022-06-14 06:13:32+02:00,94.9
2022-06-14 06:14:32+02:00,95.6
2022-06-14 06:15:32+02:00,96.4
2022-06-14 06:16:32+02:00,96.7
2022-06-14 06:17:32+02:00,97.4
2022-06-14 06:18:32+02:00,97.8
2022-06-14 06:19:33+02:00,98.2
2022-06-14 06:20:33+02:00,98.3
2022-06-14 06:21:33+02:00,98.4
2022-06-14 06:22:33+02:00,50.0
2022-06-14 06:23:33+02:00,98.0
2022-06-14 06:24:33+02:00,98.2
2022-06-14 06:25:34+02:00,97.9
2022-06-14 06:26:34+02:00,97.6
2022-06-14 06:27:34+02:00,96.9
2022-06-14 06:28:34+02:00,94.7
2022-06-14 06:29:34+02:00,96.4
2022-06-14 06:30:34+02:00,94.6
2022-06-14 06:31:34+02:00,91.9
2022-06-14 06:32:35+02:00,92.2
2022-06-14 06:33:35+02:00,94.4
2022-06-14 06:34:35+02:00,92.1
2022-06-14 06:35:35+02:00,89.1
2022-06-14 06:36:35+02:00,86.5
2022-06-14 06:37:35+02:00,88.1
2022-06-14 06:38:36+02:00,88.8
2022-06-14 06:39:36+02:00,86.5
2022-06-14 06:40:36+02:00,85.9
2022-06-14 06:41:36+02:00,85.3
2022-06-14 06:42:36+02:00,50.0
2022-06-14 06:43:36+02:00,85.6
2022-06-14 06:44:36+02:00,86.8
2022-06-14 06:45:37+02:00,50.0
2022-06-14 06:46:37+02:00,87.2
2022-06-14 06:47:37+02:00,90.3
2022-06-14 06:48:37+02:00,93.2
2022-06-14 06:49:37+02:00,94.7
2022-06-14 06:50:37+02:00,95.5
2022-06-14 06:51:38+02:00,96.1
2022-06-14 06:52:38+02:00,95.8
2022-06-14 06:53:38+02:00,96.3
2022-06-14 06:54:38+02:00,96.5
2022-06-14 06:55:38+02:00,96.8
2022-06-14 06:56:38+02:00,97.4
2022-06-14 06:57:38+02:00,97.5
2022-06-14 06:58:39+02:00,97.6
2022-06-14 06:59:39+02:00,97.8
2022-06-14 07:00:39+02:00,50.0
2022-06-14 07:01:39+02:00,96.6
2022-06-14 07:02:39+02:00,95.7
2022-06-14 07:03:39+02:00,95.4
2022-06-14 07:04:39+02:00,95.0
2022-06-14 07:05:40+02:00,94.8
2022-06-14 07:06:40+02:00,94.3
2022-06-14 07:07:40+02:00,94.3
2022-06-14 07:08:40+02:00,94.5
2022-06-14 07:09:40+02:00,94.8
2022-06-14 07:10:40+02:00,94.5
2022-06-14 07:11:41+02:00,95.2
2022-06-14 07:12:41+02:00,94.8
2022-06-14 07:13:41+02:00,95.0
2022-06-14 07:14:41+02:00,94.8
2022-06-14 07:15:41+02:00,94.4
2022-06-14 07:16:41+02:00,94.6
2022-06-14 07:17:41+02:00,50.0
2022-06-14 07:18:42+02:00,94.0
2022-06-14 07:19:42+02:00,93.8
2022-06-14 07:20:42+02:00,93.6
2022-06-14 07:21:42+02:00,93.8
2022-06-14 07:22:42+02:00,93.5
2022-06-14 07:23:42+02:00,93.1
2022-06-14 07:24:43+02:00,93.3
2022-06-14 07:25:43+02:00,93.2
2022-06-14 07:26:43+02:00,93.2
2022-06-14 07:27:43+02:00,93.1
2022-06-14 07:28:43+02:00,93.2
2022-06-14 07:29:43+02:00,50.0
2022-06-14 07:30:43+02:00,93.7
2022-06-14 07:31:44+02:00,94.1
2022-06-14 07:32:44+02:00,94.2
2022-06-14 07:33:44+02:00,94.4
2022-06-14 07:34:44+02:00,50.0
2022-06-14 07:35:44+02:00,92.7
2022-06-14 07:36:44+02:00,92.0
2022-06-14 07:37:44+02:00,92.1
2022-06-14 07:38:45+02:00,92.1
2022-06-14 07:39:45+02:00,92.1
2022-06-14 07:40:45+02:00,92.3
2022-06-14 07:41:45+02:00,50.0
2022-06-14 07:42:45+02:00,50.0
2022-06-14 07:43:45+02:00,50.0
2022-06-14 07:44:45+02:00,50.0
2022-06-14 07:45:46+02:00,50.0
2022-06-14 07:46:46+02:00,50.0
2022-06-14 07:47:46+02:00,50.0
2022-06-14 07:48:46+02:00,50.0
2022-06-14 07:49:46+02:00,50.0
2022-06-14 07:50:46+02:00,50.0
2022-06-14 07:51:46+02:00,50.0
2022-06-14 07:52:47+02:00,50.0
2022-06-14 07:53:47+02:00,50.0
2022-06-14 07:54:47+02:00,50.0
2022-06-14 07:55:47+02:00,50.0
2022-06-14 07:56:47+02:00,50.0
2022-06-14 07:57:47+02:00,50.0
2022-06-14 07:58:48+02:00,50.0
2022-06-14 07:59:48+02:00,50.0
2022-06-14 08:00:48+02:00,50.0
2022-06-14 08:01:48+02:00,50.0
2022-06-14 08:02:48+02:00,50.0
2022-06-14 08:03:48+02:00,50.0
2022-06-14 08:04:48+02:00,50.0
2022-06-14 08:05:49+02:00,50.0
2022-06-14 08:06:49+02:00,50.0
2022-06-14 08:07:49+02:00,50.0
2022-06-14 08:08:49+02:00,50.0
2022-06-14 08:09:49+02:00,50.0
2022-06-14 08:10:49+02:00,50.0
2022-06-14 08:11:49+02:00,50.0
2022-06-14 08:12:50+02:00,50.0
2022-06-14 08:13:50+02:00,50.0
2022-06-14 08:14:50+02:00,50.0
2022-06-14 08:15:50+02:00,50.0
2022-06-14 08:16:50+02:00,50.0
2022-06-15 03:02:30+02:00,50.0
2022-06-15 03:03:30+02:00,98.3
2022-06-15 03:04:30+02:00,98.3
2022-06-15 03:05:30+02:00,98.3
2022-06-15 03:06:30+02:00,98.1
2022-06-15 03:07:30+02:00,97.9
2022-06-15 03:08:30+02:00,97.8
2022-06-15 03:09:30+02:00,97.8
2022-06-15 03:10:30+02:00,97.7
2022-06-15 03:11:30+02:00,97.5
2022-06-15 03:12:30+02:00,97.3
2022-06-15 03:13:30+02:00,97.0
2022-06-15 03:14:30+02:00,97.0
2022-06-15 03:15:31+02:00,97.1
2022-06-15 03:16:31+02:00,97.0
2022-06-15 03:17:31+02:00,97.1
2022-06-15 03:18:31+02:00,97.1
2022-06-15 03:19:31+02:00,97.2
2022-06-15 03:20:31+02:00,97.3
2022-06-15 03:21:31+02:00,97.2
2022-06-15 03:22:31+02:00,97.0
2022-06-15 03:23:31+02:00,96.9
2022-06-15 03:24:32+02:00,96.7
2022-06-15 03:25:32+02:00,96.6
2022-06-15 03:26:32+02:00,96.2
2022-06-15 03:27:32+02:00,96.5
2022-06-15 03:28:32+02:00,96.5
2022-06-15 03:29:32+02:00,96.6
2022-06-15 03:30:32+02:00,96.6
2022-06-15 03:31:32+02:00,96.8
2022-06-15 03:32:32+02:00,97.4
2022-06-15 03:33:33+02:00,98.1
2022-06-15 03:34:33+02:00,98.0
2022-06-15 03:35:33+02:00,98.0
2022-06-15 03:36:33+02:00,50.0
2022-06-15 03:37:33+02:00,97.4
2022-06-15 03:38:33+02:00,97.4
2022-06-15 03:39:34+02:00,97.3
2022-06-15 03:40:34+02:00,97.8
2022-06-15 03:41:34+02:00,98.5
2022-06-15 03:42:34+02:00,99.0
2022-06-15 03:43:34+02:00,98.9
2022-06-15 03:44:34+02:00,50.0
2022-06-15 03:45:34+02:00,97.5
2022-06-15 03:46:35+02:00,96.4
2022-06-15 03:47:35+02:00,95.9
2022-06-15 03:48:35+02:00,95.1
2022-06-15 03:49:35+02:00,94.7
2022-06-15 03:50:35+02:00,94.6
2022-06-15 03:51:35+02:00,94.5
2022-06-15 03:52:35+02:00,94.7
2022-06-15 03:53:36+02:00,94.2
2022-06-15 03:54:36+02:00,94.1
2022-06-15 03:55:36+02:00,94.0
2022-06-15 03:56:36+02:00,94.0
2022-06-15 03:57:36+02:00,94.1
2022-06-15 03:58:36+02:00,50.0
2022-06-15 03:59:36+02:00,94.0
2022-06-15 04:00:37+02:00,93.8
2022-06-15 04:01:37+02:00,93.4
2022-06-15 04:02:37+02:00,93.5
2022-06-15 04:03:37+02:00,93.2
2022-06-15 04:04:37+02:00,50.0
2022-06-15 04:05:37+02:00,50.0
2022-06-15 04:06:38+02:00,93.0
2022-06-15 04:07:38+02:00,50.0
2022-06-15 04:08:38+02:00,94.7
2022-06-15 04:09:38+02:00,95.7
2022-06-15 04:10:38+02:00,97.0
2022-06-15 04:11:38+02:00,97.9
2022-06-15 04:12:38+02:00,98.6
2022-06-15 04:13:39+02:00,99.7
2022-06-15 04:14:39+02:00,99.7
2022-06-15 04:15:39+02:00,99.0
2022-06-15 04:16:39+02:00,97.2
2022-06-15 04:17:39+02:00,95.4
2022-06-15 04:18:39+02:00,93.4
2022-06-15 04:19:40+02:00,90.5
2022-06-15 04:20:40+02:00,88.3
2022-06-15 04:21:40+02:00,85.9
2022-06-15 04:22:40+02:00,83.7
2022-06-15 04:23:40+02:00,80.9
2022-06-15 04:24:40+02:00,80.5
2022-06-15 04:25:40+02:00,80.6
2022-06-15 04:26:41+02:00,81.8
2022-06-15 04:27:41+02:00,83.0
2022-06-15 04:28:41+02:00,82.5
2022-06-15 04:29:41+02:00,81.2
2022-06-15 04:30:41+02:00,82.3
2022-06-15 04:31:41+02:00,78.4
2022-06-15 04:32:41+02:00,78.3
2022-06-15 04:33:42+02:00,80.6
2022-06-15 04:34:42+02:00,82.9
2022-06-15 04:35:42+02:00,85.6
2022-06-15 04:36:42+02:00,83.6
2022-06-15 04:37:42+02:00,84.7
2022-06-15 04:38:42+02:00,88.5
2022-06-15 04:39:43+02:00,89.5
2022-06-15 04:40:43+02:00,92.0
2022-06-15 04:41:43+02:00,93.6
2022-06-15 04:42:43+02:00,95.5
2022-06-15 04:43:43+02:00,96.0
2022-06-15 04:44:43+02:00,96.7
2022-06-15 04:45:44+02:00,50.0
2022-06-15 04:46:44+02:00,96.8
2022-06-15 04:47:44+02:00,93.0
2022-06-15 04:48:44+02:00,92.5
2022-06-15 04:49:44+02:00,50.0
2022-06-15 04:50:44+02:00,50.0
2022-06-15 04:51:45+02:00,89.1
2022-06-15 04:52:45+02:00,85.1
2022-06-15 04:53:45+02:00,83.4
2022-06-15 04:54:45+02:00,84.0
2022-06-15 04:55:45+02:00,85.6
2022-06-15 04:56:45+02:00,87.1
2022-06-15 04:57:45+02:00,87.1
2022-06-15 04:58:46+02:00,88.8
2022-06-15 04:59:46+02:00,93.5
2022-06-15 05:00:46+02:00,50.0
2022-06-15 05:01:46+02:00,93.9
2022-06-15 05:02:46+02:00,95.3
2022-06-15 05:03:46+02:00,96.0
2022-06-15 05:04:47+02:00,96.6
2022-06-15 05:05:47+02:00,96.9
2022-06-15 05:06:47+02:00,97.2
2022-06-15 05:07:47+02:00,97.1
2022-06-15 05:08:47+02:00,96.8
2022-06-15 05:09:47+02:00,96.6
2022-06-15 05:10:48+02:00,96.1
2022-06-15 05:11:48+02:00,96.4
2022-06-15 05:12:48+02:00,50.0
2022-06-15 05:13:48+02:00,92.5
2022-06-15 05:14:48+02:00,90.9
2022-06-15 05:15:48+02:00,88.2
2022-06-15 05:16:48+02:00,83.8
2022-06-15 05:17:49+02:00,83.4
2022-06-15 05:18:49+02:00,88.6
2022-06-15 05:19:49+02:00,50.0
2022-06-15 05:20:49+02:00,88.5
2022-06-15 05:21:49+02:00,89.1
2022-06-15 05:22:49+02:00,88.3
2022-06-15 05:23:50+02:00,88.2
2022-06-15 05:24:50+02:00,89.2
2022-06-15 05:25:50+02:00,90.3
2022-06-15 05:26:50+02:00,50.0
2022-06-15 05:27:50+02:00,91.2
2022-06-15 05:28:50+02:00,91.0
2022-06-15 05:29:50+02:00,50.0
2022-06-15 05:30:51+02:00,91.2
2022-06-15 05:31:51+02:00,80.4
2022-06-15 05:32:51+02:00,76.7
2022-06-15 05:33:51+02:00,77.7
2022-06-15 05:34:51+02:00,77.7
2022-06-15 05:35:51+02:00,77.9
2022-06-15 05:36:52+02:00,78.2
2022-06-15 05:37:52+02:00,78.1
2022-06-15 05:38:52+02:00,78.7
2022-06-15 05:39:52+02:00,82.4
2022-06-15 05:40:52+02:00,81.5
2022-06-15 05:41:52+02:00,82.2
2022-06-15 05:42:53+02:00,50.0
2022-06-15 05:43:53+02:00,83.2
2022-06-15 05:44:53+02:00,88.4
2022-06-15 05:45:53+02:00,93.2
2022-06-15 05:46:53+02:00,95.9
2022-06-15 05:47:53+02:00,96.6
2022-06-15 05:48:54+02:00,97.7
2022-06-15 05:49:54+02:00,98.3
2022-06-15 05:50:54+02:00,50.0
2022-06-15 05:51:54+02:00,96.9
2022-06-15 05:52:54+02:00,95.3
2022-06-15 05:53:54+02:00,94.3
2022-06-15 05:54:54+02:00,93.8
2022-06-15 05:55:55+02:00,93.4
2022-06-15 05:56:55+02:00,93.1
2022-06-15 05:57:55+02:00,93.7
2022-06-15 05:58:55+02:00,93.1
2022-06-15 05:59:55+02:00,50.0
2022-06-15 06:00:55+02:00,93.7
2022-06-15 06:01:56+02:00,94.1
2022-06-15 06:02:56+02:00,94.2
2022-06-15 06:03:56+02:00,94.3
2022-06-15 06:04:56+02:00,50.0
2022-06-15 06:05:56+02:00,95.3
2022-06-15 06:06:56+02:00,97.0
2022-06-15 06:07:57+02:00,97.9
2022-06-15 06:08:57+02:00,98.4
2022-06-15 06:09:57+02:00,98.5
2022-06-15 06:10:57+02:00,98.4
2022-06-15 06:11:57+02:00,98.5
2022-06-15 06:12:57+02:00,98.6
2022-06-15 06:13:58+02:00,98.7
2022-06-15 06:14:58+02:00,99.0
2022-06-15 06:15:58+02:00,99.1
2022-06-15 06:16:58+02:00,99.3
2022-06-15 06:17:58+02:00,99.1
2022-06-15 06:18:58+02:00,98.9
2022-06-15 06:19:58+02:00,50.0
2022-06-15 06:20:59+02:00,99.2
2022-06-15 06:21:59+02:00,99.5
2022-06-15 06:22:59+02:00,99.5
2022-06-15 06:23:59+02:00,99.9
2022-06-15 06:24:59+02:00,99.6
2022-06-15 06:26:00+02:00,99.5
2022-06-15 06:27:00+02:00,99.3
2022-06-15 06:28:00+02:00,50.0
2022-06-15 06:29:00+02:00,97.4
2022-06-15 06:30:00+02:00,95.4
2022-06-15 06:31:00+02:00,94.3
2022-06-15 06:32:00+02:00,93.7
2022-06-15 06:33:01+02:00,93.3
2022-06-15 06:34:01+02:00,93.0
2022-06-15 06:35:01+02:00,92.8
2022-06-15 06:36:01+02:00,92.6
2022-06-15 06:37:01+02:00,92.3
2022-06-15 06:38:01+02:00,91.9
2022-06-15 06:39:01+02:00,91.7
2022-06-15 06:40:02+02:00,91.7
2022-06-15 06:41:02+02:00,91.5
2022-06-15 06:42:02+02:00,91.3
2022-06-15 06:43:02+02:00,91.2
2022-06-15 06:44:02+02:00,91.1
2022-06-15 06:45:02+02:00,91.0
2022-06-15 06:46:02+02:00,92.4
2022-06-15 06:47:03+02:00,93.2
2022-06-15 06:48:03+02:00,94.4
2022-06-15 06:49:03+02:00,95.2
2022-06-15 06:50:03+02:00,96.1
2022-06-15 06:51:03+02:00,96.8
2022-06-15 06:52:03+02:00,97.7
2022-06-15 06:53:03+02:00,50.0
2022-06-15 06:54:04+02:00,97.6
2022-06-15 06:55:04+02:00,95.7
2022-06-15 06:56:04+02:00,92.2
2022-06-15 06:57:04+02:00,87.6
2022-06-15 06:58:04+02:00,85.6
2022-06-15 06:59:04+02:00,81.2
2022-06-15 07:00:04+02:00,80.5
2022-06-15 07:01:05+02:00,80.0
2022-06-15 07:02:05+02:00,77.5
2022-06-15 07:03:05+02:00,77.6
2022-06-15 07:04:05+02:00,77.6
2022-06-15 07:05:05+02:00,77.4
2022-06-15 07:06:05+02:00,77.7
2022-06-15 07:07:06+02:00,77.9
2022-06-15 07:08:06+02:00,77.6
2022-06-15 07:09:06+02:00,78.6
2022-06-15 07:10:06+02:00,78.5
2022-06-15 07:11:06+02:00,77.9
2022-06-15 07:12:06+02:00,79.0
2022-06-15 07:13:07+02:00,79.2
2022-06-15 07:14:07+02:00,50.0
2022-06-15 07:15:07+02:00,79.4
2022-06-15 07:16:07+02:00,82.1
2022-06-15 07:17:07+02:00,50.0
2022-06-15 07:18:07+02:00,82.9
2022-06-15 07:19:07+02:00,86.2
2022-06-15 07:20:08+02:00,50.0
2022-06-15 07:21:08+02:00,87.0
2022-06-15 07:22:08+02:00,79.8
2022-06-15 07:23:08+02:00,76.8
2022-06-15 07:24:08+02:00,82.3
2022-06-15 07:25:08+02:00,83.4
2022-06-15 07:26:09+02:00,83.3
2022-06-15 07:27:09+02:00,83.8
2022-06-15 07:28:09+02:00,83.9
2022-06-15 07:29:09+02:00,84.4
2022-06-15 07:30:09+02:00,83.9
2022-06-15 07:31:09+02:00,83.1
2022-06-15 07:32:10+02:00,50.0
2022-06-15 07:33:10+02:00,80.2
2022-06-15 07:34:10+02:00,77.1
2022-06-15 07:35:10+02:00,80.6
2022-06-15 07:36:10+02:00,84.9
2022-06-15 07:37:10+02:00,89.2
2022-06-15 07:38:11+02:00,90.9
2022-06-15 07:39:11+02:00,92.4
2022-06-15 07:40:11+02:00,50.0
2022-06-15 07:41:11+02:00,93.9
2022-06-15 07:42:11+02:00,94.4
2022-06-15 07:43:11+02:00,94.7
2022-06-15 07:44:12+02:00,93.9
2022-06-15 07:45:12+02:00,93.8
2022-06-15 07:46:12+02:00,93.5
2022-06-15 07:47:12+02:00,50.0
2022-06-15 07:48:12+02:00,93.4
2022-06-15 07:49:12+02:00,93.8
2022-06-15 07:50:13+02:00,93.8
2022-06-15 07:51:13+02:00,50.0
2022-06-15 07:52:13+02:00,94.5
2022-06-15 07:53:13+02:00,93.3
2022-06-15 07:54:13+02:00,92.3
2022-06-15 07:55:13+02:00,93.8
2022-06-15 07:56:14+02:00,95.7
2022-06-15 07:57:14+02:00,96.2
2022-06-15 07:58:14+02:00,97.2
2022-06-15 07:59:14+02:00,98.1
2022-06-15 08:00:14+02:00,98.4
2022-06-15 08:01:14+02:00,97.7
2022-06-15 08:02:14+02:00,96.7
2022-06-15 08:03:15+02:00,96.7
2022-06-15 08:04:15+02:00,96.3
2022-06-15 08:05:15+02:00,96.1
2022-06-15 08:06:15+02:00,97.0
2022-06-15 08:07:15+02:00,98.0
2022-06-15 08:08:16+02:00,97.6
2022-06-15 08:09:16+02:00,95.1
2022-06-15 08:10:16+02:00,95.7
2022-06-15 08:11:16+02:00,96.0
2022-06-15 08:12:16+02:00,97.0
2022-06-15 08:13:16+02:00,96.6
2022-06-15 08:14:16+02:00,96.3
2022-06-15 08:15:17+02:00,50.0
2022-06-15 08:16:17+02:00,50.0
2022-06-15 08:17:17+02:00,50.0
2022-06-15 08:18:17+02:00,95.2
2022-06-15 08:19:17+02:00,91.9
2022-06-15 08:20:17+02:00,50.0
2022-06-15 08:21:18+02:00,50.0
2022-06-15 08:22:18+02:00,50.0
2022-06-15 08:23:18+02:00,50.0
2022-06-15 08:24:18+02:00,50.0
2022-06-15 08:25:18+02:00,50.0
2022-06-15 08:26:18+02:00,50.0
2022-06-15 08:27:19+02:00,50.0
2022-06-15 08:28:19+02:00,50.0
2022-06-15 08:29:19+02:00,50.0
2022-06-15 08:30:19+02:00,50.0
2022-06-15 08:31:19+02:00,50.0
2022-06-15 08:32:19+02:00,50.0
2022-06-15 08:33:19+02:00,91.5
2022-06-15 08:34:20+02:00,50.0
2022-06-15 08:35:20+02:00,92.1
2022-06-15 08:36:20+02:00,50.0
2022-06-15 08:37:20+02:00,50.0
2022-06-15 08:38:20+02:00,50.0
2022-06-15 08:39:20+02:00,50.0
2022-06-15 08:40:21+02:00,50.0
2022-06-15 08:41:21+02:00,50.0
2022-06-15 08:42:21+02:00,50.0
2022-06-15 08:43:21+02:00,50.0
2022-06-15 08:44:21+02:00,90.9
2022-06-15 08:45:21+02:00,50.0
2022-06-15 08:46:22+02:00,50.0
2022-06-15 08:47:22+02:00,50.0
2022-06-15 08:48:22+02:00,50.0
2022-06-15 08:49:22+02:00,92.0
2022-06-15 08:50:22+02:00,92.1
2022-06-16 01:49:00+02:00,50.0
2022-06-16 01:50:00+02:00,91.8
2022-06-16 01:51:00+02:00,92.2
2022-06-16 01:52:00+02:00,92.0
2022-06-16 01:53:00+02:00,90.0
2022-06-16 01:54:00+02:00,89.4
2022-06-16 01:55:00+02:00,90.0
2022-06-16 01:56:00+02:00,92.3
2022-06-16 01:57:00+02:00,92.9
2022-06-16 01:58:00+02:00,93.7
2022-06-16 01:59:00+02:00,92.9
2022-06-16 02:00:00+02:00,93.0
2022-06-16 02:00:00+02:00,93.0
2022-06-16 02:01:01+02:00,93.6
2022-06-16 02:02:01+02:00,94.7
2022-06-16 02:03:01+02:00,95.1
2022-06-16 02:04:01+02:00,94.6
2022-06-16 02:05:01+02:00,94.2
2022-06-16 02:06:01+02:00,95.4
2022-06-16 02:07:01+02:00,95.6
2022-06-16 02:08:02+02:00,94.8
2022-06-16 02:09:02+02:00,93.8
2022-06-16 02:10:02+02:00,94.7
2022-06-16 02:11:02+02:00,50.0
2022-06-16 02:12:02+02:00,50.0
2022-06-16 02:13:02+02:00,50.0
2022-06-16 02:14:02+02:00,94.0
2022-06-16 02:15:02+02:00,50.0
2022-06-16 02:16:03+02:00,92.3
2022-06-16 02:17:03+02:00,50.0
2022-06-16 02:18:03+02:00,93.8
2022-06-16 02:19:03+02:00,50.0
2022-06-16 02:20:03+02:00,95.4
2022-06-16 02:21:03+02:00,50.0
2022-06-16 02:22:03+02:00,95.6
2022-06-16 02:23:03+02:00,95.7
2022-06-16 02:24:03+02:00,95.8
2022-06-16 02:25:04+02:00,95.9
2022-06-16 02:26:04+02:00,96.0
2022-06-16 02:27:04+02:00,96.1
2022-06-16 02:28:04+02:00,95.7
2022-06-16 02:29:04+02:00,95.6
2022-06-16 02:30:04+02:00,95.8
2022-06-16 02:31:04+02:00,95.7
2022-06-16 02:32:05+02:00,96.0
2022-06-16 02:33:05+02:00,96.1
2022-06-16 02:34:05+02:00,96.2
2022-06-16 02:35:05+02:00,96.1
2022-06-16 02:36:05+02:00,96.1
2022-06-16 02:37:05+02:00,95.8
2022-06-16 02:38:05+02:00,95.9
2022-06-16 02:39:05+02:00,96.3
2022-06-16 02:40:06+02:00,96.1
2022-06-16 02:41:06+02:00,95.9
2022-06-16 02:42:06+02:00,95.8
2022-06-16 02:43:06+02:00,50.0
2022-06-16 02:44:06+02:00,50.0
2022-06-16 02:45:06+02:00,94.7
2022-06-16 02:46:06+02:00,94.5
2022-06-16 02:47:07+02:00,94.0
2022-06-16 02:48:07+02:00,93.6
2022-06-16 02:49:07+02:00,50.0
2022-06-16 02:50:07+02:00,50.0
2022-06-16 02:51:07+02:00,93.5
2022-06-16 02:52:07+02:00,94.1
2022-06-16 02:53:08+02:00,94.6
2022-06-16 02:54:08+02:00,95.1
2022-06-16 02:55:08+02:00,95.0
2022-06-16 02:56:08+02:00,94.6
2022-06-16 02:57:08+02:00,94.2
2022-06-16 02:58:08+02:00,94.1
2022-06-16 02:59:08+02:00,93.8
2022-06-16 03:00:08+02:00,93.7
2022-06-16 03:01:09+02:00,93.5
2022-06-16 03:02:09+02:00,93.4
2022-06-16 03:03:09+02:00,93.2
2022-06-16 03:04:09+02:00,93.0
2022-06-16 03:05:09+02:00,92.8
2022-06-16 03:06:09+02:00,92.8
2022-06-16 03:07:10+02:00,92.7
2022-06-16 03:08:10+02:00,92.5
2022-06-16 03:09:10+02:00,92.4
2022-06-16 03:10:10+02:00,92.2
2022-06-16 03:11:10+02:00,92.2
2022-06-16 03:12:10+02:00,92.2
2022-06-16 03:13:11+02:00,92.1
2022-06-16 03:14:11+02:00,92.0
2022-06-16 03:15:11+02:00,91.9
2022-06-16 03:16:11+02:00,92.0
2022-06-16 03:17:11+02:00,92.0
2022-06-16 03:18:11+02:00,91.9
2022-06-16 03:19:11+02:00,91.8
2022-06-16 03:20:12+02:00,91.7
2022-06-16 03:21:12+02:00,91.6
2022-06-16 03:22:12+02:00,91.4
2022-06-16 03:23:12+02:00,91.4
2022-06-16 03:24:12+02:00,91.4
2022-06-16 03:25:12+02:00,91.5
2022-06-16 03:26:12+02:00,91.4
2022-06-16 03:27:13+02:00,91.3
2022-06-16 03:28:13+02:00,91.2
2022-06-16 03:29:13+02:00,91.2
2022-06-16 03:30:13+02:00,91.2
2022-06-16 03:31:13+02:00,91.1
2022-06-16 03:32:13+02:00,91.1
2022-06-16 03:33:13+02:00,91.1
2022-06-16 03:34:14+02:00,91.0
2022-06-16 03:35:14+02:00,91.0
2022-06-16 03:36:14+02:00,91.0
2022-06-16 03:37:14+02:00,91.0
2022-06-16 03:38:14+02:00,91.0
2022-06-16 03:39:14+02:00,90.9
2022-06-16 03:40:15+02:00,50.0
2022-06-16 03:41:15+02:00,91.0
2022-06-16 03:42:15+02:00,50.0
2022-06-16 03:43:15+02:00,91.7
2022-06-16 03:44:15+02:00,50.0
2022-06-16 03:45:15+02:00,93.2
2022-06-16 03:46:15+02:00,50.0
2022-06-16 03:47:16+02:00,94.4
2022-06-16 03:48:16+02:00,94.5
2022-06-16 03:49:16+02:00,94.1
2022-06-16 03:50:16+02:00,94.3
2022-06-16 03:51:16+02:00,94.1
2022-06-16 03:52:16+02:00,94.0
2022-06-16 03:53:17+02:00,94.1
2022-06-16 03:54:17+02:00,50.0
2022-06-16 03:55:17+02:00,94.7
2022-06-16 03:56:17+02:00,95.7
2022-06-16 03:57:17+02:00,96.8
2022-06-16 03:58:17+02:00,97.3
2022-06-16 03:59:17+02:00,97.6
2022-06-16 04:00:18+02:00,98.0
2022-06-16 04:01:18+02:00,98.2
2022-06-16 04:02:18+02:00,50.0
2022-06-16 04:03:18+02:00,98.1
2022-06-16 04:04:18+02:00,96.4
2022-06-16 04:05:18+02:00,50.0
2022-06-16 04:06:18+02:00,94.8
2022-06-16 04:07:19+02:00,94.2
2022-06-16 04:08:19+02:00,93.8
2022-06-16 04:09:19+02:00,93.6
2022-06-16 04:10:19+02:00,93.2
2022-06-16 04:11:19+02:00,50.0
2022-06-16 04:12:19+02:00,93.4
2022-06-16 04:13:20+02:00,93.8
2022-06-16 04:14:20+02:00,50.0
2022-06-16 04:15:20+02:00,94.1
2022-06-16 04:16:20+02:00,50.0
2022-06-16 04:17:20+02:00,94.5
2022-06-16 04:18:20+02:00,94.2
2022-06-16 04:19:20+02:00,93.8
2022-06-16 04:20:21+02:00,94.6
2022-06-16 04:21:21+02:00,94.5
2022-06-16 04:22:21+02:00,94.2
2022-06-16 04:23:21+02:00,94.3
2022-06-16 04:24:21+02:00,94.9
2022-06-16 04:25:21+02:00,95.7
2022-06-16 04:26:21+02:00,95.5
2022-06-16 04:27:22+02:00,96.2
2022-06-16 04:28:22+02:00,95.8
2022-06-16 04:29:22+02:00,95.9
2022-06-16 04:30:22+02:00,95.9
2022-06-16 04:31:22+02:00,95.4
2022-06-16 04:32:22+02:00,95.7
2022-06-16 04:33:22+02:00,95.5
2022-06-16 04:34:23+02:00,96.0
2022-06-16 04:35:23+02:00,95.2
2022-06-16 04:36:23+02:00,94.2
2022-06-16 04:37:23+02:00,92.8
2022-06-16 04:38:23+02:00,92.1
2022-06-16 04:39:23+02:00,92.0
2022-06-16 04:40:23+02:00,91.2
2022-06-16 04:41:24+02:00,50.0
2022-06-16 04:42:24+02:00,91.6
2022-06-16 04:43:24+02:00,92.5
2022-06-16 04:44:24+02:00,92.9
2022-06-16 04:45:24+02:00,93.1
2022-06-16 04:46:24+02:00,50.0
2022-06-16 04:47:24+02:00,92.7
2022-06-16 04:48:25+02:00,50.0
2022-06-16 04:49:25+02:00,93.7
2022-06-16 04:50:25+02:00,94.2
2022-06-16 04:51:25+02:00,90.9
2022-06-16 04:52:25+02:00,87.2
2022-06-16 04:53:25+02:00,85.1
2022-06-16 04:54:26+02:00,83.0
2022-06-16 04:55:26+02:00,81.1
2022-06-16 04:56:26+02:00,80.0
2022-06-16 04:57:26+02:00,79.3
2022-06-16 04:58:26+02:00,79.0
2022-06-16 04:59:26+02:00,78.8
2022-06-16 05:00:26+02:00,83.0
2022-06-16 05:01:27+02:00,87.0
2022-06-16 05:02:27+02:00,90.2
2022-06-16 05:03:27+02:00,93.3
2022-06-16 05:04:27+02:00,95.7
2022-06-16 05:05:27+02:00,97.4
2022-06-16 05:06:27+02:00,98.3
2022-06-16 05:07:27+02:00,98.1
2022-06-16 05:08:27+02:00,98.5
2022-06-16 05:09:27+02:00,96.9
2022-06-16 05:10:27+02:00,50.0
2022-06-16 05:11:27+02:00,95.2
2022-06-16 05:12:27+02:00,96.1
2022-06-16 05:13:28+02:00,95.1
2022-06-16 05:14:28+02:00,50.0
2022-06-16 05:15:28+02:00,96.6
2022-06-16 05:16:28+02:00,50.0
2022-06-16 05:17:28+02:00,98.0
2022-06-16 05:18:28+02:00,98.8
2022-06-16 05:19:28+02:00,99.2
2022-06-16 05:20:28+02:00,99.5
2022-06-16 05:21:28+02:00,99.7
2022-06-16 05:22:28+02:00,99.4
2022-06-16 05:23:28+02:00,98.5
2022-06-16 05:24:29+02:00,96.9
2022-06-16 05:25:29+02:00,96.9
2022-06-16 05:26:29+02:00,98.0
2022-06-16 05:27:29+02:00,98.4
2022-06-16 05:28:29+02:00,98.7
2022-06-16 05:29:29+02:00,99.1
2022-06-16 05:30:29+02:00,50.0
2022-06-16 05:31:29+02:00,97.6
2022-06-16 05:32:29+02:00,96.3
2022-06-16 05:33:29+02:00,95.3
2022-06-16 05:34:30+02:00,94.5
2022-06-16 05:35:30+02:00,94.1
2022-06-16 05:36:30+02:00,93.8
2022-06-16 05:37:30+02:00,93.6
2022-06-16 05:38:30+02:00,50.0
2022-06-16 05:39:30+02:00,94.2
2022-06-16 05:40:30+02:00,94.0
2022-06-16 05:41:30+02:00,92.7
2022-06-16 05:42:30+02:00,90.4
2022-06-16 05:43:31+02:00,87.8
2022-06-16 05:44:31+02:00,87.4
2022-06-16 05:45:31+02:00,86.5
2022-06-16 05:46:31+02:00,85.1
2022-06-16 05:47:31+02:00,84.3
2022-06-16 05:48:31+02:00,84.2
2022-06-16 05:49:31+02:00,83.9
2022-06-16 05:50:31+02:00,83.9
2022-06-16 05:51:31+02:00,84.8
2022-06-16 05:52:31+02:00,50.0
2022-06-16 05:53:31+02:00,87.2
2022-06-16 05:54:32+02:00,89.5
2022-06-16 05:55:32+02:00,90.7
2022-06-16 05:56:32+02:00,50.0
2022-06-16 05:57:32+02:00,91.8
2022-06-16 05:58:32+02:00,50.0
2022-06-16 05:59:32+02:00,93.0
2022-06-16 06:00:32+02:00,93.3
2022-06-16 06:01:32+02:00,93.3
2022-06-16 06:02:32+02:00,93.4
2022-06-16 06:03:33+02:00,93.6
2022-06-16 06:04:33+02:00,93.9
2022-06-16 06:05:33+02:00,93.9
2022-06-16 06:06:33+02:00,94.1
2022-06-16 06:07:33+02:00,94.2
2022-06-16 06:08:33+02:00,94.5
2022-06-16 06:09:33+02:00,94.5
2022-06-16 06:10:34+02:00,94.5
2022-06-16 06:11:34+02:00,94.4
2022-06-16 06:12:34+02:00,50.0
2022-06-16 06:13:34+02:00,95.4
2022-06-16 06:14:34+02:00,95.0
2022-06-16 06:15:34+02:00,94.1
2022-06-16 06:16:34+02:00,93.2
2022-06-16 06:17:35+02:00,94.1
2022-06-16 06:18:35+02:00,94.0
2022-06-16 06:19:35+02:00,93.3
2022-06-16 06:20:35+02:00,92.8
2022-06-16 06:21:35+02:00,92.3
2022-06-16 06:22:35+02:00,92.2
2022-06-16 06:23:36+02:00,92.1
2022-06-16 06:24:36+02:00,92.9
2022-06-16 06:25:36+02:00,93.7
2022-06-16 06:26:36+02:00,50.0
2022-06-16 06:27:36+02:00,94.5
2022-06-16 06:28:36+02:00,94.6
2022-06-16 06:29:36+02:00,94.5
2022-06-16 06:30:37+02:00,94.3
2022-06-16 06:31:37+02:00,94.3
2022-06-16 06:32:37+02:00,94.1
2022-06-16 06:33:37+02:00,93.9
2022-06-16 06:34:37+02:00,93.9
2022-06-16 06:35:37+02:00,93.9
2022-06-16 06:36:38+02:00,93.8
2022-06-16 06:37:38+02:00,93.7
2022-06-16 06:38:38+02:00,94.2
2022-06-16 06:39:38+02:00,94.0
2022-06-16 06:40:38+02:00,93.9
2022-06-16 06:41:38+02:00,93.6
2022-06-16 06:42:39+02:00,93.4
2022-06-16 06:43:39+02:00,50.0
2022-06-16 06:44:39+02:00,94.5
2022-06-16 06:45:39+02:00,95.3
2022-06-16 06:46:39+02:00,96.0
2022-06-16 06:47:39+02:00,96.5
2022-06-16 06:48:39+02:00,96.9
2022-06-16 06:49:40+02:00,97.3
2022-06-16 06:50:40+02:00,97.4
2022-06-16 06:51:40+02:00,97.2
2022-06-16 06:52:40+02:00,97.4
2022-06-16 06:53:40+02:00,97.9
2022-06-16 06:54:40+02:00,97.9
2022-06-16 06:55:40+02:00,98.2
2022-06-16 06:56:41+02:00,98.2
2022-06-16 06:57:41+02:00,98.2
2022-06-16 06:58:41+02:00,50.0
2022-06-16 06:59:41+02:00,98.0
2022-06-16 07:00:41+02:00,96.8
2022-06-16 07:01:41+02:00,50.0
2022-06-16 07:02:41+02:00,96.1
2022-06-16 07:03:42+02:00,96.3
2022-06-16 07:04:42+02:00,97.4
2022-06-16 07:05:42+02:00,97.2
2022-06-16 07:06:42+02:00,97.8
2022-06-16 07:07:42+02:00,98.3
2022-06-16 07:08:42+02:00,96.5
2022-06-16 07:09:43+02:00,95.1
2022-06-16 07:10:43+02:00,94.3
2022-06-16 07:11:43+02:00,93.9
2022-06-16 07:12:43+02:00,93.4
2022-06-16 07:13:43+02:00,92.8
2022-06-16 07:14:43+02:00,93.0
2022-06-16 07:15:43+02:00,93.0
2022-06-16 07:16:44+02:00,93.2
2022-06-16 07:17:44+02:00,93.3
2022-06-16 07:18:44+02:00,93.8
2022-06-16 07:19:44+02:00,94.1
2022-06-16 07:20:44+02:00,94.1
2022-06-16 07:21:44+02:00,94.1
2022-06-16 07:22:45+02:00,94.2
2022-06-16 07:23:45+02:00,94.1
2022-06-16 07:24:45+02:00,94.4
2022-06-16 07:25:45+02:00,94.5
2022-06-16 07:26:45+02:00,94.4
2022-06-16 07:27:45+02:00,94.3
2022-06-16 07:28:45+02:00,93.9
2022-06-16 07:29:45+02:00,50.0
2022-06-16 07:30:46+02:00,93.7
2022-06-16 07:31:46+02:00,93.8
2022-06-16 07:32:46+02:00,94.1
2022-06-16 07:33:46+02:00,50.0
2022-06-16 07:34:46+02:00,95.8
2022-06-16 07:35:46+02:00,95.2
2022-06-16 07:36:47+02:00,95.2
2022-06-16 07:37:47+02:00,95.7
2022-06-16 07:38:47+02:00,95.7
2022-06-16 07:39:47+02:00,95.1
2022-06-16 07:40:47+02:00,95.3
2022-06-16 07:41:47+02:00,95.3
2022-06-16 07:42:47+02:00,95.1
2022-06-16 07:43:48+02:00,50.0
2022-06-16 07:44:48+02:00,95.4
2022-06-16 07:45:48+02:00,95.5
2022-06-16 07:46:48+02:00,95.5
2022-06-16 07:47:48+02:00,95.5
2022-06-16 07:48:48+02:00,95.6
2022-06-16 07:49:49+02:00,95.6
2022-06-16 07:50:49+02:00,50.0
2022-06-16 07:51:49+02:00,95.5
2022-06-16 07:52:49+02:00,95.7
2022-06-16 07:53:49+02:00,50.0
2022-06-16 07:54:49+02:00,95.8
2022-06-16 07:55:49+02:00,95.7
2022-06-16 07:56:50+02:00,95.5
2022-06-16 07:57:50+02:00,50.0
2022-06-16 07:58:50+02:00,50.0
2022-06-16 07:59:50+02:00,95.4
2022-06-16 08:00:50+02:00,95.2
2022-06-16 08:01:50+02:00,96.5
2022-06-16 08:02:50+02:00,97.8
2022-06-16 08:03:51+02:00,50.0
2022-06-16 08:04:51+02:00,50.0
2022-06-16 08:05:51+02:00,96.2
2022-06-16 08:06:51+02:00,95.2
2022-06-16 08:07:51+02:00,94.3
2022-06-16 08:08:51+02:00,94.1
2022-06-16 08:09:52+02:00,95.0
2022-06-16 08:10:52+02:00,95.3
2022-06-16 08:11:52+02:00,95.7
2022-06-16 08:12:52+02:00,95.8
2022-06-16 08:13:52+02:00,95.8
2022-06-16 08:14:52+02:00,95.9
2022-06-16 08:15:52+02:00,96.5
2022-06-16 08:16:53+02:00,50.0
2022-06-16 08:17:53+02:00,96.8
2022-06-16 08:18:53+02:00,97.4
2022-06-16 08:19:53+02:00,97.3
2022-06-16 08:20:53+02:00,98.0
2022-06-16 08:21:53+02:00,98.6
2022-06-16 08:22:53+02:00,98.9
2022-06-16 08:23:54+02:00,99.0
2022-06-16 08:24:54+02:00,99.3
2022-06-16 08:25:54+02:00,99.0
2022-06-16 08:26:54+02:00,99.0
2022-06-16 08:27:54+02:00,98.4
2022-06-16 08:28:54+02:00,98.0
2022-06-16 08:29:54+02:00,97.6
2022-06-16 08:30:55+02:00,97.0
2022-06-16 08:31:55+02:00,96.9
2022-06-16 08:32:55+02:00,97.1
2022-06-16 08:33:55+02:00,96.9
2022-06-16 08:34:55+02:00,50.0
2022-06-16 08:35:55+02:00,97.0
2022-06-16 08:36:56+02:00,97.1
2022-06-16 08:37:56+02:00,96.0
2022-06-16 08:38:56+02:00,94.3
2022-06-16 08:39:56+02:00,92.8
2022-06-16 08:40:56+02:00,93.3
2022-06-16 08:41:56+02:00,94.0
2022-06-16 08:42:56+02:00,94.1
2022-06-16 08:43:57+02:00,50.0
2022-06-16 08:44:57+02:00,94.6
2022-06-16 08:45:57+02:00,95.0
2022-06-16 08:46:57+02:00,50.0
2022-06-16 08:47:57+02:00,96.7
2022-06-16 08:48:57+02:00,50.0
2022-06-16 08:49:58+02:00,50.0
2022-06-16 08:50:58+02:00,50.0
2022-06-16 08:51:58+02:00,96.1
2022-06-16 08:52:58+02:00,50.0
2022-06-16 08:53:58+02:00,50.0
2022-06-16 08:54:58+02:00,50.0
2022-06-16 08:55:58+02:00,95.4
2022-06-16 08:56:59+02:00,93.9
2022-06-16 08:57:59+02:00,93.5
2022-06-16 08:58:59+02:00,92.8
2022-06-16 08:59:59+02:00,92.7
2022-06-16 09:00:59+02:00,92.4
2022-06-16 09:01:59+02:00,50.0
2022-06-16 09:02:59+02:00,92.6
2022-06-16 09:04:00+02:00,50.0
2022-06-16 09:05:00+02:00,50.0
2022-06-16 09:06:00+02:00,50.0
2022-06-16 09:07:00+02:00,50.0
2022-06-16 09:08:00+02:00,92.4
2022-06-16 09:09:00+02:00,50.0
2022-06-16 09:10:00+02:00,50.0
2022-06-16 09:11:00+02:00,92.1
2022-06-16 09:12:01+02:00,50.0
2022-06-16 09:13:01+02:00,50.0
2022-06-16 09:14:01+02:00,92.6
2022-06-16 09:15:01+02:00,50.0
2022-06-16 09:16:01+02:00,92.9
2022-06-16 09:17:01+02:00,92.6
2022-06-16 09:18:01+02:00,50.0
2022-06-16 09:19:01+02:00,92.2
2022-06-16 09:20:02+02:00,92.2
2022-06-16 09:21:02+02:00,50.0
2022-06-16 09:22:02+02:00,50.0
2022-06-16 09:23:02+02:00,50.0
2022-06-16 09:24:02+02:00,50.0
2022-06-16 09:25:02+02:00,50.0
2022-06-16 09:26:02+02:00,50.0
2022-06-16 09:27:02+02:00,50.0
2022-06-16 09:28:02+02:00,50.0
2022-06-16 09:29:02+02:00,50.0
2022-06-16 09:30:03+02:00,50.0
2022-06-16 09:31:03+02:00,93.0
2022-06-16 09:32:03+02:00,50.0
2022-06-16 09:33:03+02:00,50.0
2022-06-16 09:34:03+02:00,50.0
2022-06-16 09:35:03+02:00,50.0
2022-06-16 09:36:03+02:00,50.0
2022-06-16 09:37:04+02:00,50.0
2022-06-16 09:38:04+02:00,50.0
2022-06-16 09:39:04+02:00,50.0
2022-06-16 09:40:04+02:00,50.0
2022-06-16 09:41:04+02:00,50.0
2022-06-16 09:42:04+02:00,50.0
2022-06-16 09:43:04+02:00,50.0
2022-06-16 09:44:04+02:00,50.0
2022-06-16 09:45:05+02:00,50.0
2022-06-16 09:46:05+02:00,50.0
2022-06-16 09:47:05+02:00,50.0
2022-06-16 09:48:05+02:00,50.0
2022-06-16 09:49:05+02:00,50.0
2022-06-16 09:50:05+02:00,50.0
2022-06-16 09:51:05+02:00,50.0
2022-06-16 09:52:05+02:00,50.0
2022-06-16 09:53:06+02:00,50.0
2022-06-16 09:54:06+02:00,50.0
2022-06-16 09:55:06+02:00,50.0
2022-06-16 09:56:06+02:00,50.0
2022-06-16 09:57:06+02:00,50.0
2022-06-16 16:27:00+02:00,50.0
2022-06-16 16:28:00+02:00,90.2
2022-06-16 16:29:00+02:00,90.4
2022-06-16 16:30:00+02:00,90.4
2022-06-16 16:31:00+02:00,90.4
2022-06-16 16:32:00+02:00,91.2
2022-06-16 16:33:00+02:00,91.3
2022-06-16 16:34:00+02:00,91.1
2022-06-16 16:35:00+02:00,91.0
2022-06-16 16:36:00+02:00,90.9
2022-06-16 16:37:00+02:00,91.0
2022-06-16 16:38:01+02:00,90.9
2022-06-16 16:39:01+02:00,91.0
2022-06-16 16:40:01+02:00,91.4
2022-06-16 16:41:01+02:00,91.3
2022-06-16 16:42:01+02:00,91.3
2022-06-16 16:43:01+02:00,91.6
2022-06-16 16:44:01+02:00,91.4
2022-06-16 16:45:01+02:00,91.4
2022-06-16 16:46:02+02:00,91.4
2022-06-16 16:47:02+02:00,91.8
2022-06-16 16:48:02+02:00,50.0
2022-06-16 16:49:02+02:00,92.1
2022-06-16 16:50:02+02:00,50.0
2022-06-16 16:51:02+02:00,92.6
2022-06-16 16:52:03+02:00,92.5
2022-06-16 16:53:03+02:00,92.6
2022-06-16 16:54:03+02:00,92.5
2022-06-16 16:55:03+02:00,92.7
2022-06-16 16:56:03+02:00,92.8
2022-06-16 16:57:03+02:00,93.0
2022-06-16 16:58:03+02:00,93.2
2022-06-16 16:59:03+02:00,93.6
2022-06-16 17:00:03+02:00,94.4
2022-06-16 17:01:04+02:00,94.5
2022-06-16 17:02:04+02:00,94.4
2022-06-16 17:03:04+02:00,94.3
2022-06-16 17:04:04+02:00,94.8
2022-06-16 17:05:04+02:00,95.3
2022-06-16 17:06:04+02:00,95.7
2022-06-16 17:07:05+02:00,96.4
2022-06-16 17:08:05+02:00,96.8
2022-06-16 17:09:05+02:00,96.8
2022-06-16 17:10:05+02:00,96.7
2022-06-16 17:11:05+02:00,96.8
2022-06-16 17:12:05+02:00,96.4
2022-06-16 17:13:05+02:00,96.4
2022-06-16 17:14:05+02:00,96.6
2022-06-16 17:15:05+02:00,96.6
2022-06-16 17:16:06+02:00,96.5
2022-06-16 17:17:06+02:00,96.5
2022-06-16 17:18:06+02:00,96.7
2022-06-16 17:19:06+02:00,96.6
2022-06-16 17:20:06+02:00,50.0
2022-06-16 17:21:06+02:00,50.0
2022-06-16 17:22:07+02:00,95.9
2022-06-16 17:23:07+02:00,50.0
2022-06-16 17:24:07+02:00,50.0
2022-06-16 17:25:07+02:00,94.9
2022-06-16 17:26:07+02:00,90.3
2022-06-16 17:27:07+02:00,50.0
2022-06-16 17:28:08+02:00,50.0
2022-06-16 17:29:08+02:00,88.3
2022-06-16 17:30:08+02:00,85.5
2022-06-16 17:31:08+02:00,83.9
2022-06-16 17:32:08+02:00,50.0
2022-06-16 17:33:08+02:00,82.0
2022-06-16 17:34:09+02:00,79.8
2022-06-16 17:35:09+02:00,79.2
2022-06-16 17:36:09+02:00,79.0
2022-06-16 17:37:09+02:00,79.2
2022-06-16 17:38:09+02:00,50.0
2022-06-16 17:39:09+02:00,79.5
2022-06-16 17:40:10+02:00,79.8
2022-06-16 17:41:10+02:00,79.6
2022-06-16 17:42:10+02:00,79.4
2022-06-16 17:43:10+02:00,78.9
2022-06-16 17:44:10+02:00,78.8
2022-06-16 17:45:10+02:00,78.5
2022-06-16 17:46:11+02:00,78.5
2022-06-16 17:47:11+02:00,78.3
2022-06-16 17:48:11+02:00,78.1
2022-06-16 17:49:11+02:00,77.7
2022-06-16 17:50:11+02:00,78.2
2022-06-16 17:51:11+02:00,78.4
2022-06-16 17:52:11+02:00,78.4
2022-06-16 17:53:12+02:00,78.7
2022-06-16 17:54:12+02:00,79.0
2022-06-16 17:55:12+02:00,78.8
2022-06-16 17:56:12+02:00,78.9
2022-06-16 17:57:12+02:00,79.3
2022-06-16 17:58:12+02:00,79.4
2022-06-16 17:59:12+02:00,79.6
2022-06-16 18:00:13+02:00,79.7
2022-06-16 18:01:13+02:00,79.7
2022-06-16 18:02:13+02:00,79.9
2022-06-16 18:03:13+02:00,79.9
2022-06-16 18:04:13+02:00,80.3
2022-06-16 18:05:13+02:00,80.1
2022-06-16 18:06:14+02:00,80.5
2022-06-16 18:07:14+02:00,80.4
2022-06-16 18:08:14+02:00,80.6
2022-06-16 18:09:14+02:00,80.9
2022-06-16 18:10:14+02:00,81.1
2022-06-16 18:11:14+02:00,81.2
2022-06-16 18:12:15+02:00,81.4
2022-06-16 18:13:15+02:00,81.4
2022-06-16 18:14:15+02:00,81.6
2022-06-16 18:15:15+02:00,81.8
2022-06-16 18:16:15+02:00,81.7
2022-06-16 18:17:15+02:00,50.0
2022-06-16 18:18:15+02:00,84.4
2022-06-16 18:19:16+02:00,86.0
2022-06-16 18:20:16+02:00,87.6
2022-06-16 18:21:16+02:00,50.0
2022-06-16 18:22:16+02:00,89.1
2022-06-16 18:23:16+02:00,50.0
2022-06-16 18:24:16+02:00,90.6
2022-06-16 18:25:17+02:00,91.3
2022-06-16 18:26:17+02:00,50.0
2022-06-16 18:27:17+02:00,50.0
2022-06-16 18:28:17+02:00,92.3
2022-06-16 18:29:17+02:00,93.3
2022-06-16 18:30:17+02:00,94.1
2022-06-16 18:31:18+02:00,94.5
2022-06-16 18:32:18+02:00,94.8
2022-06-16 18:33:18+02:00,94.6
2022-06-16 18:34:18+02:00,95.0
2022-06-16 18:35:18+02:00,94.1
2022-06-16 18:36:18+02:00,94.2
2022-06-16 18:37:19+02:00,94.4
2022-06-16 18:38:19+02:00,94.4
2022-06-16 18:39:19+02:00,95.2
2022-06-16 18:40:19+02:00,95.3
2022-06-16 18:41:19+02:00,95.0
2022-06-16 18:42:19+02:00,93.9
2022-06-16 18:43:20+02:00,93.9
2022-06-16 18:44:20+02:00,93.8
2022-06-16 18:45:20+02:00,50.0
2022-06-16 18:46:20+02:00,93.8
2022-06-16 18:47:20+02:00,93.9
2022-06-16 18:48:20+02:00,50.0
2022-06-16 18:49:20+02:00,50.0
2022-06-16 18:50:21+02:00,50.0
2022-06-16 18:51:21+02:00,93.7
2022-06-16 18:52:21+02:00,50.0
2022-06-16 18:53:21+02:00,50.0
2022-06-16 18:54:21+02:00,50.0
2022-06-16 18:55:21+02:00,92.4
2022-06-16 18:56:21+02:00,50.0
2022-06-16 18:57:22+02:00,50.0
2022-06-16 18:58:22+02:00,50.0
2022-06-16 18:59:22+02:00,50.0
2022-06-16 19:00:22+02:00,91.4
2022-06-16 19:01:22+02:00,50.0
2022-06-16 19:02:22+02:00,92.9
2022-06-16 19:03:22+02:00,50.0
2022-06-16 19:04:23+02:00,50.0
2022-06-16 19:05:23+02:00,50.0
2022-06-16 19:06:23+02:00,50.0
2022-06-16 19:07:23+02:00,50.0
2022-06-16 19:08:23+02:00,93.1
2022-06-16 19:09:23+02:00,50.0
2022-06-16 19:10:23+02:00,50.0
2022-06-16 19:11:23+02:00,92.8
2022-06-16 19:12:24+02:00,50.0
2022-06-16 19:13:24+02:00,50.0
2022-06-16 19:14:24+02:00,50.0
2022-06-16 19:15:24+02:00,50.0
2022-06-16 19:16:24+02:00,50.0
2022-06-16 19:17:24+02:00,50.0
2022-06-16 19:18:24+02:00,50.0
2022-06-16 19:19:24+02:00,50.0
2022-06-16 19:20:25+02:00,50.0
2022-06-16 19:21:25+02:00,50.0
2022-06-16 19:22:25+02:00,50.0
2022-06-16 19:23:25+02:00,50.0
2022-06-16 19:24:25+02:00,50.0
2022-06-16 19:25:25+02:00,50.0
2022-06-16 19:26:26+02:00,50.0
2022-06-16 19:27:26+02:00,50.0
2022-06-16 19:28:26+02:00,50.0
2022-06-16 19:29:26+02:00,50.0
2022-06-16 19:30:26+02:00,50.0
2022-06-16 19:31:26+02:00,50.0
2022-06-16 19:32:26+02:00,50.0
2022-06-16 19:33:26+02:00,50.0
2022-06-16 19:34:26+02:00,50.0
2022-06-16 19:35:27+02:00,50.0
2022-06-16 19:36:27+02:00,50.0
2022-06-16 19:37:27+02:00,50.0
2022-06-16 19:38:27+02:00,50.0
2022-06-16 19:39:27+02:00,50.0
2022-06-16 19:40:27+02:00,50.0
2022-06-16 19:41:27+02:00,50.0
2022-06-16 19:42:27+02:00,50.0
2022-06-16 19:43:28+02:00,50.0
2022-06-17 02:44:30+02:00,50.0
2022-06-17 02:45:30+02:00,50.0
2022-06-17 02:46:30+02:00,86.2
2022-06-17 02:47:30+02:00,85.7
2022-06-17 02:48:30+02:00,50.0
2022-06-17 02:49:30+02:00,89.8
2022-06-17 02:50:30+02:00,94.1
2022-06-17 02:51:30+02:00,50.0
2022-06-17 02:52:30+02:00,50.0
2022-06-17 02:53:30+02:00,94.9
2022-06-17 02:54:30+02:00,94.6
2022-06-17 02:55:31+02:00,94.7
2022-06-17 02:56:31+02:00,50.0
2022-06-17 02:57:31+02:00,93.0
2022-06-17 02:58:31+02:00,91.2
2022-06-17 02:59:31+02:00,90.9
2022-06-17 03:00:31+02:00,91.2
2022-06-17 03:01:31+02:00,91.0
2022-06-17 03:02:32+02:00,90.8
2022-06-17 03:03:32+02:00,50.0
2022-06-17 03:04:32+02:00,91.4
2022-06-17 03:05:32+02:00,93.4
2022-06-17 03:06:32+02:00,94.2
2022-06-17 03:07:32+02:00,94.9
2022-06-17 03:08:32+02:00,95.0
2022-06-17 03:09:33+02:00,95.1
2022-06-17 03:10:33+02:00,94.9
2022-06-17 03:11:33+02:00,95.5
2022-06-17 03:12:33+02:00,95.4
2022-06-17 03:13:33+02:00,95.6
2022-06-17 03:14:33+02:00,95.1
2022-06-17 03:15:34+02:00,94.1
2022-06-17 03:16:34+02:00,93.6
2022-06-17 03:17:34+02:00,93.4
2022-06-17 03:18:34+02:00,93.3
2022-06-17 03:19:34+02:00,93.3
2022-06-17 03:20:34+02:00,50.0
2022-06-17 03:21:34+02:00,93.6
2022-06-17 03:22:35+02:00,92.9
2022-06-17 03:23:35+02:00,92.1
2022-06-17 03:24:35+02:00,91.4
2022-06-17 03:25:35+02:00,50.0
2022-06-17 03:26:35+02:00,91.9
2022-06-17 03:27:35+02:00,50.0
2022-06-17 03:28:35+02:00,50.0
2022-06-17 03:29:36+02:00,91.8
2022-06-17 03:30:36+02:00,91.5
2022-06-17 03:31:36+02:00,91.0
2022-06-17 03:32:36+02:00,91.6
2022-06-17 03:33:36+02:00,91.8
2022-06-17 03:34:36+02:00,92.1
2022-06-17 03:35:36+02:00,92.0
2022-06-17 03:36:37+02:00,91.8
2022-06-17 03:37:37+02:00,92.2
2022-06-17 03:38:37+02:00,92.1
2022-06-17 03:39:37+02:00,92.6
2022-06-17 03:40:37+02:00,93.0
2022-06-17 03:41:37+02:00,92.9
2022-06-17 03:42:37+02:00,93.0
2022-06-17 03:43:38+02:00,92.7
2022-06-17 03:44:38+02:00,92.5
2022-06-17 03:45:38+02:00,92.4
2022-06-17 03:46:38+02:00,50.0
2022-06-17 03:47:38+02:00,93.7
2022-06-17 03:48:38+02:00,94.8
2022-06-17 03:49:39+02:00,95.8
2022-06-17 03:50:39+02:00,96.0
2022-06-17 03:51:39+02:00,50.0
2022-06-17 03:52:39+02:00,97.9
2022-06-17 03:53:39+02:00,98.2
2022-06-17 03:54:39+02:00,50.0
2022-06-17 03:55:39+02:00,98.3
2022-06-17 03:56:40+02:00,98.1
2022-06-17 03:57:40+02:00,98.1
2022-06-17 03:58:40+02:00,98.1
2022-06-17 03:59:40+02:00,97.6
2022-06-17 04:00:40+02:00,97.6
2022-06-17 04:01:40+02:00,96.4
2022-06-17 04:02:40+02:00,50.0
2022-06-17 04:03:41+02:00,50.0
2022-06-17 04:04:41+02:00,95.6
2022-06-17 04:05:41+02:00,94.3
2022-06-17 04:06:41+02:00,94.2
2022-06-17 04:07:41+02:00,95.2
2022-06-17 04:08:41+02:00,95.9
2022-06-17 04:09:42+02:00,96.3
2022-06-17 04:10:42+02:00,96.9
2022-06-17 04:11:42+02:00,98.8
2022-06-17 04:12:42+02:00,98.1
2022-06-17 04:13:42+02:00,98.0
2022-06-17 04:14:42+02:00,50.0
2022-06-17 04:15:42+02:00,95.9
2022-06-17 04:16:43+02:00,93.1
2022-06-17 04:17:43+02:00,91.0
2022-06-17 04:18:43+02:00,90.3
2022-06-17 04:19:43+02:00,87.8
2022-06-17 04:20:43+02:00,87.6
2022-06-17 04:21:43+02:00,50.0
2022-06-17 04:22:43+02:00,88.8
2022-06-17 04:23:44+02:00,89.7
2022-06-17 04:24:44+02:00,89.7
2022-06-17 04:25:44+02:00,90.7
2022-06-17 04:26:44+02:00,90.9
2022-06-17 04:27:44+02:00,90.8
2022-06-17 04:28:44+02:00,90.2
2022-06-17 04:29:44+02:00,90.2
2022-06-17 04:30:45+02:00,89.4
2022-06-17 04:31:45+02:00,90.0
2022-06-17 04:32:45+02:00,90.0
2022-06-17 04:33:45+02:00,90.0
2022-06-17 04:34:45+02:00,89.2
2022-06-17 04:35:45+02:00,89.5
2022-06-17 04:36:46+02:00,89.9
2022-06-17 04:37:46+02:00,90.1
2022-06-17 04:38:46+02:00,91.2
2022-06-17 04:39:46+02:00,91.6
2022-06-17 04:40:46+02:00,92.9
2022-06-17 04:41:46+02:00,92.1
2022-06-17 04:42:46+02:00,92.4
2022-06-17 04:43:47+02:00,92.6
2022-06-17 04:44:47+02:00,93.5
2022-06-17 04:45:47+02:00,93.3
2022-06-17 04:46:47+02:00,93.0
2022-06-17 04:47:47+02:00,93.8
2022-06-17 04:48:47+02:00,93.8
2022-06-17 04:49:47+02:00,93.4
2022-06-17 04:50:48+02:00,94.9
2022-06-17 04:51:48+02:00,95.1
2022-06-17 04:52:48+02:00,94.9
2022-06-17 04:53:48+02:00,94.5
2022-06-17 04:54:48+02:00,94.3
2022-06-17 04:55:48+02:00,50.0
2022-06-17 04:56:48+02:00,93.4
2022-06-17 04:57:49+02:00,92.5
2022-06-17 04:58:49+02:00,92.2
2022-06-17 04:59:49+02:00,92.9
2022-06-17 05:00:49+02:00,92.5
2022-06-17 05:01:49+02:00,93.2
2022-06-17 05:02:49+02:00,92.7
2022-06-17 05:03:50+02:00,93.6
2022-06-17 05:04:50+02:00,94.4
2022-06-17 05:05:50+02:00,95.1
2022-06-17 05:06:50+02:00,95.6
2022-06-17 05:07:50+02:00,96.6
2022-06-17 05:08:50+02:00,50.0
2022-06-17 05:09:51+02:00,96.7
2022-06-17 05:10:51+02:00,96.3
2022-06-17 05:11:51+02:00,96.5
2022-06-17 05:12:51+02:00,96.8
2022-06-17 05:13:51+02:00,96.5
2022-06-17 05:14:51+02:00,96.4
2022-06-17 05:15:51+02:00,96.0
2022-06-17 05:16:52+02:00,95.8
2022-06-17 05:17:52+02:00,50.0
2022-06-17 05:18:52+02:00,96.2
2022-06-17 05:19:52+02:00,96.0
2022-06-17 05:20:52+02:00,95.5
2022-06-17 05:21:52+02:00,95.2
2022-06-17 05:22:52+02:00,95.1
2022-06-17 05:23:53+02:00,95.2
2022-06-17 05:24:53+02:00,94.8
2022-06-17 05:25:53+02:00,93.2
2022-06-17 05:26:53+02:00,92.3
2022-06-17 05:27:53+02:00,92.3
2022-06-17 05:28:53+02:00,93.2
2022-06-17 05:29:53+02:00,93.5
2022-06-17 05:30:54+02:00,93.9
2022-06-17 05:31:54+02:00,50.0
2022-06-17 05:32:54+02:00,94.1
2022-06-17 05:33:54+02:00,50.0
2022-06-17 05:34:54+02:00,94.5
2022-06-17 05:35:54+02:00,94.6
2022-06-17 05:36:55+02:00,50.0
2022-06-17 05:37:55+02:00,94.3
2022-06-17 05:38:55+02:00,93.5
2022-06-17 05:39:55+02:00,93.8
2022-06-17 05:40:55+02:00,93.4
2022-06-17 05:41:55+02:00,93.1
2022-06-17 05:42:55+02:00,93.6
2022-06-17 05:43:56+02:00,93.9
2022-06-17 05:44:56+02:00,95.2
2022-06-17 05:45:56+02:00,96.2
2022-06-17 05:46:56+02:00,97.6
2022-06-17 05:47:56+02:00,95.7
2022-06-17 05:48:56+02:00,95.1
2022-06-17 05:49:57+02:00,95.0
2022-06-17 05:50:57+02:00,94.6
2022-06-17 05:51:57+02:00,95.0
2022-06-17 05:52:57+02:00,95.5
2022-06-17 05:53:57+02:00,50.0
2022-06-17 05:54:57+02:00,95.1
2022-06-17 05:55:57+02:00,97.0
2022-06-17 05:56:58+02:00,98.5
2022-06-17 05:57:58+02:00,99.5
2022-06-17 05:58:58+02:00,99.7
2022-06-17 05:59:58+02:00,99.9
2022-06-17 06:00:58+02:00,100.0
2022-06-17 06:01:58+02:00,100.0
2022-06-17 06:02:59+02:00,100.0
2022-06-17 06:03:59+02:00,100.0
2022-06-17 06:04:59+02:00,99.9
2022-06-17 06:05:59+02:00,99.9
2022-06-17 06:06:59+02:00,99.7
2022-06-17 06:07:59+02:00,99.6
2022-06-17 06:08:59+02:00,99.5
2022-06-17 06:10:00+02:00,99.5
2022-06-17 06:11:00+02:00,50.0
2022-06-17 06:12:00+02:00,99.1
2022-06-17 06:13:00+02:00,98.7
2022-06-17 06:14:00+02:00,99.2
2022-06-17 06:15:00+02:00,99.5
2022-06-17 06:16:00+02:00,99.2
2022-06-17 06:17:00+02:00,99.2
2022-06-17 06:18:01+02:00,99.5
2022-06-17 06:19:01+02:00,50.0
2022-06-17 06:20:01+02:00,99.6
2022-06-17 06:21:01+02:00,50.0
2022-06-17 06:22:01+02:00,100.0
2022-06-17 06:23:01+02:00,100.0
2022-06-17 06:24:01+02:00,100.0
2022-06-17 06:25:01+02:00,99.5
2022-06-17 06:26:01+02:00,98.3
2022-06-17 06:27:02+02:00,98.7
2022-06-17 06:28:02+02:00,99.5
2022-06-17 06:29:02+02:00,98.8
2022-06-17 06:30:02+02:00,98.9
2022-06-17 06:31:02+02:00,99.6
2022-06-17 06:32:02+02:00,99.7
2022-06-17 06:33:02+02:00,100.0
2022-06-17 06:34:02+02:00,100.0
2022-06-17 06:35:03+02:00,99.5
2022-06-17 06:36:03+02:00,98.0
2022-06-17 06:37:03+02:00,98.1
2022-06-17 06:38:03+02:00,99.0
2022-06-17 06:39:03+02:00,99.1
2022-06-17 06:40:03+02:00,99.8
2022-06-17 06:41:03+02:00,100.0
2022-06-17 06:42:03+02:00,100.0
2022-06-17 06:43:04+02:00,99.4
2022-06-17 06:44:04+02:00,98.9
2022-06-17 06:45:04+02:00,97.6
2022-06-17 06:46:04+02:00,97.6
2022-06-17 06:47:04+02:00,50.0
2022-06-17 06:48:04+02:00,97.4
2022-06-17 06:49:04+02:00,50.0
2022-06-17 06:50:05+02:00,50.0
2022-06-17 06:51:05+02:00,50.0
2022-06-17 06:52:05+02:00,50.0
2022-06-17 06:53:05+02:00,98.3
2022-06-17 06:54:05+02:00,98.5
2022-06-17 06:55:05+02:00,98.5
2022-06-17 06:56:05+02:00,98.2
2022-06-17 06:57:05+02:00,50.0
2022-06-17 06:58:05+02:00,50.0
2022-06-17 06:59:06+02:00,50.0
2022-06-17 07:00:06+02:00,98.2
2022-06-17 07:01:06+02:00,50.0
2022-06-17 07:02:06+02:00,96.2
2022-06-17 07:03:06+02:00,94.7
2022-06-17 07:04:06+02:00,93.5
2022-06-17 07:05:06+02:00,50.0
2022-06-17 07:06:07+02:00,93.4
2022-06-17 07:07:07+02:00,50.0
2022-06-17 07:08:07+02:00,91.2
2022-06-17 07:09:07+02:00,50.0
2022-06-17 07:10:07+02:00,88.0
2022-06-17 07:11:07+02:00,86.7
2022-06-17 07:12:07+02:00,84.3
2022-06-17 07:13:08+02:00,83.5
2022-06-17 07:14:08+02:00,83.8
2022-06-17 07:15:08+02:00,50.0
2022-06-17 07:16:08+02:00,87.5
2022-06-17 07:17:08+02:00,90.5
2022-06-17 07:18:08+02:00,50.0
2022-06-17 07:19:09+02:00,50.0
2022-06-17 07:20:09+02:00,92.2
2022-06-17 07:21:09+02:00,50.0
2022-06-17 07:22:09+02:00,50.0
2022-06-17 07:23:09+02:00,91.5
2022-06-17 07:24:09+02:00,50.0
2022-06-17 07:25:09+02:00,50.0
2022-06-17 07:26:10+02:00,91.3
2022-06-17 07:27:10+02:00,91.6
2022-06-17 07:28:10+02:00,91.5
2022-06-17 07:29:10+02:00,91.8
2022-06-17 07:30:10+02:00,92.3
2022-06-17 07:31:10+02:00,92.7
2022-06-17 07:32:10+02:00,92.1
2022-06-17 07:33:11+02:00,50.0
2022-06-17 07:34:11+02:00,50.0
2022-06-17 07:35:11+02:00,92.9
2022-06-17 07:36:11+02:00,50.0
2022-06-17 07:37:11+02:00,50.0
2022-06-17 07:38:11+02:00,50.0
2022-06-17 07:39:11+02:00,50.0
2022-06-17 07:40:12+02:00,50.0
2022-06-17 07:41:12+02:00,50.0
2022-06-17 07:42:12+02:00,50.0
2022-06-17 07:43:12+02:00,50.0
2022-06-17 07:44:12+02:00,50.0
2022-06-17 07:45:12+02:00,50.0
2022-06-17 07:46:12+02:00,50.0
2022-06-17 07:47:12+02:00,50.0
2022-06-17 07:48:13+02:00,50.0
2022-06-17 07:49:13+02:00,50.0
2022-06-17 07:50:13+02:00,50.0
2022-06-17 07:51:13+02:00,50.0
2022-06-17 07:52:13+02:00,50.0
2022-06-17 07:53:13+02:00,50.0
2022-06-17 07:54:13+02:00,50.0
2022-06-17 07:55:14+02:00,50.0
2022-06-17 07:56:14+02:00,50.0
2022-06-17 07:57:14+02:00,50.0
2022-06-17 07:58:14+02:00,50.0
2022-06-17 07:59:14+02:00,50.0
2022-06-17 08:00:14+02:00,50.0
2022-06-17 08:01:14+02:00,50.0
2022-06-17 08:02:15+02:00,50.0
2022-06-17 08:03:15+02:00,50.0
2022-06-17 08:04:15+02:00,50.0
2022-06-17 08:05:15+02:00,50.0
2022-06-17 08:06:15+02:00,50.0
2022-06-17 08:07:15+02:00,50.0
2022-06-17 08:08:15+02:00,50.0
2022-06-17 08:09:16+02:00,50.0
2022-06-17 08:10:16+02:00,50.0
2022-06-17 08:11:16+02:00,50.0
2022-06-17 08:12:16+02:00,50.0
2022-06-18 04:20:00+02:00,86.5
2022-06-18 04:21:00+02:00,86.4
2022-06-18 04:22:00+02:00,86.1
2022-06-18 04:23:00+02:00,86.3
2022-06-18 04:24:00+02:00,86.7
2022-06-18 04:25:00+02:00,87.2
2022-06-18 04:26:00+02:00,87.7
2022-06-18 04:27:00+02:00,88.0
2022-06-18 04:28:00+02:00,88.3
2022-06-18 04:29:00+02:00,88.6
2022-06-18 04:30:00+02:00,88.8
2022-06-18 04:31:00+02:00,89.1
2022-06-18 04:32:01+02:00,89.3
2022-06-18 04:33:01+02:00,89.4
2022-06-18 04:34:01+02:00,89.6
2022-06-18 04:35:01+02:00,89.7
2022-06-18 04:36:01+02:00,89.8
2022-06-18 04:37:01+02:00,89.8
2022-06-18 04:38:01+02:00,89.3
2022-06-18 04:39:02+02:00,88.5
2022-06-18 04:40:02+02:00,88.0
2022-06-18 04:41:02+02:00,87.8
2022-06-18 04:42:02+02:00,87.7
2022-06-18 04:43:02+02:00,87.6
2022-06-18 04:44:02+02:00,88.9
2022-06-18 04:45:02+02:00,89.5
2022-06-18 04:46:02+02:00,90.0
2022-06-18 04:47:03+02:00,90.3
2022-06-18 04:48:03+02:00,90.4
2022-06-18 04:49:03+02:00,90.5
2022-06-18 04:50:03+02:00,90.6
2022-06-18 04:51:03+02:00,90.6
2022-06-18 04:52:03+02:00,90.6
2022-06-18 04:53:03+02:00,90.6
2022-06-18 04:54:04+02:00,90.3
2022-06-18 04:55:04+02:00,89.7
2022-06-18 04:56:04+02:00,89.0
2022-06-18 04:57:04+02:00,88.6
2022-06-18 04:58:04+02:00,88.4
2022-06-18 04:59:04+02:00,88.4
2022-06-18 05:00:04+02:00,50.0
2022-06-18 05:01:04+02:00,88.5
2022-06-18 05:02:04+02:00,50.0
2022-06-18 05:03:05+02:00,90.8
2022-06-18 05:04:05+02:00,91.0
2022-06-18 05:05:05+02:00,90.8
2022-06-18 05:06:05+02:00,90.8
2022-06-18 05:07:05+02:00,90.8
2022-06-18 05:08:05+02:00,90.9
2022-06-18 05:09:05+02:00,50.0
2022-06-18 05:10:05+02:00,91.4
2022-06-18 05:11:06+02:00,91.4
2022-06-18 05:12:06+02:00,91.7
2022-06-18 05:13:06+02:00,91.6
2022-06-18 05:14:06+02:00,91.0
2022-06-18 05:15:06+02:00,50.0
2022-06-18 05:16:06+02:00,91.5
2022-06-18 05:17:06+02:00,92.2
2022-06-18 05:18:07+02:00,93.1
2022-06-18 05:19:07+02:00,93.0
2022-06-18 05:20:07+02:00,93.7
2022-06-18 05:21:07+02:00,50.0
2022-06-18 05:22:07+02:00,93.1
2022-06-18 05:23:07+02:00,94.1
2022-06-18 05:24:07+02:00,95.4
2022-06-18 05:25:08+02:00,96.0
2022-06-18 05:26:08+02:00,96.0
2022-06-18 05:27:08+02:00,95.3
2022-06-18 05:28:08+02:00,95.0
2022-06-18 05:29:08+02:00,93.5
2022-06-18 05:30:08+02:00,94.3
2022-06-18 05:31:09+02:00,94.5
2022-06-18 05:32:09+02:00,93.9
2022-06-18 05:33:09+02:00,92.6
2022-06-18 05:34:09+02:00,91.7
2022-06-18 05:35:09+02:00,91.0
2022-06-18 05:36:09+02:00,91.4
2022-06-18 05:37:09+02:00,90.8
2022-06-18 05:38:10+02:00,89.7
2022-06-18 05:39:10+02:00,90.3
2022-06-18 05:40:10+02:00,92.7
2022-06-18 05:41:10+02:00,91.6
2022-06-18 05:42:10+02:00,91.3
2022-06-18 05:43:10+02:00,89.9
2022-06-18 05:44:10+02:00,89.5
2022-06-18 05:45:11+02:00,89.1
2022-06-18 05:46:11+02:00,90.3
2022-06-18 05:47:11+02:00,89.8
2022-06-18 05:48:11+02:00,90.1
2022-06-18 05:49:11+02:00,90.9
2022-06-18 05:50:11+02:00,91.6
2022-06-18 05:51:11+02:00,92.2
2022-06-18 05:52:12+02:00,91.9
2022-06-18 05:53:12+02:00,91.3
2022-06-18 05:54:12+02:00,91.6
2022-06-18 05:55:12+02:00,92.1
2022-06-18 05:56:12+02:00,91.1
2022-06-18 05:57:12+02:00,90.9
2022-06-18 05:58:12+02:00,90.4
2022-06-18 05:59:13+02:00,90.4
2022-06-18 06:00:13+02:00,91.4
2022-06-18 06:01:13+02:00,92.0
2022-06-18 06:02:13+02:00,92.5
2022-06-18 06:03:13+02:00,92.6
2022-06-18 06:04:13+02:00,93.4
2022-06-18 06:05:14+02:00,94.1
2022-06-18 06:06:14+02:00,94.5
2022-06-18 06:07:14+02:00,94.9
2022-06-18 06:08:14+02:00,94.5
2022-06-18 06:09:14+02:00,94.8
2022-06-18 06:10:14+02:00,95.1
2022-06-18 06:11:14+02:00,95.5
2022-06-18 06:12:15+02:00,95.5
2022-06-18 06:13:15+02:00,95.6
2022-06-18 06:14:15+02:00,95.3
2022-06-18 06:15:15+02:00,94.7
2022-06-18 06:16:15+02:00,95.5
2022-06-18 06:17:15+02:00,94.7
2022-06-18 06:18:16+02:00,94.8
2022-06-18 06:19:16+02:00,50.0
2022-06-18 06:20:16+02:00,94.3
2022-06-18 06:21:16+02:00,50.0
2022-06-18 06:22:16+02:00,93.0
2022-06-18 06:23:16+02:00,92.7
2022-06-18 06:24:16+02:00,92.6
2022-06-18 06:25:17+02:00,93.1
2022-06-18 06:26:17+02:00,93.3
2022-06-18 06:27:17+02:00,93.3
2022-06-18 06:28:17+02:00,92.9
2022-06-18 06:29:17+02:00,92.8
2022-06-18 06:30:17+02:00,92.9
2022-06-18 06:31:17+02:00,92.3
2022-06-18 06:32:17+02:00,92.4
2022-06-18 06:33:17+02:00,91.8
2022-06-18 06:34:18+02:00,91.0
2022-06-18 06:35:18+02:00,91.4
2022-06-18 06:36:18+02:00,90.7
2022-06-18 06:37:18+02:00,89.8
2022-06-18 06:38:18+02:00,90.1
2022-06-18 06:39:18+02:00,90.6
2022-06-18 06:40:18+02:00,91.1
2022-06-18 06:41:18+02:00,90.8
2022-06-18 06:42:18+02:00,91.3
2022-06-18 06:43:19+02:00,90.8
2022-06-18 06:44:19+02:00,91.0
2022-06-18 06:45:19+02:00,91.0
2022-06-18 06:46:19+02:00,50.0
2022-06-18 06:47:19+02:00,50.0
2022-06-18 06:48:19+02:00,90.1
2022-06-18 06:49:19+02:00,91.4
2022-06-18 06:50:19+02:00,50.0
2022-06-18 06:51:19+02:00,92.1
2022-06-18 06:52:19+02:00,50.0
2022-06-18 06:53:19+02:00,50.0
2022-06-18 06:54:19+02:00,92.5
2022-06-18 06:55:20+02:00,92.5
2022-06-18 06:56:20+02:00,93.3
2022-06-18 06:57:20+02:00,93.4
2022-06-18 06:58:20+02:00,93.9
2022-06-18 06:59:20+02:00,94.2
2022-06-18 07:00:20+02:00,94.4
2022-06-18 07:01:20+02:00,94.6
2022-06-18 07:02:20+02:00,94.6
2022-06-18 07:03:20+02:00,92.1
2022-06-18 07:04:20+02:00,92.7
2022-06-18 07:05:21+02:00,50.0
2022-06-18 07:06:21+02:00,90.7
2022-06-18 07:07:21+02:00,90.4
2022-06-18 07:08:21+02:00,89.9
2022-06-18 07:09:21+02:00,90.1
2022-06-18 07:10:21+02:00,90.2
2022-06-18 07:11:21+02:00,90.2
2022-06-18 07:12:21+02:00,90.4
2022-06-18 07:13:21+02:00,90.9
2022-06-18 07:14:21+02:00,90.6
2022-06-18 07:15:21+02:00,50.0
2022-06-18 07:16:22+02:00,93.8
2022-06-18 07:17:22+02:00,93.6
2022-06-18 07:18:22+02:00,95.1
2022-06-18 07:19:22+02:00,96.8
2022-06-18 07:20:22+02:00,97.5
2022-06-18 07:21:22+02:00,99.0
2022-06-18 07:22:22+02:00,97.0
2022-06-18 07:23:22+02:00,97.3
2022-06-18 07:24:22+02:00,98.4
2022-06-18 07:25:23+02:00,98.3
2022-06-18 07:26:23+02:00,98.0
2022-06-18 07:27:23+02:00,97.9
2022-06-18 07:28:23+02:00,50.0
2022-06-18 07:29:23+02:00,97.5
2022-06-18 07:30:23+02:00,97.3
2022-06-18 07:31:23+02:00,50.0
2022-06-18 07:32:24+02:00,97.2
2022-06-18 07:33:24+02:00,95.3
2022-06-18 07:34:24+02:00,93.6
2022-06-18 07:35:24+02:00,93.1
2022-06-18 07:36:24+02:00,92.8
2022-06-18 07:37:24+02:00,93.1
2022-06-18 07:38:25+02:00,93.2
2022-06-18 07:39:25+02:00,92.7
2022-06-18 07:40:25+02:00,92.1
2022-06-18 07:41:25+02:00,92.0
2022-06-18 07:42:25+02:00,92.1
2022-06-18 07:43:25+02:00,92.4
2022-06-18 07:44:25+02:00,92.3
2022-06-18 07:45:26+02:00,92.3
2022-06-18 07:46:26+02:00,92.3
2022-06-18 07:47:26+02:00,92.6
2022-06-18 07:48:26+02:00,92.8
2022-06-18 07:49:26+02:00,93.0
2022-06-18 07:50:26+02:00,93.2
2022-06-18 07:51:26+02:00,93.2
2022-06-18 07:52:27+02:00,93.2
2022-06-18 07:53:27+02:00,93.4
2022-06-18 07:54:27+02:00,93.3
2022-06-18 07:55:27+02:00,50.0
2022-06-18 07:56:27+02:00,94.6
2022-06-18 07:57:27+02:00,50.0
2022-06-18 07:58:27+02:00,50.0
2022-06-18 07:59:28+02:00,96.0
2022-06-18 08:00:28+02:00,97.5
2022-06-18 08:01:28+02:00,50.0
2022-06-18 08:02:28+02:00,50.0
2022-06-18 08:03:28+02:00,50.0
2022-06-18 08:04:28+02:00,50.0
2022-06-18 08:05:29+02:00,50.0
2022-06-18 08:06:29+02:00,50.0
2022-06-18 08:07:29+02:00,50.0
2022-06-18 08:08:29+02:00,95.9
2022-06-18 08:09:29+02:00,94.5
2022-06-18 08:10:29+02:00,93.5
2022-06-18 08:11:29+02:00,93.0
2022-06-18 08:12:29+02:00,92.9
2022-06-18 08:13:30+02:00,92.7
2022-06-18 08:14:30+02:00,92.7
2022-06-18 08:15:30+02:00,92.6
2022-06-18 08:16:30+02:00,93.0
2022-06-18 08:17:30+02:00,93.6
2022-06-18 08:18:30+02:00,93.9
2022-06-18 08:19:31+02:00,50.0
2022-06-18 08:20:31+02:00,93.6
2022-06-18 08:21:31+02:00,93.0
2022-06-18 08:22:31+02:00,92.3
2022-06-18 08:23:31+02:00,50.0
2022-06-18 08:24:31+02:00,92.6
2022-06-18 08:25:32+02:00,92.8
2022-06-18 08:26:32+02:00,92.6
2022-06-18 08:27:32+02:00,92.1
2022-06-18 08:28:32+02:00,92.3
2022-06-18 08:29:32+02:00,92.5
2022-06-18 08:30:32+02:00,50.0
2022-06-18 08:31:32+02:00,92.4
2022-06-18 08:32:33+02:00,91.9
2022-06-18 08:33:33+02:00,91.6
2022-06-18 08:34:33+02:00,91.8
2022-06-18 08:35:33+02:00,91.6
2022-06-18 08:36:33+02:00,93.3
2022-06-18 08:37:33+02:00,94.9
2022-06-18 08:38:33+02:00,95.8
2022-06-18 08:39:34+02:00,96.3
2022-06-18 08:40:34+02:00,96.7
2022-06-18 08:41:34+02:00,96.7
2022-06-18 08:42:34+02:00,96.8
2022-06-18 08:43:34+02:00,97.5
2022-06-18 08:44:34+02:00,97.5
2022-06-18 08:45:35+02:00,97.1
2022-06-18 08:46:35+02:00,96.8
2022-06-18 08:47:35+02:00,96.3
2022-06-18 08:48:35+02:00,50.0
2022-06-18 08:49:35+02:00,92.7
2022-06-18 08:50:35+02:00,50.0
2022-06-18 08:51:35+02:00,91.0
2022-06-18 08:52:36+02:00,91.3
2022-06-18 08:53:36+02:00,50.0
2022-06-18 08:54:36+02:00,91.1
2022-06-18 08:55:36+02:00,90.9
2022-06-18 08:56:36+02:00,90.8
2022-06-18 08:57:36+02:00,91.3
2022-06-18 08:58:36+02:00,91.5
2022-06-18 08:59:37+02:00,91.5
2022-06-18 09:00:37+02:00,90.9
2022-06-18 09:01:37+02:00,90.2
2022-06-18 09:02:37+02:00,50.0
2022-06-18 09:03:37+02:00,90.4
2022-06-18 09:04:37+02:00,90.1
2022-06-18 09:05:38+02:00,89.4
2022-06-18 09:06:38+02:00,89.6
2022-06-18 09:07:38+02:00,89.9
2022-06-18 09:08:38+02:00,90.3
2022-06-18 09:09:38+02:00,90.5
2022-06-18 09:10:38+02:00,90.9
2022-06-18 09:11:38+02:00,90.9
2022-06-18 09:12:39+02:00,90.4
2022-06-18 09:13:39+02:00,90.7
2022-06-18 09:14:39+02:00,90.9
2022-06-18 09:15:39+02:00,90.7
2022-06-18 09:16:39+02:00,90.3
2022-06-18 09:17:39+02:00,50.0
2022-06-18 09:18:39+02:00,91.2
2022-06-18 09:19:40+02:00,92.0
2022-06-18 09:20:40+02:00,92.3
2022-06-18 09:21:40+02:00,92.2
2022-06-18 09:22:40+02:00,92.6
2022-06-18 09:23:40+02:00,93.0
2022-06-18 09:24:40+02:00,93.2
2022-06-18 09:25:40+02:00,93.5
2022-06-18 09:26:41+02:00,93.8
2022-06-18 09:27:41+02:00,94.2
2022-06-18 09:28:41+02:00,50.0
2022-06-18 09:29:41+02:00,92.6
2022-06-18 09:30:41+02:00,91.8
2022-06-18 09:31:41+02:00,91.6
2022-06-18 09:32:42+02:00,91.4
2022-06-18 09:33:42+02:00,91.7
2022-06-18 09:34:42+02:00,91.7
2022-06-18 09:35:42+02:00,91.8
2022-06-18 09:36:42+02:00,91.8
2022-06-18 09:37:42+02:00,91.8
2022-06-18 09:38:42+02:00,91.8
2022-06-18 09:39:43+02:00,91.8
2022-06-18 09:40:43+02:00,91.9
2022-06-18 09:41:43+02:00,91.9
2022-06-18 09:42:43+02:00,91.9
2022-06-18 09:43:43+02:00,91.9
2022-06-18 09:44:43+02:00,91.9
2022-06-18 09:45:44+02:00,92.0
2022-06-18 09:46:44+02:00,92.0
2022-06-18 09:47:44+02:00,92.1
2022-06-18 09:48:44+02:00,92.0
2022-06-18 09:49:44+02:00,92.1
2022-06-18 09:50:44+02:00,92.1
2022-06-18 09:51:44+02:00,92.0
2022-06-18 09:52:45+02:00,91.9
2022-06-18 09:53:45+02:00,91.9
2022-06-18 09:54:45+02:00,91.7
2022-06-18 09:55:45+02:00,91.8
2022-06-18 09:56:45+02:00,91.7
2022-06-18 09:57:45+02:00,91.8
2022-06-18 09:58:45+02:00,91.7
2022-06-18 09:59:46+02:00,91.7
2022-06-18 10:00:46+02:00,91.6
2022-06-18 10:01:46+02:00,91.7
2022-06-18 10:02:46+02:00,91.7
2022-06-18 10:03:46+02:00,91.7
2022-06-18 10:04:46+02:00,91.7
2022-06-18 10:05:47+02:00,91.7
2022-06-18 10:06:47+02:00,91.6
2022-06-18 10:07:47+02:00,91.7
2022-06-18 10:08:47+02:00,91.6
2022-06-18 10:09:47+02:00,91.7
2022-06-18 10:10:47+02:00,91.7
2022-06-18 10:11:47+02:00,91.7
2022-06-18 10:12:48+02:00,91.6
2022-06-18 10:13:48+02:00,91.7
2022-06-18 10:14:48+02:00,91.6
2022-06-18 10:15:48+02:00,91.6
2022-06-18 10:16:48+02:00,91.6
2022-06-18 10:17:48+02:00,50.0
2022-06-18 10:18:48+02:00,50.0
2022-06-18 10:19:49+02:00,91.6
2022-06-18 10:20:49+02:00,91.6
2022-06-18 10:21:49+02:00,91.7
2022-06-18 10:22:49+02:00,91.8
2022-06-18 10:23:49+02:00,91.5
2022-06-18 10:24:49+02:00,91.4
2022-06-18 10:25:50+02:00,91.5
2022-06-18 10:26:50+02:00,91.3
2022-06-18 10:27:50+02:00,91.5
2022-06-18 10:28:50+02:00,91.8
2022-06-18 10:29:50+02:00,91.9
2022-06-18 10:30:50+02:00,91.7
2022-06-18 10:31:50+02:00,91.8
2022-06-18 10:32:51+02:00,91.8
2022-06-18 10:33:51+02:00,91.7
2022-06-18 10:34:51+02:00,91.9
2022-06-18 10:35:51+02:00,92.2
2022-06-18 10:36:51+02:00,92.4
2022-06-18 10:37:51+02:00,92.5
2022-06-18 10:38:51+02:00,92.6
2022-06-18 10:39:52+02:00,92.5
2022-06-18 10:40:52+02:00,50.0
2022-06-18 10:41:52+02:00,92.8
2022-06-18 10:42:52+02:00,93.6
2022-06-18 10:43:52+02:00,94.5
2022-06-18 10:44:52+02:00,95.2
2022-06-18 10:45:52+02:00,95.6
2022-06-18 10:46:53+02:00,50.0
2022-06-18 10:47:53+02:00,96.2
2022-06-18 10:48:53+02:00,50.0
2022-06-18 10:49:53+02:00,50.0
2022-06-18 10:50:53+02:00,50.0
2022-06-18 10:51:53+02:00,50.0
2022-06-18 10:52:54+02:00,95.5
2022-06-18 10:53:54+02:00,50.0
2022-06-18 10:54:54+02:00,50.0
2022-06-18 10:55:54+02:00,50.0
2022-06-18 10:56:54+02:00,50.0
2022-06-18 10:57:54+02:00,50.0
2022-06-18 10:58:54+02:00,50.0
2022-06-18 10:59:55+02:00,50.0
2022-06-18 11:00:55+02:00,50.0
2022-06-18 11:01:55+02:00,50.0
2022-06-18 11:02:55+02:00,50.0
2022-06-18 11:03:55+02:00,50.0
2022-06-18 11:04:55+02:00,50.0
2022-06-18 11:05:55+02:00,50.0
2022-06-18 11:06:56+02:00,50.0
2022-06-18 11:07:56+02:00,50.0
2022-06-18 11:08:56+02:00,50.0
2022-06-18 11:09:56+02:00,50.0
2022-06-18 11:10:56+02:00,50.0
2022-06-18 11:11:56+02:00,50.0
2022-06-18 11:12:56+02:00,50.0
2022-06-18 11:13:57+02:00,50.0
2022-06-18 11:14:57+02:00,50.0
2022-06-18 11:15:57+02:00,50.0
2022-06-18 11:16:57+02:00,50.0
2022-06-18 11:17:57+02:00,50.0
2022-06-18 11:18:57+02:00,50.0
2022-06-18 11:19:57+02:00,50.0
2022-06-18 11:20:58+02:00,50.0
2022-06-18 11:21:58+02:00,50.0
2022-06-18 11:22:58+02:00,50.0
2022-06-18 11:23:58+02:00,50.0
2022-06-18 11:24:58+02:00,50.0
2022-06-19 02:34:00+02:00,50.0
2022-06-19 02:35:00+02:00,93.4
2022-06-19 02:36:00+02:00,93.3
2022-06-19 02:37:00+02:00,93.2
2022-06-19 02:38:00+02:00,93.1
2022-06-19 02:39:00+02:00,92.9
2022-06-19 02:40:00+02:00,92.6
2022-06-19 02:41:00+02:00,92.4
2022-06-19 02:42:00+02:00,92.3
2022-06-19 02:43:00+02:00,92.2
2022-06-19 02:44:00+02:00,92.3
2022-06-19 02:45:00+02:00,92.4
2022-06-19 02:46:00+02:00,92.3
2022-06-19 02:47:01+02:00,92.5
2022-06-19 02:48:01+02:00,92.4
2022-06-19 02:49:01+02:00,92.5
2022-06-19 02:50:01+02:00,92.7
2022-06-19 02:51:01+02:00,92.7
2022-06-19 02:52:01+02:00,92.8
2022-06-19 02:53:02+02:00,92.8
2022-06-19 02:54:02+02:00,50.0
2022-06-19 02:55:02+02:00,92.5
2022-06-19 02:56:02+02:00,50.0
2022-06-19 02:57:02+02:00,92.6
2022-06-19 02:58:02+02:00,92.2
2022-06-19 02:59:02+02:00,91.8
2022-06-19 03:00:02+02:00,91.6
2022-06-19 03:01:02+02:00,91.3
2022-06-19 03:02:03+02:00,91.1
2022-06-19 03:03:03+02:00,91.0
2022-06-19 03:04:03+02:00,91.0
2022-06-19 03:05:03+02:00,90.9
2022-06-19 03:06:03+02:00,91.0
2022-06-19 03:07:03+02:00,90.8
2022-06-19 03:08:04+02:00,90.7
2022-06-19 03:09:04+02:00,90.8
2022-06-19 03:10:04+02:00,90.8
2022-06-19 03:11:04+02:00,90.9
2022-06-19 03:12:04+02:00,90.9
2022-06-19 03:13:04+02:00,91.0
2022-06-19 03:14:04+02:00,91.0
2022-06-19 03:15:04+02:00,90.9
2022-06-19 03:16:05+02:00,90.9
2022-06-19 03:17:05+02:00,90.9
2022-06-19 03:18:05+02:00,91.0
2022-06-19 03:19:05+02:00,90.9
2022-06-19 03:20:05+02:00,91.0
2022-06-19 03:21:05+02:00,91.0
2022-06-19 03:22:06+02:00,91.0
2022-06-19 03:23:06+02:00,90.9
2022-06-19 03:24:06+02:00,50.0
2022-06-19 03:25:06+02:00,91.4
2022-06-19 03:26:06+02:00,91.5
2022-06-19 03:27:06+02:00,91.2
2022-06-19 03:28:06+02:00,91.0
2022-06-19 03:29:07+02:00,91.1
2022-06-19 03:30:07+02:00,91.2
2022-06-19 03:31:07+02:00,50.0
2022-06-19 03:32:07+02:00,91.4
2022-06-19 03:33:07+02:00,91.7
2022-06-19 03:34:07+02:00,91.8
2022-06-19 03:35:08+02:00,91.7
2022-06-19 03:36:08+02:00,91.8
2022-06-19 03:37:08+02:00,50.0
2022-06-19 03:38:08+02:00,91.7
2022-06-19 03:39:08+02:00,91.5
2022-06-19 03:40:08+02:00,91.5
2022-06-19 03:41:08+02:00,91.5
2022-06-19 03:42:09+02:00,50.0
2022-06-19 03:43:09+02:00,50.0
2022-06-19 03:44:09+02:00,91.9
2022-06-19 03:45:09+02:00,92.4
2022-06-19 03:46:09+02:00,92.6
2022-06-19 03:47:09+02:00,92.5
2022-06-19 03:48:10+02:00,92.7
2022-06-19 03:49:10+02:00,92.6
2022-06-19 03:50:10+02:00,92.8
2022-06-19 03:51:10+02:00,93.0
2022-06-19 03:52:10+02:00,93.0
2022-06-19 03:53:10+02:00,92.8
2022-06-19 03:54:10+02:00,92.8
2022-06-19 03:55:11+02:00,92.6
2022-06-19 03:56:11+02:00,92.3
2022-06-19 03:57:11+02:00,92.3
2022-06-19 03:58:11+02:00,92.6
2022-06-19 03:59:11+02:00,92.6
2022-06-19 04:00:11+02:00,92.4
2022-06-19 04:01:12+02:00,92.4
2022-06-19 04:02:12+02:00,92.2
2022-06-19 04:03:12+02:00,92.3
2022-06-19 04:04:12+02:00,92.1
2022-06-19 04:05:12+02:00,92.1
2022-06-19 04:06:12+02:00,92.1
2022-06-19 04:07:12+02:00,92.0
2022-06-19 04:08:13+02:00,91.8
2022-06-19 04:09:13+02:00,91.6
2022-06-19 04:10:13+02:00,91.8
2022-06-19 04:11:13+02:00,92.0
2022-06-19 04:12:13+02:00,92.0
2022-06-19 04:13:13+02:00,91.8
2022-06-19 04:14:13+02:00,91.6
2022-06-19 04:15:14+02:00,91.6
2022-06-19 04:16:14+02:00,91.5
2022-06-19 04:17:14+02:00,91.6
2022-06-19 04:18:14+02:00,91.8
2022-06-19 04:19:14+02:00,91.9
2022-06-19 04:20:14+02:00,91.6
2022-06-19 04:21:14+02:00,50.0
2022-06-19 04:22:15+02:00,91.7
2022-06-19 04:23:15+02:00,92.6
2022-06-19 04:24:15+02:00,92.8
2022-06-19 04:25:15+02:00,92.9
2022-06-19 04:26:15+02:00,93.0
2022-06-19 04:27:15+02:00,93.1
2022-06-19 04:28:15+02:00,93.1
2022-06-19 04:29:16+02:00,93.0
2022-06-19 04:30:16+02:00,92.9
2022-06-19 04:31:16+02:00,93.0
2022-06-19 04:32:16+02:00,93.2
2022-06-19 04:33:16+02:00,93.4
2022-06-19 04:34:16+02:00,93.0
2022-06-19 04:35:17+02:00,93.1
2022-06-19 04:36:17+02:00,93.1
2022-06-19 04:37:17+02:00,93.2
2022-06-19 04:38:17+02:00,93.4
2022-06-19 04:39:17+02:00,93.3
2022-06-19 04:40:17+02:00,93.2
2022-06-19 04:41:17+02:00,93.2
2022-06-19 04:42:17+02:00,93.2
2022-06-19 04:43:17+02:00,93.1
2022-06-19 04:44:17+02:00,93.2
2022-06-19 04:45:17+02:00,93.2
2022-06-19 04:46:18+02:00,93.1
2022-06-19 04:47:18+02:00,93.0
2022-06-19 04:48:18+02:00,93.1
2022-06-19 04:49:18+02:00,93.1
2022-06-19 04:50:18+02:00,93.1
2022-06-19 04:51:18+02:00,93.2
2022-06-19 04:52:18+02:00,93.2
2022-06-19 04:53:18+02:00,93.2
2022-06-19 04:54:19+02:00,93.2
2022-06-19 04:55:19+02:00,50.0
2022-06-19 04:56:19+02:00,92.8
2022-06-19 04:57:19+02:00,92.5
2022-06-19 04:58:19+02:00,92.5
2022-06-19 04:59:19+02:00,92.7
2022-06-19 05:00:19+02:00,92.8
2022-06-19 05:01:19+02:00,92.8
2022-06-19 05:02:19+02:00,92.8
2022-06-19 05:03:19+02:00,92.7
2022-06-19 05:04:19+02:00,92.7
2022-06-19 05:05:19+02:00,92.5
2022-06-19 05:06:20+02:00,92.4
2022-06-19 05:07:20+02:00,92.6
2022-06-19 05:08:20+02:00,92.6
2022-06-19 05:09:20+02:00,92.7
2022-06-19 05:10:20+02:00,92.8
2022-06-19 05:11:20+02:00,92.9
2022-06-19 05:12:20+02:00,92.9
2022-06-19 05:13:20+02:00,92.7
2022-06-19 05:14:20+02:00,92.9
2022-06-19 05:15:20+02:00,93.0
2022-06-19 05:16:20+02:00,92.9
2022-06-19 05:17:20+02:00,93.0
2022-06-19 05:18:21+02:00,92.8
2022-06-19 05:19:21+02:00,92.4
2022-06-19 05:20:21+02:00,92.9
2022-06-19 05:21:21+02:00,92.9
2022-06-19 05:22:21+02:00,50.0
2022-06-19 05:23:21+02:00,50.0
2022-06-19 05:24:21+02:00,50.0
2022-06-19 05:25:21+02:00,50.0
2022-06-19 05:26:21+02:00,93.1
2022-06-19 05:27:21+02:00,93.0
2022-06-19 05:28:22+02:00,92.6
2022-06-19 05:29:22+02:00,92.4
2022-06-19 05:30:22+02:00,92.4
2022-06-19 05:31:22+02:00,50.0
2022-06-19 05:32:22+02:00,92.3
2022-06-19 05:33:22+02:00,93.2
2022-06-19 05:34:22+02:00,50.0
2022-06-19 05:35:22+02:00,94.2
2022-06-19 05:36:23+02:00,94.1
2022-06-19 05:37:23+02:00,95.1
2022-06-19 05:38:23+02:00,95.3
2022-06-19 05:39:23+02:00,95.5
2022-06-19 05:40:23+02:00,95.7
2022-06-19 05:41:23+02:00,95.8
2022-06-19 05:42:23+02:00,95.7
2022-06-19 05:43:24+02:00,95.7
2022-06-19 05:44:24+02:00,95.7
2022-06-19 05:45:24+02:00,95.7
2022-06-19 05:46:24+02:00,95.7
2022-06-19 05:47:24+02:00,95.5
2022-06-19 05:48:24+02:00,95.0
2022-06-19 05:49:25+02:00,95.0
2022-06-19 05:50:25+02:00,94.9
2022-06-19 05:51:25+02:00,94.6
2022-06-19 05:52:25+02:00,94.7
2022-06-19 05:53:25+02:00,94.8
2022-06-19 05:54:25+02:00,94.7
2022-06-19 05:55:26+02:00,94.5
2022-06-19 05:56:26+02:00,94.2
2022-06-19 05:57:26+02:00,93.8
2022-06-19 05:58:26+02:00,93.8
2022-06-19 05:59:26+02:00,50.0
2022-06-19 06:00:26+02:00,93.0
2022-06-19 06:01:26+02:00,91.7
2022-06-19 06:02:27+02:00,90.2
2022-06-19 06:03:27+02:00,90.8
2022-06-19 06:04:27+02:00,91.2
2022-06-19 06:05:27+02:00,91.4
2022-06-19 06:06:27+02:00,91.4
2022-06-19 06:07:27+02:00,91.4
2022-06-19 06:08:28+02:00,91.4
2022-06-19 06:09:28+02:00,91.5
2022-06-19 06:10:28+02:00,91.5
2022-06-19 06:11:28+02:00,91.4
2022-06-19 06:12:28+02:00,91.2
2022-06-19 06:13:28+02:00,91.1
2022-06-19 06:14:28+02:00,91.2
2022-06-19 06:15:29+02:00,91.2
2022-06-19 06:16:29+02:00,91.3
2022-06-19 06:17:29+02:00,91.3
2022-06-19 06:18:29+02:00,91.2
2022-06-19 06:19:29+02:00,91.2
2022-06-19 06:20:29+02:00,91.3
2022-06-19 06:21:30+02:00,91.2
2022-06-19 06:22:30+02:00,91.3
2022-06-19 06:23:30+02:00,91.3
2022-06-19 06:24:30+02:00,91.3
2022-06-19 06:25:30+02:00,91.4
2022-06-19 06:26:30+02:00,91.4
2022-06-19 06:27:30+02:00,91.4
2022-06-19 06:28:31+02:00,91.4
2022-06-19 06:29:31+02:00,91.4
2022-06-19 06:30:31+02:00,91.5
2022-06-19 06:31:31+02:00,91.6
2022-06-19 06:32:31+02:00,91.8
2022-06-19 06:33:31+02:00,91.2
2022-06-19 06:34:32+02:00,50.0
2022-06-19 06:35:32+02:00,92.4
2022-06-19 06:36:32+02:00,94.4
2022-06-19 06:37:32+02:00,95.3
2022-06-19 06:38:32+02:00,96.0
2022-06-19 06:39:32+02:00,96.1
2022-06-19 06:40:33+02:00,96.3
2022-06-19 06:41:33+02:00,96.4
2022-06-19 06:42:33+02:00,96.4
2022-06-19 06:43:33+02:00,96.7
2022-06-19 06:44:33+02:00,97.1
2022-06-19 06:45:33+02:00,97.2
2022-06-19 06:46:33+02:00,97.5
2022-06-19 06:47:34+02:00,96.8
2022-06-19 06:48:34+02:00,96.0
2022-06-19 06:49:34+02:00,50.0
2022-06-19 06:50:34+02:00,95.2
2022-06-19 06:51:34+02:00,94.9
2022-06-19 06:52:35+02:00,94.3
2022-06-19 06:53:35+02:00,93.9
2022-06-19 06:54:35+02:00,93.5
2022-06-19 06:55:35+02:00,93.5
2022-06-19 06:56:35+02:00,93.5
2022-06-19 06:57:35+02:00,50.0
2022-06-19 06:58:35+02:00,93.9
2022-06-19 06:59:36+02:00,93.9
2022-06-19 07:00:36+02:00,93.8
2022-06-19 07:01:36+02:00,94.0
2022-06-19 07:02:36+02:00,94.1
2022-06-19 07:03:36+02:00,94.0
2022-06-19 07:04:36+02:00,94.0
2022-06-19 07:05:37+02:00,94.1
2022-06-19 07:06:37+02:00,94.1
2022-06-19 07:07:37+02:00,94.2
2022-06-19 07:08:37+02:00,94.3
2022-06-19 07:09:37+02:00,94.1
2022-06-19 07:10:37+02:00,94.1
2022-06-19 07:11:37+02:00,94.2
2022-06-19 07:12:38+02:00,94.4
2022-06-19 07:13:38+02:00,50.0
2022-06-19 07:14:38+02:00,94.1
2022-06-19 07:15:38+02:00,93.5
2022-06-19 07:16:38+02:00,93.0
2022-06-19 07:17:38+02:00,92.6
2022-06-19 07:18:38+02:00,92.4
2022-06-19 07:19:39+02:00,92.3
2022-06-19 07:20:39+02:00,92.4
2022-06-19 07:21:39+02:00,92.3
2022-06-19 07:22:39+02:00,92.2
2022-06-19 07:23:39+02:00,92.2
2022-06-19 07:24:40+02:00,92.1
2022-06-19 07:25:40+02:00,92.3
2022-06-19 07:26:40+02:00,92.1
2022-06-19 07:27:40+02:00,92.0
2022-06-19 07:28:40+02:00,92.0
2022-06-19 07:29:40+02:00,91.8
2022-06-19 07:30:40+02:00,91.9
2022-06-19 07:31:41+02:00,91.8
2022-06-19 07:32:41+02:00,91.7
2022-06-19 07:33:41+02:00,91.8
2022-06-19 07:34:41+02:00,91.9
2022-06-19 07:35:41+02:00,91.9
2022-06-19 07:36:41+02:00,91.9
2022-06-19 07:37:41+02:00,91.9
2022-06-19 07:38:42+02:00,92.0
2022-06-19 07:39:42+02:00,92.0
2022-06-19 07:40:42+02:00,91.9
2022-06-19 07:41:42+02:00,91.9
2022-06-19 07:42:42+02:00,91.8
2022-06-19 07:43:42+02:00,91.8
2022-06-19 07:44:42+02:00,91.8
2022-06-19 07:45:43+02:00,91.8
2022-06-19 07:46:43+02:00,91.8
2022-06-19 07:47:43+02:00,91.8
2022-06-19 07:48:43+02:00,91.8
2022-06-19 07:49:43+02:00,91.8
2022-06-19 07:50:43+02:00,91.8
2022-06-19 07:51:44+02:00,91.9
2022-06-19 07:52:44+02:00,91.8
2022-06-19 07:53:44+02:00,91.8
2022-06-19 07:54:44+02:00,91.8
2022-06-19 07:55:44+02:00,91.7
2022-06-19 07:56:44+02:00,91.8
2022-06-19 07:57:44+02:00,50.0
2022-06-19 07:58:45+02:00,91.9
2022-06-19 07:59:45+02:00,50.0
2022-06-19 08:00:45+02:00,92.7
2022-06-19 08:01:45+02:00,93.4
2022-06-19 08:02:45+02:00,93.9
2022-06-19 08:03:45+02:00,94.2
2022-06-19 08:04:46+02:00,94.7
2022-06-19 08:05:46+02:00,95.0
2022-06-19 08:06:46+02:00,95.1
2022-06-19 08:07:46+02:00,95.3
2022-06-19 08:08:46+02:00,94.8
2022-06-19 08:09:46+02:00,95.1
2022-06-19 08:10:47+02:00,50.0
2022-06-19 08:11:47+02:00,94.7
2022-06-19 08:12:47+02:00,94.4
2022-06-19 08:13:47+02:00,94.1
2022-06-19 08:14:47+02:00,93.8
2022-06-19 08:15:47+02:00,93.7
2022-06-19 08:16:48+02:00,93.4
2022-06-19 08:17:48+02:00,93.6
2022-06-19 08:18:48+02:00,94.0
2022-06-19 08:19:48+02:00,94.3
2022-06-19 08:20:48+02:00,94.4
2022-06-19 08:21:48+02:00,94.6
2022-06-19 08:22:49+02:00,94.3
2022-06-19 08:23:49+02:00,94.7
2022-06-19 08:24:49+02:00,94.9
2022-06-19 08:25:49+02:00,50.0
2022-06-19 08:26:49+02:00,94.7
2022-06-19 08:27:49+02:00,94.4
2022-06-19 08:28:50+02:00,50.0
2022-06-19 08:29:50+02:00,93.9
2022-06-19 08:30:50+02:00,94.2
2022-06-19 08:31:50+02:00,94.2
2022-06-19 08:32:50+02:00,94.2
2022-06-19 08:33:50+02:00,50.0
2022-06-19 08:34:51+02:00,94.1
2022-06-19 08:35:51+02:00,94.4
2022-06-19 08:36:51+02:00,94.6
2022-06-19 08:37:51+02:00,94.7
2022-06-19 08:38:51+02:00,94.8
2022-06-19 08:39:51+02:00,95.0
2022-06-19 08:40:52+02:00,95.3
2022-06-19 08:41:52+02:00,95.5
2022-06-19 08:42:52+02:00,95.6
2022-06-19 08:43:52+02:00,94.0
2022-06-19 08:44:52+02:00,93.7
2022-06-19 08:45:52+02:00,50.0
2022-06-19 08:46:53+02:00,93.9
2022-06-19 08:47:53+02:00,93.8
2022-06-19 08:48:53+02:00,93.9
2022-06-19 08:49:53+02:00,50.0
2022-06-19 08:50:53+02:00,94.7
2022-06-19 08:51:53+02:00,95.7
2022-06-19 08:52:54+02:00,96.2
2022-06-19 08:53:54+02:00,96.9
2022-06-19 08:54:54+02:00,96.8
2022-06-19 08:55:54+02:00,96.7
2022-06-19 08:56:54+02:00,97.4
2022-06-19 08:57:54+02:00,97.7
2022-06-19 08:58:55+02:00,97.6
2022-06-19 08:59:55+02:00,97.4
2022-06-19 09:00:55+02:00,97.5
2022-06-19 09:01:55+02:00,97.4
2022-06-19 09:02:55+02:00,96.7
2022-06-19 09:03:55+02:00,96.0
2022-06-19 09:04:55+02:00,95.3
2022-06-19 09:05:56+02:00,94.8
2022-06-19 09:06:56+02:00,94.4
2022-06-19 09:07:56+02:00,50.0
2022-06-19 09:08:56+02:00,94.2
2022-06-19 09:09:56+02:00,93.1
2022-06-19 09:10:56+02:00,92.2
2022-06-19 09:11:56+02:00,92.9
2022-06-19 09:12:57+02:00,93.0
2022-06-19 09:13:57+02:00,93.9
2022-06-19 09:14:57+02:00,50.0
2022-06-19 09:15:57+02:00,94.7
2022-06-19 09:16:57+02:00,95.2
2022-06-19 09:17:57+02:00,96.0
2022-06-19 09:18:58+02:00,96.6
2022-06-19 09:19:58+02:00,50.0
2022-06-19 09:20:58+02:00,50.0
2022-06-19 09:21:58+02:00,96.8
2022-06-19 09:22:58+02:00,96.9
2022-06-19 09:23:58+02:00,96.7
2022-06-19 09:24:59+02:00,96.0
2022-06-19 09:25:59+02:00,50.0
2022-06-19 09:26:59+02:00,96.2
2022-06-19 09:27:59+02:00,96.0
2022-06-19 09:28:59+02:00,96.6
2022-06-19 09:29:59+02:00,97.4
2022-06-19 09:30:59+02:00,97.1
2022-06-19 09:31:59+02:00,97.6
2022-06-19 09:33:00+02:00,98.2
2022-06-19 09:34:00+02:00,98.5
2022-06-19 09:35:00+02:00,99.0
2022-06-19 09:36:00+02:00,99.2
2022-06-19 09:37:00+02:00,99.4
2022-06-19 09:38:00+02:00,99.7
2022-06-19 09:39:00+02:00,99.8
2022-06-19 09:40:01+02:00,99.7
2022-06-19 09:41:01+02:00,99.8
2022-06-19 09:42:01+02:00,99.6
2022-06-19 09:43:01+02:00,99.5
2022-06-19 09:44:01+02:00,99.0
2022-06-19 09:45:01+02:00,98.3
2022-06-19 09:46:01+02:00,98.1
2022-06-19 09:47:01+02:00,50.0
2022-06-19 09:48:01+02:00,97.4
2022-06-19 09:49:01+02:00,50.0
2022-06-19 09:50:02+02:00,94.9
2022-06-19 09:51:02+02:00,96.0
2022-06-19 09:52:02+02:00,96.8
2022-06-19 09:53:02+02:00,97.6
2022-06-19 09:54:02+02:00,98.7
2022-06-19 09:55:02+02:00,99.2
2022-06-19 09:56:02+02:00,98.9
2022-06-19 09:57:02+02:00,97.8
2022-06-19 09:58:03+02:00,97.4
2022-06-19 09:59:03+02:00,97.6
2022-06-19 10:00:03+02:00,98.5
2022-06-19 10:01:03+02:00,98.5
2022-06-19 10:02:03+02:00,98.8
2022-06-19 10:03:03+02:00,97.2
2022-06-19 10:04:03+02:00,97.5
2022-06-19 10:05:03+02:00,98.0
2022-06-19 10:06:04+02:00,97.5
2022-06-19 10:07:04+02:00,96.9
2022-06-19 10:08:04+02:00,97.3
2022-06-19 10:09:04+02:00,97.6
2022-06-19 10:10:04+02:00,97.5
2022-06-19 10:11:04+02:00,98.2
2022-06-19 10:12:04+02:00,50.0
2022-06-19 10:13:04+02:00,97.5
2022-06-19 10:14:05+02:00,98.3
2022-06-19 10:15:05+02:00,96.5
2022-06-19 10:16:05+02:00,96.4
2022-06-19 10:17:05+02:00,50.0
2022-06-19 10:18:05+02:00,95.3
2022-06-19 10:19:05+02:00,93.7
2022-06-19 10:20:05+02:00,92.8
2022-06-19 10:21:06+02:00,92.4
2022-06-19 10:22:06+02:00,93.0
2022-06-19 10:23:06+02:00,50.0
2022-06-19 10:24:06+02:00,93.4
2022-06-19 10:25:06+02:00,50.0
2022-06-19 10:26:06+02:00,50.0
2022-06-19 10:27:06+02:00,50.0
2022-06-19 10:28:07+02:00,92.2
2022-06-19 10:29:07+02:00,92.8
2022-06-19 10:30:07+02:00,93.0
2022-06-19 10:31:07+02:00,93.0
2022-06-19 10:32:07+02:00,92.7
2022-06-19 10:33:07+02:00,50.0
2022-06-19 10:34:07+02:00,93.3
2022-06-19 10:35:08+02:00,90.4
2022-06-19 10:36:08+02:00,87.2
2022-06-19 10:37:08+02:00,50.0
2022-06-19 10:38:08+02:00,86.3
2022-06-19 10:39:08+02:00,50.0
2022-06-19 10:40:08+02:00,87.3
2022-06-19 10:41:09+02:00,89.2
2022-06-19 10:42:09+02:00,89.8
2022-06-19 10:43:09+02:00,90.3
2022-06-19 10:44:09+02:00,50.0
2022-06-19 10:45:09+02:00,50.0
2022-06-19 10:46:09+02:00,50.0
2022-06-19 10:47:09+02:00,50.0
2022-06-19 10:48:10+02:00,50.0
2022-06-19 10:49:10+02:00,50.0
2022-06-19 10:50:10+02:00,50.0
2022-06-19 10:51:10+02:00,50.0
2022-06-19 10:52:10+02:00,50.0
2022-06-19 10:53:10+02:00,50.0
2022-06-19 10:54:10+02:00,50.0
2022-06-19 10:55:11+02:00,50.0
2022-06-19 10:56:11+02:00,50.0
2022-06-19 10:57:11+02:00,50.0
2022-06-19 10:58:11+02:00,50.0
2022-06-19 10:59:11+02:00,50.0
2022-06-19 11:00:11+02:00,50.0
2022-06-19 11:01:11+02:00,50.0
2022-06-19 11:02:11+02:00,50.0
2022-06-19 11:03:12+02:00,50.0
2022-06-19 11:04:12+02:00,50.0
2022-06-19 11:05:12+02:00,50.0
2022-06-19 11:06:12+02:00,50.0
2022-06-19 11:07:12+02:00,50.0
2022-06-19 11:08:12+02:00,50.0
2022-06-19 11:09:12+02:00,90.0
2022-06-19 11:10:13+02:00,50.0
2022-06-19 11:11:13+02:00,50.0
2022-06-19 11:12:13+02:00,50.0
2022-06-19 11:13:13+02:00,89.8
2022-06-19 11:14:13+02:00,50.0
2022-06-19 11:15:13+02:00,50.0
2022-06-19 11:16:13+02:00,50.0
2022-06-19 11:17:14+02:00,50.0
2022-06-19 11:18:14+02:00,50.0
2022-06-19 11:19:14+02:00,50.0
2022-06-20 02:08:00+02:00,50.0
2022-06-20 02:09:00+02:00,92.6
2022-06-20 02:10:00+02:00,92.9
2022-06-20 02:11:00+02:00,93.0
2022-06-20 02:12:00+02:00,93.1
2022-06-20 02:13:00+02:00,93.1
2022-06-20 02:14:00+02:00,93.1
2022-06-20 02:15:00+02:00,93.2
2022-06-20 02:16:00+02:00,93.3
2022-06-20 02:17:00+02:00,93.2
2022-06-20 02:18:00+02:00,93.3
2022-06-20 02:19:00+02:00,93.5
2022-06-20 02:20:01+02:00,93.6
2022-06-20 02:21:01+02:00,93.8
2022-06-20 02:22:01+02:00,50.0
2022-06-20 02:23:01+02:00,93.8
2022-06-20 02:24:01+02:00,93.4
2022-06-20 02:25:01+02:00,93.0
2022-06-20 02:26:01+02:00,92.8
2022-06-20 02:27:01+02:00,92.7
2022-06-20 02:28:01+02:00,92.5
2022-06-20 02:29:01+02:00,92.3
2022-06-20 02:30:02+02:00,92.3
2022-06-20 02:31:02+02:00,92.1
2022-06-20 02:32:02+02:00,92.0
2022-06-20 02:33:02+02:00,91.9
2022-06-20 02:34:02+02:00,91.9
2022-06-20 02:35:02+02:00,91.9
2022-06-20 02:36:02+02:00,92.0
2022-06-20 02:37:02+02:00,91.9
2022-06-20 02:38:03+02:00,91.9
2022-06-20 02:39:03+02:00,91.9
2022-06-20 02:40:03+02:00,92.2
2022-06-20 02:41:03+02:00,92.4
2022-06-20 02:42:03+02:00,92.4
2022-06-20 02:43:03+02:00,92.5
2022-06-20 02:44:03+02:00,92.6
2022-06-20 02:45:03+02:00,92.8
2022-06-20 02:46:04+02:00,92.6
2022-06-20 02:47:04+02:00,92.6
2022-06-20 02:48:04+02:00,92.6
2022-06-20 02:49:04+02:00,92.6
2022-06-20 02:50:04+02:00,92.6
2022-06-20 02:51:04+02:00,92.7
2022-06-20 02:52:04+02:00,92.7
2022-06-20 02:53:04+02:00,92.6
2022-06-20 02:54:05+02:00,92.6
2022-06-20 02:55:05+02:00,50.0
2022-06-20 02:56:05+02:00,92.4
2022-06-20 02:57:05+02:00,92.4
2022-06-20 02:58:05+02:00,92.7
2022-06-20 02:59:05+02:00,92.8
2022-06-20 03:00:05+02:00,92.9
2022-06-20 03:01:05+02:00,50.0
2022-06-20 03:02:05+02:00,92.9
2022-06-20 03:03:05+02:00,93.0
2022-06-20 03:04:06+02:00,50.0
2022-06-20 03:05:06+02:00,93.2
2022-06-20 03:06:06+02:00,92.8
2022-06-20 03:07:06+02:00,92.5
2022-06-20 03:08:06+02:00,92.3
2022-06-20 03:09:06+02:00,92.0
2022-06-20 03:10:07+02:00,92.0
2022-06-20 03:11:07+02:00,50.0
2022-06-20 03:12:07+02:00,92.4
2022-06-20 03:13:07+02:00,92.7
2022-06-20 03:14:07+02:00,92.9
2022-06-20 03:15:07+02:00,93.0
2022-06-20 03:16:07+02:00,92.8
2022-06-20 03:17:08+02:00,50.0
2022-06-20 03:18:08+02:00,93.0
2022-06-20 03:19:08+02:00,93.2
2022-06-20 03:20:08+02:00,93.3
2022-06-20 03:21:08+02:00,93.2
2022-06-20 03:22:08+02:00,93.1
2022-06-20 03:23:09+02:00,50.0
2022-06-20 03:24:09+02:00,93.1
2022-06-20 03:25:09+02:00,92.6
2022-06-20 03:26:09+02:00,92.1
2022-06-20 03:27:09+02:00,91.9
2022-06-20 03:28:09+02:00,91.9
2022-06-20 03:29:09+02:00,91.8
2022-06-20 03:30:09+02:00,91.9
2022-06-20 03:31:10+02:00,92.0
2022-06-20 03:32:10+02:00,91.8
2022-06-20 03:33:10+02:00,91.9
2022-06-20 03:34:10+02:00,92.0
2022-06-20 03:35:10+02:00,92.3
2022-06-20 03:36:10+02:00,92.4
2022-06-20 03:37:11+02:00,92.5
2022-06-20 03:38:11+02:00,92.7
2022-06-20 03:39:11+02:00,92.8
2022-06-20 03:40:11+02:00,92.7
2022-06-20 03:41:11+02:00,92.7
2022-06-20 03:42:11+02:00,92.8
2022-06-20 03:43:11+02:00,92.9
2022-06-20 03:44:12+02:00,92.9
2022-06-20 03:45:12+02:00,93.1
2022-06-20 03:46:12+02:00,93.3
2022-06-20 03:47:12+02:00,93.4
2022-06-20 03:48:12+02:00,93.4
2022-06-20 03:49:12+02:00,92.5
2022-06-20 03:50:12+02:00,50.0
2022-06-20 03:51:13+02:00,92.3
2022-06-20 03:52:13+02:00,91.9
2022-06-20 03:53:13+02:00,91.9
2022-06-20 03:54:13+02:00,91.7
2022-06-20 03:55:13+02:00,91.5
2022-06-20 03:56:13+02:00,91.7
2022-06-20 03:57:13+02:00,91.7
2022-06-20 03:58:14+02:00,50.0
2022-06-20 03:59:14+02:00,91.8
2022-06-20 04:00:14+02:00,92.0
2022-06-20 04:01:14+02:00,92.2
2022-06-20 04:02:14+02:00,91.8
2022-06-20 04:03:14+02:00,91.9
2022-06-20 04:04:14+02:00,91.7
2022-06-20 04:05:15+02:00,91.6
2022-06-20 04:06:15+02:00,91.9
2022-06-20 04:07:15+02:00,92.0
2022-06-20 04:08:15+02:00,92.0
2022-06-20 04:09:15+02:00,91.5
2022-06-20 04:10:15+02:00,91.5
2022-06-20 04:11:15+02:00,91.4
2022-06-20 04:12:16+02:00,91.7
2022-06-20 04:13:16+02:00,91.7
2022-06-20 04:14:16+02:00,91.9
2022-06-20 04:15:16+02:00,91.8
2022-06-20 04:16:16+02:00,91.0
2022-06-20 04:17:16+02:00,91.4
2022-06-20 04:18:16+02:00,91.5
2022-06-20 04:19:17+02:00,91.5
2022-06-20 04:20:17+02:00,91.9
2022-06-20 04:21:17+02:00,91.8
2022-06-20 04:22:17+02:00,92.1
2022-06-20 04:23:17+02:00,92.1
2022-06-20 04:24:17+02:00,92.4
2022-06-20 04:25:17+02:00,92.7
2022-06-20 04:26:17+02:00,50.0
2022-06-20 04:27:17+02:00,92.4
2022-06-20 04:28:18+02:00,91.9
2022-06-20 04:29:18+02:00,91.8
2022-06-20 04:30:18+02:00,50.0
2022-06-20 04:31:18+02:00,92.3
2022-06-20 04:32:18+02:00,50.0
2022-06-20 04:33:18+02:00,92.4
2022-06-20 04:34:18+02:00,91.9
2022-06-20 04:35:18+02:00,50.0
2022-06-20 04:36:18+02:00,50.0
2022-06-20 04:37:18+02:00,92.0
2022-06-20 04:38:18+02:00,92.2
2022-06-20 04:39:19+02:00,92.4
2022-06-20 04:40:19+02:00,92.5
2022-06-20 04:41:19+02:00,92.5
2022-06-20 04:42:19+02:00,92.5
2022-06-20 04:43:19+02:00,92.4
2022-06-20 04:44:19+02:00,50.0
2022-06-20 04:45:19+02:00,92.6
2022-06-20 04:46:19+02:00,93.2
2022-06-20 04:47:19+02:00,50.0
2022-06-20 04:48:20+02:00,93.0
2022-06-20 04:49:20+02:00,93.0
2022-06-20 04:50:20+02:00,92.8
2022-06-20 04:51:20+02:00,50.0
2022-06-20 04:52:20+02:00,50.0
2022-06-20 04:53:20+02:00,92.5
2022-06-20 04:54:20+02:00,92.3
2022-06-20 04:55:20+02:00,92.2
2022-06-20 04:56:20+02:00,92.1
2022-06-20 04:57:21+02:00,92.1
2022-06-20 04:58:21+02:00,91.9
2022-06-20 04:59:21+02:00,91.8
2022-06-20 05:00:21+02:00,91.8
2022-06-20 05:01:21+02:00,91.8
2022-06-20 05:02:21+02:00,91.8
2022-06-20 05:03:21+02:00,91.8
2022-06-20 05:04:21+02:00,91.9
2022-06-20 05:05:21+02:00,91.9
2022-06-20 05:06:21+02:00,91.9
2022-06-20 05:07:21+02:00,91.9
2022-06-20 05:08:22+02:00,91.9
2022-06-20 05:09:22+02:00,50.0
2022-06-20 05:10:22+02:00,92.2
2022-06-20 05:11:22+02:00,92.1
2022-06-20 05:12:22+02:00,92.2
2022-06-20 05:13:22+02:00,92.0
2022-06-20 05:14:22+02:00,92.3
2022-06-20 05:15:22+02:00,50.0
2022-06-20 05:16:23+02:00,93.0
2022-06-20 05:17:23+02:00,93.4
2022-06-20 05:18:23+02:00,93.4
2022-06-20 05:19:23+02:00,93.5
2022-06-20 05:20:23+02:00,93.7
2022-06-20 05:21:23+02:00,50.0
2022-06-20 05:22:24+02:00,94.0
2022-06-20 05:23:24+02:00,94.0
2022-06-20 05:24:24+02:00,93.8
2022-06-20 05:25:24+02:00,93.9
2022-06-20 05:26:24+02:00,94.0
2022-06-20 05:27:24+02:00,94.0
2022-06-20 05:28:24+02:00,94.1
2022-06-20 05:29:25+02:00,94.3
2022-06-20 05:30:25+02:00,94.1
2022-06-20 05:31:25+02:00,93.9
2022-06-20 05:32:25+02:00,93.9
2022-06-20 05:33:25+02:00,50.0
2022-06-20 05:34:25+02:00,93.0
2022-06-20 05:35:25+02:00,92.2
2022-06-20 05:36:26+02:00,91.9
2022-06-20 05:37:26+02:00,91.7
2022-06-20 05:38:26+02:00,91.7
2022-06-20 05:39:26+02:00,91.6
2022-06-20 05:40:26+02:00,91.6
2022-06-20 05:41:26+02:00,91.6
2022-06-20 05:42:26+02:00,91.6
2022-06-20 05:43:27+02:00,50.0
2022-06-20 05:44:27+02:00,91.5
2022-06-20 05:45:27+02:00,91.9
2022-06-20 05:46:27+02:00,92.3
2022-06-20 05:47:27+02:00,50.0
2022-06-20 05:48:27+02:00,93.4
2022-06-20 05:49:28+02:00,93.6
2022-06-20 05:50:28+02:00,93.6
2022-06-20 05:51:28+02:00,93.8
2022-06-20 05:52:28+02:00,94.0
2022-06-20 05:53:28+02:00,94.0
2022-06-20 05:54:28+02:00,50.0
2022-06-20 05:55:28+02:00,93.9
2022-06-20 05:56:29+02:00,93.8
2022-06-20 05:57:29+02:00,93.8
2022-06-20 05:58:29+02:00,93.6
2022-06-20 05:59:29+02:00,93.4
2022-06-20 06:00:29+02:00,93.2
2022-06-20 06:01:29+02:00,93.1
2022-06-20 06:02:29+02:00,93.2
2022-06-20 06:03:30+02:00,93.0
2022-06-20 06:04:30+02:00,92.8
2022-06-20 06:05:30+02:00,50.0
2022-06-20 06:06:30+02:00,92.9
2022-06-20 06:07:30+02:00,93.2
2022-06-20 06:08:30+02:00,93.4
2022-06-20 06:09:31+02:00,93.0
2022-06-20 06:10:31+02:00,93.5
2022-06-20 06:11:31+02:00,50.0
2022-06-20 06:12:31+02:00,93.3
2022-06-20 06:13:31+02:00,93.0
2022-06-20 06:14:31+02:00,93.0
2022-06-20 06:15:31+02:00,92.8
2022-06-20 06:16:32+02:00,92.7
2022-06-20 06:17:32+02:00,92.5
2022-06-20 06:18:32+02:00,92.7
2022-06-20 06:19:32+02:00,92.8
2022-06-20 06:20:32+02:00,93.0
2022-06-20 06:21:32+02:00,93.1
2022-06-20 06:22:33+02:00,93.3
2022-06-20 06:23:33+02:00,93.5
2022-06-20 06:24:33+02:00,93.9
2022-06-20 06:25:33+02:00,93.9
2022-06-20 06:26:33+02:00,94.4
2022-06-20 06:27:33+02:00,94.5
2022-06-20 06:28:33+02:00,94.1
2022-06-20 06:29:34+02:00,94.3
2022-06-20 06:30:34+02:00,94.0
2022-06-20 06:31:34+02:00,94.1
2022-06-20 06:32:34+02:00,93.7
2022-06-20 06:33:34+02:00,93.8
2022-06-20 06:34:34+02:00,50.0
2022-06-20 06:35:34+02:00,93.8
2022-06-20 06:36:35+02:00,94.0
2022-06-20 06:37:35+02:00,94.1
2022-06-20 06:38:35+02:00,94.1
2022-06-20 06:39:35+02:00,93.9
2022-06-20 06:40:35+02:00,93.9
2022-06-20 06:41:35+02:00,94.0
2022-06-20 06:42:35+02:00,93.7
2022-06-20 06:43:36+02:00,93.9
2022-06-20 06:44:36+02:00,94.0
2022-06-20 06:45:36+02:00,94.0
2022-06-20 06:46:36+02:00,93.8
2022-06-20 06:47:36+02:00,93.5
2022-06-20 06:48:36+02:00,50.0
2022-06-20 06:49:37+02:00,92.8
2022-06-20 06:50:37+02:00,93.4
2022-06-20 06:51:37+02:00,94.4
2022-06-20 06:52:37+02:00,50.0
2022-06-20 06:53:37+02:00,94.3
2022-06-20 06:54:37+02:00,95.2
2022-06-20 06:55:37+02:00,95.6
2022-06-20 06:56:38+02:00,95.9
2022-06-20 06:57:38+02:00,96.5
2022-06-20 06:58:38+02:00,96.4
2022-06-20 06:59:38+02:00,96.4
2022-06-20 07:00:38+02:00,96.2
2022-06-20 07:01:38+02:00,96.1
2022-06-20 07:02:38+02:00,95.9
2022-06-20 07:03:39+02:00,96.0
2022-06-20 07:04:39+02:00,96.3
2022-06-20 07:05:39+02:00,95.7
2022-06-20 07:06:39+02:00,95.2
2022-06-20 07:07:39+02:00,95.3
2022-06-20 07:08:39+02:00,50.0
2022-06-20 07:09:40+02:00,95.0
2022-06-20 07:10:40+02:00,94.8
2022-06-20 07:11:40+02:00,94.7
2022-06-20 07:12:40+02:00,94.5
2022-06-20 07:13:40+02:00,94.5
2022-06-20 07:14:40+02:00,94.3
2022-06-20 07:15:40+02:00,94.2
2022-06-20 07:16:41+02:00,94.3
2022-06-20 07:17:41+02:00,50.0
2022-06-20 07:18:41+02:00,94.3
2022-06-20 07:19:41+02:00,94.4
2022-06-20 07:20:41+02:00,94.4
2022-06-20 07:21:41+02:00,94.2
2022-06-20 07:22:41+02:00,94.4
2022-06-20 07:23:42+02:00,94.4
2022-06-20 07:24:42+02:00,94.4
2022-06-20 07:25:42+02:00,94.4
2022-06-20 07:26:42+02:00,94.2
2022-06-20 07:27:42+02:00,94.2
2022-06-20 07:28:42+02:00,94.1
2022-06-20 07:29:43+02:00,94.2
2022-06-20 07:30:43+02:00,94.1
2022-06-20 07:31:43+02:00,94.2
2022-06-20 07:32:43+02:00,50.0
2022-06-20 07:33:43+02:00,94.1
2022-06-20 07:34:43+02:00,94.3
2022-06-20 07:35:43+02:00,50.0
2022-06-20 07:36:44+02:00,94.5
2022-06-20 07:37:44+02:00,94.9
2022-06-20 07:38:44+02:00,94.8
2022-06-20 07:39:44+02:00,94.9
2022-06-20 07:40:44+02:00,94.8
2022-06-20 07:41:44+02:00,94.7
2022-06-20 07:42:44+02:00,94.4
2022-06-20 07:43:45+02:00,94.3
2022-06-20 07:44:45+02:00,94.2
2022-06-20 07:45:45+02:00,94.1
2022-06-20 07:46:45+02:00,94.2
2022-06-20 07:47:45+02:00,94.3
2022-06-20 07:48:45+02:00,94.4
2022-06-20 07:49:46+02:00,50.0
2022-06-20 07:50:46+02:00,93.7
2022-06-20 07:51:46+02:00,94.3
2022-06-20 07:52:46+02:00,94.7
2022-06-20 07:53:46+02:00,95.4
2022-06-20 07:54:46+02:00,95.8
2022-06-20 07:55:46+02:00,95.9
2022-06-20 07:56:47+02:00,96.0
2022-06-20 07:57:47+02:00,95.9
2022-06-20 07:58:47+02:00,95.9
2022-06-20 07:59:47+02:00,95.9
2022-06-20 08:00:47+02:00,95.9
2022-06-20 08:01:47+02:00,96.0
2022-06-20 08:02:48+02:00,94.9
2022-06-20 08:03:48+02:00,95.2
2022-06-20 08:04:48+02:00,95.4
2022-06-20 08:05:48+02:00,94.9
2022-06-20 08:06:48+02:00,96.1
2022-06-20 08:07:48+02:00,96.8
2022-06-20 08:08:49+02:00,97.5
2022-06-20 08:09:49+02:00,97.9
2022-06-20 08:10:49+02:00,97.4
2022-06-20 08:11:49+02:00,97.7
2022-06-20 08:12:49+02:00,98.4
2022-06-20 08:13:49+02:00,97.3
2022-06-20 08:14:49+02:00,50.0
2022-06-20 08:15:50+02:00,96.6
2022-06-20 08:16:50+02:00,96.8
2022-06-20 08:17:50+02:00,96.7
2022-06-20 08:18:50+02:00,96.2
2022-06-20 08:19:50+02:00,96.6
2022-06-20 08:20:50+02:00,96.7
2022-06-20 08:21:50+02:00,96.1
2022-06-20 08:22:51+02:00,96.5
2022-06-20 08:23:51+02:00,50.0
2022-06-20 08:24:51+02:00,96.6
2022-06-20 08:25:51+02:00,96.2
2022-06-20 08:26:51+02:00,96.1
2022-06-20 08:27:51+02:00,95.8
2022-06-20 08:28:51+02:00,95.5
2022-06-20 08:29:52+02:00,95.1
2022-06-20 08:30:52+02:00,94.9
2022-06-20 08:31:52+02:00,94.8
2022-06-20 08:32:52+02:00,94.5
2022-06-20 08:33:52+02:00,50.0
2022-06-20 08:34:52+02:00,94.7
2022-06-20 08:35:53+02:00,94.8
2022-06-20 08:36:53+02:00,94.6
2022-06-20 08:37:53+02:00,94.8
2022-06-20 08:38:53+02:00,95.1
2022-06-20 08:39:53+02:00,50.0
2022-06-20 08:40:53+02:00,95.1
2022-06-20 08:41:53+02:00,95.0
2022-06-20 08:42:54+02:00,94.8
2022-06-20 08:43:54+02:00,50.0
2022-06-20 08:44:54+02:00,94.5
2022-06-20 08:45:54+02:00,94.6
2022-06-20 08:46:54+02:00,94.4
2022-06-20 08:47:54+02:00,94.4
2022-06-20 08:48:54+02:00,94.2
2022-06-20 08:49:55+02:00,94.1
2022-06-20 08:50:55+02:00,94.3
2022-06-20 08:51:55+02:00,94.4
2022-06-20 08:52:55+02:00,50.0
2022-06-20 08:53:55+02:00,50.0
2022-06-20 08:54:55+02:00,94.2
2022-06-20 08:55:55+02:00,94.2
2022-06-20 08:56:56+02:00,94.3
2022-06-20 08:57:56+02:00,94.3
2022-06-20 08:58:56+02:00,94.4
2022-06-20 08:59:56+02:00,50.0
2022-06-20 09:00:56+02:00,95.2
2022-06-20 09:01:56+02:00,95.4
2022-06-20 09:02:57+02:00,50.0
2022-06-20 09:03:57+02:00,50.0
2022-06-20 09:04:57+02:00,50.0
2022-06-20 09:05:57+02:00,50.0
2022-06-20 09:06:57+02:00,50.0
2022-06-20 09:07:57+02:00,50.0
2022-06-20 09:08:57+02:00,50.0
2022-06-20 09:09:57+02:00,50.0
2022-06-20 09:10:58+02:00,50.0
2022-06-20 09:11:58+02:00,93.5
2022-06-20 09:12:58+02:00,93.0
2022-06-20 09:13:58+02:00,50.0
2022-06-20 09:14:58+02:00,50.0
2022-06-20 09:15:58+02:00,50.0
2022-06-20 09:16:58+02:00,50.0
2022-06-20 09:17:59+02:00,50.0
2022-06-20 09:18:59+02:00,50.0
2022-06-20 09:19:59+02:00,50.0
2022-06-20 09:20:59+02:00,50.0
2022-06-20 09:21:59+02:00,50.0
2022-06-20 09:22:59+02:00,88.1
2022-06-20 09:24:00+02:00,87.9
2022-06-20 09:25:00+02:00,87.4
2022-06-20 09:26:00+02:00,86.2
2022-06-20 09:27:00+02:00,50.0
2022-06-20 09:28:00+02:00,50.0
2022-06-20 09:29:00+02:00,50.0
2022-06-20 09:30:00+02:00,50.0
2022-06-20 09:31:00+02:00,50.0
2022-06-20 09:32:00+02:00,50.0
2022-06-20 09:33:01+02:00,50.0
2022-06-20 09:34:01+02:00,50.0
2022-06-20 09:35:01+02:00,50.0
2022-06-20 09:36:01+02:00,50.0
2022-06-20 09:37:01+02:00,50.0
2022-06-20 09:38:01+02:00,50.0
2022-06-21 02:35:00+02:00,94.6
2022-06-21 02:36:00+02:00,94.5
2022-06-21 02:37:00+02:00,94.9
2022-06-21 02:38:00+02:00,95.0
2022-06-21 02:39:00+02:00,95.8
2022-06-21 02:40:00+02:00,96.3
2022-06-21 02:41:00+02:00,96.9
2022-06-21 02:42:00+02:00,97.4
2022-06-21 02:43:00+02:00,97.6
2022-06-21 02:44:00+02:00,97.6
2022-06-21 02:45:00+02:00,97.8
2022-06-21 02:46:01+02:00,98.0
2022-06-21 02:47:01+02:00,98.2
2022-06-21 02:48:01+02:00,98.4
2022-06-21 02:49:01+02:00,98.3
2022-06-21 02:50:01+02:00,98.1
2022-06-21 02:51:01+02:00,98.0
2022-06-21 02:52:01+02:00,97.9
2022-06-21 02:53:02+02:00,97.9
2022-06-21 02:54:02+02:00,97.7
2022-06-21 02:55:02+02:00,98.0
2022-06-21 02:56:02+02:00,97.7
2022-06-21 02:57:02+02:00,97.5
2022-06-21 02:58:02+02:00,97.3
2022-06-21 02:59:02+02:00,96.8
2022-06-21 03:00:02+02:00,50.0
2022-06-21 03:01:03+02:00,95.5
2022-06-21 03:02:03+02:00,94.7
2022-06-21 03:03:03+02:00,93.8
2022-06-21 03:04:03+02:00,94.1
2022-06-21 03:05:03+02:00,93.8
2022-06-21 03:06:03+02:00,93.8
2022-06-21 03:07:03+02:00,50.0
2022-06-21 03:08:03+02:00,50.0
2022-06-21 03:09:03+02:00,93.0
2022-06-21 03:10:04+02:00,92.2
2022-06-21 03:11:04+02:00,92.8
2022-06-21 03:12:04+02:00,92.6
2022-06-21 03:13:04+02:00,91.4
2022-06-21 03:14:04+02:00,50.0
2022-06-21 03:15:04+02:00,91.4
2022-06-21 03:16:05+02:00,91.5
2022-06-21 03:17:05+02:00,92.1
2022-06-21 03:18:05+02:00,92.4
2022-06-21 03:19:05+02:00,50.0
2022-06-21 03:20:05+02:00,93.0
2022-06-21 03:21:05+02:00,93.1
2022-06-21 03:22:05+02:00,92.2
2022-06-21 03:23:06+02:00,91.6
2022-06-21 03:24:06+02:00,91.3
2022-06-21 03:25:06+02:00,91.6
2022-06-21 03:26:06+02:00,93.5
2022-06-21 03:27:06+02:00,95.2
2022-06-21 03:28:06+02:00,96.6
2022-06-21 03:29:07+02:00,96.9
2022-06-21 03:30:07+02:00,98.3
2022-06-21 03:31:07+02:00,98.4
2022-06-21 03:32:07+02:00,97.4
2022-06-21 03:33:07+02:00,96.7
2022-06-21 03:34:07+02:00,96.0
2022-06-21 03:35:07+02:00,50.0
2022-06-21 03:36:08+02:00,94.3
2022-06-21 03:37:08+02:00,93.7
2022-06-21 03:38:08+02:00,93.8
2022-06-21 03:39:08+02:00,92.9
2022-06-21 03:40:08+02:00,92.9
2022-06-21 03:41:08+02:00,91.2
2022-06-21 03:42:08+02:00,50.0
2022-06-21 03:43:09+02:00,92.6
2022-06-21 03:44:09+02:00,94.2
2022-06-21 03:45:09+02:00,94.6
2022-06-21 03:46:09+02:00,95.3
2022-06-21 03:47:09+02:00,95.6
2022-06-21 03:48:09+02:00,95.6
2022-06-21 03:49:10+02:00,96.6
2022-06-21 03:50:10+02:00,97.3
2022-06-21 03:51:10+02:00,97.0
2022-06-21 03:52:10+02:00,50.0
2022-06-21 03:53:10+02:00,95.8
2022-06-21 03:54:10+02:00,94.5
2022-06-21 03:55:10+02:00,93.1
2022-06-21 03:56:11+02:00,92.2
2022-06-21 03:57:11+02:00,90.9
2022-06-21 03:58:11+02:00,90.1
2022-06-21 03:59:11+02:00,89.4
2022-06-21 04:00:11+02:00,90.6
2022-06-21 04:01:11+02:00,92.0
2022-06-21 04:02:11+02:00,92.8
2022-06-21 04:03:12+02:00,93.4
2022-06-21 04:04:12+02:00,95.0
2022-06-21 04:05:12+02:00,95.4
2022-06-21 04:06:12+02:00,95.4
2022-06-21 04:07:12+02:00,94.9
2022-06-21 04:08:12+02:00,95.2
2022-06-21 04:09:13+02:00,95.5
2022-06-21 04:10:13+02:00,96.1
2022-06-21 04:11:13+02:00,96.2
2022-06-21 04:12:13+02:00,95.4
2022-06-21 04:13:13+02:00,96.5
2022-06-21 04:14:13+02:00,96.1
2022-06-21 04:15:13+02:00,95.8
2022-06-21 04:16:14+02:00,50.0
2022-06-21 04:17:14+02:00,94.7
2022-06-21 04:18:14+02:00,93.6
2022-06-21 04:19:14+02:00,92.5
2022-06-21 04:20:14+02:00,91.4
2022-06-21 04:21:14+02:00,50.0
2022-06-21 04:22:14+02:00,90.5
2022-06-21 04:23:15+02:00,87.9
2022-06-21 04:24:15+02:00,88.6
2022-06-21 04:25:15+02:00,91.1
2022-06-21 04:26:15+02:00,50.0
2022-06-21 04:27:15+02:00,91.5
2022-06-21 04:28:15+02:00,92.2
2022-06-21 04:29:16+02:00,92.2
2022-06-21 04:30:16+02:00,91.8
2022-06-21 04:31:16+02:00,92.0
2022-06-21 04:32:16+02:00,92.4
2022-06-21 04:33:16+02:00,92.3
2022-06-21 04:34:16+02:00,92.2
2022-06-21 04:35:16+02:00,92.3
2022-06-21 04:36:17+02:00,92.3
2022-06-21 04:37:17+02:00,92.1
2022-06-21 04:38:17+02:00,92.2
2022-06-21 04:39:17+02:00,92.3
2022-06-21 04:40:17+02:00,91.9
2022-06-21 04:41:17+02:00,92.2
2022-06-21 04:42:17+02:00,92.3
2022-06-21 04:43:17+02:00,92.3
2022-06-21 04:44:17+02:00,91.6
2022-06-21 04:45:18+02:00,91.2
2022-06-21 04:46:18+02:00,90.5
2022-06-21 04:47:18+02:00,91.9
2022-06-21 04:48:18+02:00,92.5
2022-06-21 04:49:18+02:00,92.7
2022-06-21 04:50:18+02:00,93.4
2022-06-21 04:51:18+02:00,93.0
2022-06-21 04:52:18+02:00,50.0
2022-06-21 04:53:18+02:00,92.1
2022-06-21 04:54:18+02:00,92.1
2022-06-21 04:55:18+02:00,92.3
2022-06-21 04:56:19+02:00,92.8
2022-06-21 04:57:19+02:00,93.0
2022-06-21 04:58:19+02:00,92.7
2022-06-21 04:59:19+02:00,92.9
2022-06-21 05:00:19+02:00,92.9
2022-06-21 05:01:19+02:00,92.8
2022-06-21 05:02:19+02:00,93.2
2022-06-21 05:03:19+02:00,93.5
2022-06-21 05:04:19+02:00,93.6
2022-06-21 05:05:19+02:00,93.4
2022-06-21 05:06:19+02:00,93.0
2022-06-21 05:07:19+02:00,93.5
2022-06-21 05:08:20+02:00,92.8
2022-06-21 05:09:20+02:00,93.3
2022-06-21 05:10:20+02:00,91.8
2022-06-21 05:11:20+02:00,91.9
2022-06-21 05:12:20+02:00,91.8
2022-06-21 05:13:20+02:00,92.2
2022-06-21 05:14:20+02:00,93.2
2022-06-21 05:15:20+02:00,93.0
2022-06-21 05:16:20+02:00,93.0
2022-06-21 05:17:21+02:00,92.6
2022-06-21 05:18:21+02:00,50.0
2022-06-21 05:19:21+02:00,92.5
2022-06-21 05:20:21+02:00,50.0
2022-06-21 05:21:21+02:00,91.0
2022-06-21 05:22:21+02:00,50.0
2022-06-21 05:23:21+02:00,90.5
2022-06-21 05:24:21+02:00,90.5
2022-06-21 05:25:21+02:00,90.7
2022-06-21 05:26:21+02:00,90.7
2022-06-21 05:27:21+02:00,91.1
2022-06-21 05:28:22+02:00,91.4
2022-06-21 05:29:22+02:00,91.7
2022-06-21 05:30:22+02:00,91.8
2022-06-21 05:31:22+02:00,91.9
2022-06-21 05:32:22+02:00,50.0
2022-06-21 05:33:22+02:00,91.6
2022-06-21 05:34:22+02:00,91.3
2022-06-21 05:35:22+02:00,91.2
2022-06-21 05:36:22+02:00,91.0
2022-06-21 05:37:22+02:00,91.0
2022-06-21 05:38:22+02:00,91.0
2022-06-21 05:39:23+02:00,90.9
2022-06-21 05:40:23+02:00,91.0
2022-06-21 05:41:23+02:00,91.0
2022-06-21 05:42:23+02:00,90.9
2022-06-21 05:43:23+02:00,90.9
2022-06-21 05:44:23+02:00,50.0
2022-06-21 05:45:23+02:00,91.1
2022-06-21 05:46:24+02:00,91.1
2022-06-21 05:47:24+02:00,91.2
2022-06-21 05:48:24+02:00,91.2
2022-06-21 05:49:24+02:00,91.0
2022-06-21 05:50:24+02:00,91.0
2022-06-21 05:51:24+02:00,50.0
2022-06-21 05:52:25+02:00,50.0
2022-06-21 05:53:25+02:00,50.0
2022-06-21 05:54:25+02:00,50.0
2022-06-21 05:55:25+02:00,90.7
2022-06-21 05:56:25+02:00,90.0
2022-06-21 05:57:25+02:00,50.0
2022-06-21 05:58:25+02:00,90.8
2022-06-21 05:59:26+02:00,91.6
2022-06-21 06:00:26+02:00,91.9
2022-06-21 06:01:26+02:00,50.0
2022-06-21 06:02:26+02:00,91.2
2022-06-21 06:03:26+02:00,50.0
2022-06-21 06:04:26+02:00,90.7
2022-06-21 06:05:26+02:00,92.0
2022-06-21 06:06:27+02:00,91.8
2022-06-21 06:07:27+02:00,91.4
2022-06-21 06:08:27+02:00,90.6
2022-06-21 06:09:27+02:00,91.5
2022-06-21 06:10:27+02:00,92.2
2022-06-21 06:11:27+02:00,92.5
2022-06-21 06:12:27+02:00,93.0
2022-06-21 06:13:28+02:00,92.8
2022-06-21 06:14:28+02:00,92.8
2022-06-21 06:15:28+02:00,93.4
2022-06-21 06:16:28+02:00,93.8
2022-06-21 06:17:28+02:00,93.9
2022-06-21 06:18:28+02:00,94.1
2022-06-21 06:19:29+02:00,94.8
2022-06-21 06:20:29+02:00,50.0
2022-06-21 06:21:29+02:00,95.0
2022-06-21 06:22:29+02:00,97.2
2022-06-21 06:23:29+02:00,98.1
2022-06-21 06:24:29+02:00,97.8
2022-06-21 06:25:29+02:00,96.9
2022-06-21 06:26:30+02:00,50.0
2022-06-21 06:27:30+02:00,96.0
2022-06-21 06:28:30+02:00,90.9
2022-06-21 06:29:30+02:00,86.7
2022-06-21 06:30:30+02:00,80.3
2022-06-21 06:31:30+02:00,50.0
2022-06-21 06:32:30+02:00,83.6
2022-06-21 06:33:31+02:00,84.4
2022-06-21 06:34:31+02:00,81.1
2022-06-21 06:35:31+02:00,50.0
2022-06-21 06:36:31+02:00,80.3
2022-06-21 06:37:31+02:00,82.8
2022-06-21 06:38:31+02:00,50.0
2022-06-21 06:39:32+02:00,85.8
2022-06-21 06:40:32+02:00,86.4
2022-06-21 06:41:32+02:00,86.6
2022-06-21 06:42:32+02:00,87.4
2022-06-21 06:43:32+02:00,87.9
2022-06-21 06:44:32+02:00,87.0
2022-06-21 06:45:32+02:00,50.0
2022-06-21 06:46:33+02:00,85.3
2022-06-21 06:47:33+02:00,87.2
2022-06-21 06:48:33+02:00,88.4
2022-06-21 06:49:33+02:00,88.9
2022-06-21 06:50:33+02:00,91.2
2022-06-21 06:51:33+02:00,93.1
2022-06-21 06:52:34+02:00,50.0
2022-06-21 06:53:34+02:00,92.8
2022-06-21 06:54:34+02:00,92.2
2022-06-21 06:55:34+02:00,92.8
2022-06-21 06:56:34+02:00,94.4
2022-06-21 06:57:34+02:00,96.2
2022-06-21 06:58:34+02:00,50.0
2022-06-21 06:59:35+02:00,92.6
2022-06-21 07:00:35+02:00,88.5
2022-06-21 07:01:35+02:00,86.0
2022-06-21 07:02:35+02:00,83.9
2022-06-21 07:03:35+02:00,82.9
2022-06-21 07:04:35+02:00,82.2
2022-06-21 07:05:35+02:00,82.1
2022-06-21 07:06:36+02:00,81.8
2022-06-21 07:07:36+02:00,82.0
2022-06-21 07:08:36+02:00,82.2
2022-06-21 07:09:36+02:00,82.2
2022-06-21 07:10:36+02:00,82.5
2022-06-21 07:11:36+02:00,83.8
2022-06-21 07:12:37+02:00,85.0
2022-06-21 07:13:37+02:00,85.5
2022-06-21 07:14:37+02:00,85.8
2022-06-21 07:15:37+02:00,90.0
2022-06-21 07:16:37+02:00,93.6
2022-06-21 07:17:37+02:00,95.8
2022-06-21 07:18:37+02:00,96.3
2022-06-21 07:19:38+02:00,97.5
2022-06-21 07:20:38+02:00,98.0
2022-06-21 07:21:38+02:00,97.7
2022-06-21 07:22:38+02:00,97.4
2022-06-21 07:23:38+02:00,50.0
2022-06-21 07:24:38+02:00,95.9
2022-06-21 07:25:38+02:00,94.7
2022-06-21 07:26:39+02:00,50.0
2022-06-21 07:27:39+02:00,87.3
2022-06-21 07:28:39+02:00,91.5
2022-06-21 07:29:39+02:00,91.3
2022-06-21 07:30:39+02:00,92.5
2022-06-21 07:31:39+02:00,94.2
2022-06-21 07:32:39+02:00,94.3
2022-06-21 07:33:40+02:00,93.7
2022-06-21 07:34:40+02:00,94.2
2022-06-21 07:35:40+02:00,93.3
2022-06-21 07:36:40+02:00,92.9
2022-06-21 07:37:40+02:00,95.7
2022-06-21 07:38:40+02:00,95.4
2022-06-21 07:39:41+02:00,94.5
2022-06-21 07:40:41+02:00,94.9
2022-06-21 07:41:41+02:00,50.0
2022-06-21 07:42:41+02:00,50.0
2022-06-21 07:43:41+02:00,50.0
2022-06-21 07:44:41+02:00,50.0
2022-06-21 07:45:41+02:00,50.0
2022-06-21 07:46:42+02:00,50.0
2022-06-21 07:47:42+02:00,50.0
2022-06-21 07:48:42+02:00,50.0
2022-06-21 07:49:42+02:00,50.0
2022-06-21 07:50:42+02:00,50.0
2022-06-21 07:51:42+02:00,50.0
2022-06-21 07:52:42+02:00,94.9
2022-06-21 07:53:43+02:00,94.2
2022-06-21 07:54:43+02:00,94.4
2022-06-21 07:55:43+02:00,50.0
2022-06-21 07:56:43+02:00,50.0
2022-06-21 07:57:43+02:00,50.0
2022-06-21 07:58:43+02:00,50.0
2022-06-21 07:59:43+02:00,50.0
2022-06-21 08:00:43+02:00,50.0
2022-06-21 08:01:44+02:00,50.0
2022-06-21 08:02:44+02:00,50.0
2022-06-21 08:03:44+02:00,50.0
2022-06-21 08:04:44+02:00,50.0
2022-06-21 08:05:44+02:00,50.0
2022-06-21 08:06:44+02:00,50.0
2022-06-21 08:07:45+02:00,50.0
2022-06-21 08:08:45+02:00,50.0
2022-06-21 08:09:45+02:00,50.0
2022-06-21 08:10:45+02:00,50.0
2022-06-21 08:11:45+02:00,50.0
2022-06-21 08:12:45+02:00,50.0
2022-06-21 08:13:45+02:00,50.0
2022-06-21 08:14:45+02:00,50.0
2022-06-21 08:15:46+02:00,50.0
2022-06-21 08:16:46+02:00,50.0
2022-06-21 08:17:46+02:00,50.0
2022-06-22 02:30:30+02:00,91.4
2022-06-22 02:31:30+02:00,91.3
2022-06-22 02:32:30+02:00,90.7
2022-06-22 02:33:30+02:00,89.9
2022-06-22 02:34:30+02:00,89.3
2022-06-22 02:35:30+02:00,88.2
2022-06-22 02:36:30+02:00,87.4
2022-06-22 02:37:30+02:00,86.8
2022-06-22 02:38:30+02:00,86.5
2022-06-22 02:39:30+02:00,86.3
2022-06-22 02:40:30+02:00,86.2
2022-06-22 02:41:30+02:00,86.2
2022-06-22 02:42:31+02:00,86.0
2022-06-22 02:43:31+02:00,86.1
2022-06-22 02:44:31+02:00,86.3
2022-06-22 02:45:31+02:00,86.3
2022-06-22 02:46:31+02:00,86.6
2022-06-22 02:47:31+02:00,86.9
2022-06-22 02:48:32+02:00,87.1
2022-06-22 02:49:32+02:00,87.3
2022-06-22 02:50:32+02:00,87.3
2022-06-22 02:51:32+02:00,87.4
2022-06-22 02:52:32+02:00,87.4
2022-06-22 02:53:32+02:00,50.0
2022-06-22 02:54:32+02:00,88.2
2022-06-22 02:55:33+02:00,88.8
2022-06-22 02:56:33+02:00,89.1
2022-06-22 02:57:33+02:00,90.3
2022-06-22 02:58:33+02:00,50.0
2022-06-22 02:59:33+02:00,91.4
2022-06-22 03:00:33+02:00,91.3
2022-06-22 03:01:33+02:00,90.7
2022-06-22 03:02:34+02:00,90.7
2022-06-22 03:03:34+02:00,90.6
2022-06-22 03:04:34+02:00,90.4
2022-06-22 03:05:34+02:00,90.1
2022-06-22 03:06:34+02:00,90.1
2022-06-22 03:07:34+02:00,90.1
2022-06-22 03:08:35+02:00,50.0
2022-06-22 03:09:35+02:00,50.0
2022-06-22 03:10:35+02:00,50.0
2022-06-22 03:11:35+02:00,89.6
2022-06-22 03:12:35+02:00,88.0
2022-06-22 03:13:35+02:00,50.0
2022-06-22 03:14:35+02:00,90.4
2022-06-22 03:15:36+02:00,92.4
2022-06-22 03:16:36+02:00,92.0
2022-06-22 03:17:36+02:00,92.8
2022-06-22 03:18:36+02:00,93.6
2022-06-22 03:19:36+02:00,94.8
2022-06-22 03:20:36+02:00,95.5
2022-06-22 03:21:36+02:00,95.7
2022-06-22 03:22:37+02:00,94.8
2022-06-22 03:23:37+02:00,93.7
2022-06-22 03:24:37+02:00,93.2
2022-06-22 03:25:37+02:00,92.7
2022-06-22 03:26:37+02:00,92.1
2022-06-22 03:27:37+02:00,91.8
2022-06-22 03:28:38+02:00,91.7
2022-06-22 03:29:38+02:00,92.7
2022-06-22 03:30:38+02:00,94.5
2022-06-22 03:31:38+02:00,96.2
2022-06-22 03:32:38+02:00,97.3
2022-06-22 03:33:38+02:00,95.4
2022-06-22 03:34:38+02:00,92.8
2022-06-22 03:35:39+02:00,50.0
2022-06-22 03:36:39+02:00,94.9
2022-06-22 03:37:39+02:00,96.3
2022-06-22 03:38:39+02:00,97.4
2022-06-22 03:39:39+02:00,98.5
2022-06-22 03:40:40+02:00,50.0
2022-06-22 03:41:40+02:00,96.8
2022-06-22 03:42:40+02:00,50.0
2022-06-22 03:43:40+02:00,50.0
2022-06-22 03:44:40+02:00,92.7
2022-06-22 03:45:40+02:00,92.8
2022-06-22 03:46:40+02:00,93.0
2022-06-22 03:47:41+02:00,93.3
2022-06-22 03:48:41+02:00,93.3
2022-06-22 03:49:41+02:00,93.4
2022-06-22 03:50:41+02:00,93.3
2022-06-22 03:51:41+02:00,93.1
2022-06-22 03:52:41+02:00,93.0
2022-06-22 03:53:41+02:00,92.9
2022-06-22 03:54:42+02:00,92.3
2022-06-22 03:55:42+02:00,92.0
2022-06-22 03:56:42+02:00,91.8
2022-06-22 03:57:42+02:00,91.7
2022-06-22 03:58:42+02:00,92.5
2022-06-22 03:59:42+02:00,93.2
2022-06-22 04:00:42+02:00,93.0
2022-06-22 04:01:43+02:00,94.1
2022-06-22 04:02:43+02:00,93.7
2022-06-22 04:03:43+02:00,93.8
2022-06-22 04:04:43+02:00,93.9
2022-06-22 04:05:43+02:00,94.0
2022-06-22 04:06:43+02:00,94.0
2022-06-22 04:07:44+02:00,94.0
2022-06-22 04:08:44+02:00,94.0
2022-06-22 04:09:44+02:00,94.1
2022-06-22 04:10:44+02:00,94.2
2022-06-22 04:11:44+02:00,94.5
2022-06-22 04:12:44+02:00,95.0
2022-06-22 04:13:44+02:00,95.7
2022-06-22 04:14:44+02:00,95.6
2022-06-22 04:15:45+02:00,95.7
2022-06-22 04:16:45+02:00,95.5
2022-06-22 04:17:45+02:00,50.0
2022-06-22 04:18:45+02:00,94.7
2022-06-22 04:19:45+02:00,93.8
2022-06-22 04:20:45+02:00,93.5
2022-06-22 04:21:46+02:00,91.2
2022-06-22 04:22:46+02:00,85.4
2022-06-22 04:23:46+02:00,83.0
2022-06-22 04:24:46+02:00,81.0
2022-06-22 04:25:46+02:00,50.0
2022-06-22 04:26:46+02:00,80.0
2022-06-22 04:27:46+02:00,83.8
2022-06-22 04:28:47+02:00,86.5
2022-06-22 04:29:47+02:00,50.0
2022-06-22 04:30:47+02:00,88.4
2022-06-22 04:31:47+02:00,50.0
2022-06-22 04:32:47+02:00,90.8
2022-06-22 04:33:47+02:00,90.7
2022-06-22 04:34:48+02:00,87.1
2022-06-22 04:35:48+02:00,85.0
2022-06-22 04:36:48+02:00,85.5
2022-06-22 04:37:48+02:00,87.0
2022-06-22 04:38:48+02:00,79.0
2022-06-22 04:39:48+02:00,77.6
2022-06-22 04:40:48+02:00,50.0
2022-06-22 04:41:49+02:00,80.9
2022-06-22 04:42:49+02:00,84.8
2022-06-22 04:43:49+02:00,87.9
2022-06-22 04:44:49+02:00,89.5
2022-06-22 04:45:49+02:00,90.8
2022-06-22 04:46:49+02:00,91.7
2022-06-22 04:47:49+02:00,92.4
2022-06-22 04:48:50+02:00,92.6
2022-06-22 04:49:50+02:00,92.6
2022-06-22 04:50:50+02:00,92.7
2022-06-22 04:51:50+02:00,93.3
2022-06-22 04:52:50+02:00,92.9
2022-06-22 04:53:50+02:00,93.0
2022-06-22 04:54:51+02:00,50.0
2022-06-22 04:55:51+02:00,50.0
2022-06-22 04:56:51+02:00,92.9
2022-06-22 04:57:51+02:00,93.3
2022-06-22 04:58:51+02:00,50.0
2022-06-22 04:59:51+02:00,93.7
2022-06-22 05:00:51+02:00,94.0
2022-06-22 05:01:52+02:00,91.9
2022-06-22 05:02:52+02:00,94.2
2022-06-22 05:03:52+02:00,96.4
2022-06-22 05:04:52+02:00,96.7
2022-06-22 05:05:52+02:00,97.6
2022-06-22 05:06:52+02:00,97.9
2022-06-22 05:07:52+02:00,96.7
2022-06-22 05:08:53+02:00,97.2
2022-06-22 05:09:53+02:00,98.2
2022-06-22 05:10:53+02:00,98.3
2022-06-22 05:11:53+02:00,98.5
2022-06-22 05:12:53+02:00,99.2
2022-06-22 05:13:53+02:00,99.1
2022-06-22 05:14:53+02:00,97.5
2022-06-22 05:15:54+02:00,97.4
2022-06-22 05:16:54+02:00,97.3
2022-06-22 05:17:54+02:00,95.1
2022-06-22 05:18:54+02:00,94.6
2022-06-22 05:19:54+02:00,93.7
2022-06-22 05:20:54+02:00,94.9
2022-06-22 05:21:54+02:00,96.6
2022-06-22 05:22:55+02:00,95.9
2022-06-22 05:23:55+02:00,92.6
2022-06-22 05:24:55+02:00,93.3
2022-06-22 05:25:55+02:00,93.8
2022-06-22 05:26:55+02:00,93.5
2022-06-22 05:27:55+02:00,93.3
2022-06-22 05:28:56+02:00,50.0
2022-06-22 05:29:56+02:00,50.0
2022-06-22 05:30:56+02:00,50.0
2022-06-22 05:31:56+02:00,50.0
2022-06-22 05:32:56+02:00,50.0
2022-06-22 05:33:56+02:00,93.9
2022-06-22 05:34:56+02:00,92.5
2022-06-22 05:35:57+02:00,91.4
2022-06-22 05:36:57+02:00,91.4
2022-06-22 05:37:57+02:00,91.2
2022-06-22 05:38:57+02:00,90.7
2022-06-22 05:39:57+02:00,90.4
2022-06-22 05:40:57+02:00,50.0
2022-06-22 05:41:57+02:00,91.8
2022-06-22 05:42:58+02:00,92.4
2022-06-22 05:43:58+02:00,92.0
2022-06-22 05:44:58+02:00,92.3
2022-06-22 05:45:58+02:00,93.0
2022-06-22 05:46:58+02:00,93.1
2022-06-22 05:47:58+02:00,93.0
2022-06-22 05:48:59+02:00,93.5
2022-06-22 05:49:59+02:00,93.9
2022-06-22 05:50:59+02:00,94.1
2022-06-22 05:51:59+02:00,94.1
2022-06-22 05:52:59+02:00,95.1
2022-06-22 05:53:59+02:00,96.7
2022-06-22 05:54:59+02:00,97.6
2022-06-22 05:56:00+02:00,97.7
2022-06-22 05:57:00+02:00,97.5
2022-06-22 05:58:00+02:00,97.4
2022-06-22 05:59:00+02:00,97.4
2022-06-22 06:00:00+02:00,97.4
2022-06-22 06:01:00+02:00,97.4
2022-06-22 06:02:00+02:00,96.5
2022-06-22 06:03:01+02:00,95.8
2022-06-22 06:04:01+02:00,95.6
2022-06-22 06:05:01+02:00,95.3
2022-06-22 06:06:01+02:00,95.8
2022-06-22 06:07:01+02:00,96.1
2022-06-22 06:08:01+02:00,96.1
2022-06-22 06:09:01+02:00,96.2
2022-06-22 06:10:02+02:00,96.3
2022-06-22 06:11:02+02:00,96.3
2022-06-22 06:12:02+02:00,96.4
2022-06-22 06:13:02+02:00,96.5
2022-06-22 06:14:02+02:00,96.8
2022-06-22 06:15:02+02:00,96.5
2022-06-22 06:16:02+02:00,96.3
2022-06-22 06:17:03+02:00,96.1
2022-06-22 06:18:03+02:00,96.0
2022-06-22 06:19:03+02:00,95.5
2022-06-22 06:20:03+02:00,95.3
2022-06-22 06:21:03+02:00,94.9
2022-06-22 06:22:03+02:00,94.5
2022-06-22 06:23:03+02:00,93.9
2022-06-22 06:24:03+02:00,93.8
2022-06-22 06:25:04+02:00,93.6
2022-06-22 06:26:04+02:00,93.6
2022-06-22 06:27:04+02:00,94.1
2022-06-22 06:28:04+02:00,93.8
2022-06-22 06:29:04+02:00,93.4
2022-06-22 06:30:04+02:00,93.5
2022-06-22 06:31:04+02:00,93.7
2022-06-22 06:32:05+02:00,93.3
2022-06-22 06:33:05+02:00,93.1
2022-06-22 06:34:05+02:00,50.0
2022-06-22 06:35:05+02:00,92.8
2022-06-22 06:36:05+02:00,93.3
2022-06-22 06:37:05+02:00,93.8
2022-06-22 06:38:05+02:00,93.3
2022-06-22 06:39:05+02:00,93.5
2022-06-22 06:40:06+02:00,93.7
2022-06-22 06:41:06+02:00,93.7
2022-06-22 06:42:06+02:00,93.9
2022-06-22 06:43:06+02:00,93.7
2022-06-22 06:44:06+02:00,94.0
2022-06-22 06:45:06+02:00,50.0
2022-06-22 06:46:07+02:00,50.0
2022-06-22 06:47:07+02:00,93.5
2022-06-22 06:48:07+02:00,93.2
2022-06-22 06:49:07+02:00,50.0
2022-06-22 06:50:07+02:00,92.8
2022-06-22 06:51:07+02:00,92.6
2022-06-22 06:52:07+02:00,92.6
2022-06-22 06:53:08+02:00,92.5
2022-06-22 06:54:08+02:00,92.1
2022-06-22 06:55:08+02:00,50.0
2022-06-22 06:56:08+02:00,92.5
2022-06-22 06:57:08+02:00,92.1
2022-06-22 06:58:08+02:00,91.5
2022-06-22 06:59:09+02:00,92.1
2022-06-22 07:00:09+02:00,91.6
2022-06-22 07:01:09+02:00,90.6
2022-06-22 07:02:09+02:00,91.0
2022-06-22 07:03:09+02:00,90.7
2022-06-22 07:04:09+02:00,90.6
2022-06-22 07:05:09+02:00,91.1
2022-06-22 07:06:10+02:00,91.8
2022-06-22 07:07:10+02:00,92.3
2022-06-22 07:08:10+02:00,50.0
2022-06-22 07:09:10+02:00,92.9
2022-06-22 07:10:10+02:00,50.0
2022-06-22 07:11:10+02:00,92.4
2022-06-22 07:12:11+02:00,92.5
2022-06-22 07:13:11+02:00,50.0
2022-06-22 07:14:11+02:00,91.5
2022-06-22 07:15:11+02:00,91.6
2022-06-22 07:16:11+02:00,91.9
2022-06-22 07:17:11+02:00,92.2
2022-06-22 07:18:11+02:00,91.9
2022-06-22 07:19:12+02:00,91.6
2022-06-22 07:20:12+02:00,91.2
2022-06-22 07:21:12+02:00,91.0
2022-06-22 07:22:12+02:00,91.3
2022-06-22 07:23:12+02:00,91.8
2022-06-22 07:24:12+02:00,91.3
2022-06-22 07:25:12+02:00,92.5
2022-06-22 07:26:13+02:00,93.3
2022-06-22 07:27:13+02:00,93.2
2022-06-22 07:28:13+02:00,93.1
2022-06-22 07:29:13+02:00,50.0
2022-06-22 07:30:13+02:00,92.3
2022-06-22 07:31:13+02:00,92.6
2022-06-22 07:32:13+02:00,50.0
2022-06-22 07:33:13+02:00,93.1
2022-06-22 07:34:14+02:00,94.6
2022-06-22 07:35:14+02:00,93.8
2022-06-22 07:36:14+02:00,50.0
2022-06-22 07:37:14+02:00,94.6
2022-06-22 07:38:14+02:00,94.9
2022-06-22 07:39:14+02:00,95.6
2022-06-22 07:40:15+02:00,96.0
2022-06-22 07:41:15+02:00,96.1
2022-06-22 07:42:15+02:00,96.9
2022-06-22 07:43:15+02:00,97.7
2022-06-22 07:44:15+02:00,96.2
2022-06-22 07:45:15+02:00,50.0
2022-06-22 07:46:15+02:00,95.1
2022-06-22 07:47:16+02:00,91.4
2022-06-22 07:48:16+02:00,50.0
2022-06-22 07:49:16+02:00,50.0
2022-06-22 07:50:16+02:00,93.1
2022-06-22 07:51:16+02:00,50.0
2022-06-22 07:52:16+02:00,50.0
2022-06-22 07:53:17+02:00,50.0
2022-06-22 07:54:17+02:00,50.0
2022-06-22 07:55:17+02:00,50.0
2022-06-22 07:56:17+02:00,50.0
2022-06-22 07:57:17+02:00,50.0
2022-06-22 07:58:17+02:00,92.0
2022-06-22 07:59:17+02:00,50.0
2022-06-22 08:00:17+02:00,50.0
2022-06-22 08:01:18+02:00,50.0
2022-06-22 08:02:18+02:00,50.0
2022-06-22 08:03:18+02:00,50.0
2022-06-22 08:04:18+02:00,50.0
2022-06-22 08:05:18+02:00,50.0
2022-06-22 08:06:18+02:00,50.0
2022-06-22 08:07:18+02:00,50.0
2022-06-22 08:08:18+02:00,50.0
2022-06-22 08:09:18+02:00,50.0
2022-06-22 08:10:18+02:00,88.1
2022-06-22 08:11:18+02:00,86.1
2022-06-22 08:12:18+02:00,86.1
2022-06-22 08:13:18+02:00,84.9
2022-06-22 08:14:19+02:00,81.3
2022-06-22 08:15:19+02:00,50.0
2022-06-22 08:16:19+02:00,50.0
2022-06-22 08:17:19+02:00,50.0
2022-06-22 08:18:19+02:00,50.0
2022-06-22 08:19:19+02:00,50.0
2022-06-22 08:20:19+02:00,50.0
2022-06-22 08:21:19+02:00,50.0
2022-06-22 08:22:19+02:00,80.2
2022-06-22 08:23:19+02:00,50.0
2022-06-22 08:24:19+02:00,50.0
2022-06-22 08:25:20+02:00,50.0
2022-06-22 08:26:20+02:00,50.0
2022-06-22 08:27:20+02:00,50.0
2022-06-22 08:28:20+02:00,50.0
2022-06-22 08:29:20+02:00,50.0
2022-06-22 08:30:20+02:00,50.0
