timestamp,oxygen_saturation_by_minute
2022-06-13 23:02:30+02:00,96.1
2022-06-13 23:03:30+02:00,95.8
2022-06-13 23:04:30+02:00,95.7
2022-06-13 23:05:30+02:00,50.0
2022-06-13 23:06:30+02:00,95.7
2022-06-13 23:07:30+02:00,95.9
2022-06-13 23:08:30+02:00,95.7
2022-06-13 23:09:30+02:00,95.6
2022-06-13 23:10:30+02:00,50.0
2022-06-13 23:11:30+02:00,95.1
2022-06-13 23:12:30+02:00,50.0
2022-06-13 23:13:31+02:00,50.0
2022-06-13 23:14:31+02:00,94.1
2022-06-13 23:15:31+02:00,93.5
2022-06-13 23:16:31+02:00,94.3
2022-06-13 23:17:31+02:00,94.2
2022-06-13 23:18:31+02:00,50.0
2022-06-13 23:19:31+02:00,93.9
2022-06-13 23:20:31+02:00,50.0
2022-06-13 23:21:32+02:00,50.0
2022-06-13 23:22:32+02:00,92.6
2022-06-13 23:23:32+02:00,50.0
2022-06-13 23:24:32+02:00,91.3
2022-06-13 23:25:32+02:00,50.0
2022-06-13 23:26:32+02:00,91.8
2022-06-13 23:27:33+02:00,91.7
2022-06-13 23:28:33+02:00,91.7
2022-06-13 23:29:33+02:00,50.0
2022-06-13 23:30:33+02:00,92.0
2022-06-13 23:31:33+02:00,92.3
2022-06-13 23:32:33+02:00,92.5
2022-06-13 23:33:34+02:00,93.2
2022-06-13 23:34:34+02:00,93.4
2022-06-13 23:35:34+02:00,93.9
2022-06-13 23:36:34+02:00,94.2
2022-06-13 23:37:34+02:00,94.2
2022-06-13 23:38:34+02:00,50.0
2022-06-13 23:39:34+02:00,50.0
2022-06-13 23:40:35+02:00,50.0
2022-06-13 23:41:35+02:00,95.5
2022-06-13 23:42:35+02:00,96.0
2022-06-13 23:43:35+02:00,97.1
2022-06-13 23:44:35+02:00,97.3
2022-06-13 23:45:35+02:00,95.8
2022-06-13 23:46:35+02:00,50.0
2022-06-13 23:47:36+02:00,93.2
2022-06-13 23:48:36+02:00,93.2
2022-06-13 23:49:36+02:00,50.0
2022-06-13 23:50:36+02:00,94.3
2022-06-13 23:51:36+02:00,94.9
2022-06-13 23:52:36+02:00,94.8
2022-06-13 23:53:36+02:00,50.0
2022-06-13 23:54:37+02:00,92.4
2022-06-13 23:55:37+02:00,89.8
2022-06-13 23:56:37+02:00,50.0
2022-06-13 23:57:37+02:00,89.4
2022-06-13 23:58:37+02:00,90.9
2022-06-13 23:59:37+02:00,50.0
2022-06-14 00:00:38+02:00,92.1
2022-06-14 00:01:38+02:00,92.4
2022-06-14 00:02:38+02:00,92.3
2022-06-14 00:03:38+02:00,92.6
2022-06-14 00:04:38+02:00,93.0
2022-06-14 00:05:38+02:00,93.3
2022-06-14 00:06:38+02:00,93.4
2022-06-14 00:07:39+02:00,93.5
2022-06-14 00:08:39+02:00,50.0
2022-06-14 00:09:39+02:00,93.6
2022-06-14 00:10:39+02:00,94.0
2022-06-14 00:11:39+02:00,94.3
2022-06-14 00:12:39+02:00,94.5
2022-06-14 00:13:39+02:00,94.7
2022-06-14 00:14:39+02:00,94.7
2022-06-14 00:15:40+02:00,94.7
2022-06-14 00:16:40+02:00,94.5
2022-06-14 00:17:40+02:00,93.9
2022-06-14 00:18:40+02:00,94.1
2022-06-14 00:19:40+02:00,94.4
2022-06-14 00:20:40+02:00,94.4
2022-06-14 00:21:40+02:00,94.7
2022-06-14 00:22:40+02:00,94.7
2022-06-14 00:23:41+02:00,94.7
2022-06-14 00:24:41+02:00,94.8
2022-06-14 00:25:41+02:00,95.0
2022-06-14 00:26:41+02:00,95.0
2022-06-14 00:27:41+02:00,95.1
2022-06-14 00:28:41+02:00,95.0
2022-06-14 00:29:41+02:00,94.9
2022-06-14 00:30:41+02:00,94.9
2022-06-14 00:31:41+02:00,94.9
2022-06-14 00:32:41+02:00,95.0
2022-06-14 00:33:42+02:00,95.0
2022-06-14 00:34:42+02:00,94.8
2022-06-14 00:35:42+02:00,94.8
2022-06-14 00:36:42+02:00,94.9
2022-06-14 00:37:42+02:00,95.1
2022-06-14 00:38:42+02:00,95.2
2022-06-14 00:39:42+02:00,95.0
2022-06-14 00:40:42+02:00,94.9
2022-06-14 00:41:42+02:00,94.9
2022-06-14 00:42:42+02:00,95.0
2022-06-14 00:43:42+02:00,95.0
2022-06-14 00:44:43+02:00,95.1
2022-06-14 00:45:43+02:00,50.0
2022-06-14 00:46:43+02:00,95.0
2022-06-14 00:47:43+02:00,50.0
2022-06-14 00:48:43+02:00,93.7
2022-06-14 00:49:43+02:00,93.3
2022-06-14 00:50:43+02:00,93.3
2022-06-14 00:51:43+02:00,93.4
2022-06-14 00:52:43+02:00,50.0
2022-06-14 00:53:44+02:00,50.0
2022-06-14 00:54:44+02:00,91.5
2022-06-14 00:55:44+02:00,50.0
2022-06-14 00:56:44+02:00,90.7
2022-06-14 00:57:44+02:00,91.7
2022-06-14 00:58:44+02:00,50.0
2022-06-14 00:59:44+02:00,50.0
2022-06-14 01:00:44+02:00,50.0
2022-06-14 01:01:44+02:00,91.7
2022-06-14 01:02:44+02:00,50.0
2022-06-14 01:03:44+02:00,90.8
2022-06-14 01:04:45+02:00,91.3
2022-06-14 01:05:45+02:00,91.9
2022-06-14 01:06:45+02:00,92.0
2022-06-14 01:07:45+02:00,92.0
2022-06-14 01:08:45+02:00,92.2
2022-06-14 01:09:45+02:00,92.4
2022-06-14 01:10:45+02:00,92.4
2022-06-14 01:11:46+02:00,92.7
2022-06-14 01:12:46+02:00,93.0
2022-06-14 01:13:46+02:00,93.2
2022-06-14 01:14:46+02:00,93.2
2022-06-14 01:15:46+02:00,50.0
2022-06-14 01:16:46+02:00,50.0
2022-06-14 01:17:47+02:00,91.9
2022-06-14 01:18:47+02:00,90.7
2022-06-14 01:19:47+02:00,87.8
2022-06-14 01:20:47+02:00,87.8
2022-06-14 01:21:47+02:00,87.7
2022-06-14 01:22:47+02:00,87.5
2022-06-14 01:23:47+02:00,86.9
2022-06-14 01:24:48+02:00,86.6
2022-06-14 01:25:48+02:00,87.0
2022-06-14 01:26:48+02:00,86.5
2022-06-14 01:27:48+02:00,86.2
2022-06-14 01:28:48+02:00,85.9
2022-06-14 01:29:48+02:00,86.1
2022-06-14 01:30:48+02:00,86.5
2022-06-14 01:31:49+02:00,86.2
2022-06-14 01:32:49+02:00,86.3
2022-06-14 01:33:49+02:00,86.3
2022-06-14 01:34:49+02:00,86.1
2022-06-14 01:35:49+02:00,86.5
2022-06-14 01:36:49+02:00,86.3
2022-06-14 01:37:50+02:00,86.8
2022-06-14 01:38:50+02:00,86.3
2022-06-14 01:39:50+02:00,86.6
2022-06-14 01:40:50+02:00,86.7
2022-06-14 01:41:50+02:00,87.4
2022-06-14 01:42:50+02:00,86.9
2022-06-14 01:43:50+02:00,87.4
2022-06-14 01:44:51+02:00,50.0
2022-06-14 01:45:51+02:00,50.0
2022-06-14 01:46:51+02:00,89.0
2022-06-14 01:47:51+02:00,50.0
2022-06-14 01:48:51+02:00,89.1
2022-06-14 01:49:51+02:00,90.9
2022-06-14 01:50:52+02:00,92.3
2022-06-14 01:51:52+02:00,50.0
2022-06-14 01:52:52+02:00,50.0
2022-06-14 01:53:52+02:00,50.0
2022-06-14 01:54:52+02:00,50.0
2022-06-14 01:55:52+02:00,50.0
2022-06-14 01:56:52+02:00,50.0
2022-06-14 01:57:53+02:00,50.0
2022-06-14 01:58:53+02:00,92.3
2022-06-14 01:59:53+02:00,50.0
2022-06-14 02:00:53+02:00,50.0
2022-06-14 02:00:53+02:00,50.0
2022-06-14 02:01:53+02:00,86.4
2022-06-14 02:02:53+02:00,50.0
2022-06-14 02:03:53+02:00,86.5
2022-06-14 02:04:54+02:00,50.0
2022-06-14 02:05:54+02:00,50.0
2022-06-14 02:06:54+02:00,88.7
2022-06-14 02:07:54+02:00,91.0
2022-06-14 02:08:54+02:00,92.5
2022-06-14 02:09:54+02:00,91.8
2022-06-14 02:10:55+02:00,92.9
2022-06-14 02:11:55+02:00,50.0
2022-06-14 02:12:55+02:00,93.6
2022-06-14 02:13:55+02:00,93.8
2022-06-14 02:14:55+02:00,50.0
2022-06-14 02:15:55+02:00,50.0
2022-06-14 02:16:55+02:00,50.0
2022-06-14 02:17:56+02:00,50.0
2022-06-14 02:18:56+02:00,50.0
2022-06-14 02:19:56+02:00,92.7
2022-06-14 02:20:56+02:00,88.5
2022-06-14 02:21:56+02:00,50.0
2022-06-14 02:22:56+02:00,90.8
2022-06-14 02:23:56+02:00,92.6
2022-06-14 02:24:57+02:00,94.4
2022-06-14 02:25:57+02:00,50.0
2022-06-14 02:26:57+02:00,96.5
2022-06-14 02:27:57+02:00,50.0
2022-06-14 02:44:00+02:00,50.0
2022-06-14 02:45:00+02:00,84.6
2022-06-14 02:46:00+02:00,86.1
2022-06-14 02:47:00+02:00,86.2
2022-06-14 02:48:00+02:00,86.7
2022-06-14 02:49:00+02:00,87.9
2022-06-14 02:50:00+02:00,88.8
2022-06-14 02:51:00+02:00,89.5
2022-06-14 02:52:00+02:00,89.8
2022-06-14 02:53:00+02:00,90.1
2022-06-14 02:54:00+02:00,90.3
2022-06-14 02:55:01+02:00,90.3
2022-06-14 02:56:01+02:00,90.4
2022-06-14 02:57:01+02:00,90.6
2022-06-14 02:58:01+02:00,90.6
2022-06-14 02:59:01+02:00,90.5
2022-06-14 03:00:01+02:00,89.8
2022-06-14 03:01:01+02:00,89.8
2022-06-14 03:02:02+02:00,89.8
2022-06-14 03:03:02+02:00,90.0
2022-06-14 03:04:02+02:00,90.0
2022-06-14 03:05:02+02:00,90.1
2022-06-14 03:06:02+02:00,90.1
2022-06-14 03:07:02+02:00,90.1
2022-06-14 03:08:02+02:00,90.1
2022-06-14 03:09:02+02:00,90.2
2022-06-14 03:10:03+02:00,90.3
2022-06-14 03:11:03+02:00,90.3
2022-06-14 03:12:03+02:00,90.4
2022-06-14 03:13:03+02:00,90.4
2022-06-14 03:14:03+02:00,90.5
2022-06-14 03:15:03+02:00,90.5
2022-06-14 03:16:04+02:00,90.6
2022-06-14 03:17:04+02:00,90.7
2022-06-14 03:18:04+02:00,91.1
2022-06-14 03:19:04+02:00,91.3
2022-06-14 03:20:04+02:00,91.4
2022-06-14 03:21:04+02:00,91.4
2022-06-14 03:22:04+02:00,91.9
2022-06-14 03:23:04+02:00,91.9
2022-06-14 03:24:04+02:00,92.1
2022-06-14 03:25:05+02:00,50.0
2022-06-14 03:26:05+02:00,92.6
2022-06-14 03:27:05+02:00,50.0
2022-06-14 03:28:05+02:00,92.5
2022-06-14 03:29:05+02:00,91.5
2022-06-14 03:30:05+02:00,91.0
2022-06-14 03:31:06+02:00,90.4
2022-06-14 03:32:06+02:00,90.8
2022-06-14 03:33:06+02:00,91.4
2022-06-14 03:34:06+02:00,91.1
2022-06-14 03:35:06+02:00,90.6
2022-06-14 03:36:06+02:00,91.7
2022-06-14 03:37:06+02:00,91.4
2022-06-14 03:38:07+02:00,92.4
2022-06-14 03:39:07+02:00,92.6
2022-06-14 03:40:07+02:00,93.1
2022-06-14 03:41:07+02:00,93.5
2022-06-14 03:42:07+02:00,50.0
2022-06-14 03:43:07+02:00,93.0
2022-06-14 03:44:08+02:00,91.8
2022-06-14 03:45:08+02:00,88.6
2022-06-14 03:46:08+02:00,86.2
2022-06-14 03:47:08+02:00,50.0
2022-06-14 03:48:08+02:00,85.5
2022-06-14 03:49:08+02:00,87.2
2022-06-14 03:50:08+02:00,50.0
2022-06-14 03:51:09+02:00,89.9
2022-06-14 03:52:09+02:00,92.7
2022-06-14 03:53:09+02:00,94.0
2022-06-14 03:54:09+02:00,95.0
2022-06-14 03:55:09+02:00,95.7
2022-06-14 03:56:09+02:00,95.8
2022-06-14 03:57:10+02:00,96.1
2022-06-14 03:58:10+02:00,96.5
2022-06-14 03:59:10+02:00,96.4
2022-06-14 04:00:10+02:00,96.3
2022-06-14 04:01:10+02:00,96.2
2022-06-14 04:02:10+02:00,96.1
2022-06-14 04:03:10+02:00,50.0
2022-06-14 04:04:11+02:00,96.3
2022-06-14 04:05:11+02:00,96.2
2022-06-14 04:06:11+02:00,50.0
2022-06-14 04:07:11+02:00,94.4
2022-06-14 04:08:11+02:00,90.9
2022-06-14 04:09:11+02:00,50.0
2022-06-14 04:10:11+02:00,91.5
2022-06-14 04:11:12+02:00,93.2
2022-06-14 04:12:12+02:00,95.1
2022-06-14 04:13:12+02:00,96.2
2022-06-14 04:14:12+02:00,97.6
2022-06-14 04:15:12+02:00,96.9
2022-06-14 04:16:12+02:00,96.6
2022-06-14 04:17:13+02:00,96.2
2022-06-14 04:18:13+02:00,94.8
2022-06-14 04:19:13+02:00,94.4
2022-06-14 04:20:13+02:00,50.0
2022-06-14 04:21:13+02:00,92.5
2022-06-14 04:22:13+02:00,92.3
2022-06-14 04:23:13+02:00,92.5
2022-06-14 04:24:14+02:00,94.7
2022-06-14 04:25:14+02:00,95.7
2022-06-14 04:26:14+02:00,97.1
2022-06-14 04:27:14+02:00,96.9
2022-06-14 04:28:14+02:00,97.3
2022-06-14 04:29:14+02:00,50.0
2022-06-14 04:30:14+02:00,97.7
2022-06-14 04:31:15+02:00,97.7
2022-06-14 04:32:15+02:00,50.0
2022-06-14 04:33:15+02:00,97.0
2022-06-14 04:34:15+02:00,93.8
2022-06-14 04:35:15+02:00,88.9
2022-06-14 04:36:15+02:00,85.8
2022-06-14 04:37:15+02:00,83.4
2022-06-14 04:38:16+02:00,82.4
2022-06-14 04:39:16+02:00,82.0
2022-06-14 04:40:16+02:00,81.6
2022-06-14 04:41:16+02:00,81.1
2022-06-14 04:42:16+02:00,80.6
2022-06-14 04:43:16+02:00,80.1
2022-06-14 04:44:17+02:00,79.7
2022-06-14 04:45:17+02:00,79.0
2022-06-14 04:46:17+02:00,79.8
2022-06-14 04:47:17+02:00,79.8
2022-06-14 04:48:17+02:00,81.1
2022-06-14 04:49:17+02:00,81.3
2022-06-14 04:50:17+02:00,80.3
2022-06-14 04:51:18+02:00,80.3
2022-06-14 04:52:18+02:00,79.8
2022-06-14 04:53:18+02:00,81.5
2022-06-14 04:54:18+02:00,84.6
2022-06-14 04:55:18+02:00,50.0
2022-06-14 04:56:18+02:00,86.1
2022-06-14 04:57:19+02:00,84.1
2022-06-14 04:58:19+02:00,82.1
2022-06-14 04:59:19+02:00,80.9
2022-06-14 05:00:19+02:00,80.2
2022-06-14 05:01:19+02:00,79.2
2022-06-14 05:02:19+02:00,50.0
2022-06-14 05:03:20+02:00,80.0
2022-06-14 05:04:20+02:00,80.2
2022-06-14 05:05:20+02:00,80.4
2022-06-14 05:06:20+02:00,80.0
2022-06-14 05:07:20+02:00,50.0
2022-06-14 05:08:20+02:00,80.6
2022-06-14 05:09:20+02:00,80.3
2022-06-14 05:10:21+02:00,81.0
2022-06-14 05:11:21+02:00,82.1
2022-06-14 05:12:21+02:00,83.3
2022-06-14 05:13:21+02:00,86.8
2022-06-14 05:14:21+02:00,89.2
2022-06-14 05:15:21+02:00,91.2
2022-06-14 05:16:21+02:00,91.9
2022-06-14 05:17:22+02:00,92.6
2022-06-14 05:18:22+02:00,93.5
2022-06-14 05:19:22+02:00,94.5
2022-06-14 05:20:22+02:00,94.7
2022-06-14 05:21:22+02:00,94.2
2022-06-14 05:22:22+02:00,94.7
2022-06-14 05:23:22+02:00,94.4
2022-06-14 05:24:23+02:00,94.6
2022-06-14 05:25:23+02:00,94.8
2022-06-14 05:26:23+02:00,93.8
2022-06-14 05:27:23+02:00,94.1
2022-06-14 05:28:23+02:00,94.8
2022-06-14 05:29:23+02:00,95.1
2022-06-14 05:30:24+02:00,92.3
2022-06-14 05:31:24+02:00,90.0
2022-06-14 05:32:24+02:00,87.9
2022-06-14 05:33:24+02:00,86.9
2022-06-14 05:34:24+02:00,86.7
2022-06-14 05:35:24+02:00,89.4
2022-06-14 05:36:25+02:00,90.9
2022-06-14 05:37:25+02:00,90.7
2022-06-14 05:38:25+02:00,89.8
2022-06-14 05:39:25+02:00,88.1
2022-06-14 05:40:25+02:00,86.7
2022-06-14 05:41:25+02:00,85.9
2022-06-14 05:42:25+02:00,87.4
2022-06-14 05:43:26+02:00,89.3
2022-06-14 05:44:26+02:00,89.0
2022-06-14 05:45:26+02:00,91.2
2022-06-14 05:46:26+02:00,92.2
2022-06-14 05:47:26+02:00,93.4
2022-06-14 05:48:26+02:00,93.8
2022-06-14 05:49:27+02:00,95.0
2022-06-14 05:50:27+02:00,95.4
2022-06-14 05:51:27+02:00,50.0
2022-06-14 05:52:27+02:00,95.3
2022-06-14 05:53:27+02:00,96.4
2022-06-14 05:54:27+02:00,96.8
2022-06-14 05:55:27+02:00,95.8
2022-06-14 05:56:28+02:00,93.9
2022-06-14 05:57:28+02:00,92.7
2022-06-14 05:58:28+02:00,89.8
2022-06-14 05:59:28+02:00,50.0
2022-06-14 06:00:28+02:00,50.0
2022-06-14 06:01:28+02:00,50.0
2022-06-14 06:02:29+02:00,50.0
2022-06-14 06:03:29+02:00,50.0
2022-06-14 06:04:29+02:00,89.6
2022-06-14 06:05:29+02:00,90.7
2022-06-14 06:06:29+02:00,91.6
2022-06-14 06:07:29+02:00,91.9
2022-06-14 06:08:29+02:00,50.0
2022-06-14 06:09:30+02:00,93.2
2022-06-14 06:10:30+02:00,95.3
2022-06-14 06:11:30+02:00,50.0
2022-06-14 06:12:30+02:00,93.3
2022-06-14 06:13:30+02:00,50.0
2022-06-14 06:14:30+02:00,50.0
2022-06-14 06:15:31+02:00,88.8
2022-06-14 06:16:31+02:00,87.7
2022-06-14 06:17:31+02:00,88.6
2022-06-14 06:18:31+02:00,84.6
2022-06-14 06:19:31+02:00,83.1
2022-06-14 06:20:31+02:00,84.7
2022-06-14 06:21:31+02:00,88.6
2022-06-14 06:22:32+02:00,91.5
2022-06-14 06:23:32+02:00,87.6
2022-06-14 06:24:32+02:00,84.0
2022-06-14 06:25:32+02:00,50.0
2022-06-14 06:26:32+02:00,50.0
2022-06-14 06:27:32+02:00,50.0
2022-06-14 06:28:33+02:00,81.6
2022-06-14 06:29:33+02:00,50.0
2022-06-14 06:30:33+02:00,50.0
2022-06-14 06:31:33+02:00,78.9
2022-06-14 06:32:33+02:00,78.2
2022-06-14 06:33:33+02:00,78.0
2022-06-14 06:34:33+02:00,77.2
2022-06-14 06:35:34+02:00,77.6
2022-06-14 06:36:34+02:00,77.2
2022-06-14 06:37:34+02:00,76.4
2022-06-14 06:38:34+02:00,76.5
2022-06-14 06:39:34+02:00,77.0
2022-06-14 06:40:35+02:00,77.5
2022-06-14 06:41:35+02:00,77.9
2022-06-14 06:42:35+02:00,78.0
2022-06-14 06:43:35+02:00,50.0
2022-06-14 06:44:35+02:00,50.0
2022-06-14 06:45:35+02:00,50.0
2022-06-14 06:46:35+02:00,50.0
2022-06-14 06:47:36+02:00,50.0
2022-06-14 06:48:36+02:00,50.0
2022-06-14 06:49:36+02:00,50.0
2022-06-14 06:50:36+02:00,50.0
2022-06-14 06:51:36+02:00,50.0
2022-06-14 06:52:36+02:00,78.1
2022-06-14 06:53:37+02:00,50.0
2022-06-14 06:54:37+02:00,50.0
2022-06-14 06:55:37+02:00,50.0
2022-06-14 06:56:37+02:00,79.9
2022-06-14 06:57:37+02:00,50.0
2022-06-14 06:58:37+02:00,86.2
2022-06-14 06:59:37+02:00,88.3
2022-06-14 07:00:38+02:00,89.6
2022-06-14 07:01:38+02:00,90.1
2022-06-14 07:02:38+02:00,90.7
2022-06-14 07:03:38+02:00,91.2
2022-06-14 07:04:38+02:00,92.1
2022-06-14 07:05:38+02:00,50.0
2022-06-14 07:06:39+02:00,92.1
2022-06-14 07:07:39+02:00,93.1
2022-06-14 07:08:39+02:00,94.1
2022-06-14 07:09:39+02:00,50.0
2022-06-14 07:10:39+02:00,50.0
2022-06-14 07:11:39+02:00,50.0
2022-06-14 07:12:39+02:00,50.0
2022-06-14 07:13:39+02:00,50.0
2022-06-14 07:14:39+02:00,50.0
2022-06-14 07:15:39+02:00,50.0
2022-06-14 07:16:39+02:00,50.0
2022-06-14 07:17:39+02:00,50.0
2022-06-14 07:18:40+02:00,50.0
2022-06-14 07:19:40+02:00,50.0
2022-06-14 07:20:40+02:00,50.0
2022-06-14 07:21:40+02:00,50.0
2022-06-14 07:22:40+02:00,50.0
2022-06-14 07:23:40+02:00,50.0
2022-06-14 07:24:40+02:00,50.0
2022-06-14 07:25:40+02:00,50.0
2022-06-14 07:26:40+02:00,50.0
2022-06-14 07:27:40+02:00,50.0
2022-06-14 07:28:40+02:00,50.0
2022-06-14 07:29:40+02:00,50.0
2022-06-14 07:30:40+02:00,50.0
2022-06-14 07:31:41+02:00,50.0
2022-06-14 07:32:41+02:00,50.0
2022-06-14 07:33:41+02:00,50.0
2022-06-14 07:34:41+02:00,50.0
2022-06-14 07:35:41+02:00,50.0
2022-06-14 07:36:41+02:00,50.0
2022-06-14 07:37:41+02:00,50.0
2022-06-14 07:38:41+02:00,50.0
2022-06-15 00:16:30+02:00,50.0
2022-06-15 00:17:30+02:00,89.5
2022-06-15 00:18:30+02:00,88.9
2022-06-15 00:19:30+02:00,88.9
2022-06-15 00:20:30+02:00,88.7
2022-06-15 00:21:30+02:00,88.5
2022-06-15 00:22:30+02:00,87.8
2022-06-15 00:23:30+02:00,88.1
2022-06-15 00:24:30+02:00,88.0
2022-06-15 00:25:30+02:00,88.8
2022-06-15 00:26:30+02:00,89.1
2022-06-15 00:27:31+02:00,50.0
2022-06-15 00:28:31+02:00,89.9
2022-06-15 00:29:31+02:00,92.6
2022-06-15 00:30:31+02:00,93.6
2022-06-15 00:31:31+02:00,94.4
2022-06-15 00:32:31+02:00,94.7
2022-06-15 00:33:32+02:00,95.0
2022-06-15 00:34:32+02:00,50.0
2022-06-15 00:35:32+02:00,94.7
2022-06-15 00:36:32+02:00,50.0
2022-06-15 00:37:32+02:00,50.0
2022-06-15 00:38:32+02:00,94.9
2022-06-15 00:39:32+02:00,94.2
2022-06-15 00:40:33+02:00,93.8
2022-06-15 00:41:33+02:00,93.3
2022-06-15 00:42:33+02:00,50.0
2022-06-15 00:43:33+02:00,93.3
2022-06-15 00:44:33+02:00,94.4
2022-06-15 00:45:33+02:00,95.1
2022-06-15 00:46:33+02:00,50.0
2022-06-15 00:47:34+02:00,92.4
2022-06-15 00:48:34+02:00,89.6
2022-06-15 00:49:34+02:00,88.8
2022-06-15 00:50:34+02:00,89.0
2022-06-15 00:51:34+02:00,87.7
2022-06-15 00:52:34+02:00,50.0
2022-06-15 00:53:35+02:00,87.7
2022-06-15 00:54:35+02:00,90.2
2022-06-15 00:55:35+02:00,91.3
2022-06-15 00:56:35+02:00,92.4
2022-06-15 00:57:35+02:00,92.9
2022-06-15 00:58:35+02:00,92.9
2022-06-15 00:59:35+02:00,92.6
2022-06-15 01:00:36+02:00,92.6
2022-06-15 01:01:36+02:00,91.6
2022-06-15 01:02:36+02:00,92.0
2022-06-15 01:03:36+02:00,92.5
2022-06-15 01:04:36+02:00,92.9
2022-06-15 01:05:36+02:00,92.8
2022-06-15 01:06:36+02:00,93.5
2022-06-15 01:07:37+02:00,93.5
2022-06-15 01:08:37+02:00,92.6
2022-06-15 01:09:37+02:00,92.0
2022-06-15 01:10:37+02:00,91.0
2022-06-15 01:11:37+02:00,90.8
2022-06-15 01:12:37+02:00,91.4
2022-06-15 01:13:38+02:00,91.5
2022-06-15 01:14:38+02:00,92.1
2022-06-15 01:15:38+02:00,93.3
2022-06-15 01:16:38+02:00,93.1
2022-06-15 01:17:38+02:00,91.9
2022-06-15 01:18:38+02:00,50.0
2022-06-15 01:19:38+02:00,50.0
2022-06-15 01:20:38+02:00,85.2
2022-06-15 01:21:39+02:00,50.0
2022-06-15 01:22:39+02:00,83.4
2022-06-15 01:23:39+02:00,80.9
2022-06-15 01:24:39+02:00,50.0
2022-06-15 01:25:39+02:00,83.7
2022-06-15 01:26:39+02:00,86.8
2022-06-15 01:27:39+02:00,88.9
2022-06-15 01:28:39+02:00,90.2
2022-06-15 01:29:40+02:00,91.1
2022-06-15 01:30:40+02:00,91.9
2022-06-15 01:31:40+02:00,92.7
2022-06-15 01:32:40+02:00,93.2
2022-06-15 01:33:40+02:00,93.5
2022-06-15 01:34:40+02:00,93.0
2022-06-15 01:35:40+02:00,93.9
2022-06-15 01:36:40+02:00,94.6
2022-06-15 01:37:40+02:00,95.2
2022-06-15 01:38:41+02:00,95.2
2022-06-15 01:39:41+02:00,95.4
2022-06-15 01:40:41+02:00,95.2
2022-06-15 01:41:41+02:00,94.9
2022-06-15 01:42:41+02:00,94.7
2022-06-15 01:43:41+02:00,94.7
2022-06-15 01:44:41+02:00,94.6
2022-06-15 01:45:41+02:00,94.4
2022-06-15 01:46:41+02:00,93.0
2022-06-15 01:47:41+02:00,89.1
2022-06-15 01:48:42+02:00,87.3
2022-06-15 01:49:42+02:00,86.1
2022-06-15 01:50:42+02:00,84.4
2022-06-15 01:51:42+02:00,84.3
2022-06-15 01:52:42+02:00,84.0
2022-06-15 01:53:42+02:00,84.5
2022-06-15 01:54:42+02:00,84.5
2022-06-15 01:55:42+02:00,84.9
2022-06-15 01:56:42+02:00,84.4
2022-06-15 01:57:43+02:00,84.7
2022-06-15 01:58:43+02:00,85.3
2022-06-15 01:59:43+02:00,85.5
2022-06-15 02:00:43+02:00,85.6
2022-06-15 02:00:43+02:00,85.6
2022-06-15 02:01:43+02:00,84.8
2022-06-15 02:02:43+02:00,86.1
2022-06-15 02:03:43+02:00,85.6
2022-06-15 02:04:43+02:00,85.8
2022-06-15 02:05:43+02:00,85.3
2022-06-15 02:06:43+02:00,85.7
2022-06-15 02:07:43+02:00,85.3
2022-06-15 02:08:44+02:00,84.8
2022-06-15 02:09:44+02:00,85.9
2022-06-15 02:10:44+02:00,87.2
2022-06-15 02:11:44+02:00,87.5
2022-06-15 02:12:44+02:00,88.6
2022-06-15 02:13:44+02:00,88.9
2022-06-15 02:14:44+02:00,88.2
2022-06-15 02:15:44+02:00,86.6
2022-06-15 02:16:44+02:00,85.5
2022-06-15 02:17:44+02:00,84.9
2022-06-15 02:18:45+02:00,84.2
2022-06-15 02:19:45+02:00,50.0
2022-06-15 02:20:45+02:00,82.1
2022-06-15 02:21:45+02:00,50.0
2022-06-15 02:22:45+02:00,82.8
2022-06-15 02:23:45+02:00,50.0
2022-06-15 02:24:45+02:00,50.0
2022-06-15 02:25:46+02:00,83.5
2022-06-15 02:26:46+02:00,82.2
2022-06-15 02:27:46+02:00,81.7
2022-06-15 02:28:46+02:00,83.4
2022-06-15 02:29:46+02:00,83.6
2022-06-15 02:30:46+02:00,84.3
2022-06-15 02:31:46+02:00,83.0
2022-06-15 02:32:47+02:00,83.8
2022-06-15 02:33:47+02:00,85.0
2022-06-15 02:34:47+02:00,85.6
2022-06-15 02:35:47+02:00,85.9
2022-06-15 02:36:47+02:00,85.5
2022-06-15 02:37:47+02:00,50.0
2022-06-15 02:38:47+02:00,50.0
2022-06-15 02:39:48+02:00,50.0
2022-06-15 02:40:48+02:00,50.0
2022-06-15 02:41:48+02:00,50.0
2022-06-15 02:42:48+02:00,50.0
2022-06-15 02:43:48+02:00,50.0
2022-06-15 02:44:48+02:00,50.0
2022-06-15 02:45:49+02:00,50.0
2022-06-15 02:46:49+02:00,50.0
2022-06-15 02:47:49+02:00,50.0
2022-06-15 02:48:49+02:00,50.0
2022-06-15 02:49:49+02:00,50.0
2022-06-15 02:50:49+02:00,50.0
2022-06-15 02:51:49+02:00,50.0
2022-06-15 02:52:49+02:00,77.7
2022-06-15 02:53:50+02:00,50.0
2022-06-15 02:54:50+02:00,78.1
2022-06-15 02:55:50+02:00,77.8
2022-06-15 02:56:50+02:00,77.8
2022-06-15 02:57:50+02:00,77.9
2022-06-15 02:58:50+02:00,50.0
2022-06-15 02:59:50+02:00,80.9
2022-06-15 03:00:51+02:00,83.8
2022-06-15 03:01:51+02:00,50.0
2022-06-15 03:02:51+02:00,84.6
2022-06-15 03:03:51+02:00,50.0
2022-06-15 03:04:51+02:00,76.9
2022-06-15 03:05:51+02:00,83.4
2022-06-15 03:06:51+02:00,88.6
2022-06-15 03:07:52+02:00,50.0
2022-06-15 03:08:52+02:00,91.8
2022-06-15 03:09:52+02:00,93.4
2022-06-15 03:10:52+02:00,93.8
2022-06-15 03:11:52+02:00,50.0
2022-06-15 03:12:52+02:00,92.2
2022-06-15 03:13:53+02:00,50.0
2022-06-15 03:14:53+02:00,90.9
2022-06-15 03:15:53+02:00,50.0
2022-06-15 03:16:53+02:00,92.1
2022-06-15 03:17:53+02:00,93.5
2022-06-15 03:18:53+02:00,94.4
2022-06-15 03:19:53+02:00,95.5
2022-06-15 03:20:54+02:00,96.0
2022-06-15 03:21:54+02:00,96.3
2022-06-15 03:22:54+02:00,96.5
2022-06-15 03:23:54+02:00,97.0
2022-06-15 03:24:54+02:00,97.4
2022-06-15 03:25:54+02:00,97.6
2022-06-15 03:26:54+02:00,97.9
2022-06-15 03:27:55+02:00,97.9
2022-06-15 03:28:55+02:00,98.2
2022-06-15 03:29:55+02:00,98.2
2022-06-15 03:30:55+02:00,98.2
2022-06-15 03:31:55+02:00,98.4
2022-06-15 03:32:55+02:00,98.5
2022-06-15 03:33:55+02:00,98.4
2022-06-15 03:34:56+02:00,98.4
2022-06-15 03:35:56+02:00,98.6
2022-06-15 03:36:56+02:00,98.6
2022-06-15 03:37:56+02:00,98.6
2022-06-15 03:38:56+02:00,98.8
2022-06-15 03:39:56+02:00,98.8
2022-06-15 03:40:57+02:00,99.0
2022-06-15 03:41:57+02:00,99.0
2022-06-15 03:42:57+02:00,99.1
2022-06-15 03:43:57+02:00,98.8
2022-06-15 03:44:57+02:00,98.9
2022-06-15 03:45:57+02:00,50.0
2022-06-15 03:46:58+02:00,95.9
2022-06-15 03:47:58+02:00,91.3
2022-06-15 03:48:58+02:00,88.4
2022-06-15 03:49:58+02:00,86.7
2022-06-15 03:50:58+02:00,85.2
2022-06-15 03:51:58+02:00,84.0
2022-06-15 03:52:58+02:00,82.8
2022-06-15 03:53:59+02:00,83.4
2022-06-15 03:54:59+02:00,85.4
2022-06-15 03:55:59+02:00,86.9
2022-06-15 03:56:59+02:00,87.9
2022-06-15 03:57:59+02:00,87.3
2022-06-15 03:58:59+02:00,85.9
2022-06-15 03:59:59+02:00,85.3
2022-06-15 04:01:00+02:00,85.5
2022-06-15 04:02:00+02:00,86.9
2022-06-15 04:03:00+02:00,50.0
2022-06-15 04:04:00+02:00,87.7
2022-06-15 04:05:00+02:00,86.8
2022-06-15 04:06:00+02:00,87.0
2022-06-15 04:07:00+02:00,85.6
2022-06-15 04:08:01+02:00,50.0
2022-06-15 04:09:01+02:00,82.6
2022-06-15 04:10:01+02:00,79.9
2022-06-15 04:11:01+02:00,50.0
2022-06-15 04:12:01+02:00,79.9
2022-06-15 04:13:01+02:00,83.4
2022-06-15 04:14:01+02:00,50.0
2022-06-15 04:15:02+02:00,84.4
2022-06-15 04:16:02+02:00,84.8
2022-06-15 04:17:02+02:00,50.0
2022-06-15 04:18:02+02:00,85.6
2022-06-15 04:19:02+02:00,85.4
2022-06-15 04:20:02+02:00,86.7
2022-06-15 04:21:02+02:00,85.4
2022-06-15 04:22:02+02:00,84.2
2022-06-15 04:23:03+02:00,84.2
2022-06-15 04:24:03+02:00,84.6
2022-06-15 04:25:03+02:00,85.9
2022-06-15 04:26:03+02:00,87.2
2022-06-15 04:27:03+02:00,87.6
2022-06-15 04:28:03+02:00,87.3
2022-06-15 04:29:03+02:00,87.4
2022-06-15 04:30:04+02:00,87.8
2022-06-15 04:31:04+02:00,50.0
2022-06-15 04:32:04+02:00,87.3
2022-06-15 04:33:04+02:00,86.5
2022-06-15 04:34:04+02:00,85.5
2022-06-15 04:35:04+02:00,84.8
2022-06-15 04:36:04+02:00,50.0
2022-06-15 04:37:05+02:00,83.0
2022-06-15 04:38:05+02:00,86.8
2022-06-15 04:39:05+02:00,89.5
2022-06-15 04:40:05+02:00,88.3
2022-06-15 04:41:05+02:00,50.0
2022-06-15 04:42:05+02:00,86.6
2022-06-15 04:43:06+02:00,89.8
2022-06-15 04:44:06+02:00,90.4
2022-06-15 04:45:06+02:00,91.8
2022-06-15 04:46:06+02:00,91.9
2022-06-15 04:47:06+02:00,92.7
2022-06-15 04:48:06+02:00,91.9
2022-06-15 04:49:06+02:00,90.5
2022-06-15 04:50:07+02:00,89.8
2022-06-15 04:51:07+02:00,88.7
2022-06-15 04:52:07+02:00,88.3
2022-06-15 04:53:07+02:00,88.0
2022-06-15 04:54:07+02:00,88.0
2022-06-15 04:55:07+02:00,50.0
2022-06-15 04:56:08+02:00,87.5
2022-06-15 04:57:08+02:00,87.3
2022-06-15 04:58:08+02:00,87.5
2022-06-15 04:59:08+02:00,87.6
2022-06-15 05:00:08+02:00,88.2
2022-06-15 05:01:08+02:00,88.4
2022-06-15 05:02:08+02:00,87.7
2022-06-15 05:03:09+02:00,88.4
2022-06-15 05:04:09+02:00,89.3
2022-06-15 05:05:09+02:00,90.2
2022-06-15 05:06:09+02:00,90.3
2022-06-15 05:07:09+02:00,91.4
2022-06-15 05:08:09+02:00,92.2
2022-06-15 05:09:09+02:00,92.8
2022-06-15 05:10:10+02:00,93.1
2022-06-15 05:11:10+02:00,93.1
2022-06-15 05:12:10+02:00,93.2
2022-06-15 05:13:10+02:00,93.3
2022-06-15 05:14:10+02:00,50.0
2022-06-15 05:15:10+02:00,93.2
2022-06-15 05:16:10+02:00,93.6
2022-06-15 05:17:11+02:00,94.4
2022-06-15 05:18:11+02:00,95.5
2022-06-15 05:19:11+02:00,95.2
2022-06-15 05:20:11+02:00,94.5
2022-06-15 05:21:11+02:00,94.9
2022-06-15 05:22:11+02:00,95.0
2022-06-15 05:23:11+02:00,95.8
2022-06-15 05:24:12+02:00,97.1
2022-06-15 05:25:12+02:00,97.1
2022-06-15 05:26:12+02:00,96.0
2022-06-15 05:27:12+02:00,96.2
2022-06-15 05:28:12+02:00,97.0
2022-06-15 05:29:12+02:00,96.7
2022-06-15 05:30:13+02:00,97.5
2022-06-15 05:31:13+02:00,97.9
2022-06-15 05:32:13+02:00,50.0
2022-06-15 05:33:13+02:00,92.8
2022-06-15 05:34:13+02:00,90.1
2022-06-15 05:35:13+02:00,50.0
2022-06-15 05:36:13+02:00,89.8
2022-06-15 05:37:14+02:00,88.7
2022-06-15 05:38:14+02:00,88.1
2022-06-15 05:39:14+02:00,86.0
2022-06-15 05:40:14+02:00,84.6
2022-06-15 05:41:14+02:00,81.1
2022-06-15 05:42:14+02:00,50.0
2022-06-15 05:43:14+02:00,50.0
2022-06-15 05:44:15+02:00,50.0
2022-06-15 05:45:15+02:00,82.9
2022-06-15 05:46:15+02:00,83.4
2022-06-15 05:47:15+02:00,83.3
2022-06-15 05:48:15+02:00,83.9
2022-06-15 05:49:15+02:00,85.8
2022-06-15 05:50:15+02:00,87.3
2022-06-15 05:51:16+02:00,90.1
2022-06-15 05:52:16+02:00,50.0
2022-06-15 05:53:16+02:00,88.9
2022-06-15 05:54:16+02:00,88.8
2022-06-15 05:55:16+02:00,50.0
2022-06-15 05:56:16+02:00,90.4
2022-06-15 05:57:16+02:00,91.8
2022-06-15 05:58:17+02:00,92.7
2022-06-15 05:59:17+02:00,93.2
2022-06-15 06:00:17+02:00,93.6
2022-06-15 06:01:17+02:00,94.1
2022-06-15 06:02:17+02:00,93.3
2022-06-15 06:03:17+02:00,94.0
2022-06-15 06:04:17+02:00,94.6
2022-06-15 06:05:18+02:00,95.2
2022-06-15 06:06:18+02:00,95.5
2022-06-15 06:07:18+02:00,96.0
2022-06-15 06:08:18+02:00,96.2
2022-06-15 06:09:18+02:00,96.3
2022-06-15 06:10:18+02:00,96.3
2022-06-15 06:11:19+02:00,96.6
2022-06-15 06:12:19+02:00,96.7
2022-06-15 06:13:19+02:00,96.8
2022-06-15 06:14:19+02:00,96.9
2022-06-15 06:15:19+02:00,97.0
2022-06-15 06:16:19+02:00,96.9
2022-06-15 06:17:19+02:00,97.1
2022-06-15 06:18:20+02:00,97.1
2022-06-15 06:19:20+02:00,97.1
2022-06-15 06:20:20+02:00,97.1
2022-06-15 06:21:20+02:00,97.1
2022-06-15 06:22:20+02:00,97.1
2022-06-15 06:23:20+02:00,97.2
2022-06-15 06:24:20+02:00,97.2
2022-06-15 06:25:21+02:00,97.3
2022-06-15 06:26:21+02:00,97.4
2022-06-15 06:27:21+02:00,97.3
2022-06-15 06:28:21+02:00,97.2
2022-06-15 06:29:21+02:00,50.0
2022-06-15 06:30:21+02:00,50.0
2022-06-15 06:31:21+02:00,95.8
2022-06-15 06:32:22+02:00,50.0
2022-06-15 06:33:22+02:00,91.3
2022-06-15 06:34:22+02:00,87.5
2022-06-15 06:35:22+02:00,84.2
2022-06-15 06:36:22+02:00,81.7
2022-06-15 06:37:22+02:00,79.4
2022-06-15 06:38:22+02:00,78.2
2022-06-15 06:39:23+02:00,50.0
2022-06-15 06:40:23+02:00,50.0
2022-06-15 06:41:23+02:00,50.0
2022-06-15 06:42:23+02:00,50.0
2022-06-15 06:43:23+02:00,50.0
2022-06-15 06:44:23+02:00,50.0
2022-06-15 06:45:24+02:00,50.0
2022-06-15 06:46:24+02:00,50.0
2022-06-15 06:47:24+02:00,50.0
2022-06-15 06:48:24+02:00,50.0
2022-06-15 06:49:24+02:00,50.0
2022-06-15 06:50:24+02:00,50.0
2022-06-15 06:51:24+02:00,50.0
2022-06-15 06:52:24+02:00,50.0
2022-06-15 06:53:25+02:00,50.0
2022-06-15 06:54:25+02:00,50.0
2022-06-15 06:55:25+02:00,50.0
2022-06-15 06:56:25+02:00,50.0
2022-06-15 06:57:25+02:00,50.0
2022-06-15 06:58:25+02:00,50.0
2022-06-15 06:59:25+02:00,50.0
2022-06-15 07:00:26+02:00,50.0
2022-06-15 07:01:26+02:00,50.0
2022-06-15 07:02:26+02:00,78.4
2022-06-15 07:03:26+02:00,50.0
2022-06-15 07:04:26+02:00,50.0
2022-06-15 07:05:26+02:00,50.0
2022-06-15 07:06:26+02:00,50.0
2022-06-15 07:07:26+02:00,50.0
2022-06-15 07:08:27+02:00,50.0
2022-06-15 07:09:27+02:00,50.0
2022-06-15 07:10:27+02:00,50.0
2022-06-15 07:11:27+02:00,50.0
2022-06-15 07:12:27+02:00,50.0
2022-06-15 07:13:27+02:00,50.0
2022-06-15 07:14:28+02:00,50.0
2022-06-15 22:26:30+02:00,90.5
2022-06-15 22:27:30+02:00,90.7
2022-06-15 22:28:30+02:00,90.7
2022-06-15 22:29:30+02:00,90.1
2022-06-15 22:30:30+02:00,89.9
2022-06-15 22:31:30+02:00,90.1
2022-06-15 22:32:30+02:00,90.2
2022-06-15 22:33:30+02:00,89.7
2022-06-15 22:34:30+02:00,90.2
2022-06-15 22:35:30+02:00,89.9
2022-06-15 22:36:30+02:00,90.4
2022-06-15 22:37:30+02:00,89.9
2022-06-15 22:38:31+02:00,90.1
2022-06-15 22:39:31+02:00,91.4
2022-06-15 22:40:31+02:00,50.0
2022-06-15 22:41:31+02:00,93.0
2022-06-15 22:42:31+02:00,93.9
2022-06-15 22:43:31+02:00,94.5
2022-06-15 22:44:32+02:00,94.9
2022-06-15 22:45:32+02:00,50.0
2022-06-15 22:46:32+02:00,95.0
2022-06-15 22:47:32+02:00,95.3
2022-06-15 22:48:32+02:00,95.3
2022-06-15 22:49:32+02:00,95.3
2022-06-15 22:50:32+02:00,95.7
2022-06-15 22:51:33+02:00,95.7
2022-06-15 22:52:33+02:00,95.5
2022-06-15 22:53:33+02:00,95.6
2022-06-15 22:54:33+02:00,94.6
2022-06-15 22:55:33+02:00,94.9
2022-06-15 22:56:33+02:00,50.0
2022-06-15 22:57:33+02:00,50.0
2022-06-15 22:58:34+02:00,92.8
2022-06-15 22:59:34+02:00,91.8
2022-06-15 23:00:34+02:00,91.1
2022-06-15 23:01:34+02:00,90.8
2022-06-15 23:02:34+02:00,50.0
2022-06-15 23:03:34+02:00,90.9
2022-06-15 23:04:35+02:00,91.0
2022-06-15 23:05:35+02:00,91.0
2022-06-15 23:06:35+02:00,90.9
2022-06-15 23:07:35+02:00,90.9
2022-06-15 23:08:35+02:00,50.0
2022-06-15 23:09:35+02:00,50.0
2022-06-15 23:10:35+02:00,91.1
2022-06-15 23:11:36+02:00,89.6
2022-06-15 23:12:36+02:00,88.8
2022-06-15 23:13:36+02:00,50.0
2022-06-15 23:14:36+02:00,50.0
2022-06-15 23:15:36+02:00,92.3
2022-06-15 23:16:36+02:00,50.0
2022-06-15 23:17:37+02:00,50.0
2022-06-15 23:18:37+02:00,50.0
2022-06-15 23:19:37+02:00,89.6
2022-06-15 23:20:37+02:00,85.8
2022-06-15 23:21:37+02:00,50.0
2022-06-15 23:22:37+02:00,83.1
2022-06-15 23:23:37+02:00,86.0
2022-06-15 23:24:37+02:00,88.8
2022-06-15 23:25:38+02:00,90.4
2022-06-15 23:26:38+02:00,91.4
2022-06-15 23:27:38+02:00,92.4
2022-06-15 23:28:38+02:00,92.9
2022-06-15 23:29:38+02:00,93.5
2022-06-15 23:30:38+02:00,94.4
2022-06-15 23:31:39+02:00,94.4
2022-06-15 23:32:39+02:00,96.2
2022-06-15 23:33:39+02:00,96.9
2022-06-15 23:34:39+02:00,97.3
2022-06-15 23:35:39+02:00,97.7
2022-06-15 23:36:39+02:00,98.1
2022-06-15 23:37:39+02:00,98.0
2022-06-15 23:38:39+02:00,98.0
2022-06-15 23:39:39+02:00,99.1
2022-06-15 23:40:39+02:00,50.0
2022-06-15 23:41:39+02:00,50.0
2022-06-15 23:42:39+02:00,97.3
2022-06-15 23:43:40+02:00,95.4
2022-06-15 23:44:40+02:00,94.2
2022-06-15 23:45:40+02:00,94.6
2022-06-15 23:46:40+02:00,94.6
2022-06-15 23:47:40+02:00,94.3
2022-06-15 23:48:40+02:00,93.9
2022-06-15 23:49:40+02:00,93.3
2022-06-15 23:50:40+02:00,92.4
2022-06-15 23:51:40+02:00,91.7
2022-06-15 23:52:40+02:00,90.7
2022-06-15 23:53:40+02:00,90.2
2022-06-15 23:54:40+02:00,89.7
2022-06-15 23:55:41+02:00,89.7
2022-06-15 23:56:41+02:00,89.5
2022-06-15 23:57:41+02:00,89.4
2022-06-15 23:58:41+02:00,50.0
2022-06-15 23:59:41+02:00,89.5
2022-06-16 00:00:41+02:00,91.2
2022-06-16 00:01:41+02:00,92.1
2022-06-16 00:02:41+02:00,93.2
2022-06-16 00:03:42+02:00,94.3
2022-06-16 00:04:42+02:00,94.4
2022-06-16 00:05:42+02:00,92.5
2022-06-16 00:06:42+02:00,92.9
2022-06-16 00:07:42+02:00,93.1
2022-06-16 00:08:42+02:00,93.6
2022-06-16 00:09:42+02:00,93.8
2022-06-16 00:10:42+02:00,93.9
2022-06-16 00:11:42+02:00,94.7
2022-06-16 00:12:42+02:00,94.6
2022-06-16 00:13:43+02:00,94.2
2022-06-16 00:14:43+02:00,50.0
2022-06-16 00:15:43+02:00,91.7
2022-06-16 00:16:43+02:00,89.7
2022-06-16 00:17:43+02:00,89.1
2022-06-16 00:18:43+02:00,88.5
2022-06-16 00:19:43+02:00,88.5
2022-06-16 00:20:43+02:00,87.4
2022-06-16 00:21:43+02:00,87.4
2022-06-16 00:22:43+02:00,86.4
2022-06-16 00:23:43+02:00,87.2
2022-06-16 00:24:44+02:00,87.0
2022-06-16 00:25:44+02:00,87.6
2022-06-16 00:26:44+02:00,87.8
2022-06-16 00:27:44+02:00,87.7
2022-06-16 00:28:44+02:00,87.8
2022-06-16 00:29:44+02:00,88.4
2022-06-16 00:30:44+02:00,88.9
2022-06-16 00:31:44+02:00,50.0
2022-06-16 00:32:44+02:00,50.0
2022-06-16 00:33:45+02:00,87.9
2022-06-16 00:34:45+02:00,50.0
2022-06-16 00:35:45+02:00,86.8
2022-06-16 00:36:45+02:00,89.2
2022-06-16 00:37:45+02:00,50.0
2022-06-16 00:38:45+02:00,89.7
2022-06-16 00:39:46+02:00,88.7
2022-06-16 00:40:46+02:00,87.8
2022-06-16 00:41:46+02:00,50.0
2022-06-16 00:42:46+02:00,50.0
2022-06-16 00:43:46+02:00,85.9
2022-06-16 00:44:46+02:00,85.9
2022-06-16 00:45:46+02:00,86.0
2022-06-16 00:46:47+02:00,83.4
2022-06-16 00:47:47+02:00,82.4
2022-06-16 00:48:47+02:00,81.9
2022-06-16 00:49:47+02:00,84.1
2022-06-16 00:50:47+02:00,84.5
2022-06-16 00:51:47+02:00,87.3
2022-06-16 00:52:48+02:00,87.1
2022-06-16 00:53:48+02:00,87.1
2022-06-16 00:54:48+02:00,86.5
2022-06-16 00:55:48+02:00,86.4
2022-06-16 00:56:48+02:00,86.3
2022-06-16 00:57:48+02:00,87.2
2022-06-16 00:58:48+02:00,89.5
2022-06-16 00:59:49+02:00,90.6
2022-06-16 01:00:49+02:00,91.3
2022-06-16 01:01:49+02:00,91.3
2022-06-16 01:02:49+02:00,91.2
2022-06-16 01:03:49+02:00,90.4
2022-06-16 01:04:49+02:00,50.0
2022-06-16 01:05:50+02:00,50.0
2022-06-16 01:06:50+02:00,50.0
2022-06-16 01:07:50+02:00,86.4
2022-06-16 01:08:50+02:00,91.5
2022-06-16 01:09:50+02:00,93.7
2022-06-16 01:10:50+02:00,94.3
2022-06-16 01:11:50+02:00,95.8
2022-06-16 01:12:51+02:00,96.3
2022-06-16 01:13:51+02:00,50.0
2022-06-16 01:14:51+02:00,50.0
2022-06-16 01:15:51+02:00,95.0
2022-06-16 01:16:51+02:00,90.3
2022-06-16 01:17:51+02:00,50.0
2022-06-16 01:18:51+02:00,50.0
2022-06-16 01:19:52+02:00,50.0
2022-06-16 01:20:52+02:00,86.3
2022-06-16 01:21:52+02:00,85.8
2022-06-16 01:22:52+02:00,50.0
2022-06-16 01:23:52+02:00,50.0
2022-06-16 01:24:52+02:00,50.0
2022-06-16 01:25:53+02:00,50.0
2022-06-16 01:26:53+02:00,85.5
2022-06-16 01:27:53+02:00,84.3
2022-06-16 01:28:53+02:00,84.0
2022-06-16 01:29:53+02:00,84.1
2022-06-16 01:30:53+02:00,83.9
2022-06-16 01:31:53+02:00,83.7
2022-06-16 01:32:54+02:00,83.8
2022-06-16 01:33:54+02:00,84.2
2022-06-16 01:34:54+02:00,84.3
2022-06-16 01:35:54+02:00,84.0
2022-06-16 01:36:54+02:00,83.2
2022-06-16 01:37:54+02:00,84.3
2022-06-16 01:38:54+02:00,84.0
2022-06-16 01:39:55+02:00,85.7
2022-06-16 01:40:55+02:00,87.7
2022-06-16 01:41:55+02:00,88.2
2022-06-16 01:42:55+02:00,88.8
2022-06-16 01:43:55+02:00,88.8
2022-06-16 01:44:55+02:00,87.3
2022-06-16 01:45:56+02:00,87.0
2022-06-16 01:46:56+02:00,87.2
2022-06-16 01:47:56+02:00,88.9
2022-06-16 01:48:56+02:00,90.1
2022-06-16 02:14:00+02:00,50.0
2022-06-16 02:15:00+02:00,97.0
2022-06-16 02:16:00+02:00,50.0
2022-06-16 02:17:00+02:00,50.0
2022-06-16 02:18:00+02:00,95.1
2022-06-16 02:19:00+02:00,88.9
2022-06-16 02:20:00+02:00,50.0
2022-06-16 02:21:00+02:00,84.6
2022-06-16 02:22:00+02:00,81.6
2022-06-16 02:23:00+02:00,50.0
2022-06-16 02:24:00+02:00,50.0
2022-06-16 02:25:01+02:00,78.3
2022-06-16 02:26:01+02:00,50.0
2022-06-16 02:27:01+02:00,80.5
2022-06-16 02:28:01+02:00,50.0
2022-06-16 02:29:01+02:00,83.2
2022-06-16 02:30:01+02:00,85.4
2022-06-16 02:31:01+02:00,86.9
2022-06-16 02:32:02+02:00,88.1
2022-06-16 02:33:02+02:00,50.0
2022-06-16 02:34:02+02:00,82.5
2022-06-16 02:35:02+02:00,79.6
2022-06-16 02:36:02+02:00,50.0
2022-06-16 02:37:02+02:00,81.9
2022-06-16 02:38:02+02:00,85.1
2022-06-16 02:39:03+02:00,87.6
2022-06-16 02:40:03+02:00,89.1
2022-06-16 02:41:03+02:00,89.9
2022-06-16 02:42:03+02:00,90.3
2022-06-16 02:43:03+02:00,50.0
2022-06-16 02:44:03+02:00,50.0
2022-06-16 02:45:04+02:00,87.6
2022-06-16 02:46:04+02:00,50.0
2022-06-16 02:47:04+02:00,85.8
2022-06-16 02:48:04+02:00,86.0
2022-06-16 02:49:04+02:00,88.6
2022-06-16 02:50:04+02:00,50.0
2022-06-16 02:51:04+02:00,50.0
2022-06-16 02:52:04+02:00,91.7
2022-06-16 02:53:04+02:00,92.8
2022-06-16 02:54:05+02:00,50.0
2022-06-16 02:55:05+02:00,50.0
2022-06-16 02:56:05+02:00,50.0
2022-06-16 02:57:05+02:00,50.0
2022-06-16 02:58:05+02:00,50.0
2022-06-16 02:59:05+02:00,50.0
2022-06-16 03:00:05+02:00,50.0
2022-06-16 03:01:06+02:00,92.4
2022-06-16 03:02:06+02:00,50.0
2022-06-16 03:03:06+02:00,50.0
2022-06-16 03:04:06+02:00,50.0
2022-06-16 03:05:06+02:00,50.0
2022-06-16 03:06:06+02:00,50.0
2022-06-16 03:07:06+02:00,50.0
2022-06-16 03:08:07+02:00,87.8
2022-06-16 03:09:07+02:00,87.3
2022-06-16 03:10:07+02:00,82.7
2022-06-16 03:11:07+02:00,79.8
2022-06-16 03:12:07+02:00,78.4
2022-06-16 03:13:07+02:00,77.3
2022-06-16 03:14:08+02:00,76.3
2022-06-16 03:15:08+02:00,76.2
2022-06-16 03:16:08+02:00,76.1
2022-06-16 03:17:08+02:00,75.9
2022-06-16 03:18:08+02:00,75.9
2022-06-16 03:19:08+02:00,50.0
2022-06-16 03:20:08+02:00,78.2
2022-06-16 03:21:09+02:00,81.3
2022-06-16 03:22:09+02:00,84.2
2022-06-16 03:23:09+02:00,85.4
2022-06-16 03:24:09+02:00,50.0
2022-06-16 03:25:09+02:00,87.6
2022-06-16 03:26:09+02:00,90.2
2022-06-16 03:27:09+02:00,90.9
2022-06-16 03:28:10+02:00,91.8
2022-06-16 03:29:10+02:00,50.0
2022-06-16 03:30:10+02:00,92.2
2022-06-16 03:31:10+02:00,92.2
2022-06-16 03:32:10+02:00,50.0
2022-06-16 03:33:10+02:00,90.8
2022-06-16 03:34:10+02:00,87.2
2022-06-16 03:35:11+02:00,87.0
2022-06-16 03:36:11+02:00,86.1
2022-06-16 03:37:11+02:00,85.2
2022-06-16 03:38:11+02:00,50.0
2022-06-16 03:39:11+02:00,84.4
2022-06-16 03:40:11+02:00,87.2
2022-06-16 03:41:12+02:00,88.9
2022-06-16 03:42:12+02:00,90.5
2022-06-16 03:43:12+02:00,90.7
2022-06-16 03:44:12+02:00,91.1
2022-06-16 03:45:12+02:00,91.6
2022-06-16 03:46:12+02:00,91.9
2022-06-16 03:47:12+02:00,92.0
2022-06-16 03:48:13+02:00,92.3
2022-06-16 03:49:13+02:00,92.4
2022-06-16 03:50:13+02:00,92.7
2022-06-16 03:51:13+02:00,92.9
2022-06-16 03:52:13+02:00,92.9
2022-06-16 03:53:13+02:00,93.2
2022-06-16 03:54:13+02:00,93.1
2022-06-16 03:55:14+02:00,93.1
2022-06-16 03:56:14+02:00,93.3
2022-06-16 03:57:14+02:00,93.3
2022-06-16 03:58:14+02:00,93.3
2022-06-16 03:59:14+02:00,93.5
2022-06-16 04:00:14+02:00,93.6
2022-06-16 04:01:15+02:00,93.3
2022-06-16 04:02:15+02:00,93.4
2022-06-16 04:03:15+02:00,93.5
2022-06-16 04:04:15+02:00,93.6
2022-06-16 04:05:15+02:00,93.7
2022-06-16 04:06:15+02:00,50.0
2022-06-16 04:07:15+02:00,93.2
2022-06-16 04:08:16+02:00,91.6
2022-06-16 04:09:16+02:00,91.1
2022-06-16 04:10:16+02:00,90.3
2022-06-16 04:11:16+02:00,88.9
2022-06-16 04:12:16+02:00,89.3
2022-06-16 04:13:16+02:00,89.2
2022-06-16 04:14:17+02:00,89.6
2022-06-16 04:15:17+02:00,90.0
2022-06-16 04:16:17+02:00,50.0
2022-06-16 04:17:17+02:00,89.7
2022-06-16 04:18:17+02:00,90.8
2022-06-16 04:19:17+02:00,91.3
2022-06-16 04:20:17+02:00,50.0
2022-06-16 04:21:18+02:00,89.0
2022-06-16 04:22:18+02:00,87.8
2022-06-16 04:23:18+02:00,88.8
2022-06-16 04:24:18+02:00,87.1
2022-06-16 04:25:18+02:00,85.4
2022-06-16 04:26:18+02:00,85.1
2022-06-16 04:27:18+02:00,84.4
2022-06-16 04:28:19+02:00,50.0
2022-06-16 04:29:19+02:00,84.3
2022-06-16 04:30:19+02:00,85.7
2022-06-16 04:31:19+02:00,85.2
2022-06-16 04:32:19+02:00,85.0
2022-06-16 04:33:19+02:00,50.0
2022-06-16 04:34:19+02:00,50.0
2022-06-16 04:35:20+02:00,83.3
2022-06-16 04:36:20+02:00,50.0
2022-06-16 04:37:20+02:00,83.8
2022-06-16 04:38:20+02:00,89.4
2022-06-16 04:39:20+02:00,91.8
2022-06-16 04:40:20+02:00,93.7
2022-06-16 04:41:21+02:00,93.1
2022-06-16 04:42:21+02:00,93.0
2022-06-16 04:43:21+02:00,93.6
2022-06-16 04:44:21+02:00,50.0
2022-06-16 04:45:21+02:00,93.3
2022-06-16 04:46:21+02:00,92.2
2022-06-16 04:47:21+02:00,50.0
2022-06-16 04:48:22+02:00,50.0
2022-06-16 04:49:22+02:00,90.1
2022-06-16 04:50:22+02:00,89.2
2022-06-16 04:51:22+02:00,89.3
2022-06-16 04:52:22+02:00,89.1
2022-06-16 04:53:22+02:00,89.2
2022-06-16 04:54:22+02:00,88.9
2022-06-16 04:55:23+02:00,50.0
2022-06-16 04:56:23+02:00,89.9
2022-06-16 04:57:23+02:00,91.9
2022-06-16 04:58:23+02:00,50.0
2022-06-16 04:59:23+02:00,90.3
2022-06-16 05:00:23+02:00,89.4
2022-06-16 05:01:24+02:00,88.5
2022-06-16 05:02:24+02:00,88.5
2022-06-16 05:03:24+02:00,88.4
2022-06-16 05:04:24+02:00,88.5
2022-06-16 05:05:24+02:00,88.6
2022-06-16 05:06:24+02:00,88.8
2022-06-16 05:07:24+02:00,88.9
2022-06-16 05:08:25+02:00,89.0
2022-06-16 05:09:25+02:00,89.3
2022-06-16 05:10:25+02:00,89.2
2022-06-16 05:11:25+02:00,89.4
2022-06-16 05:12:25+02:00,89.3
2022-06-16 05:13:25+02:00,89.7
2022-06-16 05:14:26+02:00,89.8
2022-06-16 05:15:26+02:00,90.1
2022-06-16 05:16:26+02:00,89.9
2022-06-16 05:17:26+02:00,89.7
2022-06-16 05:18:26+02:00,89.9
2022-06-16 05:19:26+02:00,90.1
2022-06-16 05:20:26+02:00,90.1
2022-06-16 05:21:27+02:00,89.9
2022-06-16 05:22:27+02:00,90.0
2022-06-16 05:23:27+02:00,90.0
2022-06-16 05:24:27+02:00,90.3
2022-06-16 05:25:27+02:00,90.5
2022-06-16 05:26:27+02:00,90.5
2022-06-16 05:27:28+02:00,50.0
2022-06-16 05:28:28+02:00,90.6
2022-06-16 05:29:28+02:00,88.9
2022-06-16 05:30:28+02:00,50.0
2022-06-16 05:31:28+02:00,89.0
2022-06-16 05:32:28+02:00,88.4
2022-06-16 05:33:28+02:00,89.4
2022-06-16 05:34:29+02:00,84.9
2022-06-16 05:35:29+02:00,82.6
2022-06-16 05:36:29+02:00,50.0
2022-06-16 05:37:29+02:00,84.8
2022-06-16 05:38:29+02:00,89.9
2022-06-16 05:39:29+02:00,50.0
2022-06-16 05:40:29+02:00,90.3
2022-06-16 05:41:30+02:00,90.9
2022-06-16 05:42:30+02:00,50.0
2022-06-16 05:43:30+02:00,89.2
2022-06-16 05:44:30+02:00,50.0
2022-06-16 05:45:30+02:00,89.6
2022-06-16 05:46:31+02:00,91.2
2022-06-16 05:47:31+02:00,50.0
2022-06-16 05:48:31+02:00,91.7
2022-06-16 05:49:31+02:00,92.5
2022-06-16 05:50:31+02:00,92.8
2022-06-16 05:51:31+02:00,50.0
2022-06-16 05:52:31+02:00,90.7
2022-06-16 05:53:32+02:00,88.5
2022-06-16 05:54:32+02:00,86.0
2022-06-16 05:55:32+02:00,84.4
2022-06-16 05:56:32+02:00,83.3
2022-06-16 05:57:32+02:00,50.0
2022-06-16 05:58:32+02:00,82.8
2022-06-16 05:59:32+02:00,85.0
2022-06-16 06:00:33+02:00,86.8
2022-06-16 06:01:33+02:00,87.8
2022-06-16 06:02:33+02:00,50.0
2022-06-16 06:03:33+02:00,87.3
2022-06-16 06:04:33+02:00,50.0
2022-06-16 06:05:33+02:00,89.4
2022-06-16 06:06:34+02:00,90.7
2022-06-16 06:07:34+02:00,91.9
2022-06-16 06:08:34+02:00,92.3
2022-06-16 06:09:34+02:00,93.1
2022-06-16 06:10:34+02:00,93.1
2022-06-16 06:11:34+02:00,93.6
2022-06-16 06:12:34+02:00,93.8
2022-06-16 06:13:35+02:00,93.0
2022-06-16 06:14:35+02:00,93.5
2022-06-16 06:15:35+02:00,93.9
2022-06-16 06:16:35+02:00,50.0
2022-06-16 06:17:35+02:00,94.4
2022-06-16 06:18:35+02:00,92.4
2022-06-16 06:19:36+02:00,90.9
2022-06-16 06:20:36+02:00,89.6
2022-06-16 06:21:36+02:00,89.3
2022-06-16 06:22:36+02:00,92.1
2022-06-16 06:23:36+02:00,50.0
2022-06-16 06:24:36+02:00,92.3
2022-06-16 06:25:37+02:00,91.4
2022-06-16 06:26:37+02:00,91.2
2022-06-16 06:27:37+02:00,50.0
2022-06-16 06:28:37+02:00,85.0
2022-06-16 06:29:37+02:00,50.0
2022-06-16 06:30:37+02:00,83.5
2022-06-16 06:31:38+02:00,50.0
2022-06-16 06:32:38+02:00,83.0
2022-06-16 06:33:38+02:00,50.0
2022-06-16 06:34:38+02:00,50.0
2022-06-16 06:35:38+02:00,50.0
2022-06-16 06:36:38+02:00,50.0
2022-06-16 06:37:38+02:00,50.0
2022-06-16 06:38:38+02:00,50.0
2022-06-16 06:39:38+02:00,50.0
2022-06-16 06:40:39+02:00,50.0
2022-06-16 06:41:39+02:00,50.0
2022-06-16 06:42:39+02:00,50.0
2022-06-16 06:43:39+02:00,50.0
2022-06-16 06:44:39+02:00,50.0
2022-06-16 06:45:39+02:00,50.0
2022-06-16 06:46:39+02:00,50.0
2022-06-16 06:47:39+02:00,50.0
2022-06-16 06:48:40+02:00,50.0
2022-06-16 06:49:40+02:00,50.0
2022-06-16 06:50:40+02:00,50.0
2022-06-16 06:51:40+02:00,50.0
2022-06-16 06:52:40+02:00,50.0
2022-06-16 06:53:40+02:00,50.0
2022-06-16 06:54:40+02:00,50.0
2022-06-16 06:55:40+02:00,50.0
2022-06-16 06:56:40+02:00,83.1
2022-06-16 06:57:40+02:00,50.0
2022-06-16 06:58:40+02:00,50.0
2022-06-16 06:59:40+02:00,50.0
2022-06-16 07:00:41+02:00,50.0
2022-06-16 07:01:41+02:00,50.0
2022-06-16 07:02:41+02:00,50.0
2022-06-16 07:03:41+02:00,50.0
2022-06-16 07:04:41+02:00,50.0
2022-06-16 07:05:41+02:00,50.0
2022-06-16 07:06:41+02:00,50.0
2022-06-16 07:07:41+02:00,50.0
2022-06-16 07:08:41+02:00,50.0
2022-06-16 07:09:41+02:00,50.0
2022-06-18 02:53:30+02:00,93.6
2022-06-18 02:54:30+02:00,92.9
2022-06-18 02:55:30+02:00,93.0
2022-06-18 02:56:30+02:00,50.0
2022-06-18 02:57:30+02:00,89.2
2022-06-18 02:58:30+02:00,81.1
2022-06-18 02:59:30+02:00,79.0
2022-06-18 03:00:30+02:00,79.3
2022-06-18 03:01:30+02:00,78.6
2022-06-18 03:02:30+02:00,76.9
2022-06-18 03:03:30+02:00,76.8
2022-06-18 03:04:31+02:00,77.4
2022-06-18 03:05:31+02:00,77.6
2022-06-18 03:06:31+02:00,78.4
2022-06-18 03:07:31+02:00,78.5
2022-06-18 03:08:31+02:00,78.6
2022-06-18 03:09:31+02:00,50.0
2022-06-18 03:10:31+02:00,79.1
2022-06-18 03:11:32+02:00,79.1
2022-06-18 03:12:32+02:00,50.0
2022-06-18 03:13:32+02:00,80.5
2022-06-18 03:14:32+02:00,82.6
2022-06-18 03:15:32+02:00,84.1
2022-06-18 03:16:32+02:00,84.9
2022-06-18 03:17:32+02:00,85.4
2022-06-18 03:18:33+02:00,84.6
2022-06-18 03:19:33+02:00,86.4
2022-06-18 03:20:33+02:00,85.9
2022-06-18 03:21:33+02:00,86.9
2022-06-18 03:22:33+02:00,87.5
2022-06-18 03:23:33+02:00,87.5
2022-06-18 03:24:34+02:00,87.1
2022-06-18 03:25:34+02:00,86.9
2022-06-18 03:26:34+02:00,87.1
2022-06-18 03:27:34+02:00,85.8
2022-06-18 03:28:34+02:00,85.2
2022-06-18 03:29:34+02:00,86.7
2022-06-18 03:30:34+02:00,85.5
2022-06-18 03:31:35+02:00,86.0
2022-06-18 03:32:35+02:00,85.9
2022-06-18 03:33:35+02:00,84.7
2022-06-18 03:34:35+02:00,84.1
2022-06-18 03:35:35+02:00,84.5
2022-06-18 03:36:35+02:00,85.2
2022-06-18 03:37:35+02:00,86.3
2022-06-18 03:38:36+02:00,86.2
2022-06-18 03:39:36+02:00,88.1
2022-06-18 03:40:36+02:00,89.0
2022-06-18 03:41:36+02:00,88.3
2022-06-18 03:42:36+02:00,88.4
2022-06-18 03:43:36+02:00,88.5
2022-06-18 03:44:37+02:00,88.2
2022-06-18 03:45:37+02:00,88.9
2022-06-18 03:46:37+02:00,89.5
2022-06-18 03:47:37+02:00,89.2
2022-06-18 03:48:37+02:00,88.7
2022-06-18 03:49:37+02:00,88.6
2022-06-18 03:50:37+02:00,89.2
2022-06-18 03:51:38+02:00,90.1
2022-06-18 03:52:38+02:00,90.6
2022-06-18 03:53:38+02:00,90.5
2022-06-18 03:54:38+02:00,89.5
2022-06-18 03:55:38+02:00,89.0
2022-06-18 03:56:38+02:00,89.4
2022-06-18 03:57:38+02:00,89.2
2022-06-18 03:58:39+02:00,89.4
2022-06-18 03:59:39+02:00,88.9
2022-06-18 04:00:39+02:00,89.5
2022-06-18 04:01:39+02:00,90.4
2022-06-18 04:02:39+02:00,90.9
2022-06-18 04:03:39+02:00,90.5
2022-06-18 04:04:39+02:00,50.0
2022-06-18 04:05:40+02:00,50.0
2022-06-18 04:06:40+02:00,50.0
2022-06-18 04:07:40+02:00,85.0
2022-06-18 04:08:40+02:00,50.0
2022-06-18 04:09:40+02:00,87.9
2022-06-18 04:10:40+02:00,90.0
2022-06-18 04:11:41+02:00,92.0
2022-06-18 04:12:41+02:00,93.5
2022-06-18 04:13:41+02:00,94.9
2022-06-18 04:14:41+02:00,95.9
2022-06-18 04:15:41+02:00,96.4
2022-06-18 04:16:41+02:00,96.7
2022-06-18 04:17:42+02:00,96.4
2022-06-18 04:18:42+02:00,96.0
2022-06-18 04:19:42+02:00,96.3
2022-06-18 04:20:42+02:00,96.7
2022-06-18 04:21:42+02:00,96.0
2022-06-18 04:22:42+02:00,96.8
2022-06-18 04:23:42+02:00,97.4
2022-06-18 04:24:43+02:00,96.8
2022-06-18 04:25:43+02:00,96.5
2022-06-18 04:26:43+02:00,95.3
2022-06-18 04:27:43+02:00,95.8
2022-06-18 04:28:43+02:00,96.9
2022-06-18 04:29:43+02:00,50.0
2022-06-18 04:30:43+02:00,95.6
2022-06-18 04:31:44+02:00,93.1
2022-06-18 04:32:44+02:00,91.1
2022-06-18 04:33:44+02:00,50.0
2022-06-18 04:34:44+02:00,89.0
2022-06-18 04:35:44+02:00,88.9
2022-06-18 04:36:44+02:00,88.8
2022-06-18 04:37:45+02:00,90.2
2022-06-18 04:38:45+02:00,90.6
2022-06-18 04:39:45+02:00,90.6
2022-06-18 04:40:45+02:00,90.7
2022-06-18 04:41:45+02:00,90.2
2022-06-18 04:42:45+02:00,90.5
2022-06-18 04:43:45+02:00,90.0
2022-06-18 04:44:46+02:00,90.7
2022-06-18 04:45:46+02:00,90.1
2022-06-18 04:46:46+02:00,90.4
2022-06-18 04:47:46+02:00,90.8
2022-06-18 04:48:46+02:00,91.3
2022-06-18 04:49:46+02:00,50.0
2022-06-18 04:50:46+02:00,89.5
2022-06-18 04:51:46+02:00,88.9
2022-06-18 04:52:46+02:00,88.7
2022-06-18 04:53:47+02:00,50.0
2022-06-18 04:54:47+02:00,87.3
2022-06-18 04:55:47+02:00,86.4
2022-06-18 04:56:47+02:00,85.8
2022-06-18 04:57:47+02:00,85.9
2022-06-18 04:58:47+02:00,86.2
2022-06-18 04:59:47+02:00,86.3
2022-06-18 05:00:47+02:00,86.3
2022-06-18 05:01:47+02:00,87.4
2022-06-18 05:02:47+02:00,88.4
2022-06-18 05:03:48+02:00,89.2
2022-06-18 05:04:48+02:00,89.4
2022-06-18 05:05:48+02:00,90.0
2022-06-18 05:06:48+02:00,90.1
2022-06-18 05:07:48+02:00,89.8
2022-06-18 05:08:48+02:00,88.8
2022-06-18 05:09:48+02:00,88.5
2022-06-18 05:10:48+02:00,87.2
2022-06-18 05:11:48+02:00,87.0
2022-06-18 05:12:48+02:00,87.0
2022-06-18 05:13:48+02:00,88.0
2022-06-18 05:14:48+02:00,88.5
2022-06-18 05:15:49+02:00,88.4
2022-06-18 05:16:49+02:00,88.8
2022-06-18 05:17:49+02:00,88.3
2022-06-18 05:18:49+02:00,88.2
2022-06-18 05:19:49+02:00,88.5
2022-06-18 05:20:49+02:00,88.8
2022-06-18 05:21:49+02:00,88.8
2022-06-18 05:22:49+02:00,88.9
2022-06-18 05:23:49+02:00,89.1
2022-06-18 05:24:49+02:00,89.2
2022-06-18 05:25:49+02:00,89.3
2022-06-18 05:26:49+02:00,89.6
2022-06-18 05:27:50+02:00,89.2
2022-06-18 05:28:50+02:00,88.9
2022-06-18 05:29:50+02:00,87.0
2022-06-18 05:30:50+02:00,87.6
2022-06-18 05:31:50+02:00,87.9
2022-06-18 05:32:50+02:00,88.4
2022-06-18 05:33:50+02:00,88.4
2022-06-18 05:34:50+02:00,88.3
2022-06-18 05:35:50+02:00,88.8
2022-06-18 05:36:50+02:00,50.0
2022-06-18 05:37:51+02:00,86.9
2022-06-18 05:38:51+02:00,88.6
2022-06-18 05:39:51+02:00,90.6
2022-06-18 05:40:51+02:00,93.0
2022-06-18 05:41:51+02:00,94.5
2022-06-18 05:42:51+02:00,95.3
2022-06-18 05:43:51+02:00,97.3
2022-06-18 05:44:51+02:00,97.3
2022-06-18 05:45:51+02:00,97.0
2022-06-18 05:46:51+02:00,95.0
2022-06-18 05:47:52+02:00,94.6
2022-06-18 05:48:52+02:00,93.8
2022-06-18 05:49:52+02:00,94.5
2022-06-18 05:50:52+02:00,94.5
2022-06-18 05:51:52+02:00,50.0
2022-06-18 05:52:52+02:00,93.2
2022-06-18 05:53:52+02:00,92.4
2022-06-18 05:54:53+02:00,92.7
2022-06-18 05:55:53+02:00,50.0
2022-06-18 05:56:53+02:00,50.0
2022-06-18 05:57:53+02:00,50.0
2022-06-18 05:58:53+02:00,50.0
2022-06-18 05:59:53+02:00,50.0
2022-06-18 06:00:53+02:00,83.1
2022-06-18 06:01:54+02:00,77.8
2022-06-18 06:02:54+02:00,76.1
2022-06-18 06:03:54+02:00,76.7
2022-06-18 06:04:54+02:00,75.7
2022-06-18 06:05:54+02:00,50.0
2022-06-18 06:06:54+02:00,75.2
2022-06-18 06:07:55+02:00,75.1
2022-06-18 06:08:55+02:00,75.4
2022-06-18 06:09:55+02:00,50.0
2022-06-18 06:10:55+02:00,75.6
2022-06-18 06:11:55+02:00,75.6
2022-06-18 06:12:55+02:00,75.7
2022-06-18 06:13:55+02:00,50.0
2022-06-18 06:14:56+02:00,50.0
2022-06-18 06:15:56+02:00,76.6
2022-06-18 06:16:56+02:00,79.8
2022-06-18 06:17:56+02:00,83.3
2022-06-18 06:18:56+02:00,84.9
2022-06-18 06:19:56+02:00,87.7
2022-06-18 06:20:56+02:00,89.7
2022-06-18 06:21:57+02:00,90.0
2022-06-18 06:22:57+02:00,92.0
2022-06-18 06:23:57+02:00,92.1
2022-06-18 06:24:57+02:00,92.7
2022-06-18 06:25:57+02:00,92.4
2022-06-18 06:26:57+02:00,89.0
2022-06-18 06:27:57+02:00,86.5
2022-06-18 06:28:58+02:00,84.4
2022-06-18 06:29:58+02:00,83.3
2022-06-18 06:30:58+02:00,50.0
2022-06-18 06:31:58+02:00,82.6
2022-06-18 06:32:58+02:00,83.4
2022-06-18 06:33:58+02:00,84.4
2022-06-18 06:34:59+02:00,84.2
2022-06-18 06:35:59+02:00,83.0
2022-06-18 06:36:59+02:00,83.9
2022-06-18 06:37:59+02:00,83.6
2022-06-18 06:38:59+02:00,82.9
2022-06-18 06:39:59+02:00,82.1
2022-06-18 06:40:59+02:00,81.4
2022-06-18 06:42:00+02:00,50.0
2022-06-18 06:43:00+02:00,50.0
2022-06-18 06:44:00+02:00,50.0
2022-06-18 06:45:00+02:00,82.3
2022-06-18 06:46:00+02:00,50.0
2022-06-18 06:47:00+02:00,85.2
2022-06-18 06:48:01+02:00,84.3
2022-06-18 06:49:01+02:00,84.3
2022-06-18 06:50:01+02:00,83.6
2022-06-18 06:51:01+02:00,89.8
2022-06-18 06:52:01+02:00,50.0
2022-06-18 06:53:01+02:00,85.1
2022-06-18 06:54:01+02:00,50.0
2022-06-18 06:55:01+02:00,50.0
2022-06-18 06:56:01+02:00,84.1
2022-06-18 06:57:02+02:00,82.6
2022-06-18 06:58:02+02:00,81.5
2022-06-18 06:59:02+02:00,81.7
2022-06-18 07:00:02+02:00,81.2
2022-06-18 07:01:02+02:00,81.6
2022-06-18 07:02:02+02:00,50.0
2022-06-18 07:03:02+02:00,82.7
2022-06-18 07:04:02+02:00,82.8
2022-06-18 07:05:02+02:00,82.6
2022-06-18 07:06:02+02:00,83.3
2022-06-18 07:07:03+02:00,84.1
2022-06-18 07:08:03+02:00,84.1
2022-06-18 07:09:03+02:00,84.3
2022-06-18 07:10:03+02:00,84.4
2022-06-18 07:11:03+02:00,50.0
2022-06-18 07:12:03+02:00,50.0
2022-06-18 07:13:03+02:00,50.0
2022-06-18 07:14:04+02:00,50.0
2022-06-18 07:15:04+02:00,50.0
2022-06-18 07:16:04+02:00,50.0
2022-06-18 07:17:04+02:00,50.0
2022-06-18 07:18:04+02:00,50.0
2022-06-18 07:19:04+02:00,50.0
2022-06-18 07:20:04+02:00,50.0
2022-06-18 07:21:05+02:00,50.0
2022-06-18 07:22:05+02:00,50.0
2022-06-18 07:23:05+02:00,50.0
2022-06-18 07:24:05+02:00,50.0
2022-06-18 07:25:05+02:00,50.0
2022-06-18 07:26:05+02:00,50.0
2022-06-18 07:27:06+02:00,50.0
2022-06-18 07:28:06+02:00,50.0
2022-06-18 07:29:06+02:00,50.0
2022-06-18 07:30:06+02:00,50.0
2022-06-18 07:31:06+02:00,50.0
2022-06-18 07:32:06+02:00,50.0
2022-06-18 07:33:06+02:00,50.0
2022-06-18 07:34:07+02:00,50.0
2022-06-18 07:35:07+02:00,50.0
2022-06-18 07:36:07+02:00,50.0
2022-06-18 07:37:07+02:00,50.0
2022-06-18 07:38:07+02:00,50.0
2022-06-18 07:39:07+02:00,50.0
2022-06-19 01:53:30+02:00,50.0
2022-06-19 01:54:30+02:00,91.8
2022-06-19 01:55:30+02:00,91.2
2022-06-19 01:56:30+02:00,91.3
2022-06-19 01:57:30+02:00,91.0
2022-06-19 01:58:30+02:00,90.5
2022-06-19 01:59:30+02:00,90.4
2022-06-19 02:00:30+02:00,90.4
2022-06-19 02:00:30+02:00,90.4
2022-06-19 02:01:30+02:00,90.2
2022-06-19 02:02:30+02:00,90.1
2022-06-19 02:03:30+02:00,90.1
2022-06-19 02:04:30+02:00,90.2
2022-06-19 02:05:31+02:00,89.7
2022-06-19 02:06:31+02:00,89.8
2022-06-19 02:07:31+02:00,89.8
2022-06-19 02:08:31+02:00,89.7
2022-06-19 02:09:31+02:00,89.7
2022-06-19 02:10:31+02:00,90.0
2022-06-19 02:11:32+02:00,90.1
2022-06-19 02:12:32+02:00,90.3
2022-06-19 02:13:32+02:00,89.4
2022-06-19 02:14:32+02:00,88.7
2022-06-19 02:15:32+02:00,88.4
2022-06-19 02:16:32+02:00,89.0
2022-06-19 02:17:32+02:00,50.0
2022-06-19 02:18:33+02:00,89.4
2022-06-19 02:19:33+02:00,88.5
2022-06-19 02:20:33+02:00,88.9
2022-06-19 02:21:33+02:00,85.7
2022-06-19 02:22:33+02:00,87.4
2022-06-19 02:23:33+02:00,85.8
2022-06-19 02:24:33+02:00,85.1
2022-06-19 02:25:34+02:00,86.5
2022-06-19 02:26:34+02:00,87.1
2022-06-19 02:27:34+02:00,50.0
2022-06-19 02:28:34+02:00,87.6
2022-06-19 02:29:34+02:00,89.3
2022-06-19 02:30:34+02:00,89.0
2022-06-19 02:31:35+02:00,88.5
2022-06-19 02:32:35+02:00,89.6
2022-06-19 02:33:35+02:00,90.4
2022-06-19 02:34:35+02:00,90.4
2022-06-19 02:35:35+02:00,90.7
2022-06-19 02:36:35+02:00,88.3
2022-06-19 02:37:35+02:00,88.0
2022-06-19 02:38:35+02:00,88.6
2022-06-19 02:39:36+02:00,87.6
2022-06-19 02:40:36+02:00,86.8
2022-06-19 02:41:36+02:00,86.3
2022-06-19 02:42:36+02:00,87.0
2022-06-19 02:43:36+02:00,87.5
2022-06-19 02:44:36+02:00,87.5
2022-06-19 02:45:37+02:00,87.2
2022-06-19 02:46:37+02:00,88.2
2022-06-19 02:47:37+02:00,88.8
2022-06-19 02:48:37+02:00,89.1
2022-06-19 02:49:37+02:00,89.2
2022-06-19 02:50:37+02:00,89.5
2022-06-19 02:51:37+02:00,89.4
2022-06-19 02:52:38+02:00,89.6
2022-06-19 02:53:38+02:00,89.2
2022-06-19 02:54:38+02:00,89.5
2022-06-19 02:55:38+02:00,50.0
2022-06-19 02:56:38+02:00,50.0
2022-06-19 02:57:38+02:00,91.4
2022-06-19 02:58:38+02:00,50.0
2022-06-19 02:59:39+02:00,89.2
2022-06-19 03:00:39+02:00,89.5
2022-06-19 03:01:39+02:00,50.0
2022-06-19 03:02:39+02:00,50.0
2022-06-19 03:03:39+02:00,89.7
2022-06-19 03:04:39+02:00,88.9
2022-06-19 03:05:39+02:00,89.8
2022-06-19 03:06:40+02:00,90.9
2022-06-19 03:07:40+02:00,90.4
2022-06-19 03:08:40+02:00,50.0
2022-06-19 03:09:40+02:00,91.4
2022-06-19 03:10:40+02:00,92.1
2022-06-19 03:11:40+02:00,91.5
2022-06-19 03:12:40+02:00,91.1
2022-06-19 03:13:41+02:00,89.7
2022-06-19 03:14:41+02:00,89.1
2022-06-19 03:15:41+02:00,88.5
2022-06-19 03:16:41+02:00,88.5
2022-06-19 03:17:41+02:00,90.2
2022-06-19 03:18:41+02:00,90.3
2022-06-19 03:19:41+02:00,91.5
2022-06-19 03:20:42+02:00,91.6
2022-06-19 03:21:42+02:00,90.9
2022-06-19 03:22:42+02:00,91.0
2022-06-19 03:23:42+02:00,50.0
2022-06-19 03:24:42+02:00,90.6
2022-06-19 03:25:42+02:00,85.7
2022-06-19 03:26:43+02:00,83.9
2022-06-19 03:27:43+02:00,84.0
2022-06-19 03:28:43+02:00,81.7
2022-06-19 03:29:43+02:00,80.6
2022-06-19 03:30:43+02:00,50.0
2022-06-19 03:31:43+02:00,50.0
2022-06-19 03:32:43+02:00,83.2
2022-06-19 03:33:44+02:00,84.2
2022-06-19 03:34:44+02:00,83.5
2022-06-19 03:35:44+02:00,82.5
2022-06-19 03:36:44+02:00,81.0
2022-06-19 03:37:44+02:00,80.2
2022-06-19 03:38:44+02:00,79.9
2022-06-19 03:39:44+02:00,79.1
2022-06-19 03:40:45+02:00,79.5
2022-06-19 03:41:45+02:00,79.2
2022-06-19 03:42:45+02:00,78.8
2022-06-19 03:43:45+02:00,50.0
2022-06-19 03:44:45+02:00,50.0
2022-06-19 03:45:45+02:00,79.9
2022-06-19 03:46:45+02:00,82.5
2022-06-19 03:47:46+02:00,85.7
2022-06-19 03:48:46+02:00,88.0
2022-06-19 03:49:46+02:00,90.1
2022-06-19 03:50:46+02:00,91.3
2022-06-19 03:51:46+02:00,50.0
2022-06-19 03:52:46+02:00,86.2
2022-06-19 03:53:46+02:00,84.4
2022-06-19 03:54:46+02:00,87.4
2022-06-19 03:55:46+02:00,87.9
2022-06-19 03:56:47+02:00,88.6
2022-06-19 03:57:47+02:00,88.6
2022-06-19 03:58:47+02:00,87.9
2022-06-19 03:59:47+02:00,50.0
2022-06-19 04:00:47+02:00,50.0
2022-06-19 04:01:47+02:00,85.3
2022-06-19 04:02:47+02:00,85.8
2022-06-19 04:03:47+02:00,86.1
2022-06-19 04:04:47+02:00,85.7
2022-06-19 04:05:48+02:00,85.8
2022-06-19 04:06:48+02:00,85.5
2022-06-19 04:07:48+02:00,86.6
2022-06-19 04:08:48+02:00,86.9
2022-06-19 04:09:48+02:00,86.8
2022-06-19 04:10:48+02:00,85.4
2022-06-19 04:11:48+02:00,87.8
2022-06-19 04:12:48+02:00,88.3
2022-06-19 04:13:48+02:00,88.9
2022-06-19 04:14:48+02:00,88.1
2022-06-19 04:15:48+02:00,88.6
2022-06-19 04:16:48+02:00,89.0
2022-06-19 04:17:49+02:00,88.5
2022-06-19 04:18:49+02:00,89.2
2022-06-19 04:19:49+02:00,89.8
2022-06-19 04:20:49+02:00,89.3
2022-06-19 04:21:49+02:00,90.9
2022-06-19 04:22:49+02:00,90.9
2022-06-19 04:23:49+02:00,90.5
2022-06-19 04:24:49+02:00,91.0
2022-06-19 04:25:49+02:00,90.5
2022-06-19 04:26:49+02:00,90.5
2022-06-19 04:27:49+02:00,90.8
2022-06-19 04:28:49+02:00,91.5
2022-06-19 04:29:50+02:00,92.0
2022-06-19 04:30:50+02:00,91.7
2022-06-19 04:31:50+02:00,90.1
2022-06-19 04:32:50+02:00,50.0
2022-06-19 04:33:50+02:00,88.2
2022-06-19 04:34:50+02:00,87.4
2022-06-19 04:35:50+02:00,87.5
2022-06-19 04:36:50+02:00,88.0
2022-06-19 04:37:50+02:00,87.9
2022-06-19 04:38:50+02:00,87.4
2022-06-19 04:39:50+02:00,87.3
2022-06-19 04:40:51+02:00,87.1
2022-06-19 04:41:51+02:00,87.2
2022-06-19 04:42:51+02:00,88.1
2022-06-19 04:43:51+02:00,87.9
2022-06-19 04:44:51+02:00,88.3
2022-06-19 04:45:51+02:00,88.5
2022-06-19 04:46:51+02:00,50.0
2022-06-19 04:47:51+02:00,50.0
2022-06-19 04:48:51+02:00,50.0
2022-06-19 04:49:51+02:00,90.8
2022-06-19 04:50:51+02:00,92.8
2022-06-19 04:51:52+02:00,94.0
2022-06-19 04:52:52+02:00,95.1
2022-06-19 04:53:52+02:00,95.6
2022-06-19 04:54:52+02:00,96.1
2022-06-19 04:55:52+02:00,96.3
2022-06-19 04:56:52+02:00,95.9
2022-06-19 04:57:52+02:00,95.7
2022-06-19 04:58:53+02:00,95.5
2022-06-19 04:59:53+02:00,95.0
2022-06-19 05:00:53+02:00,93.9
2022-06-19 05:01:53+02:00,94.0
2022-06-19 05:02:53+02:00,95.3
2022-06-19 05:03:53+02:00,96.0
2022-06-19 05:04:53+02:00,96.0
2022-06-19 05:05:54+02:00,96.5
2022-06-19 05:06:54+02:00,96.8
2022-06-19 05:07:54+02:00,96.8
2022-06-19 05:08:54+02:00,97.3
2022-06-19 05:09:54+02:00,95.3
2022-06-19 05:10:54+02:00,93.3
2022-06-19 05:11:55+02:00,93.0
2022-06-19 05:12:55+02:00,90.7
2022-06-19 05:13:55+02:00,89.5
2022-06-19 05:14:55+02:00,88.6
2022-06-19 05:15:55+02:00,90.8
2022-06-19 05:16:55+02:00,91.1
2022-06-19 05:17:55+02:00,89.8
2022-06-19 05:18:56+02:00,50.0
2022-06-19 05:19:56+02:00,87.1
2022-06-19 05:20:56+02:00,86.1
2022-06-19 05:21:56+02:00,85.9
2022-06-19 05:22:56+02:00,50.0
2022-06-19 05:23:56+02:00,85.5
2022-06-19 05:24:56+02:00,84.5
2022-06-19 05:25:57+02:00,84.1
2022-06-19 05:26:57+02:00,83.7
2022-06-19 05:27:57+02:00,83.1
2022-06-19 05:28:57+02:00,50.0
2022-06-19 05:29:57+02:00,82.6
2022-06-19 05:30:57+02:00,82.5
2022-06-19 05:31:58+02:00,83.5
2022-06-19 05:32:58+02:00,84.4
2022-06-19 05:33:58+02:00,83.7
2022-06-19 05:34:58+02:00,84.3
2022-06-19 05:35:58+02:00,84.5
2022-06-19 05:36:58+02:00,84.2
2022-06-19 05:37:58+02:00,84.9
2022-06-19 05:38:59+02:00,84.4
2022-06-19 05:39:59+02:00,83.9
2022-06-19 05:40:59+02:00,82.9
2022-06-19 05:41:59+02:00,83.2
2022-06-19 05:42:59+02:00,83.7
2022-06-19 05:43:59+02:00,83.3
2022-06-19 05:45:00+02:00,84.4
2022-06-19 05:46:00+02:00,84.6
2022-06-19 05:47:00+02:00,83.1
2022-06-19 05:48:00+02:00,50.0
2022-06-19 05:49:00+02:00,84.1
2022-06-19 05:50:00+02:00,87.7
2022-06-19 05:51:00+02:00,91.1
2022-06-19 05:52:00+02:00,92.8
2022-06-19 05:53:01+02:00,91.8
2022-06-19 05:54:01+02:00,90.3
2022-06-19 05:55:01+02:00,50.0
2022-06-19 05:56:01+02:00,91.8
2022-06-19 05:57:01+02:00,93.5
2022-06-19 05:58:01+02:00,93.9
2022-06-19 05:59:01+02:00,94.1
2022-06-19 06:00:02+02:00,50.0
2022-06-19 06:01:02+02:00,94.3
2022-06-19 06:02:02+02:00,94.5
2022-06-19 06:03:02+02:00,93.4
2022-06-19 06:04:02+02:00,92.4
2022-06-19 06:05:02+02:00,91.4
2022-06-19 06:06:02+02:00,50.0
2022-06-19 06:07:02+02:00,89.9
2022-06-19 06:08:03+02:00,50.0
2022-06-19 06:09:03+02:00,50.0
2022-06-19 06:10:03+02:00,50.0
2022-06-19 06:11:03+02:00,50.0
2022-06-19 06:12:03+02:00,50.0
2022-06-19 06:13:03+02:00,50.0
2022-06-19 06:14:03+02:00,89.2
2022-06-19 06:15:03+02:00,88.8
2022-06-19 06:16:04+02:00,87.8
2022-06-19 06:17:04+02:00,84.2
2022-06-19 06:18:04+02:00,50.0
2022-06-19 06:19:04+02:00,50.0
2022-06-19 06:20:04+02:00,50.0
2022-06-19 06:21:04+02:00,83.0
2022-06-19 06:22:04+02:00,82.3
2022-06-19 06:23:04+02:00,80.2
2022-06-19 06:24:05+02:00,80.2
2022-06-19 06:25:05+02:00,80.1
2022-06-19 06:26:05+02:00,80.1
2022-06-19 06:27:05+02:00,79.4
2022-06-19 06:28:05+02:00,50.0
2022-06-19 06:29:05+02:00,79.3
2022-06-19 06:30:05+02:00,50.0
2022-06-19 06:31:06+02:00,81.4
2022-06-19 06:32:06+02:00,82.4
2022-06-19 06:33:06+02:00,50.0
2022-06-19 06:34:06+02:00,50.0
2022-06-19 06:35:06+02:00,83.8
2022-06-19 06:36:06+02:00,83.0
2022-06-19 06:37:06+02:00,50.0
2022-06-19 06:38:07+02:00,80.6
2022-06-19 06:39:07+02:00,50.0
2022-06-19 06:40:07+02:00,50.0
2022-06-19 06:41:07+02:00,81.2
2022-06-19 06:42:07+02:00,50.0
2022-06-19 06:43:07+02:00,81.1
2022-06-19 06:44:07+02:00,50.0
2022-06-19 06:45:08+02:00,50.0
2022-06-19 06:46:08+02:00,80.1
2022-06-19 06:47:08+02:00,50.0
2022-06-19 06:48:08+02:00,50.0
2022-06-19 06:49:08+02:00,50.0
2022-06-19 06:50:08+02:00,50.0
2022-06-19 06:51:08+02:00,50.0
2022-06-19 06:52:09+02:00,50.0
2022-06-19 06:53:09+02:00,81.2
2022-06-19 06:54:09+02:00,82.3
2022-06-19 06:55:09+02:00,50.0
2022-06-19 06:56:09+02:00,50.0
2022-06-19 06:57:09+02:00,81.3
2022-06-19 06:58:10+02:00,82.0
2022-06-19 06:59:10+02:00,82.0
2022-06-19 07:00:10+02:00,50.0
2022-06-19 22:20:30+02:00,90.2
2022-06-19 22:21:30+02:00,50.0
2022-06-19 22:22:30+02:00,89.0
2022-06-19 22:23:30+02:00,89.3
2022-06-19 22:24:30+02:00,89.2
2022-06-19 22:25:30+02:00,89.3
2022-06-19 22:26:30+02:00,89.6
2022-06-19 22:27:30+02:00,90.0
2022-06-19 22:28:30+02:00,90.1
2022-06-19 22:29:30+02:00,90.3
2022-06-19 22:30:30+02:00,90.7
2022-06-19 22:31:31+02:00,90.3
2022-06-19 22:32:31+02:00,88.0
2022-06-19 22:33:31+02:00,50.0
2022-06-19 22:34:31+02:00,91.1
2022-06-19 22:35:31+02:00,94.0
2022-06-19 22:36:31+02:00,94.4
2022-06-19 22:37:31+02:00,94.7
2022-06-19 22:38:32+02:00,95.1
2022-06-19 22:39:32+02:00,95.3
2022-06-19 22:40:32+02:00,95.7
2022-06-19 22:41:32+02:00,95.1
2022-06-19 22:42:32+02:00,94.7
2022-06-19 22:43:32+02:00,50.0
2022-06-19 22:44:32+02:00,94.6
2022-06-19 22:45:33+02:00,50.0
2022-06-19 22:46:33+02:00,50.0
2022-06-19 22:47:33+02:00,89.8
2022-06-19 22:48:33+02:00,88.9
2022-06-19 22:49:33+02:00,50.0
2022-06-19 22:50:33+02:00,88.0
2022-06-19 22:51:33+02:00,87.5
2022-06-19 22:52:34+02:00,84.3
2022-06-19 22:53:34+02:00,50.0
2022-06-19 22:54:34+02:00,50.0
2022-06-19 22:55:34+02:00,82.5
2022-06-19 22:56:34+02:00,80.6
2022-06-19 22:57:34+02:00,50.0
2022-06-19 22:58:35+02:00,50.0
2022-06-19 22:59:35+02:00,78.1
2022-06-19 23:00:35+02:00,50.0
2022-06-19 23:01:35+02:00,78.4
2022-06-19 23:02:35+02:00,81.0
2022-06-19 23:03:35+02:00,83.8
2022-06-19 23:04:35+02:00,84.7
2022-06-19 23:05:36+02:00,87.5
2022-06-19 23:06:36+02:00,88.0
2022-06-19 23:07:36+02:00,86.5
2022-06-19 23:08:36+02:00,87.8
2022-06-19 23:09:36+02:00,88.0
2022-06-19 23:10:36+02:00,50.0
2022-06-19 23:11:36+02:00,50.0
2022-06-19 23:12:37+02:00,91.8
2022-06-19 23:13:37+02:00,91.1
2022-06-19 23:14:37+02:00,50.0
2022-06-19 23:15:37+02:00,50.0
2022-06-19 23:16:37+02:00,50.0
2022-06-19 23:17:37+02:00,50.0
2022-06-19 23:18:37+02:00,50.0
2022-06-19 23:19:37+02:00,50.0
2022-06-19 23:20:38+02:00,86.1
2022-06-19 23:21:38+02:00,79.1
2022-06-19 23:22:38+02:00,77.1
2022-06-19 23:23:38+02:00,50.0
2022-06-19 23:24:38+02:00,76.5
2022-06-19 23:25:38+02:00,78.5
2022-06-19 23:26:38+02:00,79.1
2022-06-19 23:27:39+02:00,50.0
2022-06-19 23:28:39+02:00,80.5
2022-06-19 23:29:39+02:00,76.1
2022-06-19 23:30:39+02:00,75.1
2022-06-19 23:31:39+02:00,75.2
2022-06-19 23:32:39+02:00,75.9
2022-06-19 23:33:40+02:00,50.0
2022-06-19 23:34:40+02:00,75.3
2022-06-19 23:35:40+02:00,76.2
2022-06-19 23:36:40+02:00,75.2
2022-06-19 23:37:40+02:00,74.6
2022-06-19 23:38:40+02:00,74.7
2022-06-19 23:39:40+02:00,74.8
2022-06-19 23:40:41+02:00,75.2
2022-06-19 23:41:41+02:00,75.6
2022-06-19 23:42:41+02:00,74.5
2022-06-19 23:43:41+02:00,74.9
2022-06-19 23:44:41+02:00,74.6
2022-06-19 23:45:41+02:00,75.0
2022-06-19 23:46:41+02:00,75.8
2022-06-19 23:47:42+02:00,78.3
2022-06-19 23:48:42+02:00,80.7
2022-06-19 23:49:42+02:00,82.1
2022-06-19 23:50:42+02:00,83.9
2022-06-19 23:51:42+02:00,85.3
2022-06-19 23:52:42+02:00,86.5
2022-06-19 23:53:43+02:00,86.9
2022-06-19 23:54:43+02:00,87.7
2022-06-19 23:55:43+02:00,50.0
2022-06-19 23:56:43+02:00,86.9
2022-06-19 23:57:43+02:00,86.1
2022-06-19 23:58:43+02:00,86.8
2022-06-19 23:59:43+02:00,88.6
2022-06-20 00:00:44+02:00,89.1
2022-06-20 00:01:44+02:00,89.7
2022-06-20 00:02:44+02:00,90.6
2022-06-20 00:03:44+02:00,91.0
2022-06-20 00:04:44+02:00,90.8
2022-06-20 00:05:44+02:00,90.1
2022-06-20 00:06:44+02:00,50.0
2022-06-20 00:07:45+02:00,50.0
2022-06-20 00:08:45+02:00,89.1
2022-06-20 00:09:45+02:00,88.9
2022-06-20 00:10:45+02:00,50.0
2022-06-20 00:11:45+02:00,50.0
2022-06-20 00:12:45+02:00,50.0
2022-06-20 00:13:46+02:00,87.9
2022-06-20 00:14:46+02:00,50.0
2022-06-20 00:15:46+02:00,50.0
2022-06-20 00:16:46+02:00,85.9
2022-06-20 00:17:46+02:00,83.9
2022-06-20 00:18:46+02:00,50.0
2022-06-20 00:19:46+02:00,50.0
2022-06-20 00:20:46+02:00,83.9
2022-06-20 00:21:46+02:00,85.6
2022-06-20 00:22:47+02:00,86.3
2022-06-20 00:23:47+02:00,50.0
2022-06-20 00:24:47+02:00,84.5
2022-06-20 00:25:47+02:00,86.3
2022-06-20 00:26:47+02:00,50.0
2022-06-20 00:27:47+02:00,50.0
2022-06-20 00:28:47+02:00,50.0
2022-06-20 00:29:47+02:00,85.2
2022-06-20 00:30:47+02:00,85.1
2022-06-20 00:31:47+02:00,85.8
2022-06-20 00:32:47+02:00,86.1
2022-06-20 00:33:48+02:00,86.3
2022-06-20 00:34:48+02:00,50.0
2022-06-20 00:35:48+02:00,86.5
2022-06-20 00:36:48+02:00,88.9
2022-06-20 00:37:48+02:00,88.9
2022-06-20 00:38:48+02:00,87.8
2022-06-20 00:39:48+02:00,88.1
2022-06-20 00:40:48+02:00,88.1
2022-06-20 00:41:48+02:00,88.0
2022-06-20 00:42:48+02:00,88.9
2022-06-20 00:43:48+02:00,88.9
2022-06-20 00:44:49+02:00,90.2
2022-06-20 00:45:49+02:00,50.0
2022-06-20 00:46:49+02:00,91.1
2022-06-20 00:47:49+02:00,91.3
2022-06-20 00:48:49+02:00,90.2
2022-06-20 00:49:49+02:00,91.9
2022-06-20 00:50:49+02:00,94.4
2022-06-20 00:51:49+02:00,94.3
2022-06-20 00:52:49+02:00,50.0
2022-06-20 00:53:49+02:00,50.0
2022-06-20 00:54:49+02:00,92.0
2022-06-20 00:55:49+02:00,91.0
2022-06-20 00:56:50+02:00,91.0
2022-06-20 00:57:50+02:00,91.8
2022-06-20 00:58:50+02:00,94.6
2022-06-20 00:59:50+02:00,96.4
2022-06-20 01:00:50+02:00,50.0
2022-06-20 01:01:50+02:00,50.0
2022-06-20 01:02:50+02:00,91.2
2022-06-20 01:03:50+02:00,88.1
2022-06-20 01:04:50+02:00,88.3
2022-06-20 01:05:50+02:00,86.0
2022-06-20 01:06:51+02:00,50.0
2022-06-20 01:07:51+02:00,50.0
2022-06-20 01:08:51+02:00,50.0
2022-06-20 01:09:51+02:00,50.0
2022-06-20 01:10:51+02:00,84.1
2022-06-20 01:11:51+02:00,81.0
2022-06-20 01:12:51+02:00,78.8
2022-06-20 01:13:51+02:00,74.7
2022-06-20 01:14:51+02:00,74.9
2022-06-20 01:15:52+02:00,75.6
2022-06-20 01:16:52+02:00,78.8
2022-06-20 01:17:52+02:00,78.8
2022-06-20 01:18:52+02:00,78.7
2022-06-20 01:19:52+02:00,78.8
2022-06-20 01:20:52+02:00,79.1
2022-06-20 01:21:53+02:00,79.5
2022-06-20 01:22:53+02:00,76.6
2022-06-20 01:23:53+02:00,75.9
2022-06-20 01:24:53+02:00,76.5
2022-06-20 01:25:53+02:00,80.2
2022-06-20 01:26:53+02:00,83.6
2022-06-20 01:27:53+02:00,84.1
2022-06-20 01:28:54+02:00,86.6
2022-06-20 01:29:54+02:00,87.5
2022-06-20 01:30:54+02:00,50.0
2022-06-20 01:31:54+02:00,50.0
2022-06-20 01:32:54+02:00,50.0
2022-06-20 01:33:54+02:00,85.4
2022-06-20 01:34:54+02:00,85.9
2022-06-20 01:35:55+02:00,50.0
2022-06-20 01:36:55+02:00,85.8
2022-06-20 01:37:55+02:00,82.4
2022-06-20 01:38:55+02:00,80.6
2022-06-20 01:39:55+02:00,79.3
2022-06-20 01:40:55+02:00,79.5
2022-06-20 01:41:56+02:00,76.8
2022-06-20 01:42:56+02:00,75.4
2022-06-20 01:43:56+02:00,75.7
2022-06-20 01:44:56+02:00,76.5
2022-06-20 01:45:56+02:00,75.2
2022-06-20 01:46:56+02:00,75.3
2022-06-20 01:47:57+02:00,75.7
2022-06-20 01:48:57+02:00,78.0
2022-06-20 01:49:57+02:00,79.7
2022-06-20 01:50:57+02:00,81.2
2022-06-20 01:51:57+02:00,83.6
2022-06-20 01:52:57+02:00,50.0
2022-06-20 01:53:57+02:00,84.1
2022-06-20 01:54:58+02:00,86.3
2022-06-20 01:55:58+02:00,87.7
2022-06-20 01:56:58+02:00,88.0
2022-06-20 01:57:58+02:00,88.0
2022-06-20 01:58:58+02:00,87.9
2022-06-20 01:59:58+02:00,88.1
2022-06-20 02:00:59+02:00,88.4
2022-06-20 02:00:59+02:00,88.4
2022-06-20 02:01:59+02:00,88.7
2022-06-20 02:02:59+02:00,88.9
2022-06-20 02:03:59+02:00,88.5
2022-06-20 02:04:59+02:00,88.3
2022-06-20 02:05:59+02:00,88.1
2022-06-20 02:06:59+02:00,50.0
2022-06-20 02:07:59+02:00,86.0
2022-06-20 02:09:00+02:00,81.9
2022-06-20 02:10:00+02:00,80.5
2022-06-20 02:11:00+02:00,79.5
2022-06-20 02:12:00+02:00,79.1
2022-06-20 02:13:00+02:00,50.0
2022-06-20 02:14:00+02:00,76.3
2022-06-20 02:15:00+02:00,50.0
2022-06-20 02:16:01+02:00,77.0
2022-06-20 02:17:01+02:00,79.0
2022-06-20 02:18:01+02:00,80.5
2022-06-20 02:19:01+02:00,82.5
2022-06-20 02:20:01+02:00,81.7
2022-06-20 02:21:01+02:00,50.0
2022-06-20 02:22:01+02:00,82.7
2022-06-20 02:23:01+02:00,50.0
2022-06-20 02:24:02+02:00,86.5
2022-06-20 02:25:02+02:00,86.7
2022-06-20 02:26:02+02:00,87.7
2022-06-20 02:27:02+02:00,87.6
2022-06-20 02:28:02+02:00,89.0
2022-06-20 02:29:02+02:00,88.4
2022-06-20 02:30:02+02:00,89.4
2022-06-20 02:31:03+02:00,88.1
2022-06-20 02:32:03+02:00,88.1
2022-06-20 02:33:03+02:00,88.5
2022-06-20 02:34:03+02:00,89.3
2022-06-20 02:35:03+02:00,88.2
2022-06-20 02:36:03+02:00,87.9
2022-06-20 02:37:03+02:00,88.1
2022-06-20 02:38:04+02:00,88.8
2022-06-20 02:39:04+02:00,88.2
2022-06-20 02:40:04+02:00,87.3
2022-06-20 02:41:04+02:00,87.0
2022-06-20 02:42:04+02:00,50.0
2022-06-20 02:43:04+02:00,83.9
2022-06-20 02:44:04+02:00,80.8
2022-06-20 02:45:05+02:00,79.0
2022-06-20 02:46:05+02:00,78.0
2022-06-20 02:47:05+02:00,77.6
2022-06-20 02:48:05+02:00,50.0
2022-06-20 02:49:05+02:00,79.3
2022-06-20 02:50:05+02:00,50.0
2022-06-20 02:51:05+02:00,50.0
2022-06-20 02:52:05+02:00,83.5
2022-06-20 02:53:05+02:00,87.4
2022-06-20 02:54:05+02:00,90.4
2022-06-20 02:55:05+02:00,92.3
2022-06-20 02:56:05+02:00,93.5
2022-06-20 02:57:06+02:00,94.3
2022-06-20 02:58:06+02:00,94.5
2022-06-20 02:59:06+02:00,95.4
2022-06-20 03:00:06+02:00,95.7
2022-06-20 03:01:06+02:00,96.3
2022-06-20 03:02:06+02:00,96.3
2022-06-20 03:03:06+02:00,96.6
2022-06-20 03:04:06+02:00,96.5
2022-06-20 03:05:06+02:00,96.6
2022-06-20 03:06:07+02:00,96.6
2022-06-20 03:07:07+02:00,50.0
2022-06-20 03:08:07+02:00,50.0
2022-06-20 03:09:07+02:00,50.0
2022-06-20 03:10:07+02:00,94.6
2022-06-20 03:11:07+02:00,92.6
2022-06-20 03:12:08+02:00,91.2
2022-06-20 03:13:08+02:00,90.5
2022-06-20 03:14:08+02:00,90.4
2022-06-20 03:15:08+02:00,89.0
2022-06-20 03:16:08+02:00,89.5
2022-06-20 03:17:08+02:00,89.3
2022-06-20 03:18:09+02:00,50.0
2022-06-20 03:19:09+02:00,89.7
2022-06-20 03:20:09+02:00,50.0
2022-06-20 03:21:09+02:00,89.9
2022-06-20 03:22:09+02:00,90.7
2022-06-20 03:23:09+02:00,91.8
2022-06-20 03:24:09+02:00,92.0
2022-06-20 03:25:10+02:00,92.4
2022-06-20 03:26:10+02:00,92.5
2022-06-20 03:27:10+02:00,90.9
2022-06-20 03:28:10+02:00,91.2
2022-06-20 03:29:10+02:00,90.6
2022-06-20 03:30:10+02:00,91.2
2022-06-20 03:31:10+02:00,91.8
2022-06-20 03:32:11+02:00,93.1
2022-06-20 03:33:11+02:00,94.4
2022-06-20 03:34:11+02:00,94.6
2022-06-20 03:35:11+02:00,97.4
2022-06-20 03:36:11+02:00,96.6
2022-06-20 03:37:11+02:00,95.8
2022-06-20 03:38:12+02:00,93.7
2022-06-20 03:39:12+02:00,92.4
2022-06-20 03:40:12+02:00,89.2
2022-06-20 03:41:12+02:00,88.6
2022-06-20 03:42:12+02:00,87.0
2022-06-20 03:43:12+02:00,87.6
2022-06-20 03:44:12+02:00,90.1
2022-06-20 03:45:13+02:00,87.0
2022-06-20 03:46:13+02:00,90.0
2022-06-20 03:47:13+02:00,92.6
2022-06-20 03:48:13+02:00,50.0
2022-06-20 03:49:13+02:00,92.9
2022-06-20 03:50:13+02:00,50.0
2022-06-20 03:51:13+02:00,88.8
2022-06-20 03:52:14+02:00,88.6
2022-06-20 03:53:14+02:00,89.0
2022-06-20 03:54:14+02:00,88.6
2022-06-20 03:55:14+02:00,88.9
2022-06-20 03:56:14+02:00,90.5
2022-06-20 03:57:14+02:00,90.2
2022-06-20 03:58:15+02:00,90.4
2022-06-20 03:59:15+02:00,50.0
2022-06-20 04:00:15+02:00,88.5
2022-06-20 04:01:15+02:00,86.9
2022-06-20 04:02:15+02:00,85.4
2022-06-20 04:03:15+02:00,84.9
2022-06-20 04:04:15+02:00,84.4
2022-06-20 04:05:16+02:00,84.2
2022-06-20 04:06:16+02:00,84.3
2022-06-20 04:07:16+02:00,84.4
2022-06-20 04:08:16+02:00,84.0
2022-06-20 04:09:16+02:00,84.6
2022-06-20 04:10:16+02:00,85.0
2022-06-20 04:11:17+02:00,84.5
2022-06-20 04:12:17+02:00,84.9
2022-06-20 04:13:17+02:00,84.6
2022-06-20 04:14:17+02:00,84.2
2022-06-20 04:15:17+02:00,84.3
2022-06-20 04:16:17+02:00,84.6
2022-06-20 04:17:17+02:00,84.8
2022-06-20 04:18:18+02:00,85.1
2022-06-20 04:19:18+02:00,85.1
2022-06-20 04:20:18+02:00,85.3
2022-06-20 04:21:18+02:00,85.5
2022-06-20 04:22:18+02:00,85.1
2022-06-20 04:23:18+02:00,84.4
2022-06-20 04:24:18+02:00,84.6
2022-06-20 04:25:19+02:00,84.6
2022-06-20 04:26:19+02:00,84.7
2022-06-20 04:27:19+02:00,84.7
2022-06-20 04:28:19+02:00,84.8
2022-06-20 04:29:19+02:00,85.5
2022-06-20 04:30:19+02:00,85.5
2022-06-20 04:31:20+02:00,85.6
2022-06-20 04:32:20+02:00,85.9
2022-06-20 04:33:20+02:00,86.2
2022-06-20 04:34:20+02:00,86.0
2022-06-20 04:35:20+02:00,86.1
2022-06-20 04:36:20+02:00,86.1
2022-06-20 04:37:20+02:00,85.7
2022-06-20 04:38:21+02:00,85.9
2022-06-20 04:39:21+02:00,86.1
2022-06-20 04:40:21+02:00,85.9
2022-06-20 04:41:21+02:00,85.9
2022-06-20 04:42:21+02:00,86.1
2022-06-20 04:43:21+02:00,85.6
2022-06-20 04:44:21+02:00,85.6
2022-06-20 04:45:22+02:00,86.0
2022-06-20 04:46:22+02:00,86.0
2022-06-20 04:47:22+02:00,85.8
2022-06-20 04:48:22+02:00,86.0
2022-06-20 04:49:22+02:00,85.7
2022-06-20 04:50:22+02:00,86.2
2022-06-20 04:51:22+02:00,85.9
2022-06-20 04:52:23+02:00,86.5
2022-06-20 04:53:23+02:00,50.0
2022-06-20 04:54:23+02:00,50.0
2022-06-20 04:55:23+02:00,50.0
2022-06-20 04:56:23+02:00,86.5
2022-06-20 04:57:23+02:00,88.5
2022-06-20 04:58:24+02:00,91.1
2022-06-20 04:59:24+02:00,92.3
2022-06-20 05:00:24+02:00,93.4
2022-06-20 05:01:24+02:00,94.8
2022-06-20 05:02:24+02:00,95.4
2022-06-20 05:03:24+02:00,95.7
2022-06-20 05:04:24+02:00,96.0
2022-06-20 05:05:25+02:00,96.2
2022-06-20 05:06:25+02:00,95.7
2022-06-20 05:07:25+02:00,94.0
2022-06-20 05:08:25+02:00,50.0
2022-06-20 05:09:25+02:00,93.6
2022-06-20 05:10:25+02:00,92.8
2022-06-20 05:11:25+02:00,92.4
2022-06-20 05:12:26+02:00,91.8
2022-06-20 05:13:26+02:00,50.0
2022-06-20 05:14:26+02:00,50.0
2022-06-20 05:15:26+02:00,91.0
2022-06-20 05:16:26+02:00,50.0
2022-06-20 05:17:26+02:00,88.2
2022-06-20 05:18:27+02:00,86.5
2022-06-20 05:19:27+02:00,84.3
2022-06-20 05:20:27+02:00,84.5
2022-06-20 05:21:27+02:00,84.9
2022-06-20 05:22:27+02:00,85.2
2022-06-20 05:23:27+02:00,84.7
2022-06-20 05:24:27+02:00,85.8
2022-06-20 05:25:28+02:00,85.6
2022-06-20 05:26:28+02:00,86.3
2022-06-20 05:27:28+02:00,86.5
2022-06-20 05:28:28+02:00,86.6
2022-06-20 05:29:28+02:00,86.5
2022-06-20 05:30:28+02:00,86.6
2022-06-20 05:31:29+02:00,50.0
2022-06-20 05:32:29+02:00,86.3
2022-06-20 05:33:29+02:00,89.5
2022-06-20 05:34:29+02:00,89.6
2022-06-20 05:35:29+02:00,87.2
2022-06-20 05:36:29+02:00,85.2
2022-06-20 05:37:29+02:00,83.1
2022-06-20 05:38:29+02:00,81.8
2022-06-20 05:39:30+02:00,50.0
2022-06-20 05:40:30+02:00,80.2
2022-06-20 05:41:30+02:00,79.2
2022-06-20 05:42:30+02:00,78.8
2022-06-20 05:43:30+02:00,78.5
2022-06-20 05:44:30+02:00,78.7
2022-06-20 05:45:31+02:00,50.0
2022-06-20 05:46:31+02:00,80.7
2022-06-20 05:47:31+02:00,86.9
2022-06-20 05:48:31+02:00,89.9
2022-06-20 05:49:31+02:00,91.5
2022-06-20 05:50:31+02:00,93.3
2022-06-20 05:51:32+02:00,93.9
2022-06-20 05:52:32+02:00,95.2
2022-06-20 05:53:32+02:00,96.6
2022-06-20 05:54:32+02:00,95.9
2022-06-20 05:55:32+02:00,97.2
2022-06-20 05:56:32+02:00,97.3
2022-06-20 05:57:32+02:00,96.8
2022-06-20 05:58:33+02:00,97.7
2022-06-20 05:59:33+02:00,96.4
2022-06-20 06:00:33+02:00,94.0
2022-06-20 06:01:33+02:00,50.0
2022-06-20 06:02:33+02:00,92.2
2022-06-20 06:03:33+02:00,86.1
2022-06-20 06:04:33+02:00,84.0
2022-06-20 06:05:34+02:00,84.6
2022-06-20 06:06:34+02:00,50.0
2022-06-20 06:07:34+02:00,85.5
2022-06-20 06:08:34+02:00,87.2
2022-06-20 06:09:34+02:00,50.0
2022-06-20 06:10:34+02:00,83.3
2022-06-20 06:11:34+02:00,50.0
2022-06-20 06:12:35+02:00,82.5
2022-06-20 06:13:35+02:00,50.0
2022-06-20 06:14:35+02:00,81.9
2022-06-20 06:15:35+02:00,81.5
2022-06-20 06:16:35+02:00,81.7
2022-06-20 06:17:35+02:00,81.1
2022-06-20 06:18:36+02:00,80.9
2022-06-20 06:19:36+02:00,81.2
2022-06-20 06:20:36+02:00,80.9
2022-06-20 06:21:36+02:00,80.7
2022-06-20 06:22:36+02:00,80.2
2022-06-20 06:23:36+02:00,80.0
2022-06-20 06:24:36+02:00,80.1
2022-06-20 06:25:37+02:00,80.0
2022-06-20 06:26:37+02:00,50.0
2022-06-20 06:27:37+02:00,50.0
2022-06-20 06:28:37+02:00,80.1
2022-06-20 06:29:37+02:00,79.0
2022-06-20 06:30:37+02:00,50.0
2022-06-20 06:31:37+02:00,50.0
2022-06-20 06:32:38+02:00,50.0
2022-06-20 06:33:38+02:00,50.0
2022-06-20 06:34:38+02:00,50.0
2022-06-20 06:35:38+02:00,50.0
2022-06-20 06:36:38+02:00,50.0
2022-06-20 06:37:38+02:00,50.0
2022-06-20 06:38:39+02:00,50.0
2022-06-20 06:39:39+02:00,50.0
2022-06-20 06:40:39+02:00,50.0
2022-06-20 06:41:39+02:00,50.0
2022-06-20 06:42:39+02:00,50.0
2022-06-20 06:43:39+02:00,50.0
2022-06-20 06:44:40+02:00,50.0
2022-06-20 06:45:40+02:00,50.0
2022-06-20 06:46:40+02:00,50.0
2022-06-20 06:47:40+02:00,50.0
2022-06-20 06:48:40+02:00,50.0
2022-06-20 06:49:40+02:00,50.0
2022-06-20 06:50:40+02:00,50.0
2022-06-20 06:51:41+02:00,50.0
2022-06-20 06:52:41+02:00,50.0
2022-06-20 06:53:41+02:00,50.0
2022-06-20 06:54:41+02:00,50.0
2022-06-20 06:55:41+02:00,50.0
2022-06-20 06:56:41+02:00,50.0
2022-06-20 06:57:42+02:00,50.0
2022-06-20 06:58:42+02:00,50.0
2022-06-20 06:59:42+02:00,50.0
2022-06-20 22:46:30+02:00,50.0
2022-06-20 22:47:30+02:00,84.8
2022-06-20 22:48:30+02:00,85.4
2022-06-20 22:49:30+02:00,86.1
2022-06-20 22:50:30+02:00,86.7
2022-06-20 22:51:30+02:00,87.2
2022-06-20 22:52:30+02:00,87.4
2022-06-20 22:53:30+02:00,87.6
2022-06-20 22:54:30+02:00,88.2
2022-06-20 22:55:30+02:00,50.0
2022-06-20 22:56:30+02:00,89.2
2022-06-20 22:57:31+02:00,90.9
2022-06-20 22:58:31+02:00,92.0
2022-06-20 22:59:31+02:00,92.3
2022-06-20 23:00:31+02:00,92.7
2022-06-20 23:01:31+02:00,93.3
2022-06-20 23:02:31+02:00,93.4
2022-06-20 23:03:31+02:00,93.5
2022-06-20 23:04:32+02:00,93.6
2022-06-20 23:05:32+02:00,93.6
2022-06-20 23:06:32+02:00,92.7
2022-06-20 23:07:32+02:00,92.6
2022-06-20 23:08:32+02:00,93.0
2022-06-20 23:09:32+02:00,92.8
2022-06-20 23:10:32+02:00,92.4
2022-06-20 23:11:33+02:00,92.1
2022-06-20 23:12:33+02:00,90.0
2022-06-20 23:13:33+02:00,88.5
2022-06-20 23:14:33+02:00,85.2
2022-06-20 23:15:33+02:00,50.0
2022-06-20 23:16:33+02:00,86.4
2022-06-20 23:17:33+02:00,88.8
2022-06-20 23:18:34+02:00,90.8
2022-06-20 23:19:34+02:00,91.4
2022-06-20 23:20:34+02:00,93.5
2022-06-20 23:21:34+02:00,93.1
2022-06-20 23:22:34+02:00,93.9
2022-06-20 23:23:34+02:00,94.4
2022-06-20 23:24:34+02:00,94.4
2022-06-20 23:25:35+02:00,94.8
2022-06-20 23:26:35+02:00,95.0
2022-06-20 23:27:35+02:00,95.1
2022-06-20 23:28:35+02:00,95.0
2022-06-20 23:29:35+02:00,95.4
2022-06-20 23:30:35+02:00,95.3
2022-06-20 23:31:35+02:00,95.5
2022-06-20 23:32:35+02:00,96.0
2022-06-20 23:33:36+02:00,96.1
2022-06-20 23:34:36+02:00,96.7
2022-06-20 23:35:36+02:00,97.0
2022-06-20 23:36:36+02:00,96.5
2022-06-20 23:37:36+02:00,97.0
2022-06-20 23:38:36+02:00,96.9
2022-06-20 23:39:36+02:00,96.6
2022-06-20 23:40:37+02:00,96.5
2022-06-20 23:41:37+02:00,96.7
2022-06-20 23:42:37+02:00,96.8
2022-06-20 23:43:37+02:00,97.1
2022-06-20 23:44:37+02:00,96.4
2022-06-20 23:45:37+02:00,95.9
2022-06-20 23:46:37+02:00,96.3
2022-06-20 23:47:37+02:00,97.0
2022-06-20 23:48:38+02:00,97.6
2022-06-20 23:49:38+02:00,97.5
2022-06-20 23:50:38+02:00,97.8
2022-06-20 23:51:38+02:00,97.8
2022-06-20 23:52:38+02:00,98.0
2022-06-20 23:53:38+02:00,97.6
2022-06-20 23:54:38+02:00,97.7
2022-06-20 23:55:38+02:00,97.7
2022-06-20 23:56:39+02:00,97.1
2022-06-20 23:57:39+02:00,97.4
2022-06-20 23:58:39+02:00,96.8
2022-06-20 23:59:39+02:00,96.3
2022-06-21 00:00:39+02:00,96.2
2022-06-21 00:01:39+02:00,50.0
2022-06-21 00:02:39+02:00,50.0
2022-06-21 00:03:40+02:00,94.3
2022-06-21 00:04:40+02:00,91.0
2022-06-21 00:05:40+02:00,88.1
2022-06-21 00:06:40+02:00,86.1
2022-06-21 00:07:40+02:00,84.5
2022-06-21 00:08:40+02:00,50.0
2022-06-21 00:09:40+02:00,83.3
2022-06-21 00:10:41+02:00,82.9
2022-06-21 00:11:41+02:00,82.0
2022-06-21 00:12:41+02:00,82.0
2022-06-21 00:13:41+02:00,82.0
2022-06-21 00:14:41+02:00,50.0
2022-06-21 00:15:41+02:00,81.5
2022-06-21 00:16:41+02:00,50.0
2022-06-21 00:17:42+02:00,81.2
2022-06-21 00:18:42+02:00,83.1
2022-06-21 00:19:42+02:00,84.0
2022-06-21 00:20:42+02:00,84.3
2022-06-21 00:21:42+02:00,84.6
2022-06-21 00:22:42+02:00,84.4
2022-06-21 00:23:42+02:00,84.5
2022-06-21 00:24:42+02:00,84.6
2022-06-21 00:25:43+02:00,84.2
2022-06-21 00:26:43+02:00,83.8
2022-06-21 00:27:43+02:00,83.2
2022-06-21 00:28:43+02:00,82.6
2022-06-21 00:29:43+02:00,82.6
2022-06-21 00:30:43+02:00,82.4
2022-06-21 00:31:44+02:00,81.6
2022-06-21 00:32:44+02:00,81.7
2022-06-21 00:33:44+02:00,81.8
2022-06-21 00:34:44+02:00,50.0
2022-06-21 00:35:44+02:00,50.0
2022-06-21 00:36:44+02:00,50.0
2022-06-21 00:37:44+02:00,78.5
2022-06-21 00:38:44+02:00,83.7
2022-06-21 00:39:45+02:00,85.6
2022-06-21 00:40:45+02:00,88.3
2022-06-21 00:41:45+02:00,90.3
2022-06-21 00:42:45+02:00,90.5
2022-06-21 00:43:45+02:00,50.0
2022-06-21 00:44:45+02:00,50.0
2022-06-21 00:45:45+02:00,89.4
2022-06-21 00:46:46+02:00,88.6
2022-06-21 00:47:46+02:00,87.6
2022-06-21 00:48:46+02:00,89.6
2022-06-21 00:49:46+02:00,89.6
2022-06-21 00:50:46+02:00,87.5
2022-06-21 00:51:46+02:00,87.6
2022-06-21 00:52:46+02:00,50.0
2022-06-21 00:53:47+02:00,87.1
2022-06-21 00:54:47+02:00,86.6
2022-06-21 00:55:47+02:00,85.1
2022-06-21 00:56:47+02:00,84.3
2022-06-21 00:57:47+02:00,86.6
2022-06-21 00:58:47+02:00,86.6
2022-06-21 00:59:47+02:00,85.7
2022-06-21 01:00:48+02:00,87.5
2022-06-21 01:01:48+02:00,88.1
2022-06-21 01:02:48+02:00,88.7
2022-06-21 01:03:48+02:00,88.3
2022-06-21 01:04:48+02:00,89.5
2022-06-21 01:05:48+02:00,91.2
2022-06-21 01:06:48+02:00,89.6
2022-06-21 01:07:48+02:00,89.0
2022-06-21 01:08:48+02:00,90.9
2022-06-21 01:09:49+02:00,88.7
2022-06-21 01:10:49+02:00,90.7
2022-06-21 01:11:49+02:00,90.3
2022-06-21 01:12:49+02:00,91.3
2022-06-21 01:13:49+02:00,91.0
2022-06-21 01:14:49+02:00,86.9
2022-06-21 01:15:49+02:00,50.0
2022-06-21 01:16:49+02:00,87.4
2022-06-21 01:17:50+02:00,50.0
2022-06-21 01:18:50+02:00,50.0
2022-06-21 01:19:50+02:00,50.0
2022-06-21 01:20:50+02:00,84.9
2022-06-21 01:21:50+02:00,85.0
2022-06-21 01:22:50+02:00,85.5
2022-06-21 01:23:50+02:00,85.8
2022-06-21 01:24:50+02:00,85.4
2022-06-21 01:25:50+02:00,85.9
2022-06-21 01:26:50+02:00,85.5
2022-06-21 01:27:51+02:00,86.7
2022-06-21 01:28:51+02:00,85.5
2022-06-21 01:29:51+02:00,86.6
2022-06-21 01:30:51+02:00,86.9
2022-06-21 01:31:51+02:00,88.0
2022-06-21 01:32:51+02:00,50.0
2022-06-21 01:33:51+02:00,88.7
2022-06-21 01:34:51+02:00,88.2
2022-06-21 01:35:51+02:00,89.2
2022-06-21 01:36:52+02:00,89.8
2022-06-21 01:37:52+02:00,50.0
2022-06-21 01:38:52+02:00,88.9
2022-06-21 01:39:52+02:00,50.0
2022-06-21 01:40:52+02:00,88.2
2022-06-21 01:41:52+02:00,87.9
2022-06-21 01:42:52+02:00,86.9
2022-06-21 01:43:52+02:00,50.0
2022-06-21 01:44:53+02:00,87.1
2022-06-21 01:45:53+02:00,87.2
2022-06-21 01:46:53+02:00,87.2
2022-06-21 01:47:53+02:00,87.2
2022-06-21 01:48:53+02:00,50.0
2022-06-21 01:49:53+02:00,50.0
2022-06-21 01:50:53+02:00,85.7
2022-06-21 01:51:53+02:00,84.7
2022-06-21 01:52:53+02:00,85.3
2022-06-21 01:53:54+02:00,50.0
2022-06-21 01:54:54+02:00,50.0
2022-06-21 01:55:54+02:00,50.0
2022-06-21 01:56:54+02:00,50.0
2022-06-21 01:57:54+02:00,50.0
2022-06-21 01:58:54+02:00,85.9
2022-06-21 01:59:54+02:00,85.7
2022-06-21 02:00:55+02:00,85.6
2022-06-21 02:00:55+02:00,85.6
2022-06-21 02:01:55+02:00,85.9
2022-06-21 02:02:55+02:00,85.7
2022-06-21 02:03:55+02:00,50.0
2022-06-21 02:04:55+02:00,85.8
2022-06-21 02:05:55+02:00,85.1
2022-06-21 02:06:55+02:00,50.0
2022-06-21 02:07:56+02:00,50.0
2022-06-21 02:08:56+02:00,50.0
2022-06-21 02:09:56+02:00,50.0
2022-06-21 02:10:56+02:00,50.0
2022-06-21 02:11:56+02:00,50.0
2022-06-21 02:12:56+02:00,50.0
2022-06-21 02:13:56+02:00,50.0
2022-06-21 02:14:56+02:00,50.0
2022-06-21 02:15:57+02:00,50.0
2022-06-21 02:16:57+02:00,50.0
2022-06-21 02:17:57+02:00,81.1
2022-06-21 02:18:57+02:00,79.1
2022-06-21 02:19:57+02:00,50.0
2022-06-21 02:20:57+02:00,78.6
2022-06-21 02:21:57+02:00,79.9
2022-06-21 02:22:58+02:00,82.3
2022-06-21 02:23:58+02:00,83.8
2022-06-21 02:24:58+02:00,84.9
2022-06-21 02:25:58+02:00,50.0
2022-06-21 02:26:58+02:00,87.2
2022-06-21 02:27:58+02:00,88.7
2022-06-21 02:36:00+02:00,84.9
2022-06-21 02:37:00+02:00,87.0
2022-06-21 02:38:00+02:00,88.4
2022-06-21 02:39:00+02:00,88.0
2022-06-21 02:40:00+02:00,87.1
2022-06-21 02:41:00+02:00,88.1
2022-06-21 02:42:00+02:00,88.0
2022-06-21 02:43:00+02:00,88.7
2022-06-21 02:44:00+02:00,88.4
2022-06-21 02:45:00+02:00,88.3
2022-06-21 02:46:00+02:00,88.1
2022-06-21 02:47:00+02:00,88.2
2022-06-21 02:48:01+02:00,88.6
2022-06-21 02:49:01+02:00,88.7
2022-06-21 02:50:01+02:00,89.7
2022-06-21 02:51:01+02:00,90.0
2022-06-21 02:52:01+02:00,90.5
2022-06-21 02:53:01+02:00,90.7
2022-06-21 02:54:01+02:00,90.4
2022-06-21 02:55:01+02:00,90.8
2022-06-21 02:56:02+02:00,91.1
2022-06-21 02:57:02+02:00,92.7
2022-06-21 02:58:02+02:00,93.4
2022-06-21 02:59:02+02:00,93.7
2022-06-21 03:00:02+02:00,50.0
2022-06-21 03:01:02+02:00,92.0
2022-06-21 03:02:02+02:00,89.3
2022-06-21 03:03:03+02:00,85.8
2022-06-21 03:04:03+02:00,84.4
2022-06-21 03:05:03+02:00,85.3
2022-06-21 03:06:03+02:00,87.3
2022-06-21 03:07:03+02:00,88.3
2022-06-21 03:08:03+02:00,88.4
2022-06-21 03:09:03+02:00,88.8
2022-06-21 03:10:03+02:00,90.3
2022-06-21 03:11:03+02:00,90.5
2022-06-21 03:12:04+02:00,90.5
2022-06-21 03:13:04+02:00,90.2
2022-06-21 03:14:04+02:00,90.9
2022-06-21 03:15:04+02:00,89.6
2022-06-21 03:16:04+02:00,89.9
2022-06-21 03:17:04+02:00,89.8
2022-06-21 03:18:04+02:00,89.8
2022-06-21 03:19:04+02:00,91.0
2022-06-21 03:20:05+02:00,90.6
2022-06-21 03:21:05+02:00,90.7
2022-06-21 03:22:05+02:00,90.1
2022-06-21 03:23:05+02:00,89.8
2022-06-21 03:24:05+02:00,90.4
2022-06-21 03:25:05+02:00,88.3
2022-06-21 03:26:05+02:00,89.4
2022-06-21 03:27:06+02:00,89.3
2022-06-21 03:28:06+02:00,88.0
2022-06-21 03:29:06+02:00,87.4
2022-06-21 03:30:06+02:00,88.2
2022-06-21 03:31:06+02:00,88.8
2022-06-21 03:32:06+02:00,90.1
2022-06-21 03:33:06+02:00,50.0
2022-06-21 03:34:07+02:00,87.6
2022-06-21 03:35:07+02:00,85.4
2022-06-21 03:36:07+02:00,82.1
2022-06-21 03:37:07+02:00,50.0
2022-06-21 03:38:07+02:00,81.4
2022-06-21 03:39:07+02:00,82.0
2022-06-21 03:40:07+02:00,83.6
2022-06-21 03:41:08+02:00,84.5
2022-06-21 03:42:08+02:00,84.9
2022-06-21 03:43:08+02:00,85.1
2022-06-21 03:44:08+02:00,84.5
2022-06-21 03:45:08+02:00,85.1
2022-06-21 03:46:08+02:00,84.9
2022-06-21 03:47:09+02:00,85.2
2022-06-21 03:48:09+02:00,85.1
2022-06-21 03:49:09+02:00,85.6
2022-06-21 03:50:09+02:00,85.5
2022-06-21 03:51:09+02:00,86.0
2022-06-21 03:52:09+02:00,86.0
2022-06-21 03:53:09+02:00,85.9
2022-06-21 03:54:10+02:00,86.2
2022-06-21 03:55:10+02:00,86.2
2022-06-21 03:56:10+02:00,86.8
2022-06-21 03:57:10+02:00,87.4
2022-06-21 03:58:10+02:00,86.7
2022-06-21 03:59:10+02:00,87.4
2022-06-21 04:00:10+02:00,87.4
2022-06-21 04:01:11+02:00,87.3
2022-06-21 04:02:11+02:00,87.2
2022-06-21 04:03:11+02:00,87.3
2022-06-21 04:04:11+02:00,87.4
2022-06-21 04:05:11+02:00,87.8
2022-06-21 04:06:11+02:00,87.3
2022-06-21 04:07:11+02:00,87.9
2022-06-21 04:08:12+02:00,87.4
2022-06-21 04:09:12+02:00,87.5
2022-06-21 04:10:12+02:00,88.0
2022-06-21 04:11:12+02:00,87.9
2022-06-21 04:12:12+02:00,87.2
2022-06-21 04:13:12+02:00,86.4
2022-06-21 04:14:13+02:00,86.0
2022-06-21 04:15:13+02:00,85.6
2022-06-21 04:16:13+02:00,85.5
2022-06-21 04:17:13+02:00,86.4
2022-06-21 04:18:13+02:00,87.1
2022-06-21 04:19:13+02:00,87.4
2022-06-21 04:20:13+02:00,86.9
2022-06-21 04:21:14+02:00,87.8
2022-06-21 04:22:14+02:00,87.8
2022-06-21 04:23:14+02:00,87.2
2022-06-21 04:24:14+02:00,87.3
2022-06-21 04:25:14+02:00,50.0
2022-06-21 04:26:14+02:00,50.0
2022-06-21 04:27:14+02:00,85.3
2022-06-21 04:28:15+02:00,81.9
2022-06-21 04:29:15+02:00,79.9
2022-06-21 04:30:15+02:00,78.7
2022-06-21 04:31:15+02:00,50.0
2022-06-21 04:32:15+02:00,77.0
2022-06-21 04:33:15+02:00,74.5
2022-06-21 04:34:15+02:00,76.4
2022-06-21 04:35:16+02:00,74.9
2022-06-21 04:36:16+02:00,75.1
2022-06-21 04:37:16+02:00,74.8
2022-06-21 04:38:16+02:00,74.6
2022-06-21 04:39:16+02:00,74.9
2022-06-21 04:40:16+02:00,76.3
2022-06-21 04:41:16+02:00,78.1
2022-06-21 04:42:17+02:00,78.7
2022-06-21 04:43:17+02:00,79.2
2022-06-21 04:44:17+02:00,81.2
2022-06-21 04:45:17+02:00,50.0
2022-06-21 04:46:17+02:00,82.5
2022-06-21 04:47:17+02:00,84.7
2022-06-21 04:48:18+02:00,86.6
2022-06-21 04:49:18+02:00,88.0
2022-06-21 04:50:18+02:00,88.7
2022-06-21 04:51:18+02:00,89.0
2022-06-21 04:52:18+02:00,86.2
2022-06-21 04:53:18+02:00,87.2
2022-06-21 04:54:18+02:00,86.6
2022-06-21 04:55:19+02:00,86.7
2022-06-21 04:56:19+02:00,84.4
2022-06-21 04:57:19+02:00,81.7
2022-06-21 04:58:19+02:00,83.1
2022-06-21 04:59:19+02:00,83.3
2022-06-21 05:00:19+02:00,82.1
2022-06-21 05:01:19+02:00,80.1
2022-06-21 05:02:20+02:00,79.6
2022-06-21 05:03:20+02:00,81.0
2022-06-21 05:04:20+02:00,78.4
2022-06-21 05:05:20+02:00,78.9
2022-06-21 05:06:20+02:00,79.9
2022-06-21 05:07:20+02:00,80.5
2022-06-21 05:08:20+02:00,80.6
2022-06-21 05:09:21+02:00,82.2
2022-06-21 05:10:21+02:00,50.0
2022-06-21 05:11:21+02:00,79.7
2022-06-21 05:12:21+02:00,79.2
2022-06-21 05:13:21+02:00,82.9
2022-06-21 05:14:21+02:00,85.4
2022-06-21 05:15:22+02:00,85.0
2022-06-21 05:16:22+02:00,50.0
2022-06-21 05:17:22+02:00,50.0
2022-06-21 05:18:22+02:00,50.0
2022-06-21 05:19:22+02:00,50.0
2022-06-21 05:20:22+02:00,50.0
2022-06-21 05:21:22+02:00,81.7
2022-06-21 05:22:23+02:00,80.9
2022-06-21 05:23:23+02:00,80.3
2022-06-21 05:24:23+02:00,80.0
2022-06-21 05:25:23+02:00,80.1
2022-06-21 05:26:23+02:00,50.0
2022-06-21 05:27:23+02:00,50.0
2022-06-21 05:28:24+02:00,50.0
2022-06-21 05:29:24+02:00,50.0
2022-06-21 05:30:24+02:00,50.0
2022-06-21 05:31:24+02:00,50.0
2022-06-21 05:32:24+02:00,50.0
2022-06-21 05:33:24+02:00,79.7
2022-06-21 05:34:24+02:00,79.3
2022-06-21 05:35:24+02:00,78.4
2022-06-21 05:36:25+02:00,78.5
2022-06-21 05:37:25+02:00,50.0
2022-06-21 05:38:25+02:00,50.0
2022-06-21 05:39:25+02:00,78.3
2022-06-21 05:40:25+02:00,83.4
2022-06-21 05:41:25+02:00,87.2
2022-06-21 05:42:26+02:00,89.2
2022-06-21 05:43:26+02:00,50.0
2022-06-21 05:44:26+02:00,50.0
2022-06-21 05:45:26+02:00,86.4
2022-06-21 05:46:26+02:00,80.9
2022-06-21 05:47:26+02:00,77.7
2022-06-21 05:48:27+02:00,76.4
2022-06-21 05:49:27+02:00,75.8
2022-06-21 05:50:27+02:00,75.4
2022-06-21 05:51:27+02:00,75.2
2022-06-21 05:52:27+02:00,74.7
2022-06-21 05:53:27+02:00,74.6
2022-06-21 05:54:27+02:00,50.0
2022-06-21 05:55:28+02:00,50.0
2022-06-21 05:56:28+02:00,77.1
2022-06-21 05:57:28+02:00,81.4
2022-06-21 05:58:28+02:00,85.9
2022-06-21 05:59:28+02:00,88.0
2022-06-21 06:00:28+02:00,90.1
2022-06-21 06:01:28+02:00,50.0
2022-06-21 06:02:29+02:00,50.0
2022-06-21 06:03:29+02:00,50.0
2022-06-21 06:04:29+02:00,50.0
2022-06-21 06:05:29+02:00,50.0
2022-06-21 06:06:29+02:00,50.0
2022-06-21 06:07:29+02:00,50.0
2022-06-21 06:08:29+02:00,50.0
2022-06-21 06:09:30+02:00,50.0
2022-06-21 06:10:30+02:00,50.0
2022-06-21 06:11:30+02:00,50.0
2022-06-21 06:12:30+02:00,50.0
2022-06-21 06:13:30+02:00,50.0
2022-06-21 06:14:30+02:00,50.0
2022-06-21 06:15:30+02:00,50.0
2022-06-21 06:16:31+02:00,50.0
2022-06-21 06:17:31+02:00,50.0
2022-06-21 06:18:31+02:00,50.0
2022-06-21 06:19:31+02:00,50.0
2022-06-21 06:20:31+02:00,50.0
2022-06-21 06:21:31+02:00,50.0
2022-06-21 06:22:32+02:00,50.0
2022-06-21 06:23:32+02:00,50.0
2022-06-21 06:24:32+02:00,50.0
2022-06-21 06:25:32+02:00,50.0
2022-06-21 06:26:32+02:00,50.0
2022-06-21 06:27:32+02:00,50.0
2022-06-21 06:28:32+02:00,50.0
2022-06-21 06:29:33+02:00,50.0
2022-06-21 06:30:33+02:00,50.0
2022-06-21 06:31:33+02:00,50.0
2022-06-21 06:32:33+02:00,50.0
2022-06-21 06:33:33+02:00,50.0
2022-06-21 06:34:33+02:00,50.0
2022-06-21 06:35:33+02:00,50.0
2022-06-21 06:36:33+02:00,50.0
2022-06-21 06:37:34+02:00,50.0
2022-06-21 06:38:34+02:00,50.0
2022-06-21 06:39:34+02:00,50.0
2022-06-21 06:40:34+02:00,50.0
2022-06-21 06:41:34+02:00,50.0
2022-06-21 06:42:34+02:00,50.0
2022-06-21 06:43:34+02:00,50.0
2022-06-21 06:44:35+02:00,50.0
2022-06-21 06:45:35+02:00,50.0
2022-06-21 06:46:35+02:00,50.0
2022-06-21 06:47:35+02:00,50.0
2022-06-21 06:48:35+02:00,50.0
2022-06-21 06:49:35+02:00,50.0
2022-06-21 06:50:35+02:00,50.0
2022-06-21 06:51:36+02:00,50.0
2022-06-21 06:52:36+02:00,50.0
2022-06-21 06:53:36+02:00,50.0
2022-06-21 06:54:36+02:00,50.0
2022-06-21 06:55:36+02:00,50.0
2022-06-21 06:56:36+02:00,50.0
2022-06-21 06:57:36+02:00,50.0
2022-06-21 06:58:37+02:00,50.0
2022-06-21 06:59:37+02:00,50.0
2022-06-21 07:00:37+02:00,50.0
2022-06-21 07:01:37+02:00,50.0
2022-06-21 07:02:37+02:00,50.0
2022-06-22 01:22:00+02:00,50.0
2022-06-22 01:23:00+02:00,95.0
2022-06-22 01:24:00+02:00,95.1
2022-06-22 01:25:00+02:00,94.2
2022-06-22 01:26:00+02:00,94.8
2022-06-22 01:27:00+02:00,50.0
2022-06-22 01:28:00+02:00,94.2
2022-06-22 01:29:00+02:00,91.7
2022-06-22 01:30:00+02:00,90.8
2022-06-22 01:31:00+02:00,89.2
2022-06-22 01:32:00+02:00,89.0
2022-06-22 01:33:00+02:00,88.9
2022-06-22 01:34:00+02:00,89.0
2022-06-22 01:35:00+02:00,89.4
2022-06-22 01:36:01+02:00,89.2
2022-06-22 01:37:01+02:00,90.7
2022-06-22 01:38:01+02:00,87.7
2022-06-22 01:39:01+02:00,50.0
2022-06-22 01:40:01+02:00,50.0
2022-06-22 01:41:01+02:00,50.0
2022-06-22 01:42:01+02:00,90.2
2022-06-22 01:43:02+02:00,93.0
2022-06-22 01:44:02+02:00,94.1
2022-06-22 01:45:02+02:00,95.5
2022-06-22 01:46:02+02:00,96.5
2022-06-22 01:47:02+02:00,96.3
2022-06-22 01:48:02+02:00,97.2
2022-06-22 01:49:02+02:00,97.1
2022-06-22 01:50:02+02:00,97.2
2022-06-22 01:51:03+02:00,97.7
2022-06-22 01:52:03+02:00,98.2
2022-06-22 01:53:03+02:00,98.3
2022-06-22 01:54:03+02:00,50.0
2022-06-22 01:55:03+02:00,97.6
2022-06-22 01:56:03+02:00,95.7
2022-06-22 01:57:03+02:00,93.5
2022-06-22 01:58:03+02:00,92.1
2022-06-22 01:59:03+02:00,91.1
2022-06-22 02:00:04+02:00,90.5
2022-06-22 02:00:04+02:00,90.5
2022-06-22 02:01:04+02:00,90.9
2022-06-22 02:02:04+02:00,90.6
2022-06-22 02:03:04+02:00,90.2
2022-06-22 02:04:04+02:00,89.7
2022-06-22 02:05:04+02:00,89.5
2022-06-22 02:06:04+02:00,89.5
2022-06-22 02:07:05+02:00,89.6
2022-06-22 02:08:05+02:00,89.3
2022-06-22 02:09:05+02:00,50.0
2022-06-22 02:10:05+02:00,87.6
2022-06-22 02:11:05+02:00,86.2
2022-06-22 02:12:05+02:00,85.8
2022-06-22 02:13:05+02:00,86.4
2022-06-22 02:14:05+02:00,87.1
2022-06-22 02:15:06+02:00,87.5
2022-06-22 02:16:06+02:00,86.5
2022-06-22 02:17:06+02:00,50.0
2022-06-22 02:18:06+02:00,85.7
2022-06-22 02:19:06+02:00,50.0
2022-06-22 02:20:06+02:00,86.9
2022-06-22 02:21:07+02:00,87.3
2022-06-22 02:22:07+02:00,89.2
2022-06-22 02:23:07+02:00,89.9
2022-06-22 02:24:07+02:00,50.0
2022-06-22 02:25:07+02:00,50.0
2022-06-22 02:26:07+02:00,90.6
2022-06-22 02:27:08+02:00,88.2
2022-06-22 02:28:08+02:00,87.8
2022-06-22 02:29:08+02:00,87.4
2022-06-22 02:30:08+02:00,87.5
2022-06-22 02:31:08+02:00,84.8
2022-06-22 02:32:08+02:00,85.0
2022-06-22 02:33:08+02:00,85.9
2022-06-22 02:34:09+02:00,85.0
2022-06-22 02:35:09+02:00,85.6
2022-06-22 02:36:09+02:00,86.7
2022-06-22 02:37:09+02:00,87.2
2022-06-22 02:38:09+02:00,87.0
2022-06-22 02:39:09+02:00,87.6
2022-06-22 02:40:10+02:00,87.3
2022-06-22 02:41:10+02:00,50.0
2022-06-22 02:42:10+02:00,87.0
2022-06-22 02:43:10+02:00,87.5
2022-06-22 02:44:10+02:00,50.0
2022-06-22 02:45:10+02:00,82.3
2022-06-22 02:46:11+02:00,50.0
2022-06-22 02:47:11+02:00,79.6
2022-06-22 02:48:11+02:00,76.2
2022-06-22 02:49:11+02:00,50.0
2022-06-22 02:50:11+02:00,50.0
2022-06-22 02:51:11+02:00,50.0
2022-06-22 02:52:11+02:00,76.2
2022-06-22 02:53:12+02:00,77.6
2022-06-22 02:54:12+02:00,78.9
2022-06-22 02:55:12+02:00,79.8
2022-06-22 02:56:12+02:00,80.6
2022-06-22 02:57:12+02:00,82.1
2022-06-22 02:58:12+02:00,83.1
2022-06-22 02:59:13+02:00,83.4
2022-06-22 03:00:13+02:00,83.0
2022-06-22 03:01:13+02:00,82.6
2022-06-22 03:02:13+02:00,84.0
2022-06-22 03:03:13+02:00,84.1
2022-06-22 03:04:13+02:00,84.1
2022-06-22 03:05:13+02:00,85.2
2022-06-22 03:06:14+02:00,85.1
2022-06-22 03:07:14+02:00,85.7
2022-06-22 03:08:14+02:00,85.4
2022-06-22 03:09:14+02:00,85.5
2022-06-22 03:10:14+02:00,85.5
2022-06-22 03:11:14+02:00,85.4
2022-06-22 03:12:15+02:00,85.2
2022-06-22 03:13:15+02:00,86.0
2022-06-22 03:14:15+02:00,86.0
2022-06-22 03:15:15+02:00,86.5
2022-06-22 03:16:15+02:00,50.0
2022-06-22 03:17:15+02:00,87.9
2022-06-22 03:18:16+02:00,88.2
2022-06-22 03:19:16+02:00,88.0
2022-06-22 03:20:16+02:00,88.3
2022-06-22 03:21:16+02:00,50.0
2022-06-22 03:22:16+02:00,88.5
2022-06-22 03:23:16+02:00,89.4
2022-06-22 03:24:16+02:00,89.7
2022-06-22 03:25:17+02:00,89.3
2022-06-22 03:26:17+02:00,90.1
2022-06-22 03:27:17+02:00,90.2
2022-06-22 03:28:17+02:00,90.5
2022-06-22 03:29:17+02:00,91.0
2022-06-22 03:30:17+02:00,90.9
2022-06-22 03:31:18+02:00,90.3
2022-06-22 03:32:18+02:00,50.0
2022-06-22 03:33:18+02:00,84.6
2022-06-22 03:34:18+02:00,83.0
2022-06-22 03:35:18+02:00,82.7
2022-06-22 03:36:18+02:00,83.6
2022-06-22 03:37:19+02:00,81.8
2022-06-22 03:38:19+02:00,82.7
2022-06-22 03:39:19+02:00,83.2
2022-06-22 03:40:19+02:00,84.4
2022-06-22 03:41:19+02:00,83.8
2022-06-22 03:42:19+02:00,85.0
2022-06-22 03:43:20+02:00,85.9
2022-06-22 03:44:20+02:00,85.5
2022-06-22 03:45:20+02:00,86.6
2022-06-22 03:46:20+02:00,85.8
2022-06-22 03:47:20+02:00,86.1
2022-06-22 03:48:20+02:00,86.0
2022-06-22 03:49:20+02:00,85.9
2022-06-22 03:50:21+02:00,86.9
2022-06-22 03:51:21+02:00,86.3
2022-06-22 03:52:21+02:00,87.3
2022-06-22 03:53:21+02:00,85.9
2022-06-22 03:54:21+02:00,50.0
2022-06-22 03:55:21+02:00,85.8
2022-06-22 03:56:22+02:00,82.8
2022-06-22 03:57:22+02:00,80.5
2022-06-22 03:58:22+02:00,50.0
2022-06-22 03:59:22+02:00,81.8
2022-06-22 04:00:22+02:00,85.6
2022-06-22 04:01:23+02:00,88.3
2022-06-22 04:02:23+02:00,89.6
2022-06-22 04:03:23+02:00,91.8
2022-06-22 04:04:23+02:00,94.7
2022-06-22 04:05:23+02:00,95.7
2022-06-22 04:06:23+02:00,96.5
2022-06-22 04:07:23+02:00,97.9
2022-06-22 04:08:24+02:00,98.4
2022-06-22 04:09:24+02:00,98.8
2022-06-22 04:10:24+02:00,98.9
2022-06-22 04:11:24+02:00,99.2
2022-06-22 04:12:24+02:00,99.3
2022-06-22 04:13:24+02:00,99.7
2022-06-22 04:14:25+02:00,99.9
2022-06-22 04:15:25+02:00,100.0
2022-06-22 04:16:25+02:00,100.0
2022-06-22 04:17:25+02:00,100.0
2022-06-22 04:18:25+02:00,100.0
2022-06-22 04:19:25+02:00,100.0
2022-06-22 04:20:25+02:00,99.8
2022-06-22 04:21:26+02:00,100.0
2022-06-22 04:22:26+02:00,100.0
2022-06-22 04:23:26+02:00,99.7
2022-06-22 04:24:26+02:00,99.6
2022-06-22 04:25:26+02:00,99.8
2022-06-22 04:26:27+02:00,99.6
2022-06-22 04:27:27+02:00,50.0
2022-06-22 04:28:27+02:00,97.4
2022-06-22 04:29:27+02:00,96.2
2022-06-22 04:30:27+02:00,50.0
2022-06-22 04:31:27+02:00,92.0
2022-06-22 04:32:28+02:00,90.2
2022-06-22 04:33:28+02:00,90.1
2022-06-22 04:34:28+02:00,90.0
2022-06-22 04:35:28+02:00,89.5
2022-06-22 04:36:28+02:00,50.0
2022-06-22 04:37:28+02:00,88.7
2022-06-22 04:38:28+02:00,90.8
2022-06-22 04:39:28+02:00,90.7
2022-06-22 04:40:29+02:00,91.0
2022-06-22 04:41:29+02:00,91.2
2022-06-22 04:42:29+02:00,90.6
2022-06-22 04:43:29+02:00,92.1
2022-06-22 04:44:29+02:00,91.9
2022-06-22 04:45:29+02:00,92.6
2022-06-22 04:46:30+02:00,92.2
2022-06-22 04:47:30+02:00,91.6
2022-06-22 04:48:30+02:00,91.3
2022-06-22 04:49:30+02:00,89.6
2022-06-22 04:50:30+02:00,89.0
2022-06-22 04:51:30+02:00,89.3
2022-06-22 04:52:30+02:00,89.0
2022-06-22 04:53:30+02:00,89.2
2022-06-22 04:54:31+02:00,88.6
2022-06-22 04:55:31+02:00,89.2
2022-06-22 04:56:31+02:00,89.4
2022-06-22 04:57:31+02:00,89.5
2022-06-22 04:58:31+02:00,89.1
2022-06-22 04:59:31+02:00,88.2
2022-06-22 05:00:31+02:00,88.5
2022-06-22 05:01:32+02:00,88.5
2022-06-22 05:02:32+02:00,87.6
2022-06-22 05:03:32+02:00,88.6
2022-06-22 05:04:32+02:00,87.2
2022-06-22 05:05:32+02:00,87.2
2022-06-22 05:06:32+02:00,88.0
2022-06-22 05:07:32+02:00,87.6
2022-06-22 05:08:32+02:00,88.3
2022-06-22 05:09:33+02:00,88.5
2022-06-22 05:10:33+02:00,89.1
2022-06-22 05:11:33+02:00,88.0
2022-06-22 05:12:33+02:00,88.8
2022-06-22 05:13:33+02:00,89.4
2022-06-22 05:14:33+02:00,50.0
2022-06-22 05:15:33+02:00,87.1
2022-06-22 05:16:34+02:00,50.0
2022-06-22 05:17:34+02:00,86.9
2022-06-22 05:18:34+02:00,86.9
2022-06-22 05:19:34+02:00,86.6
2022-06-22 05:20:34+02:00,50.0
2022-06-22 05:21:34+02:00,50.0
2022-06-22 05:22:34+02:00,86.1
2022-06-22 05:23:34+02:00,87.7
2022-06-22 05:24:35+02:00,50.0
2022-06-22 05:25:35+02:00,84.9
2022-06-22 05:26:35+02:00,80.9
2022-06-22 05:27:35+02:00,50.0
2022-06-22 05:28:35+02:00,50.0
2022-06-22 05:29:35+02:00,79.4
2022-06-22 05:30:35+02:00,78.4
2022-06-22 05:31:36+02:00,50.0
2022-06-22 05:32:36+02:00,78.0
2022-06-22 05:33:36+02:00,77.6
2022-06-22 05:34:36+02:00,50.0
2022-06-22 05:35:36+02:00,50.0
2022-06-22 05:36:36+02:00,50.0
2022-06-22 05:37:36+02:00,50.0
2022-06-22 05:38:36+02:00,77.2
2022-06-22 05:39:37+02:00,77.2
2022-06-22 05:40:37+02:00,77.2
2022-06-22 05:41:37+02:00,76.2
2022-06-22 05:42:37+02:00,76.2
2022-06-22 05:43:37+02:00,50.0
2022-06-22 05:44:37+02:00,76.0
2022-06-22 05:45:37+02:00,77.0
2022-06-22 05:46:38+02:00,79.2
2022-06-22 05:47:38+02:00,82.9
2022-06-22 05:48:38+02:00,84.8
2022-06-22 05:49:38+02:00,50.0
2022-06-22 05:50:38+02:00,50.0
2022-06-22 05:51:38+02:00,50.0
2022-06-22 05:52:38+02:00,50.0
2022-06-22 05:53:39+02:00,50.0
2022-06-22 05:54:39+02:00,50.0
2022-06-22 05:55:39+02:00,50.0
2022-06-22 05:56:39+02:00,50.0
2022-06-22 05:57:39+02:00,50.0
2022-06-22 05:58:39+02:00,50.0
2022-06-22 05:59:39+02:00,50.0
2022-06-22 06:00:39+02:00,50.0
2022-06-22 06:01:40+02:00,84.5
2022-06-22 06:02:40+02:00,50.0
2022-06-22 06:03:40+02:00,50.0
2022-06-22 06:04:40+02:00,50.0
2022-06-22 06:05:40+02:00,50.0
2022-06-22 06:06:40+02:00,50.0
2022-06-22 06:07:40+02:00,50.0
2022-06-22 06:08:40+02:00,81.7
2022-06-22 06:09:41+02:00,79.5
2022-06-22 06:10:41+02:00,78.9
2022-06-22 06:11:41+02:00,78.6
2022-06-22 06:12:41+02:00,79.5
2022-06-22 06:13:41+02:00,50.0
2022-06-22 06:14:41+02:00,79.9
2022-06-22 06:15:42+02:00,84.4
2022-06-22 06:16:42+02:00,87.2
2022-06-22 06:17:42+02:00,50.0
2022-06-22 06:18:42+02:00,84.1
2022-06-22 06:19:42+02:00,50.0
2022-06-22 06:20:42+02:00,84.6
2022-06-22 06:21:42+02:00,85.7
2022-06-22 06:22:43+02:00,86.4
2022-06-22 06:23:43+02:00,87.0
2022-06-22 06:24:43+02:00,87.2
2022-06-22 06:25:43+02:00,87.1
2022-06-22 06:26:43+02:00,87.0
2022-06-22 06:27:43+02:00,87.9
2022-06-22 06:28:43+02:00,87.9
2022-06-22 06:29:44+02:00,88.4
2022-06-22 06:30:44+02:00,89.0
2022-06-22 06:31:44+02:00,89.3
2022-06-22 06:32:44+02:00,89.9
2022-06-22 06:33:44+02:00,90.1
2022-06-22 06:34:44+02:00,90.5
2022-06-22 06:35:44+02:00,90.6
2022-06-22 06:36:45+02:00,90.4
2022-06-22 06:37:45+02:00,90.6
2022-06-22 06:38:45+02:00,90.9
2022-06-22 06:39:45+02:00,91.6
2022-06-22 06:40:45+02:00,91.2
2022-06-22 06:41:45+02:00,91.2
2022-06-22 06:42:45+02:00,91.6
2022-06-22 06:43:46+02:00,91.0
2022-06-22 06:44:46+02:00,91.0
2022-06-22 06:45:46+02:00,50.0
2022-06-22 06:46:46+02:00,50.0
2022-06-22 06:47:46+02:00,50.0
2022-06-22 06:48:46+02:00,50.0
2022-06-22 06:49:46+02:00,50.0
2022-06-22 06:50:47+02:00,90.4
2022-06-22 06:51:47+02:00,50.0
2022-06-22 06:52:47+02:00,50.0
2022-06-22 06:53:47+02:00,50.0
2022-06-22 06:54:47+02:00,50.0
2022-06-22 06:55:47+02:00,50.0
2022-06-22 06:56:47+02:00,50.0
2022-06-22 06:57:47+02:00,50.0
2022-06-22 06:58:48+02:00,50.0
2022-06-22 06:59:48+02:00,50.0
2022-06-22 07:00:48+02:00,50.0
2022-06-22 07:01:48+02:00,50.0
2022-06-22 07:02:48+02:00,50.0
2022-06-22 07:03:48+02:00,50.0
2022-06-22 07:04:48+02:00,50.0
2022-06-22 07:05:48+02:00,50.0
2022-06-22 07:06:48+02:00,50.0
2022-06-22 07:07:48+02:00,50.0
2022-06-22 07:08:48+02:00,50.0
2022-06-22 07:09:49+02:00,50.0
2022-06-22 07:10:49+02:00,50.0
2022-06-22 07:11:49+02:00,50.0
2022-06-22 07:12:49+02:00,50.0
2022-06-22 07:13:49+02:00,50.0
2022-06-22 07:14:49+02:00,50.0
2022-06-22 07:15:49+02:00,50.0
2022-06-22 07:16:49+02:00,50.0
2022-06-22 07:17:49+02:00,50.0
2022-06-22 07:18:49+02:00,50.0
2022-06-22 07:19:49+02:00,50.0
2022-06-22 07:20:50+02:00,50.0
2022-06-23 01:56:00+02:00,50.0
2022-06-23 01:57:00+02:00,93.6
2022-06-23 01:58:00+02:00,93.0
2022-06-23 01:59:00+02:00,92.1
2022-06-23 02:00:00+02:00,91.7
2022-06-23 02:00:00+02:00,91.7
2022-06-23 02:01:00+02:00,91.9
2022-06-23 02:02:00+02:00,92.0
2022-06-23 02:03:00+02:00,92.0
2022-06-23 02:04:00+02:00,50.0
2022-06-23 02:05:00+02:00,91.5
2022-06-23 02:06:00+02:00,93.7
2022-06-23 02:07:00+02:00,93.6
2022-06-23 02:08:00+02:00,93.5
2022-06-23 02:09:01+02:00,93.6
2022-06-23 02:10:01+02:00,91.7
2022-06-23 02:11:01+02:00,90.6
2022-06-23 02:12:01+02:00,89.7
2022-06-23 02:13:01+02:00,88.9
2022-06-23 02:14:01+02:00,88.4
2022-06-23 02:15:01+02:00,50.0
2022-06-23 02:16:02+02:00,87.8
2022-06-23 02:17:02+02:00,88.7
2022-06-23 02:18:02+02:00,89.6
2022-06-23 02:19:02+02:00,90.1
2022-06-23 02:20:02+02:00,90.7
2022-06-23 02:21:02+02:00,91.2
2022-06-23 02:22:02+02:00,91.8
2022-06-23 02:23:02+02:00,92.3
2022-06-23 02:24:02+02:00,92.6
2022-06-23 02:25:03+02:00,50.0
2022-06-23 02:26:03+02:00,50.0
2022-06-23 02:27:03+02:00,90.1
2022-06-23 02:28:03+02:00,91.1
2022-06-23 02:29:03+02:00,92.0
2022-06-23 02:30:03+02:00,92.5
2022-06-23 02:31:03+02:00,92.8
2022-06-23 02:32:03+02:00,93.1
2022-06-23 02:33:04+02:00,93.2
2022-06-23 02:34:04+02:00,93.3
2022-06-23 02:35:04+02:00,93.5
2022-06-23 02:36:04+02:00,93.5
2022-06-23 02:37:04+02:00,93.5
2022-06-23 02:38:04+02:00,93.5
2022-06-23 02:39:04+02:00,93.6
2022-06-23 02:40:05+02:00,93.5
2022-06-23 02:41:05+02:00,93.6
2022-06-23 02:42:05+02:00,93.6
2022-06-23 02:43:05+02:00,93.7
2022-06-23 02:44:05+02:00,93.7
2022-06-23 02:45:05+02:00,93.7
2022-06-23 02:46:05+02:00,93.7
2022-06-23 02:47:05+02:00,93.7
2022-06-23 02:48:06+02:00,93.7
2022-06-23 02:49:06+02:00,93.8
2022-06-23 02:50:06+02:00,93.7
2022-06-23 02:51:06+02:00,93.6
2022-06-23 02:52:06+02:00,93.6
2022-06-23 02:53:06+02:00,93.5
2022-06-23 02:54:06+02:00,93.5
2022-06-23 02:55:07+02:00,93.4
2022-06-23 02:56:07+02:00,93.3
2022-06-23 02:57:07+02:00,93.3
2022-06-23 02:58:07+02:00,93.1
2022-06-23 02:59:07+02:00,93.1
2022-06-23 03:00:07+02:00,93.2
2022-06-23 03:01:07+02:00,93.2
2022-06-23 03:02:08+02:00,93.1
2022-06-23 03:03:08+02:00,93.1
2022-06-23 03:04:08+02:00,93.2
2022-06-23 03:05:08+02:00,93.1
2022-06-23 03:06:08+02:00,93.2
2022-06-23 03:07:08+02:00,93.3
2022-06-23 03:08:08+02:00,93.3
2022-06-23 03:09:09+02:00,93.3
2022-06-23 03:10:09+02:00,93.2
2022-06-23 03:11:09+02:00,93.0
2022-06-23 03:12:09+02:00,93.1
2022-06-23 03:13:09+02:00,93.3
2022-06-23 03:14:09+02:00,93.2
2022-06-23 03:15:10+02:00,93.3
2022-06-23 03:16:10+02:00,93.2
2022-06-23 03:17:10+02:00,93.0
2022-06-23 03:18:10+02:00,50.0
2022-06-23 03:19:10+02:00,50.0
2022-06-23 03:20:10+02:00,92.9
2022-06-23 03:21:10+02:00,93.2
2022-06-23 03:22:11+02:00,93.6
2022-06-23 03:23:11+02:00,93.4
2022-06-23 03:24:11+02:00,93.7
2022-06-23 03:25:11+02:00,93.9
2022-06-23 03:26:11+02:00,93.9
2022-06-23 03:27:11+02:00,93.3
2022-06-23 03:28:12+02:00,93.6
2022-06-23 03:29:12+02:00,93.8
2022-06-23 03:30:12+02:00,50.0
2022-06-23 03:31:12+02:00,92.2
2022-06-23 03:32:12+02:00,90.7
2022-06-23 03:33:12+02:00,90.5
2022-06-23 03:34:12+02:00,89.6
2022-06-23 03:35:13+02:00,89.0
2022-06-23 03:36:13+02:00,89.0
2022-06-23 03:37:13+02:00,88.8
2022-06-23 03:38:13+02:00,50.0
2022-06-23 03:39:13+02:00,88.4
2022-06-23 03:40:13+02:00,87.6
2022-06-23 03:41:13+02:00,86.2
2022-06-23 03:42:14+02:00,87.6
2022-06-23 03:43:14+02:00,87.9
2022-06-23 03:44:14+02:00,87.5
2022-06-23 03:45:14+02:00,87.5
2022-06-23 03:46:14+02:00,86.9
2022-06-23 03:47:14+02:00,86.1
2022-06-23 03:48:15+02:00,86.9
2022-06-23 03:49:15+02:00,87.6
2022-06-23 03:50:15+02:00,88.2
2022-06-23 03:51:15+02:00,88.5
2022-06-23 03:52:15+02:00,87.8
2022-06-23 03:53:15+02:00,50.0
2022-06-23 03:54:15+02:00,86.2
2022-06-23 03:55:16+02:00,85.4
2022-06-23 03:56:16+02:00,87.3
2022-06-23 03:57:16+02:00,87.8
2022-06-23 03:58:16+02:00,89.1
2022-06-23 03:59:16+02:00,88.5
2022-06-23 04:00:16+02:00,90.6
2022-06-23 04:01:17+02:00,91.5
2022-06-23 04:02:17+02:00,92.5
2022-06-23 04:03:17+02:00,93.1
2022-06-23 04:04:17+02:00,93.6
2022-06-23 04:05:17+02:00,92.8
2022-06-23 04:06:17+02:00,50.0
2022-06-23 04:07:17+02:00,91.7
2022-06-23 04:08:18+02:00,89.2
2022-06-23 04:09:18+02:00,88.1
2022-06-23 04:10:18+02:00,87.5
2022-06-23 04:11:18+02:00,86.2
2022-06-23 04:12:18+02:00,85.9
2022-06-23 04:13:18+02:00,86.3
2022-06-23 04:14:18+02:00,84.3
2022-06-23 04:15:19+02:00,85.2
2022-06-23 04:16:19+02:00,83.0
2022-06-23 04:17:19+02:00,84.1
2022-06-23 04:18:19+02:00,82.9
2022-06-23 04:19:19+02:00,80.9
2022-06-23 04:20:19+02:00,80.5
2022-06-23 04:21:20+02:00,81.1
2022-06-23 04:22:20+02:00,81.9
2022-06-23 04:23:20+02:00,82.6
2022-06-23 04:24:20+02:00,82.8
2022-06-23 04:25:20+02:00,81.5
2022-06-23 04:26:20+02:00,81.1
2022-06-23 04:27:20+02:00,81.8
2022-06-23 04:28:21+02:00,81.7
2022-06-23 04:29:21+02:00,81.4
2022-06-23 04:30:21+02:00,82.2
2022-06-23 04:31:21+02:00,50.0
2022-06-23 04:32:21+02:00,83.0
2022-06-23 04:33:21+02:00,84.8
2022-06-23 04:34:21+02:00,86.0
2022-06-23 04:35:22+02:00,86.9
2022-06-23 04:36:22+02:00,86.5
2022-06-23 04:37:22+02:00,85.4
2022-06-23 04:38:22+02:00,83.4
2022-06-23 04:39:22+02:00,84.7
2022-06-23 04:40:22+02:00,50.0
2022-06-23 04:41:23+02:00,50.0
2022-06-23 04:42:23+02:00,86.5
2022-06-23 04:43:23+02:00,89.6
2022-06-23 04:44:23+02:00,90.9
2022-06-23 04:45:23+02:00,92.9
2022-06-23 04:46:23+02:00,93.6
2022-06-23 04:47:23+02:00,94.3
2022-06-23 04:48:24+02:00,94.9
2022-06-23 04:49:24+02:00,94.8
2022-06-23 04:50:24+02:00,95.3
2022-06-23 04:51:24+02:00,95.3
2022-06-23 04:52:24+02:00,95.4
2022-06-23 04:53:24+02:00,95.6
2022-06-23 04:54:24+02:00,50.0
2022-06-23 04:55:25+02:00,94.3
2022-06-23 04:56:25+02:00,94.3
2022-06-23 04:57:25+02:00,94.2
2022-06-23 04:58:25+02:00,93.8
2022-06-23 04:59:25+02:00,93.8
2022-06-23 05:00:25+02:00,93.5
2022-06-23 05:01:26+02:00,93.4
2022-06-23 05:02:26+02:00,93.4
2022-06-23 05:03:26+02:00,93.6
2022-06-23 05:04:26+02:00,93.4
2022-06-23 05:05:26+02:00,94.1
2022-06-23 05:06:26+02:00,93.4
2022-06-23 05:07:26+02:00,93.4
2022-06-23 05:08:27+02:00,93.7
2022-06-23 05:09:27+02:00,94.4
2022-06-23 05:10:27+02:00,94.4
2022-06-23 05:11:27+02:00,93.2
2022-06-23 05:12:27+02:00,92.8
2022-06-23 05:13:27+02:00,91.6
2022-06-23 05:14:27+02:00,89.2
2022-06-23 05:15:28+02:00,89.2
2022-06-23 05:16:28+02:00,50.0
2022-06-23 05:17:28+02:00,50.0
2022-06-23 05:18:28+02:00,50.0
2022-06-23 05:19:28+02:00,90.3
2022-06-23 05:20:28+02:00,50.0
2022-06-23 05:21:29+02:00,50.0
2022-06-23 05:22:29+02:00,90.5
2022-06-23 05:23:29+02:00,90.7
2022-06-23 05:24:29+02:00,50.0
2022-06-23 05:25:29+02:00,50.0
2022-06-23 05:26:29+02:00,90.6
2022-06-23 05:27:29+02:00,88.6
2022-06-23 05:28:30+02:00,86.3
2022-06-23 05:29:30+02:00,88.1
2022-06-23 05:30:30+02:00,84.6
2022-06-23 05:31:30+02:00,50.0
2022-06-23 05:32:30+02:00,86.5
2022-06-23 05:33:30+02:00,89.3
2022-06-23 05:34:30+02:00,90.8
2022-06-23 05:35:31+02:00,50.0
2022-06-23 05:36:31+02:00,91.1
2022-06-23 05:37:31+02:00,92.9
2022-06-23 05:38:31+02:00,93.8
2022-06-23 05:39:31+02:00,94.8
2022-06-23 05:40:31+02:00,50.0
2022-06-23 05:41:32+02:00,94.7
2022-06-23 05:42:32+02:00,96.0
2022-06-23 05:43:32+02:00,97.2
2022-06-23 05:44:32+02:00,50.0
2022-06-23 05:45:32+02:00,89.6
2022-06-23 05:46:32+02:00,50.0
2022-06-23 05:47:32+02:00,50.0
2022-06-23 05:48:33+02:00,50.0
2022-06-23 05:49:33+02:00,84.1
2022-06-23 05:50:33+02:00,50.0
2022-06-23 05:51:33+02:00,82.7
2022-06-23 05:52:33+02:00,82.8
2022-06-23 05:53:33+02:00,82.4
2022-06-23 05:54:33+02:00,83.4
2022-06-23 05:55:34+02:00,83.8
2022-06-23 05:56:34+02:00,84.2
2022-06-23 05:57:34+02:00,84.7
2022-06-23 05:58:34+02:00,79.8
2022-06-23 05:59:34+02:00,50.0
2022-06-23 06:00:34+02:00,78.5
2022-06-23 06:01:35+02:00,82.4
2022-06-23 06:02:35+02:00,85.6
2022-06-23 06:03:35+02:00,86.7
2022-06-23 06:04:35+02:00,88.5
2022-06-23 06:05:35+02:00,50.0
2022-06-23 06:06:35+02:00,50.0
2022-06-23 06:07:35+02:00,50.0
2022-06-23 06:08:36+02:00,88.1
2022-06-23 06:09:36+02:00,85.5
2022-06-23 06:10:36+02:00,83.0
2022-06-23 06:11:36+02:00,82.0
2022-06-23 06:12:36+02:00,50.0
2022-06-23 06:13:36+02:00,83.7
2022-06-23 06:14:36+02:00,82.5
2022-06-23 06:15:37+02:00,50.0
2022-06-23 06:16:37+02:00,81.2
2022-06-23 06:17:37+02:00,80.9
2022-06-23 06:18:37+02:00,80.3
2022-06-23 06:19:37+02:00,50.0
2022-06-23 06:20:37+02:00,78.4
2022-06-23 06:21:37+02:00,78.3
2022-06-23 06:22:38+02:00,50.0
2022-06-23 06:23:38+02:00,78.6
2022-06-23 06:24:38+02:00,77.8
2022-06-23 06:25:38+02:00,50.0
2022-06-23 06:26:38+02:00,50.0
2022-06-23 06:27:38+02:00,50.0
2022-06-23 06:28:39+02:00,50.0
2022-06-23 06:29:39+02:00,50.0
2022-06-23 06:30:39+02:00,50.0
2022-06-23 06:31:39+02:00,50.0
2022-06-23 06:32:39+02:00,79.7
2022-06-23 06:33:39+02:00,50.0
2022-06-23 06:34:39+02:00,50.0
2022-06-23 06:35:40+02:00,50.0
2022-06-23 06:36:40+02:00,50.0
2022-06-23 06:37:40+02:00,50.0
2022-06-23 06:38:40+02:00,50.0
2022-06-23 06:39:40+02:00,50.0
2022-06-23 06:40:40+02:00,50.0
2022-06-23 06:41:41+02:00,50.0
2022-06-23 06:42:41+02:00,50.0
2022-06-23 06:43:41+02:00,50.0
2022-06-23 06:44:41+02:00,50.0
2022-06-23 06:45:41+02:00,50.0
2022-06-23 06:46:41+02:00,50.0
2022-06-23 06:47:41+02:00,50.0
2022-06-23 06:48:42+02:00,50.0
2022-06-23 06:49:42+02:00,79.8
2022-06-23 06:50:42+02:00,50.0
2022-06-23 06:51:42+02:00,50.0
2022-06-23 06:52:42+02:00,79.3
2022-06-23 06:53:42+02:00,50.0
2022-06-23 06:54:42+02:00,50.0
2022-06-23 06:55:43+02:00,50.0
2022-06-23 06:56:43+02:00,79.7
